{"type":"FeatureCollection","features":[{"type":"Feature","properties":{},"geometry":{"type":"Polygon","coordinates":[[[110.34,-82.56],[111.17,-81.97],[113.56,-81.62],[117.21,-81.96],[112.22,-82.71],[110.34,-82.56]]]}},{"type":"Feature","properties":{},"geometry":{"type":"Polygon","coordinates":[[[135.72,-83.39],[135.34,-83.14],[136.29,-83.2],[135.72,-83.39]]]}},{"type":"Feature","properties":{},"geometry":{"type":"Polygon","coordinates":[[[108.42,-77.05],[109.24,-77.39],[106.39,-77.18],[108.59,-76.73],[108.42,-77.05]]]}},{"type":"Feature","properties":{},"geometry":{"type":"Polygon","coordinates":[[[137.95,-83.9],[137.25,-83.8],[139.64,-83.76],[137.95,-83.9]]]}},{"type":"Feature","properties":{},"geometry":{"type":"Polygon","coordinates":[[[-38.83,-81.52],[-31.48,-81.72],[-33.98,-82.44],[-37.15,-82.49],[-39.4,-82.02],[-38.83,-81.52]]]}},{"type":"Feature","properties":{},"geometry":{"type":"Polygon","coordinates":[[[138.6,-83.47],[137.77,-83.24],[139.82,-83.22],[138.6,-83.47]]]}},{"type":"Feature","properties":{},"geometry":{"type":"Polygon","coordinates":[[[153.08,-83.31],[152.71,-83.2],[153.71,-83.19],[153.08,-83.31]]]}},{"type":"Feature","properties":{},"geometry":{"type":"Polygon","coordinates":[[[-171.05,-84.33],[-170.51,-84.31],[-173.76,-84.32],[-171.05,-84.33]]]}},{"type":"Feature","properties":{},"geometry":{"type":"Polygon","coordinates":[[[-162.06,-84.93],[-163.11,-84.73],[-160.3,-84.75],[-162.06,-84.93]]]}},{"type":"Feature","properties":{},"geometry":{"type":"Polygon","coordinates":[[[-128.43,-84.72],[-132.48,-84.89],[-127.15,-84.57],[-128.43,-84.72]]]}},{"type":"Feature","properties":{},"geometry":{"type":"Polygon","coordinates":[[[-146.06,-84.24],[-135.23,-84.52],[-140.04,-85.01],[-147.45,-84.87],[-145.84,-84.48],[-147.41,-84.36],[-146.06,-84.24]]]}},{"type":"Feature","properties":{},"geometry":{"type":"Polygon","coordinates":[[[-154.04,-83.57],[-151.95,-84.07],[-153.25,-84.26],[-149.17,-84.51],[-152.36,-84.64],[-157.56,-83.77],[-154.04,-83.57]]]}},{"type":"Feature","properties":{},"geometry":{"type":"Polygon","coordinates":[[[-54.08,-78.17],[-50.72,-78.7],[-53.57,-78.71],[-54.45,-78.25],[-54.08,-78.17]]]}},{"type":"Feature","properties":{},"geometry":{"type":"Polygon","coordinates":[[[-57.03,-78.49],[-56.2,-78.66],[-58.03,-78.94],[-57.39,-78.79],[-57.98,-78.58],[-57.03,-78.49]]]}},{"type":"Feature","properties":{},"geometry":{"type":"Polygon","coordinates":[[[-74.23,-81.26],[-76.8,-80.86],[-75.19,-80.78],[-74.23,-81.26]]]}},{"type":"Feature","properties":{},"geometry":{"type":"Polygon","coordinates":[[[-90.88,-81.11],[-88.07,-81.31],[-88.46,-80.88],[-87.05,-80.8],[-86.38,-80.91],[-87.5,-81.24],[-84.04,-81.15],[-88.99,-81.78],[-97.76,-81.88],[-90.88,-81.11]]]}},{"type":"Feature","properties":{},"geometry":{"type":"Polygon","coordinates":[[[-61.82,-75.39],[-60.68,-75.75],[-63.01,-75.73],[-61.82,-75.39]]]}},{"type":"Feature","properties":{},"geometry":{"type":"Polygon","coordinates":[[[-57.63,-73.97],[-50.78,-75.56],[-48.3,-76.72],[-50.87,-77.48],[-52.32,-77.42],[-50.64,-76.91],[-52.4,-76.64],[-54.97,-77],[-54.12,-77.04],[-54.14,-77.36],[-58.46,-77.16],[-56.88,-77.14],[-57.95,-76.8],[-55.66,-76.85],[-57.2,-76.71],[-53.97,-75.85],[-56.21,-75.51],[-54.82,-75.1],[-57.81,-75.09],[-59.48,-74.56],[-57.63,-73.97]]]}},{"type":"Feature","properties":{},"geometry":{"type":"Polygon","coordinates":[[[-58.58,-71.57],[-57.7,-72.02],[-57.79,-72.72],[-58.89,-72.55],[-59.06,-71.88],[-58.58,-71.57]]]}},{"type":"Feature","properties":{},"geometry":{"type":"Polygon","coordinates":[[[92.36,-60.1],[92.53,-61.01],[91.55,-60.92],[92.36,-60.1]]]}},{"type":"Feature","properties":{},"geometry":{"type":"Polygon","coordinates":[[[-57.86,-70.22],[-57.54,-70.51],[-57.91,-70.61],[-57.86,-70.22]]]}},{"type":"Feature","properties":{},"geometry":{"type":"Polygon","coordinates":[[[-56.76,-68.64],[-55.86,-68.82],[-57.29,-69.2],[-56.76,-68.64]]]}},{"type":"Feature","properties":{},"geometry":{"type":"Polygon","coordinates":[[[-55.97,-68.24],[-55.49,-68.65],[-55.91,-68.76],[-55.97,-68.24]]]}},{"type":"Feature","properties":{},"geometry":{"type":"Polygon","coordinates":[[[-51.39,-67.21],[-50.24,-67.65],[-51.79,-67.57],[-51.39,-67.21]]]}},{"type":"Feature","properties":{},"geometry":{"type":"Polygon","coordinates":[[[-40.65,-81.44],[-42.39,-82.12],[-39.55,-82.46],[-43.31,-82.64],[-27.22,-83.23],[-22.12,-83.18],[-25.92,-82.98],[-23.71,-82.81],[-16.08,-82.99],[-3.81,-84.11],[21.14,-83.1],[32.34,-84.74],[30.46,-85.88],[33.1,-86.4],[16.02,-87.09],[-15.81,-86.68],[-32.53,-85.74],[-41.36,-84.53],[-48.93,-84.16],[-51.36,-83.2],[-46.36,-82.25],[-45.55,-81.82],[-46.02,-81.49],[-40.65,-81.44]]]}},{"type":"Feature","properties":{},"geometry":{"type":"Polygon","coordinates":[[[-51.43,-66.59],[-50.55,-66.83],[-51.85,-67.16],[-52.07,-67.56],[-51.64,-68.06],[-52.99,-68.16],[-54.24,-69.4],[-53.44,-69.49],[-53.62,-69.99],[-51.77,-69.66],[-51.69,-69.99],[-53.76,-70.33],[-52.79,-70.74],[-54.61,-70.39],[-54.43,-71.05],[-53.77,-71.06],[-54.89,-71.34],[-54.51,-71.71],[-55.02,-71.81],[-54.42,-72.32],[-53.03,-72.34],[-53.47,-72.66],[-52.55,-72.88],[-50.49,-72.31],[-51.13,-72.66],[-46.65,-73.49],[-46.3,-73.9],[-45.23,-73.75],[-45.07,-74.22],[-43.36,-74.22],[-43.71,-74.35],[-41.95,-74.66],[-42.61,-75.04],[-41.24,-74.84],[-40.35,-75.14],[-41.05,-75.3],[-40.53,-75.53],[-38.28,-75.39],[-37.51,-75.68],[-38.32,-75.74],[-35.99,-76.46],[-36.19,-76.79],[-35.04,-76.79],[-35.57,-77.04],[-34.56,-77.57],[-35.33,-78.02],[-34.13,-77.79],[-33.88,-78.15],[-35.45,-79.75],[-30,-79.82],[-30,-80.47],[-31.42,-81.05],[-31.08,-81.2],[-39.43,-80.96],[-40.65,-81.44],[-46.02,-81.49],[-58.71,-81.26],[-60.32,-80.45],[-57.48,-79.92],[-59.39,-79.64],[-57.94,-79.5],[-59.41,-79.23],[-52.57,-79.32],[-49.85,-78.64],[-45.9,-76.79],[-47.72,-75.9],[-55.15,-74.21],[-53.63,-73.87],[-53.56,-73.51],[-54.75,-73.46],[-54.21,-73.31],[-55.34,-72.93],[-54.83,-72.77],[-56.03,-72.67],[-55.61,-72.54],[-56.14,-72.46],[-55.89,-72.12],[-56.99,-72.36],[-57.59,-72.03],[-57.19,-71.69],[-56.13,-71.94],[-57.23,-71.38],[-56.28,-71.27],[-56.98,-70.77],[-55.88,-70.43],[-56.41,-70.22],[-55.58,-69.82],[-56.37,-69.43],[-55.42,-69.4],[-55.84,-69.25],[-54.39,-68.66],[-54.64,-68.39],[-54.12,-68.23],[-54.44,-68.01],[-51.43,-66.59]]]}},{"type":"Feature","properties":{},"geometry":{"type":"Polygon","coordinates":[[[2.99,-80.29],[0.9,-79.38],[0.85,-78.11],[-0.59,-76.19],[0.46,-75.52],[2.06,-75.6],[-0.7,-74.69],[-5.28,-75.2],[-7.36,-74.33],[-6.4,-73.32],[-6.88,-73.26],[-6.48,-73.26],[-6.82,-73.17],[-6.43,-73.16],[-6.15,-72.28],[-6.63,-72.25],[-5.05,-71.22],[-5.52,-69.99],[-4.12,-68.46],[-0.91,-66.78],[-0.91,-66.04],[-2.32,-65.7],[-1.02,-65.87],[-0.97,-65.2],[-1.38,-65.11],[-0.73,-64.95],[0.57,-65.59],[1.46,-65.39],[0.51,-64.66],[0.88,-64.41],[1.71,-64.29],[2.22,-64.97],[4.13,-64.49],[3.5,-64.41],[3.38,-63.57],[4.49,-63.95],[4.23,-64.18],[4.87,-64.58],[6.25,-64.58],[8.59,-62.71],[22.43,-61.25],[28.29,-59.93],[28.04,-59.03],[28.54,-58.84],[32.07,-60.11],[32.76,-59.63],[32.64,-58.98],[34.59,-57.99],[36.65,-57.61],[37.08,-57.12],[38.34,-57.43],[39.1,-57.05],[38.39,-56.78],[39.04,-56.58],[39.43,-57.03],[40.21,-56.93],[39.75,-56.49],[39.99,-56.05],[42.26,-55.56],[43.61,-55.71],[44.82,-56.32],[44.05,-56.55],[46.07,-57.17],[53.58,-57.69],[53.64,-58.61],[52.91,-58.85],[53.55,-58.84],[52.84,-59.01],[53.37,-59.16],[52.55,-59.18],[52.33,-59.49],[52.84,-59.74],[51.99,-60.13],[54.04,-61.39],[55.84,-59.87],[57.44,-59.84],[60.21,-58.44],[64.24,-57.67],[69.76,-57.59],[73.94,-58.2],[74.95,-58.14],[75.05,-57.46],[76.21,-57.52],[75.94,-57.93],[76.52,-58.16],[78.18,-57.96],[79.66,-58.4],[82.04,-59.63],[85.97,-58.95],[86.53,-59.82],[87.78,-59.94],[88.61,-60.73],[91.33,-60.97],[91.13,-61.28],[95.6,-61.17],[96.42,-62.13],[97.5,-62.33],[98.66,-61.69],[98.48,-61.35],[101.98,-62.29],[103.31,-61.53],[103.51,-61.97],[102.96,-62.25],[103.68,-62.81],[109.62,-64.81],[111.51,-64.82],[109.74,-65.31],[112.18,-66.06],[111.05,-66.46],[113.76,-66.89],[113.57,-67.34],[116.11,-67.4],[116.56,-67.76],[116.14,-68.19],[119.18,-69.15],[119.74,-69.92],[119.36,-70.01],[119.53,-70.37],[120.95,-70.63],[121.12,-71.13],[123.98,-71.63],[123.57,-71.64],[124.62,-71.96],[124.31,-72.33],[125.19,-73.13],[125.95,-72.9],[125.57,-73.4],[120.52,-74.36],[118.07,-74.04],[115.51,-74.17],[114.71,-74.68],[112.94,-74.62],[113.62,-74.23],[111.9,-74.39],[111.25,-74.65],[112.36,-75.13],[110.8,-74.84],[106.37,-75.88],[106.68,-76.07],[104.9,-76.59],[105.37,-76.78],[102.92,-76.96],[105.05,-77.1],[103.83,-77.4],[104.25,-77.66],[103.8,-77.79],[102.31,-77.29],[98.1,-77.1],[87.18,-79.17],[85.1,-79.05],[84.87,-79.28],[86.6,-79.36],[81.55,-80.07],[82.39,-80.19],[77.35,-81.46],[69.59,-81.32],[78.06,-81.56],[74.08,-82.45],[66.15,-82.77],[61.6,-83.41],[62.86,-83.79],[55.88,-84.18],[87.61,-84.6],[82.04,-85.96],[44.89,-84.62],[24.4,-84.88],[7.55,-81.71],[2.99,-80.29]]]}},{"type":"Feature","properties":{},"geometry":{"type":"Polygon","coordinates":[[[179.99,-84.41],[179.99,-89.99],[-179.99,-89.99],[-179.99,-84.41],[-159.29,-85.18],[-122.75,-85.14],[-124,-84.74],[-121.61,-84.47],[-120.48,-84.54],[-121.83,-84.81],[-119.21,-84.62],[-118.69,-84.7],[-119.66,-84.98],[-115.8,-85.43],[-111.52,-85.13],[-114.16,-84.74],[-113.4,-84.67],[-104,-85.05],[-101.1,-84.68],[-96.06,-85.27],[-92.91,-84.98],[-94.47,-84.53],[-84.37,-84.63],[-81.79,-84.28],[-87.91,-83.94],[-86.15,-83.63],[-86.95,-83.46],[-93.02,-83.2],[-88.5,-82.86],[-89.12,-82.7],[-94.48,-83.08],[-97.83,-82.67],[-81.43,-82.14],[-79.46,-81.74],[-80.38,-81.53],[-77.92,-81.69],[-71.76,-80.88],[-73.47,-80.55],[-72.9,-80.44],[-66.33,-80.42],[-66.72,-80.2],[-60.49,-80.27],[-57.35,-81.93],[-51.36,-83.2],[-48.93,-84.16],[-41.36,-84.53],[-32.53,-85.74],[-11.38,-86.8],[16.02,-87.09],[34.09,-86.37],[72.42,-86],[84.08,-85.24],[83.16,-85.03],[84.55,-85.01],[87.9,-83.61],[100.68,-83.88],[102.72,-84.29],[103.81,-85.05],[105.53,-85.18],[110.19,-84.74],[110.69,-84.42],[110.04,-84.18],[116.86,-83.52],[119.95,-82.67],[130.43,-81.83],[129.74,-82.2],[132.32,-82.19],[133.36,-82.6],[132.01,-82.84],[134.37,-83.02],[133.31,-83.76],[140.38,-83.94],[139.43,-84.12],[140.04,-84.18],[145.71,-83.92],[145.88,-83.51],[143.08,-82.99],[143.92,-82.92],[146.68,-83],[147.69,-83.72],[150.94,-83.29],[161.93,-83.97],[177.81,-83.88],[179.99,-84.08],[178.95,-84.35],[179.99,-84.41]]]}},{"type":"Feature","properties":{},"geometry":{"type":"Polygon","coordinates":[[[-49.68,-66.19],[-49.05,-66.25],[-50.58,-66.59],[-49.68,-66.19]]]}},{"type":"Feature","properties":{},"geometry":{"type":"Polygon","coordinates":[[[-54.03,-66.92],[-53.67,-66.95],[-55.3,-67.1],[-54.03,-66.92]]]}},{"type":"Feature","properties":{},"geometry":{"type":"Polygon","coordinates":[[[-52.02,-66.07],[-51.56,-66.11],[-53.03,-66.46],[-52.02,-66.07]]]}},{"type":"Feature","properties":{},"geometry":{"type":"Polygon","coordinates":[[[-40.38,-60.03],[-41.04,-60.17],[-39.78,-60.78],[-42.14,-60.26],[-40.38,-60.03]]]}},{"type":"Feature","properties":{},"geometry":{"type":"Polygon","coordinates":[[[-39.93,-60.01],[-38.71,-60.24],[-40.25,-60.05],[-39.93,-60.01]]]}},{"type":"Feature","properties":{},"geometry":{"type":"Polygon","coordinates":[[[-43.89,-59.04],[-43.22,-59.41],[-44.01,-59.32],[-43.89,-59.04]]]}},{"type":"Feature","properties":{},"geometry":{"type":"Polygon","coordinates":[[[-44.29,-58.95],[-44.16,-59.44],[-44.67,-59.17],[-44.29,-58.95]]]}},{"type":"Feature","properties":{},"geometry":{"type":"Polygon","coordinates":[[[-42.66,-58.66],[-42.64,-59.36],[-43.14,-59.03],[-42.66,-58.66]]]}},{"type":"Feature","properties":{},"geometry":{"type":"Polygon","coordinates":[[[-45.59,-58.47],[-44.55,-58.9],[-45.37,-59.22],[-45.15,-58.95],[-46.24,-58.83],[-45.59,-58.47]]]}},{"type":"Feature","properties":{},"geometry":{"type":"Polygon","coordinates":[[[-44.55,-57.75],[-43.7,-57.9],[-45.07,-58.16],[-44.62,-58.28],[-45.16,-58.41],[-44.85,-58.64],[-45.9,-58.24],[-45.21,-58.39],[-45.54,-57.94],[-44.55,-57.75]]]}},{"type":"Feature","properties":{},"geometry":{"type":"Polygon","coordinates":[[[-43.84,-59.52],[-42.2,-59.65],[-43.16,-59.22],[-41.2,-59.55],[-41.38,-59.81],[-40.93,-59.57],[-42.32,-58.94],[-41.4,-58.45],[-42.63,-58.46],[-42.22,-58.03],[-42.6,-57.87],[-41.45,-57.56],[-40.53,-57.76],[-40.05,-58.23],[-40.42,-58.36],[-39,-59.18],[-36.5,-59.75],[-38.1,-60.16],[-44.44,-59.61],[-43.84,-59.52]]]}},{"type":"Feature","properties":{},"geometry":{"type":"Polygon","coordinates":[[[-30.11,-56.36],[-31.18,-57.21],[-31.99,-57.06],[-30.8,-56.77],[-31.54,-56.38],[-30.11,-56.36]]]}},{"type":"Feature","properties":{},"geometry":{"type":"Polygon","coordinates":[[[-29.53,-56.3],[-28.21,-56.68],[-29.59,-56.8],[-29.24,-57.15],[-29.93,-57.01],[-29.64,-57.27],[-29.98,-57.37],[-30.46,-57.16],[-29.65,-56.83],[-29.53,-56.3]]]}},{"type":"Feature","properties":{},"geometry":{"type":"Polygon","coordinates":[[[-47.31,-55.79],[-47.04,-56.17],[-47.69,-56.07],[-47.31,-55.79]]]}},{"type":"Feature","properties":{},"geometry":{"type":"Polygon","coordinates":[[[-48.01,-55.08],[-47.45,-55.23],[-48.11,-55.51],[-48.01,-55.08]]]}},{"type":"Feature","properties":{},"geometry":{"type":"Polygon","coordinates":[[[-47.39,-54.52],[-47.77,-54.99],[-48.22,-54.37],[-47.56,-54.46],[-47.75,-53.92],[-47.14,-53.79],[-47.29,-55.14],[-47.39,-54.52]]]}},{"type":"Feature","properties":{},"geometry":{"type":"Polygon","coordinates":[[[-47.35,-53.22],[-47.19,-53.78],[-47.68,-53.67],[-47.35,-53.22]]]}},{"type":"Feature","properties":{},"geometry":{"type":"Polygon","coordinates":[[[-48.04,-53.14],[-47.93,-53.79],[-48.3,-53.46],[-48.04,-53.14]]]}},{"type":"Feature","properties":{},"geometry":{"type":"Polygon","coordinates":[[[177.3,-76],[176.38,-76.41],[174.6,-76.06],[177.3,-76]]]}},{"type":"Feature","properties":{},"geometry":{"type":"Polygon","coordinates":[[[-46.26,-50.08],[-46.15,-50.37],[-46.73,-50.25],[-46.26,-50.08]]]}},{"type":"Feature","properties":{},"geometry":{"type":"Polygon","coordinates":[[[-45.37,-49.46],[-45.04,-49.62],[-45.7,-50.01],[-45.37,-49.46]]]}},{"type":"Feature","properties":{},"geometry":{"type":"Polygon","coordinates":[[[-128.92,-80.57],[-127.15,-80.68],[-129.69,-80.97],[-128.93,-80.81],[-130.31,-80.63],[-128.92,-80.57]]]}},{"type":"Feature","properties":{},"geometry":{"type":"Polygon","coordinates":[[[-46.32,-46.86],[-45.71,-47.36],[-46.22,-47.62],[-45.85,-47.97],[-46.28,-48.52],[-46.91,-48.31],[-46.32,-46.86]]]}},{"type":"Feature","properties":{},"geometry":{"type":"Polygon","coordinates":[[[125.94,-73.4],[131.99,-74.4],[131.22,-74.02],[135.51,-74.07],[135.08,-74.53],[135.23,-75.27],[134.48,-75.16],[133.39,-75.93],[133.89,-76.27],[131.63,-75.72],[132.05,-75.92],[130.19,-76.59],[127.66,-76.43],[128.42,-76.21],[127.26,-76.16],[126.07,-75.41],[126.1,-74.97],[127.09,-75.18],[126.24,-75],[125.48,-74.15],[125.94,-73.4]]]}},{"type":"Feature","properties":{},"geometry":{"type":"Polygon","coordinates":[[[155.47,-75.79],[156.35,-75.91],[155.14,-75.93],[156.11,-76.22],[155.56,-76.48],[155.91,-76.7],[159.82,-76.6],[158.23,-76.8],[159.6,-76.81],[158.43,-76.98],[158.86,-77.32],[155.19,-77.92],[133.16,-77.89],[146.13,-77.49],[155.47,-75.79]]]}},{"type":"Feature","properties":{},"geometry":{"type":"Polygon","coordinates":[[[179.99,-74.87],[179.99,-76.82],[178.21,-76.23],[179.02,-76.11],[178.17,-75.78],[178.86,-75.58],[177.17,-75.11],[178.35,-75.02],[177.34,-74.9],[177.99,-74.69],[179.99,-74.87]]]}},{"type":"Feature","properties":{},"geometry":{"type":"Polygon","coordinates":[[[-179.99,-76.82],[-179.99,-74.87],[-179.1,-74.59],[-158.9,-76.15],[-163.62,-76.61],[-162.72,-76.81],[-163.11,-76.97],[-168.44,-76.41],[-175.39,-77.02],[-174.57,-77.07],[-174.89,-77.13],[-179.99,-76.82]]]}},{"type":"Feature","properties":{},"geometry":{"type":"Polygon","coordinates":[[[135.69,-73.4],[135.99,-73.52],[134.66,-73.46],[135.69,-73.4]]]}},{"type":"Feature","properties":{},"geometry":{"type":"Polygon","coordinates":[[[134.73,-72.77],[135.64,-73.29],[134.19,-72.92],[134.73,-72.77]]]}},{"type":"Feature","properties":{},"geometry":{"type":"Polygon","coordinates":[[[124.7,-72.24],[124.89,-72.61],[124.19,-72.79],[124.7,-72.24]]]}},{"type":"Feature","properties":{},"geometry":{"type":"Polygon","coordinates":[[[113.55,-67.08],[114.34,-67.46],[111.12,-67.09],[113.55,-67.08]]]}},{"type":"Feature","properties":{},"geometry":{"type":"Polygon","coordinates":[[[161.46,-69.96],[161.69,-70.55],[164.22,-70.9],[164.5,-71.61],[164.13,-71.72],[164.93,-72.15],[164.41,-72.18],[164.54,-72.74],[166.33,-73.05],[166.27,-72.32],[167.25,-72.63],[166.77,-72.75],[167.73,-73.56],[170.78,-74.03],[174.45,-73.78],[173.52,-74.61],[172.45,-74.78],[172.49,-75.19],[169.59,-75.2],[168.61,-76.11],[164.93,-77.11],[162.2,-77.36],[160.48,-76.94],[163.4,-76.07],[159.83,-74.82],[162.52,-74.53],[164.1,-73.1],[163.02,-72.15],[163.68,-72.37],[163.82,-72.07],[163.38,-72.02],[164.06,-71.99],[162.78,-72.06],[160.55,-69.95],[161.46,-69.96]]]}},{"type":"Feature","properties":{},"geometry":{"type":"Polygon","coordinates":[[[157.87,-56.27],[158.03,-56.55],[157.6,-56.46],[157.87,-56.27]]]}},{"type":"Feature","properties":{},"geometry":{"type":"Polygon","coordinates":[[[157.02,-55.48],[157.02,-55.96],[156.52,-55.62],[157.02,-55.48]]]}},{"type":"Feature","properties":{},"geometry":{"type":"Polygon","coordinates":[[[152.16,-54.11],[155.92,-56.99],[153.02,-55.57],[152.16,-54.11]]]}},{"type":"Feature","properties":{},"geometry":{"type":"Polygon","coordinates":[[[121.61,-45.57],[121.79,-46.25],[120.95,-46.08],[121.61,-45.57]]]}},{"type":"Feature","properties":{},"geometry":{"type":"Polygon","coordinates":[[[29.27,-43.04],[29.12,-40.84],[30.05,-39.53],[32.25,-39.28],[32.68,-39.62],[32.65,-39.13],[33.58,-39.18],[33.48,-38.83],[34.82,-38.03],[34.71,-37.39],[35.11,-37.66],[35.85,-37.27],[35.86,-36.34],[36.62,-36],[37.25,-37.05],[37.6,-39.53],[37.24,-40.02],[36.54,-39.53],[36.64,-40.83],[31.71,-48.54],[28.86,-48.93],[27.58,-48.22],[27.2,-45.24],[29.27,-43.04]]]}},{"type":"Feature","properties":{},"geometry":{"type":"Polygon","coordinates":[[[113.92,-41.96],[114.09,-42.5],[113.37,-42.36],[113.92,-41.96]]]}},{"type":"Feature","properties":{},"geometry":{"type":"Polygon","coordinates":[[[114.05,-41.8],[115.41,-42.37],[114.5,-42.7],[114.05,-41.8]]]}},{"type":"Feature","properties":{},"geometry":{"type":"Polygon","coordinates":[[[121.35,-70.79],[117.5,-69.97],[116.64,-69.11],[117.25,-68.7],[117.16,-68.13],[116.09,-67.37],[117.27,-68.25],[117.09,-67.9],[115.96,-67.32],[114.43,-67.25],[115.95,-66.57],[115.51,-65.82],[114.15,-66.68],[112.23,-66.61],[113.69,-66.41],[114.25,-65.67],[115.65,-65.23],[115.52,-64.93],[116.09,-64.8],[115.95,-64.09],[115.66,-64.66],[111.07,-65.66],[110.74,-66.12],[109.48,-65.49],[110.21,-65.62],[110.23,-64.96],[109.85,-64.05],[108.96,-63.75],[109.52,-63.35],[108.8,-63.2],[108.82,-62.74],[106.35,-62.23],[105.03,-61.38],[96.21,-60.33],[90.23,-60.71],[85.59,-59.23],[81.78,-59.33],[80.15,-58.65],[79,-57.38],[79.73,-56.63],[80.82,-56.75],[82.37,-55.57],[82.75,-54.13],[83.75,-52.86],[84.11,-49.54],[84.58,-50.23],[85.02,-49.15],[84.75,-49.84],[85.12,-49.69],[84.96,-50.23],[85.28,-50.17],[85.69,-49.79],[85.69,-48.16],[88.07,-46.24],[88.49,-46.21],[88.23,-46.88],[89,-46.43],[92.48,-46.16],[93.39,-46.66],[98.37,-46.92],[100.79,-46.05],[100.99,-45.19],[102.38,-44.63],[102.58,-46],[103.47,-45.4],[102.98,-45.07],[103.28,-44.64],[104.95,-45.29],[104.27,-45.06],[105.11,-44.55],[104.56,-44.77],[104.67,-44.32],[105.14,-44.13],[105.77,-44.65],[105.38,-44.09],[106.24,-44.3],[105.96,-43.79],[106.77,-43.44],[107.01,-43.93],[107.42,-43.27],[107.54,-43.66],[108.59,-43.36],[109.21,-43.7],[109.94,-44.69],[109.09,-45.46],[109.61,-45.09],[109.78,-45.44],[110.31,-44.8],[111.53,-45.53],[112.08,-44.91],[111.57,-44.61],[113.14,-43.87],[113.47,-43.25],[113.97,-43.4],[113.86,-43.05],[114.27,-43.41],[114.9,-42.87],[116.8,-43.33],[116.9,-42.78],[115.75,-42.28],[116.08,-42.14],[118.65,-43.6],[120.02,-44],[120.99,-43.75],[120.58,-43.95],[121.14,-43.89],[121,-44.3],[121.88,-43.79],[122.32,-44.32],[121.52,-44.66],[121.73,-44.92],[120.65,-45.05],[120.38,-45.95],[118.95,-46.37],[119.85,-46.79],[119.38,-46.98],[119.9,-46.83],[121.1,-47.58],[120.61,-47.76],[126.05,-50.09],[128.33,-47.86],[128.17,-46.47],[129.18,-45.23],[128.56,-45.19],[129.41,-44.71],[129.55,-43.66],[130.13,-43.43],[131.22,-45.67],[131.34,-47.22],[132.43,-47.07],[133.53,-47.91],[133.45,-49.39],[134.23,-49.89],[134.49,-51.87],[138.28,-53.33],[138.53,-53.64],[138.15,-53.79],[139.38,-54.64],[139.61,-55.7],[140.31,-55.77],[140.28,-55.24],[141.24,-55.77],[141.3,-55.46],[141.66,-56.6],[140.95,-56.46],[143.18,-57.11],[145.79,-58.97],[145.61,-60.33],[146.92,-61.65],[146.34,-62.39],[146.22,-63.96],[144.94,-65.26],[145.32,-65.51],[143.64,-65.88],[143.12,-66.63],[141.99,-66.57],[142.92,-66.92],[141.46,-67.98],[141.98,-68.17],[140.35,-68.81],[140.66,-68.95],[139.83,-70],[140.06,-70.62],[134.43,-70.89],[133.9,-71.11],[135.12,-70.96],[130.68,-71.63],[131.3,-71.75],[130.98,-72.08],[128.7,-71.38],[129.11,-71.1],[127.07,-71.07],[128.25,-70.97],[127.97,-70.62],[124.14,-71.46],[121.35,-70.79]]]}},{"type":"Feature","properties":{},"geometry":{"type":"Polygon","coordinates":[[[125.74,-39.71],[126.12,-39.93],[125.66,-40.45],[124.4,-40.18],[125.74,-39.71]]]}},{"type":"Feature","properties":{},"geometry":{"type":"Polygon","coordinates":[[[131.07,9.05],[131.01,8.47],[130.26,8],[131.07,9.05]]]}},{"type":"Feature","properties":{},"geometry":{"type":"Polygon","coordinates":[[[120.18,-37.78],[120.54,-38.22],[120.05,-38.5],[120.18,-37.78]]]}},{"type":"Feature","properties":{},"geometry":{"type":"Polygon","coordinates":[[[120.76,-37.62],[120.7,-38.03],[120.33,-37.72],[120.76,-37.62]]]}},{"type":"Feature","properties":{},"geometry":{"type":"Polygon","coordinates":[[[124.76,4.14],[126.59,5.5],[127.29,5.39],[128.57,6.45],[128.54,7.24],[130.03,8.06],[130.89,7.76],[132.04,8.71],[132.7,8.14],[126.1,3.36],[125.88,3.73],[124.82,2.98],[124.76,4.14]]]}},{"type":"Feature","properties":{},"geometry":{"type":"Polygon","coordinates":[[[120.72,-37.2],[120.95,-37.66],[120.4,-37.62],[120.72,-37.2]]]}},{"type":"Feature","properties":{},"geometry":{"type":"Polygon","coordinates":[[[120.27,-32.9],[120.59,-33.57],[119.38,-32.85],[120.27,-32.9]]]}},{"type":"Feature","properties":{},"geometry":{"type":"Polygon","coordinates":[[[123.47,-33.91],[124.43,-34.64],[124.39,-35.36],[121.63,-33.52],[123.47,-33.91]]]}},{"type":"Feature","properties":{},"geometry":{"type":"Polygon","coordinates":[[[124.24,7.93],[124.8,8.11],[124.94,7.62],[124.65,7.35],[124.24,7.93]]]}},{"type":"Feature","properties":{},"geometry":{"type":"Polygon","coordinates":[[[124.89,-33.23],[124.79,-33.56],[124.22,-33.17],[124.89,-33.23]]]}},{"type":"Feature","properties":{},"geometry":{"type":"Polygon","coordinates":[[[122.25,7],[123.23,6.78],[123.7,7.13],[124.04,6.74],[122.27,6.04],[122.25,7]]]}},{"type":"Feature","properties":{},"geometry":{"type":"Polygon","coordinates":[[[125.88,-32.76],[125.74,-33.21],[125.56,-32.73],[125.88,-32.76]]]}},{"type":"Feature","properties":{},"geometry":{"type":"Polygon","coordinates":[[[140.23,-40.08],[141.86,-41.49],[141.59,-42.09],[143.49,-42.91],[143.87,-43.53],[142,-43.32],[134.81,-39.15],[128.59,-37.25],[128.98,-37.12],[127.67,-36.41],[128.21,-35.78],[127.1,-36.55],[126.12,-34.9],[127.75,-35.07],[128.02,-35.6],[128.74,-35.02],[126.76,-34.6],[126.83,-33.67],[125.67,-33.26],[127.63,-32.82],[129.36,-33.79],[128.85,-35.33],[129.43,-36.68],[133.53,-35.91],[140.23,-40.08]]]}},{"type":"Feature","properties":{},"geometry":{"type":"Polygon","coordinates":[[[136.3,-39.79],[138.39,-42.18],[139.32,-42.13],[139.22,-42.6],[140.33,-42.8],[140.06,-43.13],[141.43,-43.33],[140.72,-43.45],[141.17,-43.69],[137.36,-43.08],[134.77,-40.9],[133.12,-40.35],[132.58,-40.68],[131.91,-40.11],[132.29,-40.87],[131.43,-40.7],[131.85,-41.08],[129.95,-40.94],[131.17,-41.26],[131.46,-41.83],[128.46,-41.83],[127.11,-40.66],[127.41,-40.35],[125.8,-40.59],[126.15,-39.93],[125.63,-39.51],[126.88,-39.6],[125.52,-39.24],[126.37,-39.38],[125.45,-38.62],[125.62,-38.05],[125.13,-37.96],[124.76,-37.07],[121.32,-35.87],[127.75,-36.69],[136.3,-39.79]]]}},{"type":"Feature","properties":{},"geometry":{"type":"Polygon","coordinates":[[[126.21,-31.9],[126.65,-32.38],[125.48,-31.85],[126.21,-31.9]]]}},{"type":"Feature","properties":{},"geometry":{"type":"Polygon","coordinates":[[[119.26,7.56],[119.61,7.32],[119.18,7.18],[119.26,7.56]]]}},{"type":"Feature","properties":{},"geometry":{"type":"Polygon","coordinates":[[[-1.46,-10.69],[-1.57,-11.09],[-1.83,-10.89],[-1.46,-10.69]]]}},{"type":"Feature","properties":{},"geometry":{"type":"Polygon","coordinates":[[[111.15,2.86],[112.64,4.23],[113.96,4.02],[118.56,5.54],[122.05,2.33],[119.21,2.72],[117.6,2.47],[116.23,3.1],[115.18,2.61],[113.49,2.77],[111.7,2.31],[111.01,2.56],[111.15,2.86]]]}},{"type":"Feature","properties":{},"geometry":{"type":"Polygon","coordinates":[[[118.22,5.55],[119.02,5.91],[118.96,5.44],[119.51,6.31],[120.14,5.44],[120.97,6.06],[122.43,5.42],[122.81,6.25],[123.57,6.24],[125.71,4.25],[125.08,4.17],[125.3,3.86],[124.69,3.52],[125.03,3.29],[121.29,2.58],[118.22,5.55]]]}},{"type":"Feature","properties":{},"geometry":{"type":"Polygon","coordinates":[[[122.91,20.8],[123.2,20.49],[123.14,21.07],[124,21.09],[124.77,20.7],[125.98,21.43],[125.5,20.29],[126.21,20.35],[125.48,19.58],[126.17,19.17],[125.66,18.61],[126.18,18.96],[125.9,18.68],[127.42,18.46],[127.59,17.95],[129.1,18.11],[128.15,17.48],[129.35,15.93],[128.89,15.12],[129.04,14.23],[129.36,14.32],[129.28,13.8],[129.72,14.08],[130.08,12.5],[129.62,11.42],[128.95,11.95],[128.38,11.23],[127.56,11.18],[127.2,9.92],[126.52,10.33],[125.66,9.16],[124.08,10.28],[123.4,9.95],[123.51,10.24],[122.27,10.51],[121.36,11.91],[123.23,12.94],[122.81,12.87],[122.28,13.97],[123.07,15.44],[122.68,17.11],[123.47,18.35],[122.91,20.8]]]}},{"type":"Feature","properties":{},"geometry":{"type":"Polygon","coordinates":[[[36.95,-52.57],[36.64,-54.31],[35.46,-55.57],[33.66,-55.85],[32.16,-55.13],[34.29,-53.36],[36.95,-52.57]]]}},{"type":"Feature","properties":{},"geometry":{"type":"Polygon","coordinates":[[[-33.02,5.72],[-33.02,5.02],[-33.93,4.92],[-33.47,5.18],[-33.68,5.59],[-33.02,5.72]]]}},{"type":"Feature","properties":{},"geometry":{"type":"Polygon","coordinates":[[[-55.17,0.88],[-54.01,0.02],[-55.51,0.39],[-55.17,0.88]]]}},{"type":"Feature","properties":{},"geometry":{"type":"Polygon","coordinates":[[[-59.38,4.55],[-57.11,3.11],[-56.59,2.43],[-57.09,2.43],[-56.19,1.46],[-56.63,1.24],[-58.64,2.34],[-59.27,1.87],[-59.53,2.7],[-61.17,3.3],[-61.5,3.84],[-61.15,4.03],[-59.64,3.09],[-59.52,4.07],[-60.04,4.6],[-59.38,4.55]]]}},{"type":"Feature","properties":{},"geometry":{"type":"Polygon","coordinates":[[[114.88,22.73],[115.7,23.18],[115.93,21.94],[115.36,20.97],[114.4,20.89],[113.96,21.66],[114.88,22.73]]]}},{"type":"Feature","properties":{},"geometry":{"type":"Polygon","coordinates":[[[-57.14,6.63],[-55.63,5.19],[-52.8,0],[-55.81,1.59],[-54.96,2.05],[-55.6,2.56],[-55.56,3.61],[-57.57,5.7],[-57.34,6.15],[-60.13,7.16],[-59.54,6.92],[-58.92,7.34],[-57.14,6.63]]]}},{"type":"Feature","properties":{},"geometry":{"type":"Polygon","coordinates":[[[-41.21,19.77],[-40.95,18.98],[-41.27,18.84],[-41.61,19.24],[-41.21,19.77]]]}},{"type":"Feature","properties":{},"geometry":{"type":"Polygon","coordinates":[[[122.57,41.87],[122.81,41.67],[122.18,41.37],[122.57,41.87]]]}},{"type":"Feature","properties":{},"geometry":{"type":"Polygon","coordinates":[[[126.83,45.57],[127.9,45.55],[127.9,45.13],[128.7,44.96],[128.53,43.27],[127.92,42.74],[127.78,43.45],[127.78,42.88],[127.13,43],[127.13,44.43],[126.47,44.72],[126.87,44.27],[126.23,44],[125.92,44.48],[126.41,44.33],[125.69,44.67],[126.83,45.57]]]}},{"type":"Feature","properties":{},"geometry":{"type":"Polygon","coordinates":[[[130.43,46.85],[131.33,46.51],[130.94,45.79],[129.96,45.78],[129.4,45],[128.85,45.55],[128.45,45.34],[129.09,46.3],[130.43,46.85]]]}},{"type":"Feature","properties":{},"geometry":{"type":"Polygon","coordinates":[[[20.39,15.41],[22.17,14.35],[20.9,14.58],[20.13,15.23],[20.39,15.41]]]}},{"type":"Feature","properties":{},"geometry":{"type":"Polygon","coordinates":[[[28.45,11.62],[27.57,11.7],[26.85,12.3],[26.87,12.91],[27.59,12.73],[28.45,11.62]]]}},{"type":"Feature","properties":{},"geometry":{"type":"Polygon","coordinates":[[[15.21,20.51],[14.08,19.22],[12.56,21.17],[12.98,21.42],[15.21,20.51]]]}},{"type":"Feature","properties":{},"geometry":{"type":"Polygon","coordinates":[[[21.42,18.76],[21.91,17.46],[20.93,18.75],[21.42,18.76]]]}},{"type":"Feature","properties":{},"geometry":{"type":"Polygon","coordinates":[[[29.29,31.57],[29.58,31.24],[28.85,31.33],[29.29,31.57]]]}},{"type":"Feature","properties":{},"geometry":{"type":"Polygon","coordinates":[[[7.28,28.64],[7.23,27.95],[6.59,28.17],[7.28,28.64]]]}},{"type":"Feature","properties":{},"geometry":{"type":"Polygon","coordinates":[[[11.18,31.98],[10.79,31.54],[9,31.29],[8.31,31.96],[10.63,32.71],[11.18,31.98]]]}},{"type":"Feature","properties":{},"geometry":{"type":"Polygon","coordinates":[[[130.38,47.2],[128.36,46.39],[128.36,45.83],[126.95,45.58],[126.72,45.99],[128.61,47.76],[132.05,48.58],[132.05,50.36],[132.69,50.64],[132.29,50.14],[132.9,49.88],[134.84,51.76],[134.86,53.37],[134.28,53.53],[134.51,53.89],[134.12,54.2],[134.35,54.93],[135.54,54.75],[134.91,55.34],[135.67,55.36],[137.43,53.63],[137.07,52.73],[137.35,52.36],[136.69,52],[137.29,51.03],[137.11,50.23],[137.73,49.77],[137.36,49.14],[136.72,48.79],[136.67,49.54],[135.65,48.28],[135.45,48.71],[135.05,48.09],[133.64,47.77],[133.94,48.04],[133.07,48.16],[133.05,47.68],[133.64,47.46],[132.38,46.39],[131.67,46.63],[131.77,47.5],[130.38,47.2]]]}},{"type":"Feature","properties":{},"geometry":{"type":"Polygon","coordinates":[[[13.25,32.16],[11.3,32.04],[12.37,32.69],[13.25,32.16]]]}},{"type":"Feature","properties":{},"geometry":{"type":"Polygon","coordinates":[[[143.71,53.71],[144.05,53.77],[142.94,52.89],[143.71,53.71]]]}},{"type":"Feature","properties":{},"geometry":{"type":"Polygon","coordinates":[[[138.22,54.14],[141.58,52.97],[142.63,53.48],[142.48,52.92],[143.09,52.43],[141.44,51.84],[140.97,50.93],[137.73,51.07],[137.16,51.76],[138.4,51.92],[138.38,53.23],[137.91,53.78],[138.22,54.14]]]}},{"type":"Feature","properties":{},"geometry":{"type":"Polygon","coordinates":[[[133.94,56.25],[133.73,55.86],[135.11,55.65],[133.94,55.02],[132.93,56.08],[133.94,56.25]]]}},{"type":"Feature","properties":{},"geometry":{"type":"Polygon","coordinates":[[[-20.08,38.11],[-20.19,37.4],[-20.98,36.94],[-20.13,37.43],[-19.74,36.98],[-21.13,36.8],[-21.22,37.32],[-20.08,38.11]]]}},{"type":"Feature","properties":{},"geometry":{"type":"Polygon","coordinates":[[[-23.07,38.48],[-23.02,38.02],[-21.47,37.78],[-22.27,37.4],[-23.33,38.05],[-23.07,38.48]]]}},{"type":"Feature","properties":{},"geometry":{"type":"Polygon","coordinates":[[[-22.3,41.5],[-20.47,40.35],[-22,40.87],[-22.64,41.47],[-22.3,41.5]]]}},{"type":"Feature","properties":{},"geometry":{"type":"Polygon","coordinates":[[[-84.96,47.8],[-83.13,46.57],[-82.66,44.42],[-83.9,45.11],[-83.28,45.42],[-84.09,45.33],[-84.02,45.8],[-84.65,46.02],[-84.1,46.19],[-85.34,47.07],[-84.6,47.38],[-85.24,47.41],[-85.33,47.82],[-84.96,47.8]]]}},{"type":"Feature","properties":{},"geometry":{"type":"Polygon","coordinates":[[[-15.22,39.52],[-14.36,39.8],[-14.47,39.51],[-13.6,39.38],[-14.42,38.61],[-13.37,38.68],[-14.28,38.39],[-14.19,37.69],[-13.36,38.17],[-13.91,36.77],[-14.35,36.83],[-14.16,37.38],[-14.79,37.08],[-14.45,38.11],[-16.1,37.3],[-15.02,37.98],[-16.31,38],[-15.85,38.41],[-16.86,38.12],[-18.91,38.54],[-15.22,39.52]]]}},{"type":"Feature","properties":{},"geometry":{"type":"Polygon","coordinates":[[[-14.98,42],[-14.61,41.89],[-15.23,41.74],[-14.99,41.45],[-16.34,40.3],[-15.12,40.37],[-15.78,40.03],[-14.93,39.87],[-15.22,39.52],[-18.83,38.66],[-17.79,39.27],[-18.59,39.42],[-17.71,39.91],[-17.35,39.67],[-17.57,40.05],[-17.07,40.12],[-16.48,41.3],[-14.98,42]]]}},{"type":"Feature","properties":{},"geometry":{"type":"Polygon","coordinates":[[[-35.52,47.5],[-35.19,46.87],[-36.2,47.43],[-35.52,47.5]]]}},{"type":"Feature","properties":{},"geometry":{"type":"Polygon","coordinates":[[[-86.38,50.98],[-86.84,50.7],[-86.71,49.8],[-87.15,51.05],[-86.38,50.98]]]}},{"type":"Feature","properties":{},"geometry":{"type":"Polygon","coordinates":[[[-84.02,50.2],[-83.89,49.76],[-84.33,49.53],[-84.02,50.2]]]}},{"type":"Feature","properties":{},"geometry":{"type":"Polygon","coordinates":[[[-114.12,64.18],[-114.42,64.04],[-113.89,63.91],[-115.01,63.91],[-114.12,64.18]]]}},{"type":"Feature","properties":{},"geometry":{"type":"Polygon","coordinates":[[[-86.67,52.14],[-86.09,51.75],[-86.7,51.44],[-85.54,51.74],[-86.98,51.05],[-86.67,52.14]]]}},{"type":"Feature","properties":{},"geometry":{"type":"Polygon","coordinates":[[[135.09,62.82],[136.62,61.46],[136.83,60.34],[140.33,57.62],[139.21,58.1],[138,57.81],[138.04,56.44],[139.54,55.64],[139.77,54.85],[138.64,55.45],[138.25,54.52],[137.67,55.16],[137.57,56.58],[136.8,57.29],[136.19,59.66],[135.19,60.15],[134.53,61.64],[135.45,62.01],[134.48,62.7],[135.09,62.82]]]}},{"type":"Feature","properties":{},"geometry":{"type":"Polygon","coordinates":[[[-109.96,63.44],[-110.09,62.89],[-111.92,63.57],[-109.96,63.44]]]}},{"type":"Feature","properties":{},"geometry":{"type":"Polygon","coordinates":[[[131,62.81],[131.62,62.76],[131.24,62.29],[130.58,62.36],[131,62.81]]]}},{"type":"Feature","properties":{},"geometry":{"type":"Polygon","coordinates":[[[-2.48,41.6],[-1.48,41.87],[-2.56,41.78],[-1.67,42.43],[-2.72,42.63],[-2.19,43.01],[-2.63,43.47],[-1.34,43.42],[-1.01,43.84],[-1.56,43.9],[-0.41,44.56],[-0.04,44.41],[-0.43,44.12],[0.64,44.37],[1.14,43.65],[0.4,43.34],[0.5,42.84],[-2.48,41.6]]]}},{"type":"Feature","properties":{},"geometry":{"type":"Polygon","coordinates":[[[-1.25,41.08],[-2.46,40.67],[-2.19,40.94],[-2.77,40.84],[-2.27,41.09],[-2.96,41.07],[-2.42,41.37],[-3,41.41],[0.5,42.84],[0.36,41.36],[-1.25,41.08]]]}},{"type":"Feature","properties":{},"geometry":{"type":"Polygon","coordinates":[[[13.78,44.99],[14.09,44.48],[13.2,44.89],[13.78,44.99]]]}},{"type":"Feature","properties":{},"geometry":{"type":"Polygon","coordinates":[[[-81.54,54.94],[-82.06,54.33],[-82.37,54.47],[-81.93,54.74],[-82.51,54.72],[-81.54,54.94]]]}},{"type":"Feature","properties":{},"geometry":{"type":"Polygon","coordinates":[[[15.3,45.57],[15.24,44.46],[14.34,44.78],[14.43,45.43],[15.1,45.12],[14.88,45.42],[15.3,45.57]]]}},{"type":"Feature","properties":{},"geometry":{"type":"Polygon","coordinates":[[[-85.31,54.18],[-84.89,53],[-85.47,53.07],[-84.94,52.79],[-85.42,52.29],[-85.38,52.95],[-85.93,53.15],[-85.4,53.35],[-85.77,53.49],[-85.31,54.18]]]}},{"type":"Feature","properties":{},"geometry":{"type":"Polygon","coordinates":[[[-32.16,50.38],[-32.47,49.65],[-32.02,50.09],[-32.56,49.64],[-32.25,49.99],[-33.15,49.81],[-32.16,50.38]]]}},{"type":"Feature","properties":{},"geometry":{"type":"Polygon","coordinates":[[[-85.31,54.86],[-85.17,54.42],[-86.05,54.03],[-85.31,54.86]]]}},{"type":"Feature","properties":{},"geometry":{"type":"Polygon","coordinates":[[[-84.86,54.89],[-84.51,54.25],[-85.28,54.26],[-84.86,54.89]]]}},{"type":"Feature","properties":{},"geometry":{"type":"Polygon","coordinates":[[[0.5,46.88],[1,46.43],[0.71,46.19],[0.12,46.6],[0.5,46.88]]]}},{"type":"Feature","properties":{},"geometry":{"type":"Polygon","coordinates":[[[20.13,47.64],[20.32,47.21],[19.75,46.65],[19.64,47.27],[20.13,47.64]]]}},{"type":"Feature","properties":{},"geometry":{"type":"Polygon","coordinates":[[[-97.79,60.38],[-98.01,60.04],[-97.48,59.98],[-97.79,59.65],[-100.39,60.05],[-99.5,60.09],[-100.35,60.18],[-99.91,60.65],[-98.92,60.6],[-99.21,60.12],[-98.51,60.56],[-98.19,60.46],[-98.56,60.25],[-97.79,60.38]]]}},{"type":"Feature","properties":{},"geometry":{"type":"Polygon","coordinates":[[[-87.26,53.15],[-87.65,52.97],[-87.1,52.66],[-87.49,52.54],[-87.68,53.02],[-87.72,52.26],[-87.94,52.85],[-88.42,52.61],[-87.88,53.29],[-87.26,53.15]]]}},{"type":"Feature","properties":{},"geometry":{"type":"Polygon","coordinates":[[[-84.51,56.21],[-84.51,55.2],[-85.52,55.04],[-84.79,55.41],[-84.51,56.21]]]}},{"type":"Feature","properties":{},"geometry":{"type":"Polygon","coordinates":[[[-96.61,60.37],[-96.57,59.95],[-97.5,60.15],[-96.61,60.37]]]}},{"type":"Feature","properties":{},"geometry":{"type":"Polygon","coordinates":[[[22.98,48.62],[23.58,48.51],[22.67,47.87],[22.41,48.45],[22.98,48.62]]]}},{"type":"Feature","properties":{},"geometry":{"type":"Polygon","coordinates":[[[2.82,47.81],[3,47.53],[1.99,47.08],[2.48,47.02],[1.48,45.88],[0.54,45.89],[1.21,46.27],[0.89,47.03],[1.47,46.98],[1.17,47.24],[1.53,47.79],[2.82,47.81]]]}},{"type":"Feature","properties":{},"geometry":{"type":"Polygon","coordinates":[[[2.38,46.78],[4.01,46.77],[3.45,45.73],[2.81,45.54],[3.41,45.43],[2.4,45.27],[3.77,45.08],[4.26,44.46],[1.61,43.8],[1.35,44.14],[1.91,45.09],[1.7,45.37],[1.25,45.02],[1.46,45.41],[0.86,44.47],[0.98,45.46],[2.38,46.78]]]}},{"type":"Feature","properties":{},"geometry":{"type":"Polygon","coordinates":[[[4.26,44.46],[4.5,43.76],[5.44,43.29],[5.64,42.77],[4.95,42.87],[5.65,42.66],[5.53,42.07],[6.91,41.92],[6.84,41.28],[5.84,40.62],[6.71,40.35],[0.88,39.2],[2.08,40.35],[3.09,40.38],[3.63,40.96],[2.82,40.54],[1.2,41.07],[2.33,41.72],[2.24,42.08],[1.66,41.96],[2,42.28],[3.29,42.47],[3.26,43.39],[2.9,43.27],[2.72,43.93],[4.26,44.46]]]}},{"type":"Feature","properties":{},"geometry":{"type":"Polygon","coordinates":[[[22.88,49.09],[23.31,48.87],[22.49,48.89],[22.88,49.09]]]}},{"type":"Feature","properties":{},"geometry":{"type":"Polygon","coordinates":[[[-174.28,72.62],[-173.98,72.41],[-176.02,71.86],[-175.34,72.34],[-175.73,72.33],[-174.28,72.62]]]}},{"type":"Feature","properties":{},"geometry":{"type":"Polygon","coordinates":[[[-123.92,72.54],[-123.39,72.05],[-124.62,71.92],[-126.23,72.53],[-123.92,72.54]]]}},{"type":"Feature","properties":{},"geometry":{"type":"Polygon","coordinates":[[[-134.9,73.54],[-133.93,73.18],[-135.23,73.45],[-134.9,73.54]]]}},{"type":"Feature","properties":{},"geometry":{"type":"Polygon","coordinates":[[[-18.48,52.97],[-18.52,52.58],[-18.87,52.96],[-18.48,52.97]]]}},{"type":"Feature","properties":{},"geometry":{"type":"Polygon","coordinates":[[[-29.1,55.82],[-29.91,55.14],[-29.97,55.62],[-29.1,55.82]]]}},{"type":"Feature","properties":{},"geometry":{"type":"Polygon","coordinates":[[[-30.85,56.87],[-30.81,56.55],[-32.56,56.33],[-31.97,56.95],[-30.85,56.87]]]}},{"type":"Feature","properties":{},"geometry":{"type":"Polygon","coordinates":[[[-27.41,56.65],[-27.08,56.27],[-27.49,56.25],[-27.72,56.66],[-27.41,56.65]]]}},{"type":"Feature","properties":{},"geometry":{"type":"Polygon","coordinates":[[[-123.91,75.02],[-119.7,74.16],[-121.6,73.95],[-124.48,74.63],[-123.91,75.02]]]}},{"type":"Feature","properties":{},"geometry":{"type":"Polygon","coordinates":[[[-31.06,60.1],[-31.21,59.37],[-30.67,59.53],[-29.41,58.23],[-29.95,57.73],[-29.03,57.69],[-28.71,57.22],[-29.63,57.08],[-30.56,57.52],[-30.63,58.1],[-33.23,57.52],[-32.97,58.17],[-34.23,58.29],[-33.06,58.55],[-31.06,60.1]]]}},{"type":"Feature","properties":{},"geometry":{"type":"Polygon","coordinates":[[[-30.02,60.07],[-29.52,59.52],[-30.04,59.57],[-30.02,60.07]]]}},{"type":"Feature","properties":{},"geometry":{"type":"Polygon","coordinates":[[[56.98,62.11],[57.25,61.9],[56.46,61.8],[56.98,62.11]]]}},{"type":"Feature","properties":{},"geometry":{"type":"Polygon","coordinates":[[[-21.26,60.29],[-20.8,59.94],[-21.67,60.12],[-21.26,60.29]]]}},{"type":"Feature","properties":{},"geometry":{"type":"Polygon","coordinates":[[[-22.17,60.78],[-21.7,60.49],[-22.39,59.85],[-23.83,59.95],[-23.11,60.71],[-22.17,60.78]]]}},{"type":"Feature","properties":{},"geometry":{"type":"Polygon","coordinates":[[[15.82,58.52],[15.9,58.1],[16.18,58.5],[16.44,58.16],[15.44,57.81],[15.82,58.52]]]}},{"type":"Feature","properties":{},"geometry":{"type":"Polygon","coordinates":[[[-131.85,80.83],[-125.02,79.17],[-124.67,78.7],[-126,78.17],[-125.42,77.78],[-124,77.81],[-124.95,77.94],[-123.75,78.36],[-124.77,78.51],[-122.86,78.44],[-119.68,78.04],[-117.56,76.93],[-119.83,76.61],[-121.01,76.95],[-120.53,76.64],[-120.82,76.54],[-123.69,77],[-122.54,76.69],[-125.32,76.16],[-124.14,75.69],[-125.77,75.64],[-126.19,75.72],[-125.8,76.01],[-126.59,75.78],[-129.19,76.43],[-129.76,76.68],[-129.33,76.8],[-129.51,77.14],[-134.06,77.42],[-133.59,77.63],[-134.2,77.99],[-132.96,78.29],[-135.53,78.18],[-135.99,77.93],[-135.31,77.62],[-135.67,77.47],[-136.59,77.75],[-132.4,80.94],[-131.85,80.83]]]}},{"type":"Feature","properties":{},"geometry":{"type":"Polygon","coordinates":[[[-143.37,78.84],[-144.91,78.47],[-144.45,79.07],[-143.37,78.84]]]}},{"type":"Feature","properties":{},"geometry":{"type":"Polygon","coordinates":[[[15.41,58.56],[15.65,58.23],[14.99,58.12],[15.41,58.56]]]}},{"type":"Feature","properties":{},"geometry":{"type":"Polygon","coordinates":[[[-22.05,61.98],[-21.77,61.85],[-22.42,61.72],[-22.05,61.98]]]}},{"type":"Feature","properties":{},"geometry":{"type":"Polygon","coordinates":[[[39.08,61.56],[39.67,61.35],[38.37,60.87],[38.29,61.51],[39.08,61.56]]]}},{"type":"Feature","properties":{},"geometry":{"type":"Polygon","coordinates":[[[16.99,59.13],[17.31,58.85],[16.5,58.68],[16.99,59.13]]]}},{"type":"Feature","properties":{},"geometry":{"type":"Polygon","coordinates":[[[-35.79,65.59],[-35.46,64.98],[-35.78,64.77],[-35.42,64.91],[-35.71,64.56],[-35.25,64.43],[-36.74,64.33],[-38.31,65.24],[-35.79,65.59]]]}},{"type":"Feature","properties":{},"geometry":{"type":"Polygon","coordinates":[[[-159.78,82.55],[-156.95,82.35],[-161.31,82.35],[-159.78,82.55]]]}},{"type":"Feature","properties":{},"geometry":{"type":"Polygon","coordinates":[[[17.89,59.79],[18.23,59.71],[17.59,59.61],[17.89,59.79]]]}},{"type":"Feature","properties":{},"geometry":{"type":"Polygon","coordinates":[[[-12.79,56.24],[-12,55.35],[-13.55,55.46],[-13.01,55.37],[-13.74,55.83],[-12.79,56.24]]]}},{"type":"Feature","properties":{},"geometry":{"type":"Polygon","coordinates":[[[44.81,63.69],[46.45,63.17],[44.81,63.26],[44.81,63.69]]]}},{"type":"Feature","properties":{},"geometry":{"type":"Polygon","coordinates":[[[-17.14,62.69],[-16.86,62.56],[-17.52,62.51],[-17.14,62.69]]]}},{"type":"Feature","properties":{},"geometry":{"type":"Polygon","coordinates":[[[3.24,54.25],[3.35,53.85],[1.7,53.82],[3.24,54.25]]]}},{"type":"Feature","properties":{},"geometry":{"type":"Polygon","coordinates":[[[39.71,63.79],[40.34,63.43],[39.43,63.64],[39.71,63.79]]]}},{"type":"Feature","properties":{},"geometry":{"type":"Polygon","coordinates":[[[-129.4,82.83],[-131.65,82.79],[-128.07,83.29],[-129.4,82.83]]]}},{"type":"Feature","properties":{},"geometry":{"type":"Polygon","coordinates":[[[-123.92,83.3],[-121.21,82.76],[-128.04,82.84],[-126.4,83.36],[-123.92,83.3]]]}},{"type":"Feature","properties":{},"geometry":{"type":"Polygon","coordinates":[[[114.32,78.48],[115.2,78.51],[113.79,78.35],[114.32,78.48]]]}},{"type":"Feature","properties":{},"geometry":{"type":"Polygon","coordinates":[[[-24,38.82],[-23.74,37.93],[-23.11,37.73],[-23.4,37.67],[-22.15,37.01],[-21.58,37.22],[-20.9,36.53],[-23.97,36.28],[-25.28,35.38],[-25.77,35.76],[-25.3,36.53],[-25.63,36.44],[-23.93,37.06],[-23.78,36.64],[-22.93,36.92],[-24.32,37.12],[-23.8,37.7],[-27.55,36.58],[-28.12,36.92],[-28.4,36.45],[-29.38,36.41],[-30.47,35.17],[-30.01,34.47],[-29.68,34.75],[-29.75,34.26],[-30.84,34.37],[-30.9,34.74],[-31.12,34.32],[-31.87,34.38],[-28.6,37.18],[-24,38.82]]]}},{"type":"Feature","properties":{},"geometry":{"type":"Polygon","coordinates":[[[-19.54,-32.96],[-21.73,-36.1],[-22.98,-37.11],[-21.47,-35.36],[-22.25,-34.91],[-22.02,-35.27],[-23.16,-36.68],[-23.54,-38.07],[-25.09,-39.66],[-27.23,-39.96],[-29.06,-39.54],[-29.7,-38.89],[-29.3,-37.98],[-29.72,-38.16],[-29.81,-39.5],[-28.33,-40.36],[-28.32,-41.24],[-36.55,-38.81],[-38.28,-37.96],[-39.44,-35.22],[-42.54,-30.31],[-42.65,-28.4],[-42.08,-26.59],[-42.37,-24.04],[-35.82,-27.69],[-30.4,-30.05],[-19.54,-32.96]]]}},{"type":"Feature","properties":{},"geometry":{"type":"Polygon","coordinates":[[[-33.22,-44.04],[-33.84,-43.81],[-33.4,-44.44],[-33.73,-44.36],[-33.43,-44.51],[-33.78,-45.98],[-36.74,-45.92],[-36.64,-47.17],[-36.03,-47.53],[-35.25,-47.15],[-35.1,-47.84],[-36.58,-47.75],[-35.84,-48.06],[-36.94,-48.74],[-37.14,-50.03],[-38.77,-50.4],[-39.45,-51.21],[-38.51,-52.11],[-37.36,-52.3],[-37.38,-53.04],[-39.36,-54.13],[-39.73,-55.1],[-40.52,-54.96],[-40.24,-55.27],[-41.06,-55.66],[-41.22,-56.8],[-40.26,-57.45],[-43.1,-57.83],[-43.55,-58.99],[-44.93,-58.49],[-44.14,-58.61],[-43.38,-57.99],[-43.87,-57.66],[-45.37,-57.61],[-45.69,-58.19],[-46.18,-57.89],[-45.42,-57.59],[-46.36,-57.82],[-46.36,-57.13],[-45.38,-57.38],[-45.25,-57.05],[-44.98,-57.31],[-45.49,-57.55],[-45.01,-57.57],[-44.89,-56.88],[-45.58,-56.33],[-45.8,-56.59],[-44.97,-56.84],[-45.83,-56.67],[-45.41,-56.96],[-45.78,-57.19],[-45.95,-56.73],[-45.87,-57.27],[-46.54,-56.71],[-46.16,-56.71],[-46.21,-56.28],[-46.87,-56],[-45.91,-55.77],[-46.12,-55.48],[-46.64,-55.94],[-46.94,-55.55],[-46.59,-55.46],[-47.37,-55.28],[-46.43,-55.38],[-46.98,-55.07],[-46.4,-54.92],[-46.94,-54.71],[-46.2,-54.81],[-46.68,-54.58],[-46.58,-54.17],[-47.03,-54.47],[-47.05,-53.88],[-46.62,-53.83],[-47,-53.68],[-46.42,-53.51],[-47.27,-53.09],[-45.72,-53.12],[-46.22,-52.65],[-47.33,-52.8],[-46.69,-52.68],[-47.1,-52.5],[-46.56,-52.24],[-46.81,-51.83],[-48.39,-51.85],[-47.3,-50.89],[-46.59,-50.9],[-46.33,-51.68],[-45.55,-50.76],[-46.02,-50.87],[-45.92,-50.53],[-45.16,-50.52],[-45.95,-50.28],[-44.9,-49.59],[-45.68,-49.25],[-44.83,-47.65],[-45.17,-47.39],[-44.68,-47.58],[-44.72,-47.07],[-45.2,-47],[-44.55,-46.6],[-46.16,-46.83],[-46.34,-46.19],[-45.51,-44.47],[-46.02,-42.42],[-45.44,-42.2],[-43.75,-38.64],[-43.64,-34.08],[-42.53,-30.25],[-39.43,-35.16],[-37.12,-40.42],[-33.22,-44.04]]]}},{"type":"Feature","properties":{},"geometry":{"type":"Polygon","coordinates":[[[-40.16,5.44],[-38.19,5.49],[-37.06,4.9],[-35.63,5.35],[-36.25,5.52],[-33.87,5.63],[-34.9,5.39],[-34.34,4.68],[-32.88,4.34],[-32.99,3.46],[-32.06,3.48],[-30.68,2.52],[-30.61,1.33],[-30.3,1.81],[-29.13,0.75],[-27.05,0.98],[-24.94,0.48],[-23.21,-0.81],[-22.8,-2.45],[-21.79,-3.48],[-23.26,-5.43],[-22.58,-4.92],[-22.91,-5.61],[-22.28,-5.01],[-20.22,-5.16],[-20.66,-6.32],[-22.22,-6.85],[-21.09,-6.59],[-21.19,-7.04],[-20.14,-6.33],[-19.74,-5.39],[-18.66,-5.51],[-17.13,-6.07],[-17.13,-6.51],[-16.67,-6.16],[-16.39,-6.48],[-16.54,-7],[-16.13,-7.05],[-16.51,-8.05],[-16.07,-7.2],[-15.78,-7.11],[-15.96,-7.57],[-15.14,-7.01],[-13.96,-7.46],[-11.68,-7.4],[-8.75,-9.36],[-6.82,-9.81],[-6.26,-11.46],[-6.52,-13.21],[-9.56,-17.4],[-9.98,-17.11],[-10.16,-22.19],[-11.85,-26.59],[-12.87,-27.61],[-15.35,-27.65],[-19.21,-30.31],[-19.76,-30.23],[-19.35,-30.42],[-19.83,-31.01],[-19.47,-31.07],[-19.55,-32.99],[-30.41,-30.06],[-35.82,-27.69],[-42.37,-24.03],[-43.57,-22.41],[-48.1,-19.75],[-51.1,-13.31],[-52.1,-11.78],[-53.23,-11.07],[-52.95,-10.56],[-53.33,-9.28],[-52.11,-8.45],[-51.75,-7.61],[-51.99,-7.35],[-52.29,-7.77],[-53.04,-7.21],[-52.06,-4.28],[-50.97,-3.89],[-50.6,-2.98],[-46.09,-1.01],[-44.54,2.4],[-41.44,5.14],[-40.16,5.44]]]}},{"type":"Feature","properties":{},"geometry":{"type":"Polygon","coordinates":[[[-50.21,2.76],[-49.48,1.91],[-49.61,2.56],[-48.27,3.35],[-47.84,4.73],[-45.87,5.11],[-44.23,6.21],[-43.71,5.78],[-44.56,5.32],[-44.22,4.45],[-44.8,3.59],[-44.42,2.81],[-43.72,3.44],[-44.23,4.55],[-42.68,5.13],[-42.63,5.88],[-42.26,5.13],[-40.92,4.49],[-42.21,3.96],[-45.41,1.33],[-47.09,-2.01],[-51.67,-3.8],[-49.93,-2.07],[-50.43,-1.75],[-50.11,0.59],[-50.82,1.51],[-50.21,2.76]]]}},{"type":"Feature","properties":{},"geometry":{"type":"Polygon","coordinates":[[[-28.33,-41.2],[-27.73,-41.9],[-28.63,-43.12],[-33.24,-44.06],[-36.76,-40.91],[-38.29,-37.93],[-28.33,-41.2]]]}},{"type":"Feature","properties":{},"geometry":{"type":"Polygon","coordinates":[[[-79.19,38.47],[-78.79,38.37],[-78.8,38.93],[-79.57,38.98],[-80.29,41.44],[-79,41.94],[-77.44,40.96],[-75.74,37.66],[-75.49,36.21],[-75.99,35.15],[-79.19,38.47]]]}},{"type":"Feature","properties":{},"geometry":{"type":"Polygon","coordinates":[[[-80.29,41.44],[-79.63,42.62],[-79.74,43.96],[-78.12,47.18],[-77.58,47.13],[-78.17,47.23],[-77.74,47.57],[-78,47.85],[-77.54,47.84],[-78.03,47.89],[-78.05,49.39],[-76.2,48.84],[-76.87,48.14],[-76.13,48.62],[-76.17,48.18],[-76.75,47.76],[-75.88,48.1],[-75.92,49.47],[-74.88,49.71],[-75.06,48.28],[-73.25,47.93],[-72.48,46.65],[-70.3,46.14],[-71.32,44.56],[-76.29,43.25],[-80.29,41.44]]]}},{"type":"Feature","properties":{},"geometry":{"type":"Polygon","coordinates":[[[-81.8,44.42],[-82.01,44.79],[-81.29,44.63],[-81.8,44.42]]]}},{"type":"Feature","properties":{},"geometry":{"type":"Polygon","coordinates":[[[-80.62,44.91],[-81.91,44.91],[-81.56,45.73],[-81.79,45.29],[-82.41,45.41],[-81.82,45.99],[-82.51,45.71],[-82.8,46.16],[-82.08,46.42],[-82.83,46.49],[-81.8,46.84],[-82.14,47.25],[-82.85,46.56],[-83.18,46.72],[-82.86,46.91],[-83.71,46.98],[-82.76,47.29],[-83.53,47.08],[-83.74,47.36],[-83.19,47.59],[-84.37,47.65],[-83.57,47.69],[-84.42,48.11],[-83.14,48.27],[-84.29,48.29],[-84.1,48.66],[-83.21,48.82],[-83.06,48.37],[-83.06,48.76],[-82.44,48.69],[-83.14,49.03],[-82.54,48.89],[-80.69,46.29],[-80.62,44.91]]]}},{"type":"Feature","properties":{},"geometry":{"type":"Polygon","coordinates":[[[-82.83,49.12],[-84.24,49.12],[-83.51,49.42],[-83.83,49.88],[-82.83,49.12]]]}},{"type":"Feature","properties":{},"geometry":{"type":"Polygon","coordinates":[[[-73.08,36.09],[-73.32,35.57],[-75.65,35.58],[-75.51,36.93],[-77.05,40.38],[-79,41.94],[-76.29,43.25],[-71.32,44.56],[-70.3,46.14],[-69.64,46.05],[-68.84,45.7],[-71.65,40.21],[-73.08,36.09]]]}},{"type":"Feature","properties":{},"geometry":{"type":"Polygon","coordinates":[[[-73.2,36.01],[-73.16,35.34],[-73.75,35.5],[-74.78,36.85],[-75.85,37.25],[-74.12,41.88],[-71.21,47.36],[-69.29,46.72],[-69.85,45.43],[-68.01,43.88],[-70.21,40.35],[-72.15,38.8],[-73.2,36.01]]]}},{"type":"Feature","properties":{},"geometry":{"type":"Polygon","coordinates":[[[-69.57,32.82],[-72.34,33.75],[-73.19,35.06],[-74.63,35.99],[-73.37,39.4],[-71.3,40.86],[-69.18,43.36],[-68.8,44.29],[-70.51,45.92],[-69.82,47.18],[-68.67,47.14],[-66.84,42.84],[-66.43,40.07],[-66.99,36.77],[-69.08,34.64],[-69.57,32.82]]]}},{"type":"Feature","properties":{},"geometry":{"type":"Polygon","coordinates":[[[-50.52,27.01],[-51.51,26.96],[-50.61,26.74],[-51.06,26.39],[-50.62,25.64],[-51.24,26.34],[-51.6,25.96],[-52.38,26.23],[-52.93,27.02],[-53.45,26.82],[-54.81,27.6],[-55.84,27.18],[-55.5,27.3],[-55.94,27.55],[-55.89,27.19],[-57.63,26.58],[-57.19,26.75],[-57.82,26.96],[-57.65,26.63],[-58.52,26.47],[-58.92,25.76],[-59.23,25.97],[-59.02,24.39],[-59.63,23.55],[-59.41,23.9],[-59.77,23.94],[-60.58,20.66],[-59.86,17.76],[-58.77,16.74],[-58.39,15.57],[-58.99,15.78],[-60.4,17.3],[-61.68,21.32],[-61.76,26.86],[-55.15,28.94],[-52.62,28.33],[-50.52,27.01]]]}},{"type":"Feature","properties":{},"geometry":{"type":"Polygon","coordinates":[[[-58.11,13.7],[-59.13,14.62],[-60.65,14.18],[-62.09,14.8],[-68.26,19.61],[-68.71,20.84],[-68.24,20.9],[-68.47,21.18],[-67.96,21.75],[-68.28,23.07],[-69.82,25.9],[-70.83,26.63],[-70.62,27.56],[-72.47,29.96],[-73.17,32.45],[-70.43,29.27],[-68.85,28.15],[-64.79,25.47],[-62.03,24.74],[-60.8,18.25],[-60.4,17.3],[-57.14,13.82],[-58.11,13.7]]]}},{"type":"Feature","properties":{},"geometry":{"type":"Polygon","coordinates":[[[-57.13,16.38],[-54.84,16.06],[-53.31,18.24],[-52.77,18.37],[-49.86,17.87],[-51.14,16.38],[-50.86,16.22],[-51.59,14.99],[-51.63,15.66],[-52.08,15.26],[-52.23,13.84],[-53.22,12.95],[-52.97,12.77],[-56.28,13.46],[-57.47,15.3],[-57.13,16.38]]]}},{"type":"Feature","properties":{},"geometry":{"type":"Polygon","coordinates":[[[-71.83,30.47],[-71.94,28.63],[-69.68,24.89],[-69.24,22.43],[-68.17,21.36],[-68.7,20.86],[-70.62,23.15],[-70.36,24],[-71.17,25.41],[-71.67,25.22],[-72.84,26.44],[-71.81,26.19],[-71.75,27.05],[-73.09,28.52],[-73.98,32.13],[-74.94,33.18],[-76.86,34.02],[-76.74,34.59],[-77.98,37.25],[-75.61,34.5],[-73.24,32.97],[-71.83,30.47]]]}},{"type":"Feature","properties":{},"geometry":{"type":"Polygon","coordinates":[[[-73.17,32.45],[-72.98,32.87],[-74.56,33.93],[-75.79,36.52],[-77.34,37.59],[-76.95,37.99],[-76.09,38.24],[-74,37.69],[-72.6,36],[-70.61,34.86],[-69.78,33.53],[-67.04,32.58],[-65.4,31.31],[-64.9,30.22],[-65.29,25.93],[-70.43,29.27],[-73.17,32.45]]]}},{"type":"Feature","properties":{},"geometry":{"type":"Polygon","coordinates":[[[-106.46,74.45],[-109.39,74.23],[-109.44,74.58],[-114.22,75.01],[-114.55,75.65],[-113.43,75.69],[-115.71,76.3],[-108.23,76.57],[-107.04,76.41],[-108.6,76.18],[-108.16,75.98],[-103.97,75.66],[-106.46,74.45]]]}},{"type":"Feature","properties":{},"geometry":{"type":"Polygon","coordinates":[[[-103.76,75.72],[-105.02,75.85],[-104.53,76.07],[-104.98,76.51],[-104.36,76.53],[-104.11,75.94],[-103.08,76.42],[-106.14,76.92],[-105.79,77.45],[-108.54,78.56],[-106.21,78.93],[-101.67,78.65],[-96.18,79.34],[-84.37,79.09],[-84.75,78.85],[-83.95,78.75],[-85.87,78.5],[-83.47,78.61],[-83.93,78.34],[-80.99,77.79],[-82.27,77.64],[-81.17,77.19],[-78.71,76.94],[-75.25,75.54],[-73.03,75.28],[-72.3,74.5],[-70.32,73.92],[-69.55,73],[-72.98,72.42],[-82.32,72.72],[-85.17,74.06],[-98.18,76.02],[-100.39,76.21],[-103.76,75.72]]]}},{"type":"Feature","properties":{},"geometry":{"type":"Polygon","coordinates":[[[-33.61,33.87],[-34.79,32.55],[-35.3,33.33],[-35.1,32.1],[-36.26,30.98],[-35.76,31.76],[-36.18,32.74],[-35.59,33.37],[-36.29,33.18],[-36.35,31.94],[-37.14,32.53],[-36.33,31.77],[-36.9,31.99],[-36.62,30.93],[-37.14,31.27],[-36.36,30.8],[-36.24,29.62],[-36.39,30.59],[-36.4,29.93],[-37.27,29.99],[-36.46,29.48],[-37.6,29.53],[-37.23,29.26],[-37.75,29.1],[-37.19,28.88],[-41.96,27.38],[-42.9,26.17],[-42.6,21.69],[-43.37,20.17],[-44.02,20.3],[-44.4,21.15],[-44.23,21.95],[-44.55,21.84],[-44.93,22.87],[-44.54,23.27],[-44.99,23.28],[-44.5,24.24],[-45.64,25.83],[-46.88,25.53],[-46.93,26.21],[-47.78,26.47],[-47.46,26.51],[-49.24,26.61],[-49.05,27.18],[-49.32,26.72],[-50.4,26.95],[-52.62,28.33],[-44.67,28.76],[-41.37,30.11],[-36.85,32.97],[-33.61,33.87]]]}},{"type":"Feature","properties":{},"geometry":{"type":"Polygon","coordinates":[[[-64.64,16.09],[-61.68,14.03],[-60.88,12.11],[-63.88,9.32],[-65.41,9.27],[-65.58,9.82],[-65.74,9.22],[-65.96,10.16],[-65.35,10.59],[-65.73,13.26],[-65.36,13.04],[-65.19,13.48],[-66.18,13.93],[-67.91,16.37],[-68.48,19.12],[-67.54,18.8],[-66.8,17.6],[-64.64,16.09]]]}},{"type":"Feature","properties":{},"geometry":{"type":"Polygon","coordinates":[[[-121.14,71.67],[-122.68,72.58],[-121.53,72.96],[-122.87,73.65],[-118.05,74.95],[-116.37,74.61],[-114.2,74.92],[-100.48,74.67],[-90.87,73.89],[-109.41,72.93],[-121.14,71.67]]]}},{"type":"Feature","properties":{},"geometry":{"type":"Polygon","coordinates":[[[-31.29,64.23],[-32.02,64.2],[-31.84,63.61],[-32.56,63.14],[-30.41,63.68],[-30.22,63.05],[-31.3,62.46],[-31.35,61.48],[-27.53,62.72],[-27.94,63.1],[-27.38,63.65],[-25.35,62.93],[-26.14,63],[-25.15,62.38],[-25.94,62.22],[-25.6,61.87],[-26.77,61.91],[-26.41,61.72],[-26.78,61.77],[-26.63,60.79],[-27.21,60.42],[-29.12,60.13],[-29.04,60.75],[-30.02,60.92],[-29.51,60.87],[-29.63,60.03],[-31.46,60.88],[-31.13,60.39],[-32.96,59.88],[-34.24,60.93],[-35.53,61.19],[-32.78,59.75],[-34.42,58.96],[-35.9,59.35],[-37.06,58.78],[-39.31,59.89],[-37.14,58.7],[-40.76,58.03],[-40.45,57.7],[-41.57,57.6],[-41.19,57.44],[-43.03,56.38],[-43.81,55.58],[-42.47,54.94],[-42.71,53.5],[-43.23,53.15],[-41.26,53.02],[-37.71,50.12],[-35.44,49.53],[-36.44,47.42],[-35.53,45.53],[-35.06,45.26],[-34.45,45.66],[-34.27,45.09],[-33.44,46.17],[-33.15,47.81],[-33.53,48.56],[-31.59,48.82],[-30.03,49.72],[-29.63,51.31],[-30.59,52.2],[-28.79,53.22],[-28.99,53.68],[-28.53,54.06],[-29.11,54.13],[-28.1,54.71],[-28.21,55.5],[-27.41,55.68],[-25.49,54.77],[-24.63,55],[-24.01,54.48],[-24.32,54.24],[-23.84,54.18],[-24.06,53.91],[-23.48,53.85],[-23.78,53.42],[-22.2,53.02],[-22.79,52.09],[-23.86,52.3],[-22.92,52],[-23.27,51.38],[-22.86,51.04],[-24.08,50.85],[-22.68,50.86],[-22.39,50.42],[-23.72,49.82],[-22.23,50.43],[-22.29,49.74],[-20.83,50.45],[-20.8,49.87],[-20.51,50.45],[-19.9,50.47],[-20.16,50.75],[-19.55,50.77],[-19.79,51.18],[-18.67,51.5],[-19.02,51.33],[-18.61,51.27],[-18.81,50.63],[-18.34,50.34],[-18.96,50.28],[-18.16,49.8],[-18.91,49.51],[-18.02,49.55],[-18.84,49.16],[-18.06,49.23],[-18.33,49.02],[-17.83,48.63],[-18.4,48.6],[-17.62,48.04],[-18.05,47.62],[-18.71,47.9],[-18.05,47.55],[-18.48,47.29],[-17.92,47.21],[-17.63,46.45],[-17.26,46.62],[-17.82,45.91],[-16.97,46.13],[-17.22,45.94],[-16.74,45.91],[-17.29,45.57],[-16.5,45.94],[-16.62,45.54],[-15.27,45.07],[-18.46,44.22],[-15.49,44.71],[-15.59,43.97],[-14.48,43.88],[-14.56,43.18],[-14.89,43.23],[-14.58,42.96],[-15.23,43.04],[-14.53,42.77],[-15.03,42.85],[-14.69,42.43],[-15.91,41.94],[-17.34,42.21],[-17.78,41.54],[-18.9,41.17],[-24.12,42.16],[-25.2,41.38],[-26.81,41.12],[-29.25,39.6],[-24.29,41.08],[-22.68,40.34],[-23.04,40.49],[-22.8,40.1],[-23.81,39.78],[-25.12,40],[-23.41,39.42],[-24,38.82],[-28.6,37.18],[-31.87,34.38],[-33.14,34.35],[-36.85,32.97],[-41.37,30.11],[-44.67,28.76],[-50.06,28.23],[-55.77,28.87],[-61.76,26.86],[-62.03,24.74],[-64.79,25.47],[-65.29,25.93],[-65.36,27.01],[-65.05,30.82],[-66.8,32.29],[-67.03,33.03],[-66.51,34.39],[-64.21,37.01],[-63.95,41.59],[-65.69,45.69],[-67.18,53.58],[-70.67,57.33],[-71.25,58.64],[-71.46,62.74],[-69.42,63.94],[-68.13,66.3],[-69.63,67.9],[-72.44,69.3],[-71.85,70.84],[-69.38,72.31],[-69.55,73],[-68.42,72.4],[-67.95,73],[-65.45,73.08],[-65.12,72.78],[-66.13,72.66],[-59.96,72.46],[-64.14,72.14],[-62.58,72.25],[-63.41,71.8],[-61.73,72.16],[-57.99,71.9],[-58.51,72.12],[-57.87,72.35],[-58.5,71.17],[-58.17,70.81],[-55.72,71.32],[-57.22,70.61],[-54.15,70.42],[-50.07,67.85],[-52.31,67.63],[-52.01,67.4],[-47.57,66.55],[-47.15,66.1],[-47.47,65.75],[-46.96,65.95],[-46.86,65.51],[-47.55,65.53],[-47.39,64.55],[-47.36,65.04],[-46.35,65.21],[-46.28,65.95],[-43.3,66.2],[-46.27,66.51],[-43.29,66.55],[-43.02,66.24],[-43.53,65.98],[-42.81,65.38],[-43.1,65.26],[-42.23,65.37],[-41.83,64.7],[-38.96,64.05],[-38.38,64.68],[-37.62,64.67],[-36.77,64.18],[-37.36,63.97],[-36.42,64.06],[-37.77,63.44],[-37.22,62.97],[-36.37,63.79],[-34.17,63.9],[-34.51,63.96],[-34.02,64.37],[-34.98,64.23],[-33.3,64.71],[-34.63,65.29],[-34.66,65.76],[-33.38,66.12],[-33.85,66.33],[-33.12,66.72],[-31.02,66.88],[-31.28,67.05],[-30.57,66.65],[-31.33,65.75],[-31.11,64.93],[-32.75,64.75],[-31.29,64.23]]]}},{"type":"Feature","properties":{},"geometry":{"type":"Polygon","coordinates":[[[-103.33,66.88],[-105.59,67.01],[-105.85,67.22],[-103.96,67.72],[-103.53,68.29],[-105.75,68.71],[-94.13,68.41],[-79.31,67.31],[-76.72,62.51],[-76.87,61.81],[-77.65,61.93],[-81.84,63.93],[-84.32,65.91],[-88.23,66.94],[-95.55,67.69],[-103.33,66.88]]]}},{"type":"Feature","properties":{},"geometry":{"type":"Polygon","coordinates":[[[-86.39,53.2],[-87.04,52.93],[-86.81,53.2],[-87.21,53.28],[-86.47,53.54],[-86.96,54.17],[-87.31,54.05],[-87.14,53.43],[-87.85,53.46],[-87.68,54.75],[-86.32,56.53],[-86.96,58.23],[-88.34,59.84],[-90.63,60.57],[-89.76,60.66],[-91.86,61.26],[-96.39,61.43],[-96.31,60.84],[-98.11,60.87],[-103.67,61.79],[-104.48,61.54],[-104.15,61.67],[-106.02,61.82],[-105.66,62.09],[-107.72,62.58],[-107.32,62.76],[-110.08,63.1],[-106.99,63.02],[-106.12,62.24],[-105.27,62.58],[-101.3,62.01],[-98.19,62.49],[-99.63,62.88],[-98.9,63.23],[-100.47,63.07],[-99.81,63.68],[-100.26,64],[-95.15,63.95],[-92.25,63.59],[-87.68,62.16],[-85.16,60.74],[-83.88,58.2],[-86.39,53.2]]]}},{"type":"Feature","properties":{},"geometry":{"type":"Polygon","coordinates":[[[-111.42,74.88],[-111.03,75.32],[-111.58,75.58],[-109.93,75.73],[-110.52,75.93],[-108.96,76.78],[-103.61,77.65],[-87.26,75.35],[-85.16,74.19],[-90.87,73.89],[-99.14,74.61],[-111.42,74.88]]]}},{"type":"Feature","properties":{},"geometry":{"type":"Polygon","coordinates":[[[-79.38,46.22],[-78.91,46.28],[-79.37,46.24],[-79.09,47.97],[-80.93,51.07],[-82.06,51.96],[-81.77,52.19],[-81.13,51.4],[-81.74,52.2],[-80.92,52.69],[-82.27,52.21],[-82.49,52.93],[-81.46,52.97],[-82.43,53.4],[-82.14,53.6],[-82.07,53.19],[-82.1,53.59],[-80.57,53.99],[-81.55,53.81],[-80.56,54.55],[-82.24,53.8],[-81.26,54.78],[-82.03,55.14],[-82.59,54.84],[-81.43,55.26],[-81.99,56.75],[-81.54,56.68],[-81.62,57.16],[-81.25,56.75],[-81.51,57.18],[-81.05,57.15],[-81.53,57.4],[-80.94,57.41],[-81.56,57.56],[-80.75,57.84],[-81.76,58.04],[-80.93,59.1],[-81.73,58.44],[-81.24,60.14],[-81.61,63.2],[-81.3,63.64],[-76.87,61.81],[-76.23,60.9],[-77.51,59.84],[-77.74,59.05],[-77.33,56.96],[-75.68,55.47],[-76,51.58],[-76.56,50.04],[-76.36,47.55],[-78.52,44.23],[-80.04,44.86],[-79.38,46.22]]]}},{"type":"Feature","properties":{},"geometry":{"type":"Polygon","coordinates":[[[-76.23,60.9],[-75.38,59.17],[-75.88,55.69],[-77.33,56.96],[-77.74,59.05],[-77.51,59.84],[-76.23,60.9]]]}},{"type":"Feature","properties":{},"geometry":{"type":"Polygon","coordinates":[[[-75.91,71.02],[-76.35,69.48],[-73.4,68.1],[-71.75,66.53],[-72.91,64.15],[-74.89,62.93],[-74.58,59.43],[-73.84,57.53],[-70.19,53.82],[-68.67,47.14],[-74.89,48.8],[-76.06,49.82],[-74.64,54.54],[-75.6,56.29],[-75.95,59.69],[-78.28,65.35],[-84.2,69.8],[-89.95,72.59],[-87.41,72.98],[-77.25,72.59],[-74.03,73.14],[-73.59,72.52],[-75.91,71.02]]]}},{"type":"Feature","properties":{},"geometry":{"type":"Polygon","coordinates":[[[-87.57,54.83],[-87.83,55.59],[-86.97,55.71],[-87.57,54.83]]]}},{"type":"Feature","properties":{},"geometry":{"type":"Polygon","coordinates":[[[-86.94,55.4],[-86.9,55.76],[-87.85,55.86],[-88.2,56.44],[-87.77,56.58],[-89.46,57.67],[-89.03,58.11],[-89.54,58.29],[-89.66,58.62],[-89.17,58.6],[-89.56,58.83],[-89.18,58.84],[-89.62,59.06],[-88.69,59.07],[-90.07,59.61],[-89.22,59.77],[-90.56,59.94],[-90.74,59.42],[-91.81,59.37],[-92.4,59.69],[-92.05,59.88],[-94.43,60.03],[-94.9,60.5],[-91.11,60.63],[-90.64,60.07],[-90.63,60.57],[-88.34,59.84],[-86.96,58.23],[-86.32,56.53],[-86.94,55.4]]]}},{"type":"Feature","properties":{},"geometry":{"type":"Polygon","coordinates":[[[-76.23,60.9],[-76.87,61.81],[-76.27,61.56],[-76.23,60.9]]]}},{"type":"Feature","properties":{},"geometry":{"type":"Polygon","coordinates":[[[4.59,55.98],[5.64,55.42],[5.17,55.21],[4.39,55.72],[4.59,55.98]]]}},{"type":"Feature","properties":{},"geometry":{"type":"Polygon","coordinates":[[[5.15,56.11],[5.75,55.71],[4.4,56.08],[5.15,56.11]]]}},{"type":"Feature","properties":{},"geometry":{"type":"Polygon","coordinates":[[[55.92,68.85],[56.62,68.55],[55.82,68.51],[55.92,68.85]]]}},{"type":"Feature","properties":{},"geometry":{"type":"Polygon","coordinates":[[[-41.7,71.7],[-43.43,71.11],[-41.5,71.15],[-40.78,70.57],[-41.96,70.32],[-39.33,70.44],[-39.56,70.05],[-39.25,70.01],[-40.47,69.05],[-37.93,70.36],[-36.66,70.07],[-36.72,69.52],[-39.04,68],[-39.02,67.42],[-37.76,66.64],[-38.19,66.28],[-40.26,66.7],[-40.83,66.12],[-39.62,66.3],[-39.96,66.03],[-39.67,65.89],[-41.02,65.81],[-42.57,66.32],[-42.15,66.42],[-43.15,66.8],[-42.84,67.1],[-45.77,66.94],[-49.48,67.58],[-48.51,68.18],[-50.62,69.01],[-50.36,69.67],[-49.75,69.69],[-45.25,68.7],[-46.37,69.53],[-49.43,70.51],[-45.78,70.41],[-48.54,71.22],[-46.34,71.84],[-41.7,71.7]]]}},{"type":"Feature","properties":{},"geometry":{"type":"Polygon","coordinates":[[[39.58,65.91],[40.69,65.85],[40.2,65.55],[40.66,65.64],[40.28,65.42],[40.63,65.17],[40.24,65.17],[40.88,64.55],[43.54,63.59],[40.72,63.32],[40.46,63.6],[40.95,63.7],[40.08,64.03],[38.81,63.81],[38.37,64.3],[38.96,64.38],[39.07,64.95],[38.64,64.94],[39.27,65.07],[38.36,65.14],[39.58,65.91]]]}},{"type":"Feature","properties":{},"geometry":{"type":"Polygon","coordinates":[[[4.45,56.55],[5.35,56.19],[3.88,56.37],[4.45,56.55]]]}},{"type":"Feature","properties":{},"geometry":{"type":"Polygon","coordinates":[[[50.22,67.87],[50.61,67.81],[49.62,67.45],[49.23,67.77],[50.22,67.87]]]}},{"type":"Feature","properties":{},"geometry":{"type":"Polygon","coordinates":[[[-34.82,70.25],[-36.54,69.56],[-36.56,70.36],[-34.82,70.25]]]}},{"type":"Feature","properties":{},"geometry":{"type":"Polygon","coordinates":[[[-19.61,66.29],[-17.96,65.61],[-17.92,64.95],[-20.29,65.28],[-20.4,65.97],[-19.61,66.29]]]}},{"type":"Feature","properties":{},"geometry":{"type":"Polygon","coordinates":[[[-23.53,57.12],[-25.79,57.06],[-26.66,57.79],[-25.38,58.36],[-22.6,57.74],[-22.82,58.55],[-20.39,59.24],[-20.28,60.42],[-20.77,60.56],[-20.36,60.75],[-20.88,60.7],[-20.73,61.02],[-21.31,61.35],[-22.38,61.21],[-21.21,61.55],[-21.64,62.01],[-21.22,62.04],[-21.93,62.16],[-21.45,62.45],[-22.13,62.32],[-21.73,62.74],[-22.2,62.86],[-22.1,63.38],[-22.85,63.17],[-22.46,63.03],[-22.79,62.62],[-24.53,63.28],[-24.38,62.79],[-24.66,63.42],[-25.19,63.65],[-24.69,63.11],[-25.12,63.04],[-27.4,63.82],[-27.66,64.15],[-27.22,64.37],[-28.58,64.38],[-28.89,64.79],[-28.68,65.38],[-27.09,64.88],[-28.58,65.67],[-27.23,66.57],[-24.34,67.3],[-22.28,66.9],[-24.83,66.31],[-25.49,65.66],[-25.34,64.78],[-26.97,64.84],[-25.59,64.52],[-24.66,65.04],[-25.24,65.61],[-24.03,65.45],[-24.25,66.1],[-23.21,66.11],[-23.43,66.47],[-22.77,66.19],[-23.02,66.58],[-20.32,66.4],[-20.71,65.36],[-22.14,64.72],[-20.71,65.09],[-20.43,64.77],[-20.93,64.53],[-20.48,64.67],[-20.23,64.12],[-20.44,64.72],[-19.65,64.53],[-19.94,64.91],[-19.05,65],[-17.86,64.45],[-19.24,63.85],[-17.71,63.95],[-18.77,63.74],[-18.33,63.61],[-19.07,63.24],[-17.57,63.58],[-18.43,62.95],[-17.04,63.33],[-16.48,62.78],[-17.98,62.38],[-16.32,62.53],[-17.77,62.12],[-17.13,62.13],[-17.82,61.7],[-16.01,62.27],[-16.85,61.98],[-15.8,62.13],[-15.28,61.72],[-16.92,61.52],[-17.27,61.39],[-15.79,61.45],[-17.12,61.11],[-15.35,61.53],[-15.03,61.06],[-17.23,61.06],[-15.17,60.36],[-16.69,60.75],[-16.15,60.5],[-16.96,60.4],[-16.28,60.45],[-16.68,60.26],[-16.26,60.05],[-17.34,60.3],[-15.75,59.59],[-16.7,59.59],[-15.73,59.25],[-16.02,58.92],[-15.54,59.11],[-15.9,58.71],[-14.74,58.91],[-15.31,58.65],[-14.71,58.72],[-14.62,58.21],[-15.35,57.98],[-14.04,58.08],[-14.87,57.7],[-13.47,57.69],[-13.19,57.19],[-14.49,57.12],[-14,56.69],[-14.73,56.92],[-14.37,56.54],[-14.76,56.37],[-15.17,56.81],[-15.77,55.82],[-16.21,56.2],[-15.94,56.44],[-16.39,56.14],[-16.06,56.5],[-16.62,56.55],[-16.18,56.78],[-16.68,56.89],[-15.5,57.32],[-16.83,57.13],[-16.27,57.5],[-16.81,57.3],[-17.03,57.86],[-17.86,58.06],[-17.4,57.77],[-17.97,57.95],[-17.68,57.38],[-18.52,57.59],[-18.29,57.24],[-18.74,56.96],[-18.02,57.06],[-18.16,56.09],[-17.9,56.37],[-17.92,55.93],[-17.48,56.15],[-17.57,55.71],[-17.09,55.64],[-17.64,55.55],[-17.03,55.1],[-17.34,54.39],[-17.63,55.02],[-17.58,54.07],[-18.01,54.28],[-18.18,53.83],[-18.74,54.82],[-18.96,54.43],[-19.55,55.36],[-19.56,54.96],[-20.36,55.49],[-18.89,53.59],[-19.1,53.28],[-22.56,55.18],[-22.87,55.66],[-22.1,55.66],[-23.02,56.11],[-23.3,56.76],[-22.98,56.98],[-23.81,56.79],[-23.53,57.12]]]}},{"type":"Feature","properties":{},"geometry":{"type":"Polygon","coordinates":[[[113.28,81.15],[117.69,80.87],[111.62,80.36],[112.32,80.59],[111.7,80.96],[113.28,81.15]]]}},{"type":"Feature","properties":{},"geometry":{"type":"Polygon","coordinates":[[[-31.14,69.44],[-29.69,68.81],[-31.88,68.48],[-31.16,68.25],[-31.66,67.92],[-31,67.95],[-32.24,67.23],[-33.74,67.34],[-33.42,67.56],[-34.87,67.27],[-34.53,67.79],[-35.17,68.49],[-35.03,69.04],[-34.15,69.21],[-34.04,68.67],[-33.03,68.65],[-32.41,69.08],[-33.05,69.42],[-31.14,69.44]]]}},{"type":"Feature","properties":{},"geometry":{"type":"Polygon","coordinates":[[[-26.86,68.59],[-25.29,67.84],[-31.27,67.07],[-29.01,68.56],[-26.86,68.59]]]}},{"type":"Feature","properties":{},"geometry":{"type":"Polygon","coordinates":[[[77.21,75.55],[78.66,75.28],[76.77,75.48],[77.21,75.55]]]}},{"type":"Feature","properties":{},"geometry":{"type":"Polygon","coordinates":[[[-43.49,73.87],[-43.17,73.3],[-43.56,73.24],[-42.83,73.19],[-43.36,73.05],[-41.68,72.87],[-42,71.93],[-52.55,71.64],[-52.84,71.75],[-52.33,72.75],[-53.16,72.98],[-47.15,73.79],[-46.27,74.41],[-43.49,73.87]]]}},{"type":"Feature","properties":{},"geometry":{"type":"Polygon","coordinates":[[[8.4,58.13],[8.4,57.75],[7.8,57.89],[8.4,58.13]]]}},{"type":"Feature","properties":{},"geometry":{"type":"Polygon","coordinates":[[[113.21,83.08],[121.73,83.35],[118.07,82.88],[110.83,83.18],[113.21,83.08]]]}},{"type":"Feature","properties":{},"geometry":{"type":"Polygon","coordinates":[[[-21.25,68.91],[-22.78,68.13],[-23.57,68.59],[-22.92,69.04],[-21.25,68.91]]]}},{"type":"Feature","properties":{},"geometry":{"type":"Polygon","coordinates":[[[-27.89,74.09],[-29.85,74.17],[-27.47,74.1],[-27.89,74.09]]]}},{"type":"Feature","properties":{},"geometry":{"type":"Polygon","coordinates":[[[97.86,82.25],[102.48,82.16],[103.26,82.23],[100.58,82.65],[105.71,82.87],[109.82,82.92],[109.43,82.78],[110.82,82.43],[104.05,81.1],[97.44,81.77],[97.86,82.25]]]}},{"type":"Feature","properties":{},"geometry":{"type":"Polygon","coordinates":[[[61.05,73.98],[61.78,73.98],[60.76,73.86],[61.05,73.98]]]}},{"type":"Feature","properties":{},"geometry":{"type":"Polygon","coordinates":[[[-21.81,71.39],[-22.11,71.05],[-22.88,71.28],[-21.81,71.39]]]}},{"type":"Feature","properties":{},"geometry":{"type":"Polygon","coordinates":[[[-20,70.24],[-23.47,69.25],[-24.87,69.79],[-23.03,70],[-24.28,70.64],[-23.36,70.36],[-21.73,70.82],[-22.5,70.14],[-21.65,70.17],[-21.87,70.41],[-21.32,70.66],[-20,70.24]]]}},{"type":"Feature","properties":{},"geometry":{"type":"Polygon","coordinates":[[[-22.74,72.39],[-25.58,71.86],[-24.26,71.59],[-24.57,71.31],[-26.96,71.07],[-28.23,71.55],[-27.95,71.72],[-31.6,72.61],[-31.13,72.89],[-28.2,72.28],[-29.82,72.91],[-28.6,73.09],[-30.49,73.14],[-29.93,73.25],[-30.7,73.3],[-30.19,73.51],[-30.44,73.87],[-28.2,73.42],[-29.17,73.88],[-28.35,73.87],[-27.42,73.42],[-27.93,73.87],[-27.15,73.92],[-26.52,73.51],[-25.35,73.65],[-26.18,73.33],[-25.79,72.99],[-27.46,72.46],[-26.82,71.93],[-24.65,72.61],[-22.74,72.39]]]}},{"type":"Feature","properties":{},"geometry":{"type":"Polygon","coordinates":[[[42.73,70.6],[43.93,70.51],[44.18,70.02],[41.29,68.38],[40.88,67.92],[41.36,67.74],[40.77,67.69],[41.22,67.53],[40.61,67.59],[41,67.32],[40.29,67.34],[40.96,67.09],[40.14,66.78],[40.83,66.51],[39.96,66.54],[40.9,66.39],[39.99,66.38],[40.71,65.96],[38.98,65.74],[39.83,66.24],[38.22,66.08],[38.96,66.38],[38.7,66.61],[39.68,66.62],[38.66,66.7],[39.11,67.05],[38.63,67.18],[39.35,67.3],[38.16,67.61],[39.2,67.98],[38.88,68.31],[40.1,68.9],[39.92,69.18],[42.45,69.97],[42.11,70.07],[42.73,70.6]]]}},{"type":"Feature","properties":{},"geometry":{"type":"Polygon","coordinates":[[[-18.09,69.86],[-17.81,69.42],[-18.99,69.12],[-17.57,68.85],[-18.08,68.78],[-17.67,68.22],[-18.68,68.54],[-18.53,68.25],[-19.06,68.34],[-18.56,68.17],[-18.75,67.89],[-19.4,67.63],[-15.92,66.62],[-15.59,65.79],[-16.62,65.7],[-16.37,65.42],[-18.22,65.59],[-18.55,65.87],[-18.16,66.23],[-19.21,66.11],[-21.1,66.96],[-20.43,67.18],[-21.66,67.28],[-21.76,67.61],[-21.28,67.67],[-22.12,67.7],[-18.93,69],[-20.07,69.38],[-19.22,69.62],[-19.36,69.96],[-18.09,69.86]]]}},{"type":"Feature","properties":{},"geometry":{"type":"Polygon","coordinates":[[[-22.1,74.26],[-26.46,74.06],[-26.84,74.11],[-24.99,74.39],[-28.68,74.54],[-29.2,74.72],[-28,74.87],[-29.57,75.17],[-27.53,75.32],[-22.1,74.26]]]}},{"type":"Feature","properties":{},"geometry":{"type":"Polygon","coordinates":[[[58.49,41.39],[57.47,41.06],[57.55,43.51],[54.68,47.65],[55.81,50.2],[55.79,51.47],[52.42,58.18],[52.88,59.44],[54,60.42],[58.56,58.55],[63.51,54.86],[68.1,53.11],[71.89,49.1],[77.37,46.77],[85.22,44.22],[77.44,40.38],[69.89,34.66],[64.7,34.64],[59.66,36.46],[57.96,37.84],[59.31,39.66],[58.3,40.15],[58.49,41.39]]]}},{"type":"Feature","properties":{},"geometry":{"type":"Polygon","coordinates":[[[84.79,40.39],[86.05,40.4],[87.64,39.61],[86.62,37.62],[80.33,33.78],[79.12,31.9],[76.36,31.78],[71.55,33.77],[69.5,33.67],[73.73,37.45],[77.63,39.91],[84.79,40.39]]]}},{"type":"Feature","properties":{},"geometry":{"type":"Polygon","coordinates":[[[90.79,42.72],[87.21,41.53],[79.15,41.18],[85.22,44.22],[88.5,43],[90.79,42.72]]]}},{"type":"Feature","properties":{},"geometry":{"type":"Polygon","coordinates":[[[94.17,35.59],[100.21,34.91],[98.28,34.1],[92.35,33.82],[85.96,32.41],[78.24,29],[78.52,29.94],[83.77,34.53],[85.9,35.79],[94.17,35.59]]]}},{"type":"Feature","properties":{},"geometry":{"type":"Polygon","coordinates":[[[128.14,61.33],[129.39,61.65],[128.86,61.18],[129.74,61.29],[130.22,61.8],[130.37,61.33],[130.14,62.09],[131.48,62.29],[134.03,61.6],[133.33,61.31],[134.83,60.52],[134.2,59.48],[134.83,58.39],[134.98,56.71],[131.19,51.09],[129.86,50.17],[128.29,49.96],[128.08,50.44],[127.53,50.35],[127.17,49.49],[122.43,49.8],[118.29,48.97],[108.57,46.75],[99.56,43.35],[95.86,43.31],[89.82,41.92],[87.55,42.18],[85.4,43.19],[90.82,44.02],[95.24,45.85],[98.71,48.51],[102.13,50],[104.16,52.16],[108.44,53.86],[110.12,57.02],[112.31,58.84],[119.49,59.51],[128.14,61.33]]]}},{"type":"Feature","properties":{},"geometry":{"type":"Polygon","coordinates":[[[74.95,73.82],[75.68,73.59],[75.28,73.44],[75.87,72.91],[75.64,73.41],[77.55,73.73],[76.91,73.8],[78.12,74.62],[76.59,74.7],[77.68,75.01],[81.34,74.76],[80.67,74.97],[85.02,75.97],[87.36,75.73],[90.95,76.33],[89.01,76.93],[89.69,77],[89.49,77.23],[96.89,77.58],[96.59,77.48],[97.96,77.31],[97.57,77.08],[99.42,76.92],[98.75,76.57],[102.36,76.12],[104.64,76.03],[104.85,76.32],[103.68,77.04],[104.3,76.88],[107.05,75.96],[109.34,73.96],[110.26,73.79],[127.22,73.62],[138.18,72.57],[143.11,71.01],[144.71,68.83],[133.98,67.26],[130.8,64.55],[130.8,64.12],[128.08,62.18],[130.17,62.19],[130.48,61.4],[121.64,59.75],[114.35,59.23],[112.01,57.45],[110.12,54.33],[105.7,52.7],[103.54,50.58],[100.02,49.16],[96.4,46.56],[91.87,44.8],[86.35,44.05],[77.37,46.77],[71.89,49.1],[68.1,53.11],[61.77,55.93],[57.19,59.29],[54.99,61.71],[57.98,61.6],[58.78,63.33],[57.61,64.24],[58.55,64.74],[59.98,64.48],[61.33,63.47],[63.42,63.68],[60.82,63.83],[60.48,64.17],[60.86,64.41],[59.79,64.9],[56.66,64.54],[55.53,65.91],[53.68,66.43],[54.17,67.41],[53.22,67.92],[55.99,66.68],[58.16,66.8],[55.24,67.3],[56.76,67.6],[55.85,67.8],[56.3,68.1],[60.64,68.27],[60.9,67.96],[60.54,67.71],[61.52,66.73],[64.34,66.65],[62.32,66.99],[62.72,67.26],[61.08,68.26],[57.94,68.52],[56.11,69.41],[60.13,70.68],[57.66,71.31],[58.71,71.28],[58.14,71.62],[58.48,71.72],[57.7,71.68],[60.72,73.46],[59.71,73.45],[61.71,73.91],[61.96,73.63],[63.02,74.08],[62.67,74.08],[62.96,74.45],[63.9,74.45],[62.43,74.61],[63.64,75.03],[62.25,75.47],[61.96,76.32],[64.4,76.45],[64.06,75.92],[66.67,76.35],[67.4,75.9],[68.08,76.1],[67.66,76.37],[69.49,76.88],[74.3,76.76],[75.09,76.46],[73.16,76.45],[75.56,76.42],[76.26,75.9],[75.41,74.8],[75.87,74.9],[76,74.13],[74.44,73.73],[74.95,73.82]]]}},{"type":"Feature","properties":{},"geometry":{"type":"Polygon","coordinates":[[[53.52,62.99],[53.35,63.63],[51.15,63.89],[50.45,65.01],[49.77,65.04],[50.08,66.12],[49.36,67.28],[52.02,67.55],[52.77,66.34],[54.17,65.93],[55.74,64.28],[57.19,63.88],[57.52,63.11],[57.22,62.16],[54.97,61.73],[53.52,62.99]]]}},{"type":"Feature","properties":{},"geometry":{"type":"Polygon","coordinates":[[[81.82,15.41],[86.5,16.16],[90.45,15.72],[92.46,14.32],[94.91,11.11],[89.6,13.06],[81.96,12.28],[78.85,12.67],[75.2,14.19],[71.72,16.76],[70.83,18.11],[76.55,15.72],[81.82,15.41]]]}},{"type":"Feature","properties":{},"geometry":{"type":"Polygon","coordinates":[[[61.72,-47.23],[62.12,-46.85],[61.28,-46.3],[61.65,-47.06],[60.28,-45.96],[61.25,-46.77],[61.11,-47.39],[58.4,-47.93],[58.51,-47.46],[57.71,-47.81],[57.86,-47.11],[55.85,-47.4],[55.59,-48],[54.27,-48.33],[46.92,-48.54],[46.5,-48.91],[43.39,-48.35],[40.99,-50.18],[38.69,-50.9],[37.13,-52],[36.23,-51.65],[35.09,-51.86],[35.2,-52.29],[34.13,-51.76],[32.85,-51.98],[31.77,-51.57],[31.96,-50.49],[34.04,-48.29],[37.33,-43.08],[41.2,-39.37],[42.08,-39.32],[41.54,-38.99],[42.23,-38.73],[41.94,-38.41],[40.76,-39.03],[39.18,-38.45],[39.21,-36.14],[40.41,-36.8],[41.13,-36.64],[39.89,-35.96],[39.8,-35.02],[40.5,-34.96],[39.86,-34.85],[40.19,-34.59],[39.54,-34.07],[40.32,-33.47],[39.77,-32.89],[40.41,-32.27],[39.64,-31.94],[43.03,-29.7],[45.84,-28.86],[52.18,-27.97],[54,-28.43],[54.63,-29.21],[54.32,-30.79],[55.32,-34.93],[58.23,-39.07],[60.4,-40.48],[69.5,-43.75],[70.7,-44.64],[61.72,-47.23]]]}},{"type":"Feature","properties":{},"geometry":{"type":"Polygon","coordinates":[[[71.77,22.91],[74.01,21.98],[75.52,21.89],[76.54,22.13],[77.21,23.13],[82.67,25.17],[88.93,24.54],[93.46,23],[94.79,20.78],[95.31,18.36],[92.47,21.04],[90.14,21.91],[86.89,21.83],[82.15,20.68],[76.72,20.48],[70.14,22.37],[69.07,22.21],[67.76,23.91],[69.62,23.99],[71.77,22.91]]]}},{"type":"Feature","properties":{},"geometry":{"type":"Polygon","coordinates":[[[98.23,27.12],[98.16,26.69],[96.25,28.58],[94.13,29.03],[85.52,28.74],[91.24,31.03],[95.88,31.67],[99.81,32.92],[98.85,30.91],[98.23,27.12]]]}},{"type":"Feature","properties":{},"geometry":{"type":"Polygon","coordinates":[[[86.05,40.4],[95.6,42.9],[99.27,42.9],[86.62,37.62],[87.64,39.61],[86.05,40.4]]]}},{"type":"Feature","properties":{},"geometry":{"type":"Polygon","coordinates":[[[54.97,61.73],[57.19,59.29],[54,60.42],[54.49,62.21],[54.97,61.73]]]}},{"type":"Feature","properties":{},"geometry":{"type":"Polygon","coordinates":[[[52.37,34.2],[51.75,35.12],[51.79,36.09],[50.38,36.3],[49.11,37.56],[50.27,37.68],[49.6,37.89],[49.98,38.5],[51.34,38.73],[50.65,40.14],[49.41,40.09],[48.17,39.14],[47.74,39.28],[47.55,38.39],[47.31,38.69],[47.29,38.32],[46.61,38.27],[46.01,37.09],[47.08,36.58],[47.03,35.67],[48.75,34.31],[43.46,35.39],[48.24,40.23],[54.64,43],[55.19,44.63],[54.68,47.65],[57.55,43.51],[57.27,40.48],[56.91,40.65],[57.02,40.12],[56.3,40.06],[56.12,38.98],[56.57,37.99],[57.54,38.27],[59.66,36.46],[63.67,34.82],[70.43,34.77],[68.22,32.5],[59.62,31.12],[52.34,33.71],[52.37,34.2]]]}},{"type":"Feature","properties":{},"geometry":{"type":"Polygon","coordinates":[[[46.55,-2.25],[45.98,-1.97],[44.6,-2.38],[43.71,-1.99],[41.97,-0.35],[41.38,2.11],[40.89,2.05],[40.63,2.65],[40.35,2.21],[39.54,2.46],[39.62,1.9],[39.17,1.84],[39.7,-0.12],[40.6,-1.34],[40.31,-1.94],[40.68,-3.34],[41.17,-2.16],[41.66,-2.33],[41.05,-3.87],[41.53,-4.33],[43.76,-4.53],[46.08,-2.82],[45.84,-4.67],[47.6,-5.97],[48.31,-7.46],[46.85,-8.99],[46.2,-9.05],[45.97,-10.27],[44.98,-10.32],[44.35,-11.08],[43.45,-11.01],[42.9,-11.73],[40.32,-11.77],[39.89,-12.52],[36.12,-13.22],[33.03,-13.1],[32.25,-13.5],[30.81,-13.11],[30.68,-10.43],[31.24,-9.02],[30.4,-5.62],[29.41,-3.86],[29.63,-1.08],[28.94,-0.23],[28.32,3.9],[27.81,4.14],[31.16,9.21],[32.15,11.76],[34.26,12.46],[37.21,12.23],[39.63,8.05],[44.49,1.28],[45.27,-0.59],[46.71,-0.98],[46.55,-2.25]]]}},{"type":"Feature","properties":{},"geometry":{"type":"Polygon","coordinates":[[[53.58,-13.43],[53,-16.67],[51.31,-17.58],[43.97,-16.22],[41.78,-16.4],[42.14,-13.32],[43.73,-11.67],[45.41,-12.29],[48.22,-10.95],[49.81,-10.9],[53.67,-12.34],[53.58,-13.43]]]}},{"type":"Feature","properties":{},"geometry":{"type":"Polygon","coordinates":[[[76.75,20.7],[65.61,23.25],[67.26,26.8],[73.92,22.48],[77.07,22.76],[76.75,20.7]]]}},{"type":"Feature","properties":{},"geometry":{"type":"Polygon","coordinates":[[[65.94,15.22],[65.52,15.56],[66.33,17.52],[68.04,19.5],[68.77,19.63],[76.84,14.98],[70.99,14.83],[68.4,14.18],[65.94,15.22]]]}},{"type":"Feature","properties":{},"geometry":{"type":"Polygon","coordinates":[[[47.86,28.57],[48.43,28.01],[51.89,28.09],[54.71,24.11],[58.81,22.97],[59.08,22.1],[57.57,21.61],[55.72,22.69],[42.02,26.86],[41.72,27.7],[42.26,29.19],[45.57,29.91],[47.86,28.57]]]}},{"type":"Feature","properties":{},"geometry":{"type":"Polygon","coordinates":[[[179.99,73.19],[179.99,66.3],[178.35,65.99],[178.78,65.29],[176.73,63.81],[176.12,64.51],[177.18,66.88],[174.09,70.61],[176.93,71.41],[179.99,73.19]]]}},{"type":"Feature","properties":{},"geometry":{"type":"Polygon","coordinates":[[[-179.99,66.3],[-179.99,73.19],[-176.42,74.16],[-177.02,74.31],[-176.26,74.65],[-176.82,74.78],[-176.38,75.02],[-176.52,75.61],[-156.43,80.32],[-144.99,79.11],[-145.57,78.35],[-148.22,78.07],[-147.66,78.15],[-155.18,78.35],[-148.86,77.93],[-147.03,76.21],[-148.16,75.78],[-151.89,76.11],[-158.77,75.38],[-164.61,73.54],[-168.16,74.16],[-170.47,73.91],[-171.64,73.3],[-171.97,73.28],[-171.89,73.94],[-174.08,73.18],[-176.43,73.21],[-176.83,72.86],[-176.44,72.58],[-176.88,72.54],[-176.52,72.36],[-177.07,72.46],[-176.79,72.27],[-178.13,71.24],[-175.85,71.04],[-176.58,70.63],[-176.37,70.07],[-175.63,70.07],[-175.24,69.52],[-177.21,69.33],[-177.53,68.64],[-176.72,68.01],[-179.67,67.28],[-179.4,66.37],[-179.99,66.3]]]}},{"type":"Feature","properties":{},"geometry":{"type":"Polygon","coordinates":[[[-179.99,74.59],[-178.27,75.23],[-177.68,74.95],[-179.99,74.59]]]}},{"type":"Feature","properties":{},"geometry":{"type":"Polygon","coordinates":[[[-177.69,81.68],[-161.22,82.3],[-156.44,81.29],[-153.16,81.56],[-153.89,82.08],[-155.1,82.11],[-153.93,82.28],[-154.16,82.64],[-139.97,82.14],[-133.04,81.11],[-137.11,77.74],[-147.74,79.27],[-164.43,80.07],[-177.69,81.68]]]}},{"type":"Feature","properties":{},"geometry":{"type":"Polygon","coordinates":[[[179.99,81.22],[179.99,74.71],[177.44,73.79],[177.58,74.09],[176.3,74.23],[176.94,74.58],[176.73,74.97],[175.8,74.64],[174.82,75.35],[162.8,78.1],[160.9,78.98],[160.62,79.74],[161.01,80.39],[166.05,82.34],[179.99,81.22]]]}},{"type":"Feature","properties":{},"geometry":{"type":"Polygon","coordinates":[[[-179.99,74.71],[-179.99,81.22],[-156.43,80.32],[-167.75,77.94],[-171.73,76.67],[-178.32,75.79],[-178.27,75.23],[-179.99,74.71]]]}},{"type":"Feature","properties":{},"geometry":{"type":"Polygon","coordinates":[[[107.52,77.62],[107.34,77.94],[107.74,78.02],[108.2,77.99],[107.45,77.91],[110.75,77.73],[118.05,78.85],[115.82,79.1],[116.41,79.44],[114.56,79.34],[116.55,79.96],[114.96,80.13],[128.39,80.89],[139.45,80.11],[147.75,80.9],[152.85,80.77],[154.62,80.39],[154.37,79.98],[156.74,79.85],[151.22,77.97],[150.21,76.57],[152.83,74.97],[160.39,72.65],[161.07,71.93],[157.12,71.71],[153.92,69.73],[154.27,69.45],[153.92,69.26],[155.61,69.12],[150.43,68.44],[149.96,68.67],[151.57,68.91],[148.95,68.99],[147.49,71.3],[142.65,72.9],[131.55,74.05],[114.09,74.34],[113.16,74.52],[110.95,76.53],[107.52,77.62]]]}},{"type":"Feature","properties":{},"geometry":{"type":"Polygon","coordinates":[[[126.48,48.83],[125.4,47.75],[125.53,46.79],[123.56,45.04],[124.88,44.51],[126.67,42.67],[123.65,41.71],[123.11,42.38],[124.01,42.64],[123.34,43.4],[122.13,43.41],[121.99,43.01],[121.12,43.33],[121.9,44.05],[121.39,44.14],[121.51,44.86],[120.23,45.09],[117.26,43.28],[117.87,44.09],[117.16,43.94],[117.25,44.38],[117.87,45.19],[117.21,45.57],[116.38,45.29],[114.86,43.35],[113.66,43.11],[113.74,42.35],[115.03,42.37],[115.63,41.44],[117.11,42.35],[119.3,42.26],[119.25,41.75],[116.96,40.64],[117.21,40.46],[116.36,39.23],[117.61,38.84],[115.29,35.48],[110.31,36.23],[103.3,35.67],[89.99,38.71],[100.17,43.27],[108.28,46.2],[122.04,49.11],[126.48,48.83]]]}},{"type":"Feature","properties":{},"geometry":{"type":"Polygon","coordinates":[[[122.97,45.61],[123.8,44.3],[122.38,43.4],[122.67,43.15],[122.35,43.32],[122.5,42.86],[122.17,43.11],[121.83,42.38],[121.29,42.62],[121.68,42.71],[120.98,42.97],[121.03,43.93],[120.57,43.94],[122.97,45.61]]]}},{"type":"Feature","properties":{},"geometry":{"type":"Polygon","coordinates":[[[115.9,39.71],[117.61,38.51],[119.17,38.16],[117.52,37.69],[119.68,37.53],[118.57,36.24],[120.56,36.71],[120.15,36.04],[120.61,36.4],[120.8,36.12],[120.32,35.89],[121.05,35.16],[120.28,34.46],[120.6,33],[120,32.91],[120.6,32.7],[120.39,32.33],[120.89,31.68],[120.43,31.76],[120.4,30.55],[119.8,30.34],[120.08,30.07],[119.04,28.63],[119.25,28.19],[117.98,27.15],[117.74,27.36],[117.6,26.64],[116.37,27.01],[116.97,26.27],[116.61,25.97],[116.25,26.29],[116.55,25.69],[115.96,25.66],[116.1,25.32],[114.41,24.2],[114.98,23.12],[114.08,23.46],[114.05,24.08],[113.58,24.16],[113.37,23.67],[112.49,23.85],[111.96,22.54],[111.3,22.26],[111.63,22.01],[111.33,21.07],[103.44,23.38],[102.58,24.16],[101.51,26.43],[101.79,29.02],[103.22,32.65],[105.01,33.78],[109.04,35.14],[115.03,35.95],[115.9,39.71]]]}},{"type":"Feature","properties":{},"geometry":{"type":"Polygon","coordinates":[[[108.37,20.45],[108.7,19.45],[109.29,19.17],[113.91,18.86],[116.14,17.28],[116.7,16.03],[115.59,13.87],[116.04,13.08],[115.47,11.23],[114.51,12.46],[113.21,11.86],[112.71,12.32],[112.59,11.82],[111.28,12.49],[109.69,11.67],[109.21,12.37],[108.56,12.05],[106.44,14.64],[105.29,17.69],[100.76,20.47],[108.37,20.45]]]}},{"type":"Feature","properties":{},"geometry":{"type":"Polygon","coordinates":[[[107.65,11.42],[109.54,8.6],[110.47,8.01],[110.8,8.52],[113.23,7.86],[114.52,8.43],[118,6.13],[115.66,5.93],[112.2,7.16],[110.9,7.05],[110.75,6.63],[107.29,9.74],[105.06,10.25],[103.63,11.08],[103.96,11.16],[102.4,10.89],[98.62,12.81],[96.47,14.41],[94.76,16.78],[97.54,18.21],[101.94,16.96],[103.12,16.33],[104.89,13.58],[107.65,11.42]]]}},{"type":"Feature","properties":{},"geometry":{"type":"Polygon","coordinates":[[[113.57,8.45],[115.67,8.72],[117.21,7.63],[118.97,7.4],[118.59,6.72],[117.13,6.26],[113.57,8.45]]]}},{"type":"Feature","properties":{},"geometry":{"type":"Polygon","coordinates":[[[30.26,-7.59],[33.14,-10.97],[33.13,-11.46],[32.22,-11.82],[32.86,-11.81],[33.84,-13.12],[39.08,-12.73],[40.5,-12.18],[40.99,-12.37],[40.61,-13.76],[41.02,-13.77],[40.49,-13.86],[40.35,-14.75],[36.92,-19.46],[34.64,-21.27],[29.9,-23.87],[29.1,-24.9],[27.6,-25.58],[26.15,-27.33],[25.43,-28.57],[26.09,-29.71],[25.52,-31.35],[25.66,-32.65],[26.59,-33.5],[26.13,-34.09],[25.65,-38],[24.38,-39.03],[21.05,-39.71],[17.38,-41.34],[18.78,-36.91],[18.99,-30.59],[21.37,-29.29],[21.71,-27.05],[24.02,-21.89],[24.38,-18.49],[25.29,-16.85],[26.6,-16.98],[27.12,-15.4],[30.85,-12.32],[30.26,-7.59]]]}},{"type":"Feature","properties":{},"geometry":{"type":"Polygon","coordinates":[[[17.28,-41.2],[16.84,-41.95],[17.24,-42.26],[17.34,-43.78],[16.49,-45.62],[11.86,-46.52],[11.94,-46.98],[12.44,-46.78],[10.52,-48.9],[5.93,-50.73],[1.53,-51.7],[-1.23,-51.72],[-4.81,-50.54],[-8.36,-50.31],[-9.36,-49.45],[-9.18,-49.17],[-9.73,-49.29],[-9.34,-47.69],[-8.64,-47.64],[-8.16,-46.8],[-8.03,-43.96],[-8.61,-41.79],[-6.79,-36.95],[-7.34,-31.77],[-6.4,-29.96],[-4.52,-28.03],[-2.55,-27.02],[-2.09,-25.95],[-2.23,-24.19],[-1.55,-23.67],[-1.78,-21.18],[-0.99,-21.23],[-1.69,-20.89],[-1.64,-19.58],[-2.93,-16.75],[-3.15,-14.8],[-2.54,-14.81],[-2.14,-14.08],[-1.65,-14.45],[-2.11,-13.92],[-0.53,-11.77],[-0.4,-10.73],[-0.93,-10.69],[-1.47,-9.51],[-2.66,-9.55],[-4.02,-8.78],[-0.79,-7.87],[-0.12,-6.81],[2.5,-6.24],[9,-9.5],[17.15,-9.4],[21.52,-17.53],[17.55,-21.32],[16.4,-24.44],[16.46,-26.44],[19.6,-30.69],[19.67,-31.96],[19.09,-37],[17.28,-41.2]]]}},{"type":"Feature","properties":{},"geometry":{"type":"Polygon","coordinates":[[[-6.92,20.62],[-6.63,21.61],[-5.6,22.43],[-2.9,22.85],[-1.29,24.1],[-0.76,23.96],[-0.44,22.98],[0.87,22.72],[1.5,22.03],[4.8,22.24],[6.98,21.73],[8,21.01],[9.06,21.07],[10.12,20.39],[11.83,20.26],[2.05,19.41],[-3.27,20.75],[-6.92,20.62]]]}},{"type":"Feature","properties":{},"geometry":{"type":"Polygon","coordinates":[[[8.75,29.93],[8.58,29.15],[6.03,28.67],[4.8,27.73],[4.99,26.89],[2.3,25.62],[0.38,26.22],[-0.9,25.88],[-1.33,26.78],[-0.9,27],[-1.25,26.84],[-1.44,27.43],[-3.37,27.78],[-2.49,28.97],[-2.92,29.39],[-2.28,29.65],[-3.06,29.56],[-1.5,31.13],[-0.68,33.59],[0.61,33.71],[4.17,32.02],[5.48,31.9],[8.75,29.93]]]}},{"type":"Feature","properties":{},"geometry":{"type":"Polygon","coordinates":[[[-4.02,-8.78],[-4.21,-7.22],[-4.96,-6.43],[-7.35,-5.71],[-11.16,-5.66],[-12.69,-4.44],[-16.36,-3.78],[-16.85,-3.32],[-19.54,1.01],[-19.5,3.81],[-20.54,5.84],[-19.83,6.22],[-20.76,6.39],[-20.68,6.97],[-21.2,7.35],[-20.8,7.32],[-21.12,7.49],[-20.69,8.27],[-19.68,7.81],[-20.55,8.09],[-20.84,9.77],[-19.53,10.27],[-18.2,11.84],[-17.9,13.52],[-17.23,14.13],[-17.31,15.34],[-17.73,15.06],[-17.14,15.89],[-10.87,19.72],[-9.5,19.49],[-6.92,20.62],[-4.12,20.79],[2.05,19.41],[11.85,20.17],[11.98,19.55],[12.65,19.69],[11.84,18.98],[12.03,17.92],[10.8,17.35],[9.64,15.76],[6.95,9.28],[5.75,5.12],[5.35,1.6],[6.75,-3.4],[3.33,-4.83],[2.5,-6.24],[-0.12,-6.81],[-0.79,-7.87],[-4.02,-8.78]]]}},{"type":"Feature","properties":{},"geometry":{"type":"Polygon","coordinates":[[[27.99,7.47],[27.87,6.56],[29.45,1.02],[29.23,0.07],[30.35,-2.08],[29.97,-3.63],[17.15,-9.4],[9,-9.5],[2.5,-6.24],[3.33,-4.83],[6.75,-3.4],[5.35,1.6],[5.75,5.12],[9.02,14.46],[10.7,16.92],[12.06,15.34],[14.27,14.07],[14.38,12.99],[16.67,11.04],[17.77,11.29],[18.23,12.55],[20,12.78],[20.89,11.7],[22.2,11.12],[22.25,10.65],[25.28,9.09],[26.56,9.48],[27.6,9.16],[27.99,7.47]]]}},{"type":"Feature","properties":{},"geometry":{"type":"Polygon","coordinates":[[[30.71,11.96],[29.63,12.62],[27.93,12.65],[26.77,14.25],[26.44,13.86],[25.72,14.01],[25.26,15.17],[24.39,15.43],[25.25,15.36],[24.46,15.74],[25.01,16.59],[24.57,17.19],[27.63,17.27],[28.46,16.9],[29.16,15.69],[30.53,15.66],[33.88,14.34],[35.79,11.76],[32.9,12.38],[30.71,11.96]]]}},{"type":"Feature","properties":{},"geometry":{"type":"Polygon","coordinates":[[[19.63,-30.34],[19.13,-30.74],[15.8,-26.59],[15.67,-24.6],[16.7,-21.45],[20.52,-17.53],[25.44,-16.99],[24.53,-18.64],[24.17,-22.03],[21.86,-27.2],[21.51,-29.44],[19.63,-30.34]]]}},{"type":"Feature","properties":{},"geometry":{"type":"Polygon","coordinates":[[[29.41,6.33],[28.35,5.08],[27.27,9.24],[28.41,8.46],[29.79,8.76],[31.73,11.16],[32.38,13.06],[31.72,10.61],[29.41,6.33]]]}},{"type":"Feature","properties":{},"geometry":{"type":"Polygon","coordinates":[[[29.97,-3.63],[30.07,-4.4],[30.94,-5.29],[31.46,-8.37],[31.76,-8.08],[32.18,-12.82],[28.34,-15.78],[27.77,-17.34],[21.52,-17.53],[17.7,-10.38],[17.57,-9.23],[29.97,-3.63]]]}},{"type":"Feature","properties":{},"geometry":{"type":"Polygon","coordinates":[[[39.96,35.35],[37.08,36.51],[38.26,37.48],[37.74,38.12],[38.52,38.18],[38.92,38.86],[35.52,37.23],[35.6,37.66],[35.57,36.91],[36.14,36.49],[37.09,36.7],[36.91,36.36],[34.53,35.67],[34.13,36.48],[33.48,36.3],[34.5,36.96],[32.7,37.13],[32.45,37.38],[33.24,37.37],[32.81,37.71],[30.96,36.47],[31.09,35.51],[30.54,35.34],[28.16,36.72],[26.11,39.08],[20.44,42.45],[17.45,43.62],[20.2,44.6],[20.76,44.14],[21.49,44.49],[21.13,44.05],[21.9,44.57],[21.49,44.78],[22.28,45.65],[21.95,44.85],[22.51,44.86],[22.08,46.47],[22.46,47.51],[23.15,47.77],[24.1,47.05],[24.66,47.39],[24.58,48.47],[23.92,48.43],[23.58,49.29],[28.6,50.4],[27.28,50.76],[27.25,51.19],[23,49.82],[22.98,50.34],[21.7,50.52],[21.73,51.47],[21.02,52.67],[23.07,54.88],[23.64,54.95],[23.22,55.71],[20.8,55.64],[21.17,55.46],[20.48,54.7],[21.02,54.33],[20.47,53.64],[18.79,52.48],[18.33,52.85],[18.71,52.37],[18.25,52.15],[18.41,50.36],[20.05,49.54],[19.24,49.16],[19.67,48.92],[19.28,48.57],[19.05,48.89],[18.99,48.48],[17.99,48.28],[18.6,48.16],[18.09,48.14],[18.57,47.85],[18.41,46.33],[18.06,45.7],[16.86,45.51],[16.81,44.93],[15.71,44.87],[15.32,45.77],[15.68,46.07],[14.6,47.16],[14.69,47.8],[14.16,47.78],[13.62,49.31],[13.48,48.91],[13.22,49.13],[13.34,48.43],[12.75,48.49],[11.84,47.45],[10.93,47.27],[9.82,47.8],[9.71,48.29],[10.27,48.12],[10.54,48.34],[9.95,48.33],[10.47,48.84],[9.4,48.75],[10.77,49.78],[9.79,49.24],[9.76,49.65],[9.31,49.61],[9.76,49.99],[9.39,49.79],[9.11,50.05],[9.59,50.13],[9.17,50.31],[10.76,50.16],[11.17,50.54],[9.31,50.35],[9.59,50.63],[9.09,50.99],[10.46,51.15],[9.13,51.43],[10.05,51.33],[9.75,51.49],[10.32,51.73],[10.72,51.4],[9.97,51.85],[11.36,52],[10.5,52.01],[10.69,52.31],[11.66,52],[11.14,52.34],[11.75,52.15],[11.34,52.45],[12.43,53.01],[12.56,52.68],[13.32,52.87],[13.59,53.52],[12.73,52.87],[12.28,53.07],[14.55,54.78],[13.87,54.66],[14.39,54.92],[14.25,55.38],[14.65,55.3],[14.25,55.54],[15.25,55.84],[14.46,55.65],[14.82,55.79],[14.36,56],[14.9,56.1],[14.49,56.2],[15.04,56.3],[14.66,56.44],[16.03,56.66],[15.18,56.78],[16.18,56.95],[15.39,57.37],[16.15,57.49],[15.69,57.61],[16.12,57.84],[16.61,57.42],[16.25,57.91],[17.44,58.08],[16.41,58.1],[17.21,58.32],[16.89,58.39],[17.28,58.4],[16.99,58.63],[17.34,59.13],[18.35,58.95],[17.92,59.45],[18.37,59.16],[18.68,59.72],[18.59,59.02],[19.21,59.28],[18.81,59.54],[19.26,59.82],[19.95,59.61],[19.34,60.14],[20.77,59.91],[20.5,60.13],[21.36,60.63],[21.19,60.98],[22.08,60.93],[21.77,60.07],[22.47,61.05],[22.68,60.46],[23.27,60.98],[22.88,61.18],[23.5,61.3],[23.55,60.63],[24.09,61.15],[25.73,60.78],[24.13,60.43],[24.97,59.98],[26.61,60.45],[27.41,60.32],[26.72,60.26],[26.93,59.95],[27.82,60.03],[27.66,59.66],[29.52,60.01],[33.86,59.04],[34.45,58.21],[32.96,57.23],[27.61,57.69],[29.21,57.13],[28.76,56.92],[30.22,56.71],[30.02,56.16],[30.7,55.37],[32.95,54.9],[33.19,55.48],[31.92,55.72],[31.97,56.16],[33.24,56.01],[33.07,55.73],[34.97,55.92],[34.03,56.63],[34.49,57.36],[35.36,58.02],[37.07,57.61],[36.81,58.63],[36.09,58.89],[36.1,59.7],[34.96,60.2],[37.6,60.01],[37.87,59.73],[36.82,59.06],[37.91,58.7],[39.06,58.95],[38.85,59.65],[39.7,59.81],[39.19,60.04],[41.69,60.88],[41.42,61.11],[42.3,61.64],[42.79,61.74],[42.16,61.56],[42.75,61.12],[42.32,60.77],[43.05,60.74],[43.66,61.43],[45.89,62.29],[46.99,61.82],[46.84,62.16],[47.72,62.41],[46.35,62.98],[46.58,63.36],[49.44,63.47],[53.84,62.87],[54.49,62.21],[54.43,61.61],[52.42,58.18],[55.79,51.47],[55.81,50.2],[54.72,48.26],[55.19,44.63],[54.95,43.45],[53.67,42.26],[48.24,40.23],[43.46,35.39],[39.96,35.35]]]}},{"type":"Feature","properties":{},"geometry":{"type":"Polygon","coordinates":[[[12.41,44.47],[11.91,44.89],[11.94,46.08],[13.77,47.14],[13.5,46.09],[14.13,45.85],[13.07,45.08],[13.31,44.31],[12.41,44.47]]]}},{"type":"Feature","properties":{},"geometry":{"type":"Polygon","coordinates":[[[29.83,30.83],[29.8,31.82],[29.01,31.64],[29.03,32.17],[32.27,33.34],[31.65,33.33],[36.88,34.35],[39.86,33.91],[35.84,32.95],[34.61,32.13],[33.07,32.64],[32.08,32.42],[29.83,30.83]]]}},{"type":"Feature","properties":{},"geometry":{"type":"Polygon","coordinates":[[[21.52,20.37],[21.47,18.93],[20.71,18.87],[21.58,17.91],[21.48,17.42],[20.71,17.86],[20.91,17.27],[20.34,17.61],[20.33,16.91],[19.69,16.84],[19.68,17.28],[19.25,17.23],[19.27,18.45],[19.98,18.59],[20.96,18.01],[19.41,18.82],[19.34,19.41],[19.71,19.46],[18.94,21.29],[19.77,22.46],[17.9,25.12],[17.89,26.92],[17.65,27.3],[17.05,26.92],[17.33,27.94],[16.44,28.08],[15.69,26.93],[16.24,25.92],[16.06,25.07],[16.52,23.99],[17.28,23.63],[16.93,23.29],[18.2,21.25],[17.89,21.09],[17.15,22.05],[16.55,21.59],[16.69,20.64],[15.17,20.14],[15.93,20.84],[16.05,22.1],[13.83,25.73],[13.97,27.43],[13.22,28.32],[12.06,28.16],[11.81,28.78],[12.42,30.35],[16.23,30.56],[20.78,29.14],[19.19,27.53],[20.75,23.82],[21.52,20.37]]]}},{"type":"Feature","properties":{},"geometry":{"type":"Polygon","coordinates":[[[12.25,33.11],[11.02,32.31],[9.2,32.8],[8.34,31.9],[4.42,32.75],[4.7,34.68],[5.19,34.2],[4.61,34.85],[4.7,35.46],[3.35,36.8],[1.96,36.95],[1.64,37.2],[2.11,37.46],[1.63,37.69],[4.48,37.8],[3.98,38.89],[5.41,38.44],[6.17,39.02],[8.42,38.11],[10.63,38.03],[14.46,40.7],[17.29,41.55],[21.79,41.51],[24.47,39.8],[21.75,39.17],[19.66,37.95],[15.01,37.21],[12.73,36.37],[11.18,35.14],[11.64,33.53],[12.25,33.11]]]}},{"type":"Feature","properties":{},"geometry":{"type":"Polygon","coordinates":[[[6.17,39.02],[6.97,39.38],[6.88,40.06],[9.05,40.58],[8.38,40.75],[9.36,40.95],[8.84,41.19],[9.38,42.21],[9.74,41.58],[10.08,42.57],[11.38,42.54],[11.26,42.89],[11.87,43.04],[12.41,42.7],[12.51,43.24],[13.48,42.92],[12.41,43.65],[12.77,43.83],[12.14,44.08],[12.41,44.47],[13.31,44.31],[13.66,43.71],[14.46,43.82],[14.21,43.31],[15.57,43.97],[17.32,43.16],[17.45,43.62],[18.26,43.37],[21.79,41.51],[15.99,41.29],[10.63,38.03],[8.42,38.11],[6.17,39.02]]]}},{"type":"Feature","properties":{},"geometry":{"type":"Polygon","coordinates":[[[30.49,35.12],[30.4,34.13],[29.86,33.65],[25.81,33.34],[25.03,34.23],[25.15,34.94],[27.7,35.86],[28.16,36.72],[30.49,35.12]]]}},{"type":"Feature","properties":{},"geometry":{"type":"Polygon","coordinates":[[[-19.54,71.93],[-20.73,71.69],[-19.09,72.13],[-19.54,71.93]]]}},{"type":"Feature","properties":{},"geometry":{"type":"Polygon","coordinates":[[[-16.18,70.17],[-15.8,69.68],[-17.14,70.09],[-16.18,70.17]]]}},{"type":"Feature","properties":{},"geometry":{"type":"Polygon","coordinates":[[[-18.91,73.09],[-21.95,73.28],[-20.18,73.68],[-18.91,73.09]]]}},{"type":"Feature","properties":{},"geometry":{"type":"Polygon","coordinates":[[[16.81,67.98],[17.82,67.4],[16.08,67.13],[16.23,67.61],[15.73,67.78],[16.81,67.98]]]}},{"type":"Feature","properties":{},"geometry":{"type":"Polygon","coordinates":[[[15.77,68.26],[16.29,67.97],[15.18,68.11],[15.77,68.26]]]}},{"type":"Feature","properties":{},"geometry":{"type":"Polygon","coordinates":[[[-16.82,73.35],[-18.14,73.04],[-18.97,73.76],[-16.82,73.35]]]}},{"type":"Feature","properties":{},"geometry":{"type":"Polygon","coordinates":[[[-14.15,70.85],[-15.32,70.21],[-16.63,70.5],[-15.07,71.04],[-14.15,70.85]]]}},{"type":"Feature","properties":{},"geometry":{"type":"Polygon","coordinates":[[[10.25,68.1],[11.07,67.57],[9.97,68.21],[10.25,68.1]]]}},{"type":"Feature","properties":{},"geometry":{"type":"Polygon","coordinates":[[[-13.69,72.33],[-14.98,71.93],[-14.15,71.88],[-15.1,71.27],[-17.48,71.02],[-16.48,71.78],[-17.23,72.07],[-15.55,72.02],[-14.95,72.25],[-15.71,72.35],[-14.73,72.57],[-13.69,72.33]]]}},{"type":"Feature","properties":{},"geometry":{"type":"Polygon","coordinates":[[[55.44,77.11],[60.43,76.8],[58.96,76.24],[58.77,75.75],[55.44,77.11]]]}},{"type":"Feature","properties":{},"geometry":{"type":"Polygon","coordinates":[[[12.39,69.53],[15.71,68.35],[14.55,68.05],[14.43,67.07],[12.26,69.14],[12.39,69.53]]]}},{"type":"Feature","properties":{},"geometry":{"type":"Polygon","coordinates":[[[14.43,67.07],[14.36,66.18],[13.94,66.08],[13.38,66.36],[13.88,66.52],[12.27,66.95],[13.56,66.93],[12.66,67.1],[13.78,67.45],[12.22,67.14],[11.9,67.46],[13.54,67.87],[14.43,67.07]]]}},{"type":"Feature","properties":{},"geometry":{"type":"Polygon","coordinates":[[[13.16,68.21],[12.7,67.92],[12.48,68.3],[12.09,68.11],[12.4,67.81],[11.52,67.59],[10.38,68.3],[11,68.28],[10.67,68.65],[9.84,68.85],[11.25,69.27],[10.69,68.94],[11.66,68.67],[11.73,69.21],[13.16,68.21]]]}},{"type":"Feature","properties":{},"geometry":{"type":"Polygon","coordinates":[[[48.18,76.02],[49.87,75.95],[47.77,75.89],[48.18,76.02]]]}},{"type":"Feature","properties":{},"geometry":{"type":"Polygon","coordinates":[[[50.26,76.8],[52.19,76.45],[51.21,76.9],[52.89,76.99],[55.94,76.3],[50.21,75.84],[50.42,76.21],[49.44,76.45],[50.26,76.8]]]}},{"type":"Feature","properties":{},"geometry":{"type":"Polygon","coordinates":[[[31.47,72.29],[32,72.05],[31.06,72.15],[31.47,72.29]]]}},{"type":"Feature","properties":{},"geometry":{"type":"Polygon","coordinates":[[[29.74,72],[30.25,71.92],[29.41,71.78],[29.74,72]]]}},{"type":"Feature","properties":{},"geometry":{"type":"Polygon","coordinates":[[[31.74,72.49],[32.6,72.48],[32.32,72.15],[31.3,72.37],[31.74,72.49]]]}},{"type":"Feature","properties":{},"geometry":{"type":"Polygon","coordinates":[[[15.35,70.13],[17.76,69.8],[16.52,68.98],[13.03,69.64],[13.94,69.72],[13.74,70.07],[15.31,69.66],[15.35,70.13]]]}},{"type":"Feature","properties":{},"geometry":{"type":"Polygon","coordinates":[[[26.39,71.94],[27.18,71.86],[25.47,71.52],[26.39,71.94]]]}},{"type":"Feature","properties":{},"geometry":{"type":"Polygon","coordinates":[[[32.9,73.16],[33.37,72.69],[31.86,72.88],[32.9,73.16]]]}},{"type":"Feature","properties":{},"geometry":{"type":"Polygon","coordinates":[[[27.7,72.27],[28.46,72.15],[27.6,71.62],[28.06,71.46],[26.75,71.39],[27.37,71.5],[26.84,71.58],[27.58,71.78],[27.09,71.99],[27.7,72.27]]]}},{"type":"Feature","properties":{},"geometry":{"type":"Polygon","coordinates":[[[31.88,73.3],[32.25,73.11],[31.66,73.08],[31.88,73.3]]]}},{"type":"Feature","properties":{},"geometry":{"type":"Polygon","coordinates":[[[33.35,73.69],[34.19,73.3],[33.17,73.16],[33.35,73.69]]]}},{"type":"Feature","properties":{},"geometry":{"type":"Polygon","coordinates":[[[45.88,77.22],[50.02,76.85],[49.23,76.23],[47.36,76.07],[47.69,76.29],[45.8,76.7],[45.82,77.17],[45.45,77.14],[45.88,77.22]]]}},{"type":"Feature","properties":{},"geometry":{"type":"Polygon","coordinates":[[[-5.83,71.34],[-8.34,70.15],[-7.36,70.1],[-9.53,69.65],[-8.86,69.42],[-9.47,69.11],[-11.76,69.22],[-11.05,69.49],[-13.3,69.17],[-12.5,69.61],[-13.45,69.28],[-14.13,69.76],[-13.16,69.85],[-13.51,70.16],[-12.71,70.52],[-11.18,70.03],[-11.59,70.37],[-10.97,70.41],[-12.11,70.8],[-10.75,70.82],[-11.25,71.07],[-10.74,71.28],[-10,71.39],[-9.94,70.97],[-9.37,70.99],[-9.8,71.16],[-9.44,71.45],[-8.35,71.07],[-7.82,71.44],[-5.83,71.34]]]}},{"type":"Feature","properties":{},"geometry":{"type":"Polygon","coordinates":[[[29.36,73.14],[30.14,73.16],[29.12,72.92],[29.65,73.02],[29.36,73.14]]]}},{"type":"Feature","properties":{},"geometry":{"type":"Polygon","coordinates":[[[2.09,66.55],[2.22,66.19],[1.7,65.97],[1.6,66.65],[2.09,66.55]]]}},{"type":"Feature","properties":{},"geometry":{"type":"Polygon","coordinates":[[[3.04,69.34],[3.38,68.89],[2.22,68.93],[3.67,68.73],[3.01,68.28],[3.52,68.15],[3.14,67.92],[1.34,67.9],[0.09,68.43],[-0.15,68.23],[0.35,68.01],[-1.41,68.12],[0.98,67.8],[-3.24,67.55],[-3.86,67.86],[-4.15,67.75],[-3.55,67.53],[-4.53,67.42],[-5.06,67.9],[-5.41,67.53],[-7.32,68.12],[-6.48,67.51],[-7.55,67.99],[-7.23,67.67],[-8.15,67.84],[-7.37,67.3],[-9.43,66.91],[-10.35,67.28],[-11.44,66.92],[-12.99,67.52],[-12.08,66.97],[-12.65,66.62],[-12.03,66.65],[-13.19,66.32],[-14.85,66.58],[-14.19,66.71],[-14.26,67.22],[-15.05,67.05],[-14.68,67.33],[-16.05,67.38],[-17.13,68.09],[-16.46,68.35],[-17.29,68.21],[-16.54,68.58],[-14.79,68.23],[-13.79,68.9],[-13.26,68.58],[-13.99,68.23],[-13.79,67.92],[-11.39,68.02],[-13.41,68.11],[-11.58,68.59],[-12.94,68.93],[-12.29,69.08],[-10.35,68.96],[-10.33,68.31],[-9.1,68.46],[-10,68.96],[-7.37,69.89],[-6.84,69.49],[-7.74,68.81],[-7.2,68.56],[-7.5,68.84],[-6.51,69.42],[-4.64,68.83],[-5.02,69.12],[-3.58,68.79],[-4.13,69.13],[-2.3,69.15],[-5.16,69.27],[-5.95,69.51],[-4.95,69.47],[-5.67,69.62],[-5.24,69.68],[-6.68,69.93],[-4.2,69.73],[-6.77,70.18],[-6.39,70.59],[-4.41,70.1],[-6.18,70.67],[-4.39,70.53],[-5.32,70.9],[-4.35,71.02],[-4.83,71.22],[-2.84,70.89],[-3.23,70.64],[-2.78,70.72],[-2.84,70.35],[-2.35,70.78],[-1.32,70.68],[-2.11,70.25],[-1.42,70.3],[-1.94,69.65],[-1.14,70.35],[0.18,70.41],[0.37,70],[1.13,70.05],[0.19,69.63],[1.33,70.04],[1.99,69.75],[1.54,69.38],[3.04,69.34]]]}},{"type":"Feature","properties":{},"geometry":{"type":"Polygon","coordinates":[[[-15.25,50.53],[-14.39,50.95],[-15.12,50.88],[-14.7,51.34],[-15.05,51.44],[-13.58,51.51],[-14.98,51.47],[-15.22,51.91],[-14.12,52.01],[-15.22,52.22],[-12.82,52.52],[-15.23,52.29],[-14.83,52.41],[-15.04,52.69],[-14.26,52.55],[-14.86,52.79],[-13.98,52.8],[-14.89,53.29],[-12.65,52.85],[-14.75,53.39],[-13.76,53.72],[-12.28,53.13],[-12.92,53.49],[-12.13,53.46],[-12.58,53.7],[-14.48,53.65],[-13.76,54.06],[-13.19,53.83],[-13.8,54.21],[-12.08,53.53],[-12.69,53.96],[-12.14,54.16],[-13.76,54.35],[-12.22,54.26],[-11.9,54.78],[-11.49,54.51],[-11.38,54.89],[-11.89,54.86],[-10.84,55.5],[-12.01,55.79],[-12.84,56.65],[-10.82,55.82],[-11.12,56.14],[-10.62,56.38],[-11.12,56.65],[-10.56,56.52],[-11.21,56.77],[-10.69,56.85],[-11.34,56.85],[-10.47,56.99],[-11.39,57.14],[-10.45,57.24],[-11.23,57.74],[-11.86,57.28],[-12.71,57.51],[-11.82,57.88],[-12.33,58.01],[-11.69,58.22],[-11.98,58.42],[-11.12,58.62],[-11.49,59.01],[-10.91,59.17],[-11.16,59.55],[-10.65,60.1],[-11.36,60.11],[-10.51,60.2],[-10.78,61.38],[-10.27,61.67],[-11.73,62.86],[-13.05,62.83],[-12.85,63.08],[-13.36,63.23],[-13.64,62.88],[-14.29,63.31],[-14.39,63.71],[-13.26,63.71],[-14.22,64.45],[-11.79,63.95],[-11.32,64.21],[-12.7,64.5],[-12.93,64.89],[-12.51,64.93],[-13.06,65.02],[-13.09,65.56],[-8.81,65.43],[-6.62,66.07],[-7.98,66.22],[-7.64,66.49],[-5.13,66.68],[-5.51,66.32],[-3.16,67.02],[-2.66,66.85],[-2.72,66.21],[-2.62,67],[-0.64,66.9],[-1.58,66.16],[-0.66,66.5],[-0.31,65.91],[0.52,66.77],[1.47,65.68],[2.07,66.15],[2.7,65.95],[2.31,66.65],[3.75,66.06],[2.82,66.95],[3.6,66.95],[4.33,66.23],[5.19,66.52],[4.95,66.87],[6.2,66.85],[8.44,66.23],[5.24,66.08],[8.49,66.1],[8.05,65.73],[9.35,65.44],[5.24,65.03],[8.04,64.93],[7.15,64.44],[9.13,64.92],[7.53,63.53],[10.88,64.56],[12.24,64.13],[10.61,63.35],[8.64,63.41],[10.48,63.16],[8.61,62.97],[8.67,62.57],[9.83,62.78],[8.84,62.44],[8.6,61.96],[8.91,61.96],[7.41,61.03],[7.21,60.41],[7.76,60.87],[8.35,60.58],[7.5,60.41],[8.57,60.11],[8.44,59.56],[6.96,59.96],[7.54,59.78],[6.51,59.66],[7.68,58.99],[6.66,58.92],[7.76,58.59],[7.51,58.03],[6.23,58.53],[7.07,58.05],[6.14,58.15],[6.98,57.97],[6.64,57.61],[7.65,57.35],[6.14,57.58],[7.01,57.11],[5.88,57.3],[5.99,56.63],[6.17,57.03],[6.86,56.79],[6.72,56.46],[5.59,56.27],[4.87,56.75],[5.79,56.64],[4.64,56.65],[4.15,57.12],[4.53,56.64],[2.85,56.41],[4.19,56.19],[2.91,56.13],[4.26,55.8],[3.33,55.61],[3.89,55.55],[3.62,55.21],[4.22,55.55],[5.21,54.93],[4.8,54.68],[5.48,54.74],[5.06,54.49],[5.53,54.4],[5.08,54.07],[5.45,54.08],[5.29,53.45],[4.94,53.9],[4.36,53.54],[3.92,54.48],[1.95,55.46],[2.55,55],[1.89,54.91],[3.47,54.51],[2.05,54.48],[1.08,53.89],[2.68,53.62],[1.34,53.5],[1.98,53.28],[3.3,53.6],[4.8,53.02],[2.18,51.95],[-0.38,51.63],[-1.07,51.72],[-1.42,52.33],[-1.37,51.61],[-3.46,50.31],[-4.18,50.5],[-4.12,50.17],[-5.18,50.3],[-5.28,49.96],[-5.62,50.15],[-5.04,50.49],[-5.43,50.69],[-5.94,49.95],[-7.98,49.75],[-7.81,48.95],[-8.59,48.98],[-8.03,48.74],[-8.15,48.31],[-8.72,48.58],[-8.34,48.23],[-9.15,48.26],[-8.96,47.85],[-9.48,47.93],[-9.19,47.68],[-10.23,47.7],[-9.71,47.23],[-10.22,47.47],[-9.83,46.86],[-10.64,46.58],[-10.25,46.32],[-10.85,46.36],[-10.53,46.05],[-11.18,46.21],[-10.58,46.02],[-11.22,45.91],[-10.86,45.56],[-11.75,45.79],[-11.23,45.13],[-11.77,45.55],[-12.62,45.39],[-11.96,45.77],[-12.63,45.44],[-12,45.96],[-13,45.98],[-12.37,46.2],[-13.09,46.18],[-12.22,46.47],[-12.91,46.32],[-12.55,46.68],[-14.42,46.52],[-13.99,46.97],[-14.73,47.2],[-14.12,47.21],[-14.8,47.38],[-14.3,47.36],[-14.65,47.52],[-14.26,47.72],[-14.79,47.66],[-14.28,47.81],[-14.9,47.87],[-14.49,48.06],[-15.07,48.42],[-14.39,48.87],[-14.96,48.7],[-14.54,49.08],[-15.17,49.33],[-14.53,49.24],[-15.28,49.74],[-14.37,50.07],[-15.16,50.23],[-14,50.25],[-14.21,50.55],[-13.69,50.08],[-13.78,50.61],[-14.15,51.11],[-14.15,50.6],[-15.25,50.53]]]}}]}
