{"type":"FeatureCollection","features":[{"type":"Feature","properties":{},"geometry":{"type":"Polygon","coordinates":[[[60.84,-83.79],[67.66,-83.39],[72.38,-83.71],[64.49,-84.12],[60.84,-83.79]]]}},{"type":"Feature","properties":{},"geometry":{"type":"Polygon","coordinates":[[[81.51,-79.86],[82.06,-80.01],[78.88,-79.77],[82.49,-79.59],[81.51,-79.86]]]}},{"type":"Feature","properties":{},"geometry":{"type":"Polygon","coordinates":[[[74.26,-87.42],[72.86,-87.35],[74.78,-87.34],[74.26,-87.42]]]}},{"type":"Feature","properties":{},"geometry":{"type":"Polygon","coordinates":[[[-32.86,-76.34],[-28.25,-76.38],[-28.28,-76.77],[-29.33,-77.14],[-31.14,-77.26],[-32.84,-76.84],[-32.86,-76.34]]]}},{"type":"Feature","properties":{},"geometry":{"type":"Polygon","coordinates":[[[81.71,-87.26],[80.2,-87.27],[82.59,-87.09],[81.71,-87.26]]]}},{"type":"Feature","properties":{},"geometry":{"type":"Polygon","coordinates":[[[-108.57,-87.99],[-105.33,-88.04],[-110.15,-88.04],[-108.57,-87.99]]]}},{"type":"Feature","properties":{},"geometry":{"type":"Polygon","coordinates":[[[-100.87,-87.72],[-97,-87.81],[-106.31,-87.79],[-100.87,-87.72]]]}},{"type":"Feature","properties":{},"geometry":{"type":"Polygon","coordinates":[[[-73.39,-84.13],[-72.5,-84.31],[-73.72,-84.53],[-74.82,-84],[-73.39,-84.13]]]}},{"type":"Feature","properties":{},"geometry":{"type":"Polygon","coordinates":[[[-87.02,-85.38],[-78.47,-84.58],[-75.69,-85.19],[-80.23,-85.75],[-87.42,-85.44],[-87.02,-85.38]]]}},{"type":"Feature","properties":{},"geometry":{"type":"Polygon","coordinates":[[[-100.03,-85.78],[-83.24,-85.92],[-97.65,-86.31],[-102.27,-86.03],[-100.03,-85.78]]]}},{"type":"Feature","properties":{},"geometry":{"type":"Polygon","coordinates":[[[-45.46,-73.58],[-42.71,-73.95],[-44.68,-74.08],[-45.46,-73.58]]]}},{"type":"Feature","properties":{},"geometry":{"type":"Polygon","coordinates":[[[-55.09,-77.01],[-54.64,-77.17],[-55.89,-77.04],[-55.09,-77.01]]]}},{"type":"Feature","properties":{},"geometry":{"type":"Polygon","coordinates":[[[-47.28,-74.02],[-46.56,-74.15],[-46.56,-74.52],[-47.43,-74.59],[-47.88,-74.15],[-47.28,-74.02]]]}},{"type":"Feature","properties":{},"geometry":{"type":"Polygon","coordinates":[[[-66.94,-78.51],[-64.56,-78.49],[-65.79,-78.14],[-64.69,-77.95],[-64.35,-78.39],[-63.61,-77.96],[-61.83,-78.37],[-66,-79.29],[-69.88,-79.55],[-68.99,-79],[-66.32,-78.74],[-67.95,-78.5],[-66.94,-78.51]]]}},{"type":"Feature","properties":{},"geometry":{"type":"Polygon","coordinates":[[[-50.04,-71.76],[-50.21,-72.21],[-51,-72.27],[-50.04,-71.76]]]}},{"type":"Feature","properties":{},"geometry":{"type":"Polygon","coordinates":[[[-53.16,-71.25],[-52.05,-71.53],[-53.84,-71.64],[-53.16,-71.25]]]}},{"type":"Feature","properties":{},"geometry":{"type":"Polygon","coordinates":[[[-50.79,-69.63],[-43.58,-71.18],[-42.4,-71.68],[-42.69,-71.8],[-42.22,-72.22],[-44.74,-72.76],[-44.91,-72.49],[-43.85,-72.19],[-46.14,-72.01],[-46.73,-72.12],[-46,-72.3],[-46.95,-72.47],[-46.1,-72.78],[-49.38,-72.8],[-48.24,-72.7],[-49.27,-72.41],[-47.55,-72.35],[-48.78,-72.29],[-47.42,-71.89],[-48.6,-71.93],[-47.74,-71.32],[-46.93,-71.29],[-48.82,-71.07],[-48.01,-70.6],[-50.29,-70.74],[-51.89,-70.3],[-50.79,-69.63]]]}},{"type":"Feature","properties":{},"geometry":{"type":"Polygon","coordinates":[[[-52.72,-67.32],[-51.81,-67.72],[-51.55,-68.41],[-52.51,-68.3],[-52.96,-67.65],[-52.72,-67.32]]]}},{"type":"Feature","properties":{},"geometry":{"type":"Polygon","coordinates":[[[81.18,-62.07],[80.97,-62.98],[79.99,-62.8],[81.18,-62.07]]]}},{"type":"Feature","properties":{},"geometry":{"type":"Polygon","coordinates":[[[-52.37,-64.33],[-51.56,-64.46],[-52.61,-64.91],[-52.37,-64.33]]]}},{"type":"Feature","properties":{},"geometry":{"type":"Polygon","coordinates":[[[-48.33,-62.64],[-47.25,-63.01],[-47.97,-63.24],[-48.56,-63.01],[-48.33,-62.64]]]}},{"type":"Feature","properties":{},"geometry":{"type":"Polygon","coordinates":[[[-34.04,-76.31],[-34.55,-77.02],[-32.58,-77.28],[-34.61,-77.55],[-18.85,-77.51],[-12.39,-78.68],[1.36,-78.13],[3.83,-79.11],[5.03,-80.15],[1.23,-81.11],[1.39,-81.39],[0.68,-81.66],[-7.47,-81.88],[-22.49,-80.78],[-31.45,-79.35],[-35.82,-79.19],[-38.55,-78.34],[-37.49,-78.15],[-36.79,-77.27],[-36.73,-76.82],[-37.32,-76.51],[-34.04,-76.31]]]}},{"type":"Feature","properties":{},"geometry":{"type":"Polygon","coordinates":[[[-48.53,-62.02],[-47.72,-62.22],[-48.73,-62.61],[-48.3,-63.49],[-49.39,-63.65],[-50.03,-64.94],[-49.34,-65],[-49.31,-65.5],[-47.91,-65.08],[-47.74,-65.41],[-49.31,-65.84],[-48.38,-66.2],[-49.98,-65.95],[-49.58,-66.58],[-49.04,-66.57],[-49.84,-66.9],[-49.38,-67.24],[-49.6,-67.5],[-47.34,-68.3],[-46.31,-68.17],[-46.73,-68.04],[-45.94,-67.64],[-46.31,-68.02],[-45.55,-67.99],[-45.67,-68.28],[-38.46,-69.64],[-38.82,-70.04],[-37.86,-69.8],[-37.06,-70.09],[-37.44,-70.34],[-35.87,-70.6],[-35.46,-70.26],[-33.45,-71.59],[-32.77,-71.44],[-32.93,-71.82],[-32.02,-72.32],[-32.39,-72.78],[-31.64,-72.53],[-31.34,-73.4],[-31.73,-74.51],[-28.11,-74.47],[-27.87,-75.11],[-28.53,-75.71],[-28.25,-75.86],[-33.62,-75.8],[-34.04,-76.31],[-44.65,-76.79],[-47.9,-75.9],[-46.41,-75.79],[-46.26,-75.42],[-48.27,-74.85],[-45.22,-74.84],[-44.46,-74.36],[-43.5,-74.63],[-42.15,-73.85],[-42.3,-73.53],[-40.47,-71.88],[-42.25,-71.07],[-48.74,-69.74],[-47.73,-69.33],[-47.85,-68.97],[-48.8,-68.98],[-48.45,-68.81],[-50.18,-68.27],[-50.31,-67.71],[-51.08,-68.02],[-51.82,-67.59],[-50.59,-67.56],[-51.71,-67.06],[-50.99,-66.89],[-51.76,-66.44],[-51,-66.05],[-51.51,-65.86],[-50.98,-65.43],[-51.77,-65.09],[-51,-65.01],[-51.39,-64.88],[-50.78,-64.61],[-51.27,-64.41],[-50.4,-64.22],[-50.64,-63.58],[-48.53,-62.02]]]}},{"type":"Feature","properties":{},"geometry":{"type":"Polygon","coordinates":[[[-7.42,-74.74],[-8.24,-73.78],[-7.67,-72.53],[-7.92,-70.58],[-6.94,-69.95],[-5.81,-70.07],[-7.53,-69.09],[-11.01,-69.48],[-12.34,-68.57],[-11.43,-67.58],[-11.78,-67.51],[-11.05,-66.55],[-11.41,-66.51],[-10.01,-65.52],[-10.18,-64.28],[-8.83,-62.79],[-5.97,-61.2],[-5.85,-60.47],[-6.97,-60.08],[-5.92,-60.29],[-5.98,-59.45],[-4.35,-60.12],[-3.8,-59.89],[-4.47,-59.13],[-4.13,-58.9],[-3.42,-58.81],[-3.1,-59.5],[-1.43,-59.09],[-1.94,-58.99],[-1.9,-58.15],[-1.03,-58.57],[-1.29,-58.79],[-0.83,-59.21],[0.32,-59.27],[2.65,-57.51],[5.74,-57.12],[7.27,-57.42],[9.86,-56.77],[14.17,-56.87],[20.32,-55.9],[20.32,-54.99],[20.81,-54.83],[23.63,-56.35],[24.37,-55.93],[24.43,-55.27],[26.44,-54.44],[28.4,-54.23],[28.92,-53.78],[29.98,-54.19],[30.77,-53.88],[30.19,-53.55],[30.84,-53.41],[31.08,-53.88],[31.82,-53.85],[31.51,-53.38],[31.84,-52.96],[34.05,-52.68],[35.26,-52.94],[36.22,-53.65],[35.44,-53.81],[37.13,-54.6],[43.96,-55.8],[43.71,-56.72],[42.96,-56.88],[43.55,-56.93],[42.83,-57.03],[43.28,-57.23],[42.51,-57.17],[42.2,-57.46],[42.58,-57.75],[41.66,-58.05],[42.29,-58.21],[42.13,-58.66],[43.09,-59.48],[45.33,-58.16],[46.84,-58.29],[49.95,-57.19],[54.06,-56.82],[59.43,-57.31],[63.3,-58.33],[64.32,-58.38],[64.66,-57.72],[65.8,-57.9],[65.38,-58.27],[65.87,-58.56],[67.59,-58.53],[68.9,-59.12],[70.81,-60.56],[75.06,-60.3],[75.56,-60.99],[75.29,-61.21],[76.52,-61.46],[77.03,-62.31],[79.73,-62.82],[79.38,-63.1],[84.11,-63.45],[84.69,-64],[84.53,-64.46],[85.58,-64.76],[87.12,-64.25],[87.08,-63.9],[90.41,-65.15],[92.21,-64.53],[92.23,-64.98],[91.49,-65.2],[92.01,-65.82],[97.54,-68.32],[99.67,-68.5],[97.38,-68.82],[99.71,-69.76],[98.16,-70.06],[101.01,-70.71],[100.48,-71.13],[103.42,-71.4],[103.69,-71.8],[102.89,-72.18],[104.93,-72.68],[104.67,-72.92],[105.81,-73.36],[105.5,-73.88],[105.86,-74.16],[105.21,-74.57],[106.72,-74.94],[106.46,-75.44],[109.58,-76.15],[108.99,-76.23],[110.06,-76.51],[109.27,-76.85],[109.49,-77.69],[110.79,-77.44],[109.64,-77.98],[101.7,-78.49],[95.72,-77.87],[93.9,-78.29],[94.26,-78.18],[91.86,-78.07],[93.33,-77.76],[91,-77.75],[89.8,-77.94],[90.8,-78.3],[90.26,-78.49],[88.93,-78.07],[81.85,-78.6],[78.74,-79.31],[75.64,-79.22],[75.28,-79.33],[77.61,-79.56],[74.43,-80.05],[74.92,-79.83],[70.23,-78.85],[54.33,-79.54],[53.69,-79.18],[52,-79.4],[53.27,-79.64],[52.64,-79.7],[38.93,-80.47],[33.87,-79.65],[39.08,-80.61],[15.62,-80.9],[14.81,-81.06],[22.85,-81.75],[28.18,-83.49],[15.43,-83.72],[14.87,-83.61],[15.24,-83.13],[14.46,-82.4],[9.12,-81.09],[8.69,-80.59],[-1.6,-79.87],[-1.37,-79.13],[-2.18,-77.94],[-5.7,-76.27],[-7.42,-74.74]]]}},{"type":"Feature","properties":{},"geometry":{"type":"Polygon","coordinates":[[[179.99,-89.41],[179.99,-89.99],[-179.99,-89.99],[-179.99,-89.41],[-141.89,-89.38],[-133.62,-89.15],[-144.54,-88.96],[-106.1,-88.66],[-85.6,-87.73],[-82.71,-86.95],[-79.03,-86.82],[-71.46,-84.91],[-73.33,-84.58],[-69.65,-84.51],[-68.69,-84.27],[-69.59,-84.14],[-67.48,-83.92],[-72,-83.46],[-62.44,-83.59],[-62.54,-83.15],[-66.6,-82.97],[-59.87,-82.45],[-61.05,-82.37],[-60.58,-82.14],[-55.24,-82.25],[-54.9,-82.11],[-55.25,-81.86],[-58.04,-81.61],[-52.6,-81.11],[-52.56,-80.67],[-62.41,-80.46],[-60.63,-80.01],[-61.65,-79.77],[-63.55,-79.9],[-63.11,-80.13],[-63.68,-80.46],[-67.12,-80.36],[-62.36,-79.69],[-61.87,-79.05],[-58.33,-78.8],[-58.65,-78.7],[-57.96,-78.32],[-59,-78.18],[-57.09,-78.17],[-54.75,-77.56],[-54.53,-77.07],[-55.99,-76.72],[-53.94,-76.86],[-51.67,-76.57],[-52.15,-76.15],[-48.68,-75.89],[-35.82,-79.19],[-31.45,-79.35],[-16.82,-81.32],[-7.47,-81.88],[1.15,-81.67],[22.14,-83.29],[38.84,-82.54],[44.08,-83.29],[44.77,-83.77],[35.81,-84.83],[86.7,-85.17],[82.82,-85.38],[86.12,-85.61],[83.53,-86],[77.85,-86.24],[80.02,-86.37],[68.73,-86.68],[71.55,-86.73],[69.22,-86.87],[72.5,-87.29],[66.9,-87.5],[75.44,-87.65],[71.27,-87.82],[88.5,-87.74],[94.49,-87.16],[99.14,-87.48],[86.76,-88.03],[103.28,-88.04],[105.29,-88.49],[121.57,-88.85],[112.96,-89.06],[127.8,-89.35],[179.99,-89.41]]]}},{"type":"Feature","properties":{},"geometry":{"type":"Polygon","coordinates":[[[-47.16,-61.54],[-46.61,-61.57],[-47.81,-61.98],[-47.16,-61.54]]]}},{"type":"Feature","properties":{},"geometry":{"type":"Polygon","coordinates":[[[-50.62,-62.48],[-50.31,-62.49],[-51.63,-62.73],[-50.62,-62.48]]]}},{"type":"Feature","properties":{},"geometry":{"type":"Polygon","coordinates":[[[-49.16,-61.53],[-48.76,-61.55],[-49.91,-61.97],[-49.16,-61.53]]]}},{"type":"Feature","properties":{},"geometry":{"type":"Polygon","coordinates":[[[-34.68,-56.13],[-35.25,-56.3],[-34.08,-56.87],[-36.23,-56.4],[-34.68,-56.13]]]}},{"type":"Feature","properties":{},"geometry":{"type":"Polygon","coordinates":[[[-34.27,-56.11],[-33.16,-56.31],[-34.27,-56.42],[-34.27,-56.11]]]}},{"type":"Feature","properties":{},"geometry":{"type":"Polygon","coordinates":[[[-38.27,-55.15],[-38.11,-55.64],[-38.6,-55.38],[-38.27,-55.15]]]}},{"type":"Feature","properties":{},"geometry":{"type":"Polygon","coordinates":[[[-36.83,-54.82],[-36.76,-55.52],[-37.23,-55.2],[-36.83,-54.82]]]}},{"type":"Feature","properties":{},"geometry":{"type":"Polygon","coordinates":[[[-39.49,-54.71],[-38.51,-55.11],[-39.22,-55.45],[-39.05,-55.18],[-40.05,-55.09],[-39.49,-54.71]]]}},{"type":"Feature","properties":{},"geometry":{"type":"Polygon","coordinates":[[[-38.61,-53.96],[-37.83,-54.08],[-39.05,-54.38],[-38.63,-54.49],[-39.11,-54.63],[-38.81,-54.85],[-39.79,-54.49],[-39.15,-54.61],[-39.49,-54.17],[-38.61,-53.96]]]}},{"type":"Feature","properties":{},"geometry":{"type":"Polygon","coordinates":[[[-37.82,-55.71],[-36.34,-55.8],[-37.24,-55.4],[-35.45,-55.67],[-35.59,-55.94],[-35.2,-55.69],[-36.5,-55.1],[-35.71,-54.59],[-36.82,-54.62],[-36.48,-54.18],[-36.83,-54.03],[-35.82,-53.69],[-34.97,-53.87],[-34.51,-54.33],[-34.83,-54.47],[-33.5,-55.26],[-31.22,-55.78],[-32.63,-56.22],[-38.35,-55.81],[-37.82,-55.71]]]}},{"type":"Feature","properties":{},"geometry":{"type":"Polygon","coordinates":[[[-25.61,-52.31],[-26.55,-53.17],[-27.29,-53.03],[-26.23,-52.72],[-26.91,-52.35],[-25.61,-52.31]]]}},{"type":"Feature","properties":{},"geometry":{"type":"Polygon","coordinates":[[[-25.09,-52.24],[-23.88,-52.6],[-25.13,-52.74],[-24.8,-53.08],[-25.43,-52.96],[-25.46,-53.32],[-25.91,-53.11],[-25.09,-52.24]]]}},{"type":"Feature","properties":{},"geometry":{"type":"Polygon","coordinates":[[[-41.29,-52.08],[-41.01,-52.45],[-41.61,-52.36],[-41.29,-52.08]]]}},{"type":"Feature","properties":{},"geometry":{"type":"Polygon","coordinates":[[[-41.99,-51.39],[-41.46,-51.52],[-42.04,-51.82],[-41.99,-51.39]]]}},{"type":"Feature","properties":{},"geometry":{"type":"Polygon","coordinates":[[[-41.46,-50.81],[-41.77,-51.29],[-42.24,-50.69],[-41.62,-50.76],[-41.84,-50.22],[-41.29,-50.07],[-41.32,-51.43],[-41.46,-50.81]]]}},{"type":"Feature","properties":{},"geometry":{"type":"Polygon","coordinates":[[[-41.53,-49.51],[-41.34,-50.07],[-41.8,-49.97],[-41.53,-49.51]]]}},{"type":"Feature","properties":{},"geometry":{"type":"Polygon","coordinates":[[[-40.74,-46.34],[-40.62,-46.63],[-41.16,-46.52],[-40.74,-46.34]]]}},{"type":"Feature","properties":{},"geometry":{"type":"Polygon","coordinates":[[[-39.95,-45.7],[-39.63,-45.85],[-40.23,-46.26],[-39.95,-45.7]]]}},{"type":"Feature","properties":{},"geometry":{"type":"Polygon","coordinates":[[[-97.76,-81.27],[-95.77,-81.2],[-97.36,-81.3],[-95.61,-81.53],[-98.74,-81.46],[-97.76,-81.27]]]}},{"type":"Feature","properties":{},"geometry":{"type":"Polygon","coordinates":[[[-40.99,-43.13],[-40.39,-43.61],[-40.86,-43.89],[-40.49,-44.22],[-40.85,-44.78],[-41.45,-44.59],[-40.99,-43.13]]]}},{"type":"Feature","properties":{},"geometry":{"type":"Polygon","coordinates":[[[110.14,-78],[117.14,-79.4],[116.55,-78.98],[122.58,-79.29],[120.65,-80.45],[118.58,-80.48],[118.99,-80.48],[116.87,-80.97],[117.64,-80.99],[117,-81.33],[115.65,-81.08],[116.87,-80.98],[114.62,-80.65],[114.89,-80.87],[110.85,-81.38],[107.53,-81.04],[109.07,-80.89],[107.16,-80.34],[108.1,-79.53],[108.36,-79.93],[109.1,-79.8],[108.24,-79.56],[108.85,-79.4],[108.52,-78.7],[110.14,-78]]]}},{"type":"Feature","properties":{},"geometry":{"type":"Polygon","coordinates":[[[151.31,-81.48],[152.77,-81.61],[150.75,-81.62],[152.36,-81.91],[151.4,-82.17],[152,-82.39],[158.75,-82.28],[156.04,-82.49],[158.43,-82.49],[156.42,-82.67],[157.27,-83],[150,-83.62],[111.73,-82.77],[134.31,-83.01],[151.31,-81.48]]]}},{"type":"Feature","properties":{},"geometry":{"type":"Polygon","coordinates":[[[-145.22,-80.39],[-149.33,-80.87],[-147.9,-81.17],[-156.52,-81.01],[-165.98,-81.99],[-164.62,-82],[-165.01,-82.08],[-171.28,-82.1],[-177.14,-81.48],[-175.98,-81.34],[-179.79,-80.28],[-173.41,-79.74],[-143.84,-80.08],[-145.22,-80.39]]]}},{"type":"Feature","properties":{},"geometry":{"type":"Polygon","coordinates":[[[123.56,-78.65],[123.87,-78.78],[122.04,-78.65],[123.56,-78.65]]]}},{"type":"Feature","properties":{},"geometry":{"type":"Polygon","coordinates":[[[122.81,-77.98],[123.77,-78.29],[122.62,-78.55],[121.92,-78.09],[122.81,-77.98]]]}},{"type":"Feature","properties":{},"geometry":{"type":"Polygon","coordinates":[[[167.38,-77.48],[167.79,-77.78],[167.01,-77.64],[167.38,-77.48]]]}},{"type":"Feature","properties":{},"geometry":{"type":"Polygon","coordinates":[[[100.63,-70.88],[100.27,-70.99],[101.29,-71.32],[97.83,-70.68],[100.63,-70.88]]]}},{"type":"Feature","properties":{},"geometry":{"type":"Polygon","coordinates":[[[179.99,-79.06],[179.31,-79.42],[179.39,-79.93],[177.93,-80.14],[177.85,-80.46],[178.4,-80.54],[177.85,-80.7],[173.92,-80.66],[173.14,-80.91],[174.21,-81.11],[171.86,-81.96],[164.55,-82.99],[160.01,-82.61],[164.41,-81.9],[164.1,-81.43],[158.29,-80.61],[162.47,-80.18],[164.44,-79.18],[164.05,-78.8],[164.38,-78.72],[162.53,-77.8],[163.54,-78],[163.66,-77.69],[162.97,-77.71],[163.98,-77.61],[162.16,-77.71],[158.66,-75.62],[163.92,-76.52],[164.51,-77.23],[164.02,-77.34],[165.28,-77.76],[164.54,-77.79],[165.05,-77.98],[164.49,-77.99],[164.9,-78.35],[167.66,-78.62],[166.96,-77.95],[167.27,-77.9],[168.82,-78.17],[168.18,-78.32],[169.98,-79.09],[174.81,-79.46],[179.99,-79.06]]]}},{"type":"Feature","properties":{},"geometry":{"type":"Polygon","coordinates":[[[142.29,-63.56],[141.83,-64.58],[141.72,-64.01],[142.29,-63.56]]]}},{"type":"Feature","properties":{},"geometry":{"type":"Polygon","coordinates":[[[154.71,-61.96],[154.9,-62.24],[154.39,-62.15],[154.71,-61.96]]]}},{"type":"Feature","properties":{},"geometry":{"type":"Polygon","coordinates":[[[153.7,-61.18],[153.7,-61.65],[153.11,-61.31],[153.7,-61.18]]]}},{"type":"Feature","properties":{},"geometry":{"type":"Polygon","coordinates":[[[148.03,-59.79],[152.4,-62.68],[149,-61.25],[148.03,-59.79]]]}},{"type":"Feature","properties":{},"geometry":{"type":"Polygon","coordinates":[[[116.48,-50.21],[116.58,-50.9],[115.69,-50.67],[116.48,-50.21]]]}},{"type":"Feature","properties":{},"geometry":{"type":"Polygon","coordinates":[[[23.42,-42.5],[23.8,-40.31],[25.01,-39.15],[27.23,-39.2],[27.58,-39.6],[27.66,-39.11],[28.57,-39.29],[28.54,-38.93],[30.04,-38.33],[30.07,-37.68],[30.42,-38],[31.23,-37.72],[31.45,-36.8],[32.27,-36.57],[32.67,-37.69],[32.46,-40.18],[31.99,-40.61],[31.77,-39.96],[31.41,-40.04],[31.2,-41.33],[30.2,-42.48],[24.26,-48.22],[21.38,-48.21],[20.36,-47.35],[20.75,-44.53],[23.42,-42.5]]]}},{"type":"Feature","properties":{},"geometry":{"type":"Polygon","coordinates":[[[108.74,-46.06],[108.84,-46.62],[108.09,-46.42],[108.74,-46.06]]]}},{"type":"Feature","properties":{},"geometry":{"type":"Polygon","coordinates":[[[108.9,-45.92],[110.27,-46.58],[109.25,-46.84],[108.9,-45.92]]]}},{"type":"Feature","properties":{},"geometry":{"type":"Polygon","coordinates":[[[107.07,-75.13],[104.81,-74.82],[103.08,-74.02],[102.78,-73.12],[104.14,-72.2],[103.4,-71.37],[104.19,-72.33],[104.23,-71.98],[103.3,-71.31],[101.54,-71.12],[103.76,-70.58],[103.69,-69.81],[101.59,-70.53],[99.42,-70.3],[101.23,-70.23],[104.19,-69.25],[104.93,-68.86],[105.13,-68.15],[104.51,-68.68],[98.68,-69.27],[98.03,-69.69],[96.98,-68.97],[97.73,-69.16],[98.14,-68.51],[97.83,-68.03],[98.21,-67.59],[97.37,-67.22],[98.19,-66.88],[97.46,-66.67],[97.7,-66.22],[95.22,-65.5],[94.15,-64.55],[85.13,-62.68],[78.7,-62.46],[74.57,-60.53],[70.67,-60.24],[69.3,-59.41],[68.63,-58.05],[72.63,-56.61],[74.87,-54.09],[76.11,-50.84],[76.08,-51.2],[76.47,-50.86],[76.14,-51.54],[76.73,-51.4],[77.13,-50.56],[76.81,-51.62],[77.51,-51.37],[78.06,-49.65],[80.92,-47.98],[81.35,-47.99],[80.94,-48.64],[81.83,-48.27],[85.46,-48.34],[86.3,-48.93],[91.42,-49.66],[94.13,-49.02],[94.51,-48.18],[96.07,-47.75],[96.02,-49.13],[97.07,-48.62],[96.62,-48.25],[97.02,-47.84],[98.65,-48.64],[97.98,-48.35],[98.96,-47.92],[98.34,-48.09],[98.54,-47.65],[99.07,-47.5],[99.64,-48.07],[99.33,-47.48],[100.2,-47.77],[99.99,-47.23],[100.91,-46.96],[100.71,-47.36],[101.08,-47.47],[101.62,-46.84],[101.69,-47.24],[102.85,-47.03],[103.45,-47.42],[104.06,-48.46],[103.02,-49.16],[103.64,-48.83],[103.75,-49.2],[104.43,-48.6],[105.6,-49.42],[106.31,-48.86],[105.82,-48.51],[107.6,-47.91],[108.06,-47.32],[108.57,-47.5],[108.51,-47.15],[108.89,-47.53],[109.64,-47.05],[111.61,-47.64],[111.81,-47.1],[110.64,-46.52],[111.02,-46.4],[113.56,-48.04],[114.98,-48.54],[116.08,-48.36],[115.6,-48.52],[116.21,-48.5],[116,-48.91],[117.03,-48.46],[117.43,-49.01],[116.52,-49.3],[116.71,-49.57],[115.51,-49.63],[115.09,-50.5],[113.46,-50.82],[114.38,-51.3],[113.84,-51.46],[114.43,-51.34],[115.61,-52.17],[115.04,-52.32],[115.96,-52.42],[119.87,-54.96],[121.38,-54.82],[123.53,-52.9],[123.55,-51.51],[124.18,-51.09],[124.03,-50.64],[124.82,-50.33],[124.14,-50.25],[125.13,-49.82],[124.83,-49.74],[125.4,-48.78],[126.06,-48.59],[126.23,-49.78],[126.78,-49.97],[126.44,-50.3],[127.01,-50.87],[126.96,-52.43],[128.18,-52.33],[129.32,-53.22],[129.05,-54.7],[129.85,-55.22],[129.89,-57.22],[134.02,-58.84],[134.27,-59.15],[133.82,-59.29],[135.13,-60.19],[135.25,-61.25],[136.06,-61.35],[136.09,-60.82],[137.16,-61.39],[137.27,-61.08],[137.54,-62.22],[136.72,-62.06],[139.27,-62.78],[141.54,-64.07],[141.48,-64.47],[142.16,-64.72],[141.77,-66.07],[143.21,-67.42],[142.39,-68.14],[141.61,-70.26],[140.1,-70.97],[140.54,-71.23],[138.28,-71.55],[137.42,-72.28],[135.96,-72.18],[137.17,-72.33],[134.81,-73.56],[135.43,-73.77],[133.02,-74.34],[133.36,-74.5],[131.76,-75.5],[132.11,-75.89],[131.75,-76.12],[123.94,-76.11],[123.06,-76.3],[124.81,-76.22],[118.33,-76.61],[119.05,-76.77],[118.32,-77.08],[115.92,-76.24],[116.7,-75.99],[114.07,-75.83],[115.69,-75.81],[115.62,-75.44],[109.95,-75.99],[107.07,-75.13]]]}},{"type":"Feature","properties":{},"geometry":{"type":"Polygon","coordinates":[[[121.71,-44.63],[122.09,-44.87],[121.54,-45.36],[120.21,-45.02],[121.71,-44.63]]]}},{"type":"Feature","properties":{},"geometry":{"type":"Polygon","coordinates":[[[135.27,8.4],[135.2,7.82],[134.46,7.36],[135.27,8.4]]]}},{"type":"Feature","properties":{},"geometry":{"type":"Polygon","coordinates":[[[115.96,-42.36],[116.3,-42.81],[115.74,-43.06],[115.96,-42.36]]]}},{"type":"Feature","properties":{},"geometry":{"type":"Polygon","coordinates":[[[116.6,-42.23],[116.49,-42.63],[116.12,-42.31],[116.6,-42.23]]]}},{"type":"Feature","properties":{},"geometry":{"type":"Polygon","coordinates":[[[128.94,3.53],[130.78,4.87],[131.47,4.76],[132.76,5.82],[132.73,6.6],[134.23,7.42],[135.08,7.12],[136.24,8.06],[136.89,7.49],[130.27,2.74],[130.06,3.1],[129,2.37],[128.94,3.53]]]}},{"type":"Feature","properties":{},"geometry":{"type":"Polygon","coordinates":[[[116.6,-41.81],[116.79,-42.28],[116.21,-42.21],[116.6,-41.81]]]}},{"type":"Feature","properties":{},"geometry":{"type":"Polygon","coordinates":[[[116.57,-37.49],[116.85,-38.19],[115.64,-37.39],[116.57,-37.49]]]}},{"type":"Feature","properties":{},"geometry":{"type":"Polygon","coordinates":[[[119.86,-38.7],[120.81,-39.49],[120.7,-40.21],[117.95,-38.2],[119.86,-38.7]]]}},{"type":"Feature","properties":{},"geometry":{"type":"Polygon","coordinates":[[[128.45,7.31],[129,7.5],[129.14,7.01],[128.85,6.73],[128.45,7.31]]]}},{"type":"Feature","properties":{},"geometry":{"type":"Polygon","coordinates":[[[121.43,-38.11],[121.29,-38.44],[120.73,-38.02],[121.43,-38.11]]]}},{"type":"Feature","properties":{},"geometry":{"type":"Polygon","coordinates":[[[126.45,6.4],[127.43,6.17],[127.9,6.52],[128.24,6.13],[126.47,5.44],[126.45,6.4]]]}},{"type":"Feature","properties":{},"geometry":{"type":"Polygon","coordinates":[[[122.52,-37.7],[122.33,-38.15],[122.19,-37.66],[122.52,-37.7]]]}},{"type":"Feature","properties":{},"geometry":{"type":"Polygon","coordinates":[[[137.41,-45.68],[139.11,-47.14],[138.77,-47.73],[140.82,-48.61],[141.21,-49.24],[139.15,-48.97],[131.57,-44.54],[125.01,-42.34],[125.45,-42.23],[124.11,-41.45],[124.74,-40.85],[123.48,-41.56],[122.94,-41.19],[123.31,-40.72],[122.59,-39.85],[124.31,-40.12],[124.55,-40.66],[125.37,-40.12],[123.3,-39.59],[123.45,-38.67],[122.25,-38.19],[124.37,-37.86],[126.14,-38.92],[126.15,-39.64],[125.47,-40.43],[125.97,-41.81],[130.44,-41.24],[132.25,-42.76],[137.41,-45.68]]]}},{"type":"Feature","properties":{},"geometry":{"type":"Polygon","coordinates":[[[133.14,-45.24],[135.25,-47.71],[136.27,-47.69],[136.13,-48.16],[137.34,-48.4],[137.02,-48.72],[138.52,-48.97],[137.49,-49.42],[134.04,-48.57],[131.38,-46.28],[129.63,-45.66],[129.02,-45.96],[128.33,-45.36],[128.68,-46.14],[127.76,-45.93],[128.19,-46.33],[126.13,-46.09],[127.43,-46.47],[127.69,-47.06],[124.41,-46.9],[123.08,-45.66],[123.43,-45.36],[121.66,-45.51],[122.12,-44.87],[121.61,-44.42],[122.95,-44.58],[121.51,-44.15],[122.41,-44.33],[121.5,-43.53],[121.74,-42.97],[121.23,-42.85],[121.47,-42.6],[120.73,-42.2],[120.92,-41.94],[117.38,-40.52],[124.16,-41.73],[133.14,-45.24]]]}},{"type":"Feature","properties":{},"geometry":{"type":"Polygon","coordinates":[[[122.95,-36.87],[123.37,-37.37],[122.18,-36.77],[122.95,-36.87]]]}},{"type":"Feature","properties":{},"geometry":{"type":"Polygon","coordinates":[[[123.46,6.98],[123.81,6.74],[123.38,6.59],[123.46,6.98]]]}},{"type":"Feature","properties":{},"geometry":{"type":"Polygon","coordinates":[[[-1.98,-8.26],[-2.14,-8.65],[-2.37,-8.42],[-1.98,-8.26]]]}},{"type":"Feature","properties":{},"geometry":{"type":"Polygon","coordinates":[[[115.33,2.33],[116.83,3.69],[118.14,3.47],[122.76,4.96],[126.22,1.73],[123.39,2.14],[121.77,1.89],[120.41,2.53],[119.36,2.05],[117.67,2.23],[115.88,1.78],[115.19,2.04],[115.33,2.33]]]}},{"type":"Feature","properties":{},"geometry":{"type":"Polygon","coordinates":[[[122.42,4.97],[123.22,5.33],[123.16,4.86],[123.71,5.73],[124.33,4.85],[125.16,5.47],[126.63,4.82],[127.01,5.64],[127.76,5.63],[129.89,3.63],[129.26,3.55],[129.48,3.24],[128.87,2.9],[129.21,2.68],[125.47,1.99],[122.42,4.97]]]}},{"type":"Feature","properties":{},"geometry":{"type":"Polygon","coordinates":[[[127.19,20.19],[127.48,19.88],[127.43,20.46],[128.28,20.48],[129.05,20.09],[130.25,20.81],[129.77,19.67],[130.48,19.72],[129.75,18.95],[130.43,18.55],[129.92,17.99],[130.44,18.34],[130.16,18.06],[131.68,17.83],[131.84,17.32],[133.34,17.48],[132.39,16.85],[133.58,15.29],[133.26,13.6],[133.59,13.68],[133.5,13.16],[133.94,13.44],[134.29,11.85],[133.83,10.78],[133.17,11.31],[132.59,10.59],[131.78,10.54],[131.41,9.29],[130.73,9.7],[129.87,8.54],[128.3,9.66],[127.62,9.34],[127.73,9.63],[126.49,9.9],[125.59,11.32],[127.46,12.33],[127.05,12.26],[126.53,13.37],[127.32,14.84],[126.94,16.51],[127.73,17.74],[127.19,20.19]]]}},{"type":"Feature","properties":{},"geometry":{"type":"Polygon","coordinates":[[[28.14,-52.79],[25.81,-55.15],[23.73,-55.44],[22.32,-54.69],[22.53,-54.05],[25.2,-53.04],[25.61,-53.02],[24.92,-53.23],[28.14,-52.79]]]}},{"type":"Feature","properties":{},"geometry":{"type":"Polygon","coordinates":[[[-29.22,9.36],[-29.21,8.66],[-30.13,8.56],[-29.67,8.82],[-29.88,9.23],[-29.22,9.36]]]}},{"type":"Feature","properties":{},"geometry":{"type":"Polygon","coordinates":[[[-51.89,0.11],[-50.82,-0.86],[-52.28,-0.33],[-51.89,0.11]]]}},{"type":"Feature","properties":{},"geometry":{"type":"Polygon","coordinates":[[[-55.72,4.18],[-53.61,2.53],[-53.15,1.8],[-53.65,1.85],[-52.85,0.79],[-53.31,0.62],[-55.2,1.92],[-55.88,1.5],[-56.05,2.36],[-57.63,3.12],[-57.9,3.69],[-57.54,3.84],[-56.12,2.76],[-55.9,3.72],[-56.37,4.3],[-55.72,4.18]]]}},{"type":"Feature","properties":{},"geometry":{"type":"Polygon","coordinates":[[[119.21,22.17],[120.03,22.62],[120.25,21.37],[119.67,20.41],[118.72,20.34],[118.28,21.11],[119.21,22.17]]]}},{"type":"Feature","properties":{},"geometry":{"type":"Polygon","coordinates":[[[-53.28,6.03],[-51.92,4.45],[-49.63,-0.99],[-52.46,0.89],[-51.57,1.26],[-52.15,1.83],[-52.02,2.87],[-53.81,5.14],[-53.53,5.57],[-56.21,6.86],[-55.64,6.55],[-54.98,6.92],[-53.28,6.03]]]}},{"type":"Feature","properties":{},"geometry":{"type":"Polygon","coordinates":[[[-35.4,19.75],[-35.12,18.97],[-35.44,18.81],[-35.79,19.21],[-35.4,19.75]]]}},{"type":"Feature","properties":{},"geometry":{"type":"Polygon","coordinates":[[[127.02,41.27],[127.26,41.07],[126.63,40.77],[127.02,41.27]]]}},{"type":"Feature","properties":{},"geometry":{"type":"Polygon","coordinates":[[[131.28,44.95],[132.33,44.92],[132.33,44.5],[133.12,44.32],[132.94,42.64],[132.33,42.11],[132.2,42.81],[132.19,42.25],[131.55,42.37],[131.56,43.8],[130.91,44.09],[131.3,43.64],[130.67,43.37],[130.37,43.85],[130.85,43.7],[130.14,44.05],[131.28,44.95]]]}},{"type":"Feature","properties":{},"geometry":{"type":"Polygon","coordinates":[[[134.84,46.21],[135.73,45.86],[135.34,45.15],[134.37,45.14],[133.81,44.36],[133.27,44.91],[132.87,44.7],[133.52,45.66],[134.84,46.21]]]}},{"type":"Feature","properties":{},"geometry":{"type":"Polygon","coordinates":[[[22.08,15.75],[23.73,14.5],[22.49,14.87],[21.8,15.6],[22.08,15.75]]]}},{"type":"Feature","properties":{},"geometry":{"type":"Polygon","coordinates":[[[28.31,10.13],[27.46,10.31],[26.81,10.99],[26.9,11.59],[27.6,11.33],[28.31,10.13]]]}},{"type":"Feature","properties":{},"geometry":{"type":"Polygon","coordinates":[[[17.52,21.38],[16.23,20.22],[14.96,22.32],[15.4,22.52],[17.52,21.38]]]}},{"type":"Feature","properties":{},"geometry":{"type":"Polygon","coordinates":[[[23.5,18.97],[23.83,17.62],[23.01,19.02],[23.5,18.97]]]}},{"type":"Feature","properties":{},"geometry":{"type":"Polygon","coordinates":[[[34.02,33.39],[34.33,33.07],[33.58,33.15],[34.02,33.39]]]}},{"type":"Feature","properties":{},"geometry":{"type":"Polygon","coordinates":[[[11.33,29.31],[11.19,28.63],[10.58,28.9],[11.33,29.31]]]}},{"type":"Feature","properties":{},"geometry":{"type":"Polygon","coordinates":[[[15.62,32.51],[15.22,32.07],[13.42,31.84],[12.73,32.51],[15.07,33.24],[15.62,32.51]]]}},{"type":"Feature","properties":{},"geometry":{"type":"Polygon","coordinates":[[[134.8,46.56],[132.8,45.75],[132.79,45.2],[131.4,44.96],[131.17,45.36],[133.06,47.12],[136.47,47.93],[136.48,49.71],[137.11,49.99],[136.72,49.49],[137.31,49.23],[139.25,51.09],[139.28,52.71],[138.71,52.87],[138.93,53.23],[138.55,53.55],[138.79,54.27],[139.96,54.08],[139.34,54.68],[140.09,54.7],[141.81,52.96],[141.45,52.06],[141.73,51.69],[141.07,51.33],[141.65,50.36],[141.47,49.56],[142.08,49.1],[141.71,48.47],[141.07,48.12],[141.03,48.87],[140.01,47.62],[139.82,48.05],[139.42,47.43],[138.03,47.11],[138.33,47.39],[137.47,47.51],[137.45,47.03],[138.02,46.8],[136.78,45.74],[136.08,45.98],[136.18,46.85],[134.8,46.56]]]}},{"type":"Feature","properties":{},"geometry":{"type":"Polygon","coordinates":[[[17.71,32.67],[15.74,32.57],[16.83,33.2],[17.71,32.67]]]}},{"type":"Feature","properties":{},"geometry":{"type":"Polygon","coordinates":[[[147.99,53.02],[148.33,53.08],[147.23,52.2],[147.99,53.02]]]}},{"type":"Feature","properties":{},"geometry":{"type":"Polygon","coordinates":[[[142.6,53.47],[145.89,52.29],[146.93,52.8],[146.78,52.24],[147.38,51.75],[145.75,51.16],[145.28,50.25],[142.08,50.4],[141.53,51.09],[142.76,51.24],[142.75,52.56],[142.28,53.11],[142.6,53.47]]]}},{"type":"Feature","properties":{},"geometry":{"type":"Polygon","coordinates":[[[138.4,55.59],[138.19,55.2],[139.55,54.99],[138.39,54.36],[137.41,55.43],[138.4,55.59]]]}},{"type":"Feature","properties":{},"geometry":{"type":"Polygon","coordinates":[[[-14.6,38.41],[-14.7,37.7],[-15.49,37.22],[-14.64,37.72],[-14.24,37.28],[-15.63,37.08],[-15.73,37.61],[-14.6,38.41]]]}},{"type":"Feature","properties":{},"geometry":{"type":"Polygon","coordinates":[[[-17.62,38.74],[-17.55,38.28],[-16,38.06],[-16.79,37.66],[-17.86,38.3],[-17.62,38.74]]]}},{"type":"Feature","properties":{},"geometry":{"type":"Polygon","coordinates":[[[-16.92,41.76],[-15.05,40.64],[-16.6,41.14],[-17.26,41.73],[-16.92,41.76]]]}},{"type":"Feature","properties":{},"geometry":{"type":"Polygon","coordinates":[[[-81.79,44.19],[-79.9,43.1],[-79.17,40.99],[-80.43,41.59],[-79.89,41.94],[-80.64,41.79],[-80.63,42.27],[-81.25,42.44],[-80.76,42.65],[-82.05,43.44],[-81.4,43.79],[-81.99,43.78],[-82.14,44.19],[-81.79,44.19]]]}},{"type":"Feature","properties":{},"geometry":{"type":"Polygon","coordinates":[[[-9.75,39.89],[-8.9,40.18],[-9,39.89],[-8.13,39.77],[-8.93,38.99],[-7.88,39.07],[-8.79,38.77],[-8.68,38.08],[-7.86,38.56],[-8.38,37.15],[-8.82,37.21],[-8.64,37.77],[-9.27,37.45],[-8.95,38.48],[-10.59,37.66],[-9.52,38.35],[-10.82,38.35],[-10.37,38.76],[-11.37,38.46],[-13.44,38.86],[-9.75,39.89]]]}},{"type":"Feature","properties":{},"geometry":{"type":"Polygon","coordinates":[[[-9.58,42.37],[-9.3,42.1],[-9.82,42.11],[-9.58,41.82],[-10.91,40.65],[-9.68,40.74],[-10.34,40.39],[-9.48,40.24],[-9.75,39.89],[-13.36,38.98],[-12.34,39.6],[-13.14,39.74],[-12.27,40.24],[-11.9,40],[-12.13,40.39],[-11.63,40.46],[-11.07,41.65],[-9.58,42.37]]]}},{"type":"Feature","properties":{},"geometry":{"type":"Polygon","coordinates":[[[-30.36,47.56],[-30,46.94],[-31.03,47.48],[-30.36,47.56]]]}},{"type":"Feature","properties":{},"geometry":{"type":"Polygon","coordinates":[[[-83.58,47.26],[-83.96,46.95],[-83.7,46.06],[-84.3,47.28],[-83.58,47.26]]]}},{"type":"Feature","properties":{},"geometry":{"type":"Polygon","coordinates":[[[-81.28,46.64],[-81.33,45.92],[-81.19,46.27],[-81.65,46.21],[-81.28,46.64]]]}},{"type":"Feature","properties":{},"geometry":{"type":"Polygon","coordinates":[[[-110.13,59.06],[-109.9,58.8],[-110.86,58.75],[-110.13,59.06]]]}},{"type":"Feature","properties":{},"geometry":{"type":"Polygon","coordinates":[[[-84.03,48.39],[-83.44,48.05],[-83.95,47.7],[-82.92,48.06],[-84.14,47.28],[-84.03,48.39]]]}},{"type":"Feature","properties":{},"geometry":{"type":"Polygon","coordinates":[[[139.61,62.16],[141.09,60.8],[141.29,59.67],[144.69,56.94],[143.59,57.43],[142.41,57.14],[142.43,55.77],[143.9,54.97],[144.12,54.18],[143.01,54.78],[142.63,53.85],[142.06,54.49],[141.97,55.91],[141.23,56.62],[140.65,58.99],[139.67,59.49],[139.05,60.98],[139.95,61.35],[139.02,62.04],[139.61,62.16]]]}},{"type":"Feature","properties":{},"geometry":{"type":"Polygon","coordinates":[[[-106.5,58.45],[-106.53,57.89],[-108.19,58.51],[-106.5,58.45]]]}},{"type":"Feature","properties":{},"geometry":{"type":"Polygon","coordinates":[[[135.61,62.16],[136.22,62.11],[135.84,61.64],[135.2,61.72],[135.61,62.16]]]}},{"type":"Feature","properties":{},"geometry":{"type":"Polygon","coordinates":[[[1.96,42.21],[2.97,42.48],[1.88,42.39],[2.78,43.04],[1.72,43.25],[2.27,43.63],[1.83,44.08],[3.13,44.03],[3.46,44.45],[2.91,44.51],[4.08,45.17],[4.45,45.01],[4.06,44.73],[5.14,44.97],[5.64,44.25],[4.89,43.94],[4.98,43.44],[1.96,42.21]]]}},{"type":"Feature","properties":{},"geometry":{"type":"Polygon","coordinates":[[[3.2,41.69],[1.97,41.28],[2.24,41.56],[1.66,41.46],[2.16,41.71],[1.47,41.69],[2.02,41.98],[1.43,42.03],[4.98,43.44],[4.83,41.96],[3.2,41.69]]]}},{"type":"Feature","properties":{},"geometry":{"type":"Polygon","coordinates":[[[18.42,45.49],[18.71,44.99],[17.82,45.4],[18.42,45.49]]]}},{"type":"Feature","properties":{},"geometry":{"type":"Polygon","coordinates":[[[-76.95,54.36],[-77.44,53.74],[-77.75,53.88],[-77.33,54.15],[-77.89,54.13],[-76.95,54.36]]]}},{"type":"Feature","properties":{},"geometry":{"type":"Polygon","coordinates":[[[19.96,46.06],[19.87,44.95],[18.98,45.28],[19.08,45.93],[19.75,45.61],[19.53,45.91],[19.96,46.06]]]}},{"type":"Feature","properties":{},"geometry":{"type":"Polygon","coordinates":[[[-83.14,50.51],[-82.54,49.36],[-83.09,49.4],[-82.55,49.15],[-82.91,48.62],[-82.98,49.28],[-83.53,49.45],[-83.07,49.68],[-83.43,49.8],[-83.14,50.51]]]}},{"type":"Feature","properties":{},"geometry":{"type":"Polygon","coordinates":[[[-27.1,50.49],[-27.37,49.76],[-26.94,50.21],[-27.47,49.75],[-27.17,50.1],[-28.07,49.91],[-27.1,50.49]]]}},{"type":"Feature","properties":{},"geometry":{"type":"Polygon","coordinates":[[[-83.26,51.19],[-83.05,50.75],[-83.78,50.31],[-83.26,51.19]]]}},{"type":"Feature","properties":{},"geometry":{"type":"Polygon","coordinates":[[[-82.86,51.24],[-82.41,50.63],[-83.12,50.59],[-82.86,51.24]]]}},{"type":"Feature","properties":{},"geometry":{"type":"Polygon","coordinates":[[[5.03,47.48],[5.53,47.03],[5.24,46.79],[4.64,47.2],[5.03,47.48]]]}},{"type":"Feature","properties":{},"geometry":{"type":"Polygon","coordinates":[[[24.87,48.09],[25.05,47.66],[24.47,47.1],[24.37,47.73],[24.87,48.09]]]}},{"type":"Feature","properties":{},"geometry":{"type":"Polygon","coordinates":[[[-95.46,55.93],[-95.33,55.2],[-97.68,55.47],[-96.91,55.56],[-97.67,55.6],[-97.37,56.09],[-96.49,56.09],[-96.66,55.6],[-96.12,56.07],[-95.46,55.93]]]}},{"type":"Feature","properties":{},"geometry":{"type":"Polygon","coordinates":[[[-84.74,49.36],[-85.07,49.15],[-84.51,48.87],[-85.11,49.2],[-85.02,48.44],[-85.31,49.01],[-85.71,48.74],[-85.33,49.45],[-84.74,49.36]]]}},{"type":"Feature","properties":{},"geometry":{"type":"Polygon","coordinates":[[[-82.79,52.58],[-82.59,51.57],[-83.49,51.35],[-82.89,51.77],[-82.79,52.58]]]}},{"type":"Feature","properties":{},"geometry":{"type":"Polygon","coordinates":[[[-94.42,55.98],[-94.31,55.56],[-95.16,55.72],[-94.42,55.98]]]}},{"type":"Feature","properties":{},"geometry":{"type":"Polygon","coordinates":[[[27.76,49.04],[28.37,48.93],[27.44,48.3],[27.19,48.88],[27.76,49.04]]]}},{"type":"Feature","properties":{},"geometry":{"type":"Polygon","coordinates":[[[7.38,48.4],[7.57,48.12],[6.54,47.67],[7.03,47.61],[6.01,46.47],[5.06,46.49],[5.74,46.87],[5.43,47.62],[6.01,47.57],[5.71,47.84],[6.08,48.38],[7.38,48.4]]]}},{"type":"Feature","properties":{},"geometry":{"type":"Polygon","coordinates":[[[6.93,47.37],[8.57,47.35],[7.99,46.31],[7.34,46.12],[7.95,46.01],[6.93,45.85],[8.31,45.66],[8.79,45.04],[6.11,44.39],[5.85,44.73],[6.43,45.68],[6.22,45.96],[5.77,45.62],[5.98,46],[5.36,45.07],[5.5,46.06],[6.93,47.37]]]}},{"type":"Feature","properties":{},"geometry":{"type":"Polygon","coordinates":[[[8.79,45.04],[9.03,44.33],[9.98,43.86],[10.17,43.34],[9.47,43.44],[10.18,43.22],[10.05,42.63],[11.44,42.48],[11.35,41.83],[10.35,41.19],[11.22,40.91],[5.32,39.8],[6.55,40.94],[7.57,40.96],[8.12,41.54],[7.3,41.13],[5.67,41.67],[6.81,42.31],[6.72,42.67],[6.14,42.55],[6.49,42.87],[7.8,43.06],[7.77,43.97],[7.41,43.85],[7.23,44.51],[8.79,45.04]]]}},{"type":"Feature","properties":{},"geometry":{"type":"Polygon","coordinates":[[[27.68,49.51],[28.1,49.29],[27.27,49.31],[27.68,49.51]]]}},{"type":"Feature","properties":{},"geometry":{"type":"Polygon","coordinates":[[[-13.45,53.28],[-13.48,52.9],[-13.84,53.27],[-13.45,53.28]]]}},{"type":"Feature","properties":{},"geometry":{"type":"Polygon","coordinates":[[[-24.26,55.98],[-25.04,55.29],[-25.12,55.76],[-24.26,55.98]]]}},{"type":"Feature","properties":{},"geometry":{"type":"Polygon","coordinates":[[[-26.06,57],[-26.01,56.69],[-27.76,56.43],[-27.19,57.06],[-26.06,57]]]}},{"type":"Feature","properties":{},"geometry":{"type":"Polygon","coordinates":[[[-22.6,56.83],[-22.25,56.46],[-22.66,56.43],[-22.91,56.84],[-22.6,56.83]]]}},{"type":"Feature","properties":{},"geometry":{"type":"Polygon","coordinates":[[[-122.71,77.02],[-118.24,76.06],[-120.46,75.9],[-121.47,76.45],[-123.5,76.63],[-122.71,77.02]]]}},{"type":"Feature","properties":{},"geometry":{"type":"Polygon","coordinates":[[[-26.46,60.23],[-26.56,59.49],[-26.04,59.66],[-24.69,58.39],[-25.21,57.87],[-24.28,57.84],[-23.93,57.39],[-24.85,57.23],[-25.81,57.65],[-25.91,58.23],[-28.49,57.61],[-28.26,58.26],[-29.53,58.37],[-28.37,58.65],[-26.46,60.23]]]}},{"type":"Feature","properties":{},"geometry":{"type":"Polygon","coordinates":[[[-25.42,60.21],[-24.88,59.67],[-25.4,59.71],[-25.42,60.21]]]}},{"type":"Feature","properties":{},"geometry":{"type":"Polygon","coordinates":[[[62.44,62.15],[62.7,61.94],[61.9,61.84],[62.44,62.15]]]}},{"type":"Feature","properties":{},"geometry":{"type":"Polygon","coordinates":[[[-16.61,60.56],[-16.13,60.22],[-17.02,60.38],[-16.61,60.56]]]}},{"type":"Feature","properties":{},"geometry":{"type":"Polygon","coordinates":[[[-17.56,61.04],[-17.07,60.76],[-17.73,60.1],[-19.18,60.18],[-18.51,60.96],[-17.56,61.04]]]}},{"type":"Feature","properties":{},"geometry":{"type":"Polygon","coordinates":[[[20.79,59.01],[20.85,58.58],[21.15,58.99],[21.4,58.64],[20.38,58.3],[20.79,59.01]]]}},{"type":"Feature","properties":{},"geometry":{"type":"Polygon","coordinates":[[[-129.03,82.95],[-121.85,81.16],[-121.76,80.69],[-123.69,80.2],[-122.88,79.99],[-123.22,79.8],[-121.78,79.72],[-122.58,79.94],[-120.89,80.34],[-122.01,80.51],[-119.77,80.4],[-116.28,79.92],[-114.52,78.76],[-117.32,78.5],[-118.49,78.87],[-118.11,78.55],[-118.5,78.46],[-121.6,78.98],[-120.42,78.65],[-123.89,78.18],[-122.72,77.68],[-124.62,77.67],[-125.08,77.76],[-124.51,78.04],[-125.52,77.83],[-128.89,78.78],[-128.4,79.23],[-133.73,79.59],[-133.09,79.79],[-133.68,80.15],[-132.05,80.44],[-135.23,80.36],[-135.88,80.12],[-135.16,79.8],[-135.65,79.66],[-136.67,79.95],[-133.8,81.53],[-129.03,82.95]]]}},{"type":"Feature","properties":{},"geometry":{"type":"Polygon","coordinates":[[[20.37,59.05],[20.61,58.72],[19.93,58.61],[20.37,59.05]]]}},{"type":"Feature","properties":{},"geometry":{"type":"Polygon","coordinates":[[[-17.52,62.24],[-17.23,62.11],[-17.87,61.98],[-17.52,62.24]]]}},{"type":"Feature","properties":{},"geometry":{"type":"Polygon","coordinates":[[[44.43,61.81],[45.01,61.6],[43.69,61.13],[43.64,61.77],[44.43,61.81]]]}},{"type":"Feature","properties":{},"geometry":{"type":"Polygon","coordinates":[[[21.99,59.61],[22.3,59.33],[21.48,59.16],[21.99,59.61]]]}},{"type":"Feature","properties":{},"geometry":{"type":"Polygon","coordinates":[[[-31.61,65.64],[-31.23,65.04],[-31.53,64.82],[-31.18,64.97],[-31.45,64.62],[-30.97,64.48],[-32.45,64.36],[-34.1,65.25],[-31.61,65.64]]]}},{"type":"Feature","properties":{},"geometry":{"type":"Polygon","coordinates":[[[-166.84,84.81],[-162.69,84.62],[-168.86,84.59],[-166.84,84.81]]]}},{"type":"Feature","properties":{},"geometry":{"type":"Polygon","coordinates":[[[22.93,60.26],[23.27,60.17],[22.61,60.08],[22.93,60.26]]]}},{"type":"Feature","properties":{},"geometry":{"type":"Polygon","coordinates":[[[-7.71,56.31],[-6.9,55.43],[-8.45,55.52],[-7.91,55.44],[-8.66,55.89],[-7.71,56.31]]]}},{"type":"Feature","properties":{},"geometry":{"type":"Polygon","coordinates":[[[50.32,63.88],[51.93,63.34],[50.02,63.58],[50.32,63.88]]]}},{"type":"Feature","properties":{},"geometry":{"type":"Polygon","coordinates":[[[-12.61,63.02],[-12.32,62.9],[-12.98,62.83],[-12.61,63.02]]]}},{"type":"Feature","properties":{},"geometry":{"type":"Polygon","coordinates":[[[8.43,54.47],[8.56,54.08],[6.9,54.03],[8.43,54.47]]]}},{"type":"Feature","properties":{},"geometry":{"type":"Polygon","coordinates":[[[45.19,64.04],[45.8,63.67],[44.9,63.89],[45.19,64.04]]]}},{"type":"Feature","properties":{},"geometry":{"type":"Polygon","coordinates":[[[-123.17,84.88],[-126.35,84.89],[-120.36,85.3],[-123.17,84.88]]]}},{"type":"Feature","properties":{},"geometry":{"type":"Polygon","coordinates":[[[-114.57,85.22],[-112.4,84.97],[-112.28,84.62],[-121.28,84.87],[-114.57,85.22]]]}},{"type":"Feature","properties":{},"geometry":{"type":"Polygon","coordinates":[[[121.63,78.07],[122.49,78.09],[121.09,77.94],[121.63,78.07]]]}},{"type":"Feature","properties":{},"geometry":{"type":"Polygon","coordinates":[[[-18.55,39.06],[-18.28,38.17],[-17.64,37.99],[-17.93,37.91],[-16.66,37.28],[-16.09,37.5],[-15.4,36.81],[-18.47,36.52],[-19.76,35.6],[-20.26,35.97],[-19.81,36.75],[-20.14,36.66],[-18.45,37.3],[-18.29,36.88],[-17.44,37.17],[-18.84,37.35],[-18.33,37.94],[-22.07,36.77],[-22.64,37.1],[-22.91,36.62],[-23.89,36.56],[-24.96,35.31],[-24.48,34.61],[-24.16,34.91],[-24.21,34.41],[-25.31,34.5],[-25.38,34.87],[-25.59,34.46],[-26.34,34.5],[-23.13,37.35],[-18.55,39.06]]]}},{"type":"Feature","properties":{},"geometry":{"type":"Polygon","coordinates":[[[-15.96,-29.22],[-18.05,-32.35],[-19.25,-33.37],[-17.8,-31.61],[-18.56,-31.17],[-18.34,-31.52],[-19.42,-32.93],[-19.78,-34.32],[-21.24,-35.92],[-23.28,-36.24],[-25.02,-35.83],[-25.64,-35.18],[-25.27,-34.27],[-25.66,-34.46],[-25.73,-35.8],[-24.31,-36.64],[-24.29,-37.52],[-32.16,-35.19],[-33.84,-34.38],[-35.03,-31.66],[-38.16,-26.82],[-38.33,-24.92],[-37.82,-23.09],[-38.18,-20.55],[-31.72,-24.06],[-25.16,-26.86],[-15.96,-29.22]]]}},{"type":"Feature","properties":{},"geometry":{"type":"Polygon","coordinates":[[[-28.83,-40.02],[-29.42,-39.81],[-28.99,-40.43],[-29.3,-40.36],[-29.3,-41.97],[-32.08,-41.97],[-31.93,-43.21],[-31.35,-43.56],[-30.64,-43.17],[-30.48,-43.86],[-31.86,-43.79],[-31.16,-44.09],[-32.15,-44.78],[-32.28,-46.07],[-33.78,-46.48],[-34.37,-47.3],[-33.46,-48.18],[-32.39,-48.35],[-32.37,-49.09],[-35.59,-51.79],[-35.67,-52.93],[-34.75,-53.56],[-37.29,-54.01],[-37.6,-55.18],[-38.89,-54.71],[-38.17,-54.8],[-37.54,-54.17],[-38.01,-53.85],[-39.37,-53.84],[-39.41,-54.35],[-39.92,-54.35],[-39.37,-53.87],[-40.25,-54.08],[-40.31,-53.39],[-39.39,-53.61],[-39.3,-53.28],[-39.04,-53.53],[-39.48,-53.78],[-39.04,-53.79],[-38.99,-53.1],[-39.67,-52.57],[-39.84,-52.83],[-39.07,-53.06],[-39.86,-52.92],[-39.45,-53.19],[-39.77,-53.44],[-39.96,-52.98],[-39.84,-53.51],[-40.51,-52.97],[-40.24,-52.54],[-40.87,-52.27],[-40,-52.02],[-40.22,-51.73],[-40.66,-52.2],[-40.96,-51.83],[-40.66,-51.73],[-41.39,-51.57],[-40.51,-51.64],[-41.03,-50.99],[-40.35,-51.06],[-40.75,-50.43],[-41.14,-50.75],[-41.2,-50.16],[-40.81,-50.1],[-41.17,-49.97],[-40.65,-49.77],[-41.46,-49.38],[-40.03,-49.37],[-40.53,-48.91],[-41.54,-49.09],[-40.96,-48.95],[-41.35,-48.78],[-40.87,-48.51],[-41.13,-48.11],[-42.59,-48.17],[-41.65,-47.18],[-40.99,-47.17],[-40.7,-47.94],[-40.04,-47],[-40.46,-47.13],[-40.39,-46.79],[-39.69,-46.75],[-40.44,-46.53],[-39.51,-45.82],[-40.26,-45.5],[-39.55,-43.88],[-39.88,-43.63],[-39.42,-43.81],[-39.48,-43.29],[-39.94,-43.24],[-39.35,-42.82],[-40.84,-43.09],[-40.87,-41.35],[-40.36,-40.72],[-40.94,-38.68],[-40.41,-38.45],[-38.96,-34.84],[-39.04,-30.28],[-38.1,-26.43],[-34.97,-31.26],[-32.61,-36.47],[-28.83,-40.02]]]}},{"type":"Feature","properties":{},"geometry":{"type":"Polygon","coordinates":[[[-36.41,9.01],[-34.43,9.09],[-33.28,8.51],[-31.85,8.97],[-32.47,9.14],[-30.07,9.27],[-31.11,9.02],[-30.54,8.32],[-29.07,7.99],[-29.17,7.1],[-28.23,7.13],[-26.85,6.18],[-26.77,4.99],[-26.46,5.46],[-25.29,4.41],[-23.19,4.64],[-21.08,4.13],[-19.36,2.83],[-18.95,1.2],[-17.95,0.16],[-19.43,-1.78],[-18.75,-1.28],[-19.08,-1.97],[-18.45,-1.37],[-16.4,-1.53],[-16.85,-2.69],[-18.4,-3.21],[-17.28,-2.95],[-17.38,-3.41],[-16.33,-2.7],[-15.92,-1.77],[-14.85,-1.9],[-13.33,-2.48],[-13.34,-2.91],[-12.87,-2.58],[-12.6,-2.89],[-12.75,-3.41],[-12.34,-3.47],[-12.74,-4.46],[-12.29,-3.62],[-12.18,-3.99],[-11.36,-3.44],[-10.2,-3.9],[-7.93,-3.88],[-5.07,-5.9],[-3.15,-6.39],[-2.64,-8.06],[-2.94,-9.8],[-6.03,-13.92],[-6.44,-13.63],[-6.72,-18.7],[-8.46,-23.06],[-9.47,-24.07],[-11.88,-24.08],[-15.65,-26.69],[-16.19,-26.6],[-15.79,-26.8],[-16.26,-27.39],[-15.92,-27.45],[-16.02,-29.36],[-25.2,-26.92],[-31.73,-24.06],[-38.15,-20.49],[-39.35,-18.88],[-43.84,-16.31],[-46.95,-9.94],[-47.98,-8.44],[-49.12,-7.76],[-48.86,-7.24],[-49.27,-5.98],[-48.08,-5.11],[-47.74,-4.26],[-47.99,-4.01],[-48.28,-4.44],[-49.04,-3.9],[-48.14,-0.94],[-47.06,-0.52],[-46.72,0.4],[-42.25,2.46],[-40.76,5.9],[-37.7,8.7],[-36.41,9.01]]]}},{"type":"Feature","properties":{},"geometry":{"type":"Polygon","coordinates":[[[-46.47,6.14],[-45.72,5.31],[-45.87,5.96],[-44.54,6.78],[-44.13,8.16],[-42.16,8.59],[-40.52,9.72],[-39.99,9.3],[-40.84,8.83],[-40.48,7.96],[-41.05,7.09],[-40.65,6.31],[-39.96,6.96],[-40.49,8.06],[-38.95,8.66],[-38.9,9.42],[-38.52,8.67],[-37.16,8.06],[-38.46,7.5],[-41.62,4.82],[-43.24,1.44],[-47.77,-0.45],[-46.07,1.32],[-46.58,1.63],[-46.32,3.98],[-47.05,4.87],[-46.47,6.14]]]}},{"type":"Feature","properties":{},"geometry":{"type":"Polygon","coordinates":[[[-24.36,-37.28],[-23.78,-37.97],[-24.61,-39.2],[-28.92,-40.2],[-32.35,-37.11],[-33.91,-34.17],[-24.36,-37.28]]]}},{"type":"Feature","properties":{},"geometry":{"type":"Polygon","coordinates":[[[-74.13,37.92],[-73.73,37.83],[-73.75,38.39],[-74.52,38.43],[-75.29,40.88],[-74.02,41.39],[-72.46,40.44],[-70.68,37.16],[-70.4,35.72],[-70.88,34.65],[-74.13,37.92]]]}},{"type":"Feature","properties":{},"geometry":{"type":"Polygon","coordinates":[[[-75.29,40.88],[-74.66,42.06],[-74.81,43.41],[-73.3,46.65],[-72.76,46.61],[-73.35,46.69],[-72.94,47.04],[-73.2,47.32],[-72.74,47.31],[-73.23,47.35],[-73.3,48.85],[-71.45,48.33],[-72.09,47.62],[-71.37,48.12],[-71.4,47.67],[-71.96,47.25],[-71.11,47.6],[-71.19,48.96],[-70.17,49.22],[-70.3,47.79],[-68.5,47.46],[-67.69,46.2],[-65.52,45.72],[-66.47,44.13],[-71.37,42.75],[-75.29,40.88]]]}},{"type":"Feature","properties":{},"geometry":{"type":"Polygon","coordinates":[[[-78.36,41.05],[-78.6,41.4],[-77.91,41.29],[-78.36,41.05]]]}},{"type":"Feature","properties":{},"geometry":{"type":"Polygon","coordinates":[[[-77.32,41.62],[-78.53,41.53],[-78.32,42.37],[-78.47,41.92],[-79.06,41.99],[-78.6,42.61],[-79.21,42.29],[-79.54,42.71],[-78.9,43.02],[-79.61,43.03],[-78.7,43.46],[-79.07,43.84],[-79.65,43.11],[-79.97,43.24],[-79.7,43.45],[-80.51,43.46],[-79.66,43.83],[-80.35,43.58],[-80.59,43.83],[-80.11,44.11],[-81.22,44.08],[-80.48,44.18],[-81.34,44.54],[-80.16,44.78],[-81.24,44.73],[-81.12,45.1],[-80.31,45.33],[-80.11,44.89],[-80.16,45.28],[-79.57,45.25],[-80.27,45.54],[-79.7,45.44],[-77.58,42.99],[-77.32,41.62]]]}},{"type":"Feature","properties":{},"geometry":{"type":"Polygon","coordinates":[[[-80,45.65],[-81.31,45.55],[-80.68,45.9],[-81.05,46.34],[-80,45.65]]]}},{"type":"Feature","properties":{},"geometry":{"type":"Polygon","coordinates":[[[-68,35.63],[-68.23,35.11],[-70.54,35.08],[-70.43,36.43],[-72.05,39.87],[-74.02,41.39],[-71.37,42.75],[-66.47,44.13],[-65.52,45.72],[-64.86,45.64],[-64.06,45.31],[-66.68,39.77],[-68,35.63]]]}},{"type":"Feature","properties":{},"geometry":{"type":"Polygon","coordinates":[[[-68.12,35.55],[-68.07,34.88],[-68.66,35.04],[-69.71,36.37],[-70.78,36.75],[-69.19,41.41],[-66.46,46.93],[-64.53,46.32],[-65.04,45.02],[-63.17,43.5],[-65.25,39.93],[-67.14,38.36],[-68.12,35.55]]]}},{"type":"Feature","properties":{},"geometry":{"type":"Polygon","coordinates":[[[-64.44,32.42],[-67.22,33.3],[-68.09,34.6],[-69.54,35.51],[-68.37,38.94],[-66.35,40.43],[-64.32,42.97],[-63.96,43.9],[-65.72,45.5],[-65.08,46.77],[-63.93,46.75],[-61.98,42.48],[-61.49,39.71],[-61.96,36.41],[-63.99,34.24],[-64.44,32.42]]]}},{"type":"Feature","properties":{},"geometry":{"type":"Polygon","coordinates":[[[-44.83,26.84],[-45.82,26.78],[-44.91,26.57],[-45.35,26.22],[-44.9,25.47],[-45.53,26.16],[-45.89,25.77],[-46.67,26.03],[-47.24,26.82],[-47.75,26.61],[-49.12,27.37],[-50.14,26.93],[-49.81,27.06],[-50.25,27.3],[-50.19,26.94],[-51.91,26.31],[-51.48,26.49],[-52.12,26.68],[-51.94,26.35],[-52.8,26.18],[-53.19,25.47],[-53.51,25.67],[-53.26,24.1],[-53.86,23.25],[-53.64,23.6],[-54,23.64],[-54.76,20.34],[-53.99,17.46],[-52.89,16.45],[-52.49,15.29],[-53.1,15.49],[-54.52,16.98],[-55.86,20.99],[-56.04,26.53],[-49.49,28.7],[-46.95,28.13],[-44.83,26.84]]]}},{"type":"Feature","properties":{},"geometry":{"type":"Polygon","coordinates":[[[-52.18,13.43],[-53.21,14.32],[-54.72,13.86],[-56.18,14.46],[-62.4,19.19],[-62.87,20.41],[-62.4,20.48],[-62.63,20.75],[-62.13,21.33],[-62.47,22.65],[-64.06,25.46],[-65.07,26.17],[-64.88,27.11],[-66.76,29.48],[-67.51,31.96],[-64.72,28.82],[-63.13,27.72],[-59.04,25.1],[-56.27,24.41],[-54.94,17.94],[-54.52,16.98],[-51.22,13.56],[-52.18,13.43]]]}},{"type":"Feature","properties":{},"geometry":{"type":"Polygon","coordinates":[[[-51.35,16.08],[-49.06,15.79],[-47.57,18],[-47.04,18.14],[-44.12,17.68],[-45.38,16.18],[-45.09,16.02],[-45.8,14.78],[-45.85,15.45],[-46.29,15.04],[-46.41,13.62],[-47.39,12.71],[-47.14,12.54],[-50.45,13.18],[-51.68,15],[-51.35,16.08]]]}},{"type":"Feature","properties":{},"geometry":{"type":"Polygon","coordinates":[[[-66.14,29.99],[-66.21,28.16],[-63.9,24.45],[-63.43,21.99],[-62.34,20.94],[-62.86,20.43],[-64.81,22.7],[-64.56,23.55],[-65.4,24.95],[-65.89,24.75],[-67.07,25.95],[-66.04,25.72],[-66,26.58],[-67.36,28.04],[-68.31,31.63],[-69.28,32.67],[-71.2,33.49],[-71.09,34.06],[-72.37,36.7],[-69.97,33.98],[-67.58,32.48],[-66.14,29.99]]]}},{"type":"Feature","properties":{},"geometry":{"type":"Polygon","coordinates":[[[-67.51,31.96],[-67.32,32.38],[-68.91,33.42],[-70.18,35.99],[-71.75,37.04],[-71.36,37.46],[-70.51,37.71],[-68.43,37.19],[-67.01,35.52],[-65,34.4],[-64.15,33.09],[-61.4,32.17],[-59.75,30.93],[-59.23,29.84],[-59.54,25.55],[-64.72,28.82],[-67.51,31.96]]]}},{"type":"Feature","properties":{},"geometry":{"type":"Polygon","coordinates":[[[-103.36,75.99],[-106.69,75.85],[-106.58,76.21],[-110.02,76.4],[-111.85,76.95],[-111.46,77.09],[-111.63,77.47],[-110.49,77.42],[-112.8,78.01],[-104.13,78.14],[-102.91,77.94],[-104.79,77.77],[-99.97,77.1],[-103.36,75.99]]]}},{"type":"Feature","properties":{},"geometry":{"type":"Polygon","coordinates":[[[-99.71,77.16],[-101.01,77.33],[-100.34,77.53],[-100.55,77.98],[-99.85,77.98],[-100.29,77.57],[-99.96,77.39],[-98.51,77.83],[-101.56,78.42],[-100.79,78.93],[-102.95,80.12],[-99.94,80.41],[-95.12,79.98],[-88.28,80.47],[-75.97,79.77],[-76.65,79.55],[-76.16,79.36],[-78.2,79.25],[-75.58,79.26],[-76.33,79.02],[-73.83,78.36],[-75.28,78.26],[-74.33,78.04],[-75,78.04],[-74.54,77.77],[-72.22,77.44],[-69.72,75.92],[-67.64,75.58],[-67.38,74.77],[-65.71,74.12],[-65.98,73.8],[-65.39,73.18],[-69.11,72.74],[-78.5,73.4],[-80.78,74.85],[-93.42,77.26],[-95.7,77.53],[-99.71,77.16]]]}},{"type":"Feature","properties":{},"geometry":{"type":"Polygon","coordinates":[[[-28.07,33.97],[-29.23,32.63],[-29.75,33.4],[-29.52,32.17],[-30.66,31.03],[-30.17,31.82],[-30.62,32.79],[-30.04,33.44],[-30.74,33.23],[-30.77,31.99],[-31.58,32.56],[-30.74,31.82],[-31.32,32.03],[-31.02,30.98],[-31.55,31.3],[-30.76,30.85],[-30.61,29.67],[-30.79,30.64],[-30.78,29.99],[-31.65,30.03],[-30.83,29.54],[-31.97,29.56],[-31.59,29.3],[-32.11,29.13],[-31.55,28.92],[-36.28,27.34],[-37.2,26.12],[-36.82,21.65],[-37.56,20.12],[-38.21,20.24],[-38.61,21.08],[-38.45,21.88],[-38.77,21.76],[-39.17,22.79],[-38.79,23.19],[-39.24,23.2],[-38.76,24.16],[-39.93,25.74],[-41.17,25.42],[-41.23,26.1],[-42.08,26.35],[-41.76,26.39],[-43.54,26.46],[-43.37,27.04],[-43.63,26.57],[-44.71,26.79],[-46.95,28.13],[-39.02,28.68],[-35.75,30.08],[-31.29,33.01],[-28.07,33.97]]]}},{"type":"Feature","properties":{},"geometry":{"type":"Polygon","coordinates":[[[-58.74,15.72],[-55.75,13.7],[-54.92,11.79],[-57.88,8.96],[-59.41,8.88],[-59.58,9.44],[-59.73,8.84],[-59.96,9.77],[-59.36,10.21],[-59.79,12.87],[-59.41,12.66],[-59.24,13.1],[-60.24,13.54],[-62.01,15.95],[-62.61,18.69],[-61.67,18.39],[-60.91,17.2],[-58.74,15.72]]]}},{"type":"Feature","properties":{},"geometry":{"type":"Polygon","coordinates":[[[-26.99,64.35],[-27.71,64.3],[-27.48,63.72],[-28.17,63.24],[-26.06,63.81],[-25.81,63.18],[-26.86,62.58],[-26.84,61.6],[-23.09,62.9],[-23.53,63.27],[-23.01,63.83],[-20.91,63.14],[-21.71,63.2],[-20.67,62.59],[-21.45,62.42],[-21.09,62.08],[-22.27,62.1],[-21.9,61.92],[-22.27,61.96],[-22.05,60.99],[-22.61,60.6],[-24.51,60.29],[-24.48,60.9],[-25.47,61.07],[-24.95,61.02],[-25.02,60.17],[-26.91,61],[-26.55,60.51],[-28.35,59.98],[-29.7,61],[-31.01,61.25],[-28.16,59.85],[-29.76,59.04],[-31.27,59.4],[-32.39,58.82],[-34.71,59.88],[-32.47,58.74],[-36.05,58],[-35.72,57.68],[-36.83,57.56],[-36.44,57.41],[-38.23,56.33],[-38.97,55.51],[-37.6,54.89],[-37.77,53.44],[-38.28,53.09],[-36.3,52.99],[-32.64,50.15],[-30.35,49.59],[-31.27,47.46],[-30.3,45.59],[-29.83,45.33],[-29.22,45.73],[-29.03,45.17],[-28.23,46.26],[-27.99,47.91],[-28.4,48.66],[-26.46,48.94],[-24.93,49.86],[-24.6,51.46],[-25.59,52.34],[-23.83,53.38],[-24.05,53.84],[-23.6,54.23],[-24.19,54.29],[-23.2,54.88],[-23.35,55.68],[-22.56,55.87],[-20.58,54.98],[-19.72,55.22],[-19.08,54.71],[-19.38,54.47],[-18.89,54.42],[-19.1,54.15],[-18.52,54.09],[-18.81,53.66],[-17.2,53.28],[-17.76,52.34],[-18.84,52.53],[-17.88,52.25],[-18.2,51.63],[-17.79,51.3],[-19.01,51.09],[-17.6,51.12],[-17.29,50.68],[-18.6,50.06],[-17.13,50.69],[-17.17,50.01],[-15.72,50.73],[-15.67,50.15],[-15.4,50.74],[-14.79,50.77],[-15.06,51.05],[-14.45,51.07],[-14.7,51.48],[-13.59,51.82],[-13.93,51.64],[-13.51,51.59],[-13.7,50.94],[-13.21,50.66],[-13.83,50.59],[-13.01,50.12],[-13.75,49.82],[-12.86,49.87],[-13.67,49.48],[-12.89,49.56],[-13.16,49.34],[-12.64,48.96],[-13.21,48.91],[-12.41,48.38],[-12.83,47.95],[-13.5,48.22],[-12.83,47.87],[-13.25,47.61],[-12.68,47.54],[-12.36,46.78],[-12,46.96],[-12.55,46.24],[-11.69,46.47],[-11.94,46.27],[-11.46,46.25],[-12,45.9],[-11.22,46.29],[-11.33,45.88],[-9.95,45.43],[-13.14,44.54],[-10.16,45.07],[-10.25,44.33],[-9.13,44.26],[-9.19,43.55],[-9.52,43.6],[-9.2,43.34],[-9.85,43.4],[-9.15,43.14],[-9.65,43.22],[-9.29,42.8],[-10.51,42.29],[-11.96,42.54],[-12.38,41.87],[-13.5,41.48],[-18.77,42.39],[-19.82,41.6],[-21.44,41.32],[-23.84,39.76],[-18.91,41.32],[-17.27,40.59],[-17.64,40.74],[-17.39,40.36],[-18.39,40.02],[-19.71,40.22],[-17.98,39.67],[-18.55,39.06],[-23.13,37.35],[-26.34,34.5],[-27.61,34.45],[-31.29,33.01],[-35.75,30.08],[-39.02,28.68],[-44.4,28.07],[-50.1,28.63],[-56.04,26.53],[-56.27,24.41],[-59.04,25.1],[-59.54,25.55],[-59.63,26.63],[-59.4,30.44],[-61.17,31.89],[-61.41,32.63],[-60.92,33.99],[-58.68,36.64],[-58.53,41.23],[-60.37,45.3],[-62.11,53.16],[-65.71,56.87],[-66.34,58.18],[-66.77,62.26],[-64.84,63.49],[-63.74,65.87],[-65.36,67.44],[-68.24,68.82],[-67.83,70.36],[-65.6,71.86],[-65.87,72.54],[-64.69,71.96],[-64.32,72.57],[-61.89,72.68],[-61.52,72.38],[-62.49,72.25],[-56.42,72.14],[-60.47,71.76],[-58.95,71.89],[-59.71,71.43],[-58.11,71.81],[-54.4,71.61],[-54.94,71.82],[-54.35,72.06],[-54.79,70.87],[-54.42,70.52],[-52.08,71.06],[-53.46,70.33],[-50.41,70.18],[-46.07,67.68],[-48.27,67.43],[-47.94,67.2],[-43.46,66.41],[-42.99,65.98],[-43.28,65.62],[-42.79,65.83],[-42.65,65.39],[-43.34,65.4],[-43.1,64.42],[-43.11,64.91],[-42.11,65.1],[-42.12,65.84],[-39.17,66.13],[-42.15,66.4],[-39.19,66.49],[-38.9,66.18],[-39.38,65.91],[-38.61,65.32],[-38.89,65.19],[-38.03,65.32],[-37.57,64.66],[-34.65,64.05],[-34.12,64.69],[-33.36,64.69],[-32.47,64.21],[-33.04,64],[-32.12,64.1],[-33.42,63.46],[-32.83,63],[-32.04,63.83],[-29.85,63.98],[-30.19,64.03],[-29.73,64.44],[-30.69,64.29],[-29.04,64.8],[-30.42,65.36],[-30.5,65.82],[-29.24,66.21],[-29.74,66.41],[-29.04,66.81],[-26.96,67],[-27.23,67.17],[-26.47,66.77],[-27.15,65.87],[-26.86,65.05],[-28.49,64.85],[-26.99,64.35]]]}},{"type":"Feature","properties":{},"geometry":{"type":"Polygon","coordinates":[[[-83.95,49.46],[-84.51,49.15],[-84.71,49.49],[-84.08,49.79],[-84.64,50.39],[-84.68,49.64],[-85.33,49.63],[-85.4,50.92],[-84.49,52.78],[-85.42,54.43],[-87.01,55.93],[-89.19,56.51],[-88.45,56.66],[-90.43,57.13],[-94.44,57.05],[-94.25,56.46],[-95.83,56.4],[-100.84,57.06],[-101.49,56.77],[-104.46,57.67],[-104.14,57.87],[-106.55,58.11],[-103.9,58.14],[-103.02,57.4],[-102.35,57.77],[-98.82,57.38],[-96.22,58.01],[-97.55,58.32],[-96.99,58.71],[-98.31,58.48],[-97.86,59.11],[-98.32,59.41],[-93.92,59.61],[-86.97,58.28],[-84.38,57.03],[-82.64,54.6],[-83.95,49.46]]]}},{"type":"Feature","properties":{},"geometry":{"type":"Polygon","coordinates":[[[-74.52,45.67],[-74.05,45.74],[-74.5,45.69],[-74.28,47.42],[-76.2,50.49],[-77.35,51.37],[-77.07,51.6],[-76.41,50.82],[-77.04,51.62],[-76.25,52.11],[-77.57,51.62],[-77.81,52.33],[-76.79,52.39],[-77.77,52.8],[-77.49,53.01],[-77.41,52.6],[-77.44,53],[-75.96,53.42],[-76.91,53.22],[-75.97,53.98],[-77.6,53.21],[-76.67,54.2],[-77.44,54.55],[-77.99,54.24],[-76.85,54.67],[-77.47,56.16],[-77.03,56.09],[-77.13,56.57],[-76.75,56.17],[-77.02,56.6],[-76.56,56.58],[-77.05,56.81],[-76.47,56.83],[-77.08,56.97],[-76.31,57.26],[-77.3,57.45],[-76.54,58.52],[-77.3,57.85],[-76.9,59.56],[-77.45,62.62],[-77.17,63.05],[-72.71,61.29],[-72.02,60.39],[-73.22,59.31],[-73.4,58.51],[-72.89,56.43],[-71.19,54.97],[-71.35,51.07],[-71.85,49.52],[-71.56,47.04],[-73.6,43.69],[-75.13,44.3],[-74.52,45.67]]]}},{"type":"Feature","properties":{},"geometry":{"type":"Polygon","coordinates":[[[-72.02,60.39],[-71.08,58.67],[-71.4,55.19],[-72.89,56.43],[-73.4,58.51],[-73.22,59.31],[-72.02,60.39]]]}},{"type":"Feature","properties":{},"geometry":{"type":"Polygon","coordinates":[[[-72.61,70.51],[-72.85,68.96],[-69.81,67.63],[-68.04,66.08],[-68.97,63.69],[-70.83,62.43],[-70.31,58.95],[-69.47,57.06],[-65.7,53.4],[-63.93,46.75],[-70.15,48.31],[-71.35,49.31],[-70.13,54.05],[-71.15,55.79],[-71.67,59.19],[-74.34,64.81],[-80.52,69.18],[-86.4,71.89],[-84.02,72.31],[-74.13,72.06],[-71.1,72.65],[-70.57,72.04],[-72.61,70.51]]]}},{"type":"Feature","properties":{},"geometry":{"type":"Polygon","coordinates":[[[-85.31,51],[-85.68,51.74],[-84.93,51.92],[-85.31,51]]]}},{"type":"Feature","properties":{},"geometry":{"type":"Polygon","coordinates":[[[-84.85,51.62],[-87.55,53.71],[-87.26,54.17],[-87.98,55.08],[-87.15,55.15],[-88.49,55.6],[-87.76,55.81],[-88.99,55.89],[-89.04,55.37],[-89.98,55.25],[-90.58,55.54],[-90.31,55.75],[-92.44,55.76],[-92.95,56.2],[-89.63,56.55],[-89.1,56.02],[-89.19,56.51],[-87.01,55.93],[-85.42,54.43],[-84.49,52.78],[-84.85,51.62]]]}},{"type":"Feature","properties":{},"geometry":{"type":"Polygon","coordinates":[[[-72.02,60.39],[-72.71,61.29],[-72.1,61.05],[-72.02,60.39]]]}},{"type":"Feature","properties":{},"geometry":{"type":"Polygon","coordinates":[[[9.74,56.22],[10.82,55.67],[10.35,55.46],[9.55,55.96],[9.74,56.22]]]}},{"type":"Feature","properties":{},"geometry":{"type":"Polygon","coordinates":[[[10.3,56.36],[10.91,55.96],[9.55,56.32],[10.3,56.36]]]}},{"type":"Feature","properties":{},"geometry":{"type":"Polygon","coordinates":[[[61.86,68.9],[62.54,68.6],[61.73,68.57],[61.86,68.9]]]}},{"type":"Feature","properties":{},"geometry":{"type":"Polygon","coordinates":[[[-38.24,71.65],[-39.88,71.03],[-37.96,71.11],[-37.16,70.54],[-38.3,70.27],[-35.69,70.43],[-35.55,70.01],[-36.65,69.03],[-35.76,69.18],[-34.29,70.37],[-32.97,70.1],[-32.96,69.55],[-35.1,68],[-35.02,67.42],[-33.68,66.66],[-34.07,66.29],[-36.19,66.68],[-36.7,66.09],[-35.51,66.29],[-35.83,66.02],[-35.52,65.88],[-36.85,65.78],[-38.46,66.26],[-38.04,66.37],[-39.07,66.73],[-38.8,67.04],[-41.7,66.84],[-45.46,67.41],[-44.56,68.03],[-46.74,68.83],[-46.56,69.49],[-45.96,69.52],[-41.37,68.6],[-42.58,69.41],[-45.75,70.35],[-42.11,70.3],[-44.97,71.07],[-42.88,71.72],[-38.24,71.65]]]}},{"type":"Feature","properties":{},"geometry":{"type":"Polygon","coordinates":[[[45.19,66.16],[46.31,66.08],[45.79,65.79],[46.26,65.87],[45.86,65.66],[46.2,65.41],[45.81,65.41],[46.41,64.78],[49.04,63.79],[46.18,63.55],[45.93,63.83],[46.43,63.93],[45.57,64.27],[44.28,64.07],[43.87,64.56],[44.47,64.63],[44.62,65.2],[44.18,65.19],[44.82,65.32],[43.9,65.39],[45.19,66.16]]]}},{"type":"Feature","properties":{},"geometry":{"type":"Polygon","coordinates":[[[9.58,56.79],[10.5,56.44],[9.02,56.6],[9.58,56.79]]]}},{"type":"Feature","properties":{},"geometry":{"type":"Polygon","coordinates":[[[56.06,67.99],[56.44,67.92],[55.41,67.58],[55.05,67.9],[56.06,67.99]]]}},{"type":"Feature","properties":{},"geometry":{"type":"Polygon","coordinates":[[[-31.16,70.31],[-31.08,70.01],[-32.79,69.59],[-32.92,70.39],[-31.16,70.31]]]}},{"type":"Feature","properties":{},"geometry":{"type":"Polygon","coordinates":[[[-15.39,66.58],[-13.66,65.93],[-13.58,65.27],[-16,65.57],[-16.16,66.26],[-15.39,66.58]]]}},{"type":"Feature","properties":{},"geometry":{"type":"Polygon","coordinates":[[[-18.72,57.37],[-21,57.26],[-21.91,57.99],[-20.65,58.58],[-17.82,58],[-18.09,58.8],[-15.68,59.53],[-15.64,60.71],[-16.14,60.84],[-15.74,61.04],[-16.26,60.98],[-16.73,61.62],[-17.8,61.47],[-16.65,61.82],[-17.11,62.27],[-16.69,62.31],[-17.41,62.42],[-16.95,62.72],[-17.62,62.58],[-17.25,63],[-17.74,63.12],[-17.67,63.64],[-18.41,63.42],[-18.01,63.28],[-18.31,62.87],[-20.11,63.51],[-19.93,63.02],[-20.81,63.86],[-20.26,63.33],[-23.05,64],[-23.33,64.32],[-22.9,64.55],[-24.28,64.54],[-24.46,65.53],[-22.81,65.06],[-24.39,65.83],[-23.11,66.75],[-20.27,67.52],[-18.18,67.21],[-20.67,66.52],[-21.28,65.86],[-21.05,64.99],[-22.7,65.03],[-21.22,64.94],[-21.48,64.68],[-20.39,65.26],[-21.02,65.82],[-19.79,65.68],[-20.17,66.13],[-19.75,66.54],[-16.13,66.69],[-16.43,65.64],[-17.81,64.98],[-16.4,65.37],[-16.09,65.05],[-16.58,64.8],[-16.14,64.95],[-15.84,64.41],[-16.1,65],[-15.29,64.82],[-15.61,65.2],[-14.72,65.31],[-13.47,64.77],[-14.81,64.15],[-13.27,64.15],[-14.33,64.05],[-13.88,63.92],[-14.61,63.54],[-13.11,63.9],[-13.94,63.27],[-12.55,63.66],[-11.95,63.13],[-13.44,62.7],[-11.77,62.88],[-13.21,62.45],[-12.56,62.47],[-13.23,62.03],[-11.44,62.62],[-12.27,62.32],[-11.22,62.48],[-10.66,62.08],[-12.31,61.86],[-12.66,61.72],[-11.17,61.8],[-12.49,61.45],[-10.73,61.89],[-10.37,61.42],[-12.59,61.39],[-10.47,60.72],[-12.03,61.09],[-11.47,60.85],[-12.28,60.73],[-11.6,60.8],[-11.35,60.61],[-11.99,60.6],[-11.55,60.4],[-12.66,60.63],[-11.02,59.95],[-11.98,59.93],[-10.97,59.6],[-11.25,59.27],[-10.77,59.47],[-11.12,59.06],[-9.96,59.28],[-10.51,59.01],[-9.92,59.09],[-9.8,58.58],[-10.53,58.34],[-9.2,58.46],[-10.02,58.06],[-8.61,58.08],[-8.3,57.58],[-9.61,57.49],[-9.1,57.07],[-9.85,57.29],[-9.46,56.91],[-9.85,56.74],[-10.29,57.18],[-10.84,56.18],[-11.3,56.55],[-11.04,56.79],[-11.49,56.48],[-11.16,56.85],[-11.74,56.89],[-11.29,57.05],[-11.79,57.05],[-11.3,57.13],[-11.82,57.23],[-10.64,57.68],[-11.98,57.47],[-11.43,57.84],[-11.96,57.64],[-12.21,58.2],[-13.06,58.38],[-12.58,58.1],[-13.16,58.27],[-12.84,57.7],[-13.7,57.91],[-13.45,57.56],[-13.89,57.27],[-13.17,57.39],[-13.27,56.41],[-13.01,56.69],[-13.02,56.25],[-12.58,56.48],[-12.65,56.04],[-12.17,55.97],[-12.72,55.88],[-12.08,55.44],[-12.37,54.72],[-12.68,55.35],[-12.59,54.4],[-13.03,54.61],[-13.19,54.15],[-13.79,55.13],[-14,54.74],[-14.63,55.66],[-14.62,55.26],[-15.46,55.78],[-13.89,53.9],[-14.09,53.58],[-17.66,55.44],[-17.99,55.91],[-17.21,55.93],[-18.16,56.36],[-18.47,57.01],[-18.17,57.23],[-18.99,57.03],[-18.72,57.37]]]}},{"type":"Feature","properties":{},"geometry":{"type":"Polygon","coordinates":[[[121.34,80.74],[125.45,80.42],[119.5,79.96],[120.24,80.19],[119.76,80.56],[121.34,80.74]]]}},{"type":"Feature","properties":{},"geometry":{"type":"Polygon","coordinates":[[[-27.35,69.56],[-25.83,68.96],[-27.99,68.59],[-27.24,68.36],[-27.7,68.04],[-27.05,68.07],[-28.21,67.34],[-29.73,67.42],[-29.43,67.64],[-30.85,67.34],[-30.57,67.86],[-31.29,68.55],[-31.21,69.1],[-30.35,69.28],[-30.17,68.75],[-29.16,68.74],[-28.59,69.18],[-29.27,69.51],[-27.35,69.56]]]}},{"type":"Feature","properties":{},"geometry":{"type":"Polygon","coordinates":[[[-22.95,68.78],[-21.28,68.05],[-27.22,67.19],[-25.12,68.71],[-22.95,68.78]]]}},{"type":"Feature","properties":{},"geometry":{"type":"Polygon","coordinates":[[[83.91,75.34],[85.28,75.06],[83.46,75.28],[83.91,75.34]]]}},{"type":"Feature","properties":{},"geometry":{"type":"Polygon","coordinates":[[[-40.41,73.79],[-39.98,73.22],[-40.36,73.16],[-39.62,73.12],[-40.12,72.97],[-38.42,72.83],[-38.57,71.88],[-49,71.43],[-49.3,71.54],[-48.96,72.54],[-49.81,72.76],[-44.02,73.66],[-43.28,74.28],[-40.41,73.79]]]}},{"type":"Feature","properties":{},"geometry":{"type":"Polygon","coordinates":[[[13.51,58.41],[13.53,58.02],[12.92,58.16],[13.51,58.41]]]}},{"type":"Feature","properties":{},"geometry":{"type":"Polygon","coordinates":[[[122.11,82.67],[130.22,82.87],[126.57,82.42],[119.92,82.78],[122.11,82.67]]]}},{"type":"Feature","properties":{},"geometry":{"type":"Polygon","coordinates":[[[-16.84,68.94],[-18.33,68.14],[-19.14,68.6],[-18.52,69.06],[-16.84,68.94]]]}},{"type":"Feature","properties":{},"geometry":{"type":"Polygon","coordinates":[[[-23.89,74.06],[-25.86,74.13],[-23.47,74.07],[-23.89,74.06]]]}},{"type":"Feature","properties":{},"geometry":{"type":"Polygon","coordinates":[[[107.03,81.98],[111.42,81.84],[112.21,81.91],[109.86,82.35],[114.89,82.53],[118.82,82.54],[118.37,82.4],[119.51,82.04],[112.47,80.77],[106.38,81.51],[107.03,81.98]]]}},{"type":"Feature","properties":{},"geometry":{"type":"Polygon","coordinates":[[[67.61,73.97],[68.34,73.96],[67.3,73.85],[67.61,73.97]]]}},{"type":"Feature","properties":{},"geometry":{"type":"Polygon","coordinates":[[[-17.58,71.41],[-17.85,71.07],[-18.64,71.3],[-17.58,71.41]]]}},{"type":"Feature","properties":{},"geometry":{"type":"Polygon","coordinates":[[[-15.67,70.28],[-19.09,69.26],[-20.52,69.79],[-18.7,70.01],[-19.99,70.65],[-19.05,70.37],[-17.45,70.84],[-18.18,70.16],[-17.33,70.19],[-17.57,70.43],[-17.03,70.69],[-15.67,70.28]]]}},{"type":"Feature","properties":{},"geometry":{"type":"Polygon","coordinates":[[[-18.58,72.4],[-21.38,71.85],[-20.04,71.6],[-20.32,71.31],[-22.7,71.05],[-24.01,71.52],[-23.74,71.69],[-27.45,72.56],[-27.01,72.84],[-24.03,72.25],[-25.7,72.87],[-24.51,73.06],[-26.4,73.09],[-25.85,73.21],[-26.62,73.25],[-26.13,73.47],[-26.42,73.83],[-24.14,73.39],[-25.15,73.85],[-24.33,73.84],[-23.36,73.4],[-23.91,73.85],[-23.14,73.9],[-22.47,73.49],[-21.31,73.65],[-22.11,73.32],[-21.69,72.98],[-23.31,72.44],[-22.62,71.91],[-20.51,72.61],[-18.58,72.4]]]}},{"type":"Feature","properties":{},"geometry":{"type":"Polygon","coordinates":[[[48.77,70.81],[49.97,70.7],[50.18,70.21],[47.1,68.6],[46.65,68.15],[47.12,67.97],[46.53,67.92],[46.96,67.75],[46.36,67.82],[46.73,67.55],[46.01,67.58],[46.61,67.06],[45.82,67.02],[46.58,66.81],[45.62,66.78],[46.55,66.62],[45.64,66.62],[46.34,66.19],[44.57,65.99],[45.47,66.48],[43.83,66.34],[44.59,66.64],[44.35,66.87],[45.34,66.87],[44.31,66.95],[44.8,67.3],[44.32,67.44],[45.06,67.55],[43.88,67.87],[44.96,68.23],[44.67,68.56],[45.95,69.14],[45.79,69.42],[48.43,70.18],[48.09,70.28],[48.77,70.81]]]}},{"type":"Feature","properties":{},"geometry":{"type":"Polygon","coordinates":[[[-13.74,69.91],[-13.43,69.47],[-14.6,69.17],[-13.15,68.91],[-13.66,68.83],[-13.22,68.27],[-14.25,68.59],[-14.08,68.3],[-14.62,68.39],[-14.11,68.22],[-14.28,67.94],[-14.91,67.67],[-11.37,66.69],[-11.01,65.86],[-12.03,65.77],[-11.78,65.49],[-13.63,65.65],[-13.98,65.92],[-13.61,66.28],[-14.65,66.15],[-16.58,66.99],[-15.92,67.21],[-17.17,67.31],[-17.28,67.64],[-16.81,67.7],[-17.64,67.72],[-14.53,69.04],[-15.69,69.42],[-14.85,69.66],[-15.02,70],[-13.74,69.91]]]}},{"type":"Feature","properties":{},"geometry":{"type":"Polygon","coordinates":[[[-18.12,74.28],[-22.47,74.04],[-22.85,74.09],[-21.03,74.39],[-24.73,74.51],[-25.27,74.69],[-24.08,74.84],[-25.69,75.13],[-23.67,75.29],[-18.12,74.28]]]}},{"type":"Feature","properties":{},"geometry":{"type":"Polygon","coordinates":[[[63.26,41.42],[62.23,41.1],[62.37,43.55],[59.6,47.73],[60.8,50.26],[60.81,51.53],[57.68,58.28],[58.2,59.53],[59.37,60.49],[63.85,58.57],[68.64,54.83],[73.17,53.02],[76.83,48.97],[82.23,46.57],[89.99,43.94],[82.16,40.18],[74.52,34.55],[69.34,34.6],[64.33,36.47],[62.65,37.88],[64.04,39.68],[63.04,40.18],[63.26,41.42]]]}},{"type":"Feature","properties":{},"geometry":{"type":"Polygon","coordinates":[[[89.48,40.11],[90.74,40.11],[92.31,39.3],[91.25,37.32],[84.93,33.56],[83.69,31.69],[80.94,31.6],[76.17,33.65],[74.12,33.57],[78.4,37.29],[82.34,39.71],[89.48,40.11]]]}},{"type":"Feature","properties":{},"geometry":{"type":"Polygon","coordinates":[[[95.5,42.37],[91.92,41.23],[83.88,40.97],[89.99,43.94],[93.23,42.69],[95.5,42.37]]]}},{"type":"Feature","properties":{},"geometry":{"type":"Polygon","coordinates":[[[98.61,35.24],[104.62,34.51],[102.69,33.71],[96.79,33.49],[90.39,32.14],[82.65,28.81],[82.94,29.75],[88.24,34.28],[90.39,35.52],[98.61,35.24]]]}},{"type":"Feature","properties":{},"geometry":{"type":"Polygon","coordinates":[[[132.78,60.7],[134.01,61.01],[133.49,60.54],[134.35,60.65],[134.83,61.15],[134.97,60.68],[134.76,61.45],[136.07,61.64],[138.56,60.94],[137.86,60.65],[139.32,59.86],[138.7,58.82],[139.3,57.73],[139.43,56.05],[135.64,50.44],[134.32,49.53],[132.76,49.33],[132.57,49.81],[132.01,49.72],[131.65,48.86],[126.98,49.19],[122.87,48.39],[113.22,46.24],[104.22,42.92],[100.55,42.91],[94.52,41.59],[92.27,41.87],[90.15,42.9],[95.56,43.68],[99.98,45.46],[103.49,48.09],[106.9,49.55],[108.97,51.69],[113.23,53.35],[114.96,56.5],[117.18,58.3],[124.25,58.92],[132.78,60.7]]]}},{"type":"Feature","properties":{},"geometry":{"type":"Polygon","coordinates":[[[81.39,73.64],[82.09,73.41],[81.66,73.26],[82.17,72.72],[82.01,73.23],[83.95,73.52],[83.33,73.6],[84.64,74.41],[83.14,74.5],[84.28,74.8],[87.84,74.51],[88.08,74.71],[87.21,74.73],[91.65,75.68],[93.9,75.42],[97.51,75.97],[95.73,76.6],[96.26,76.89],[103.51,77.17],[103.2,77.07],[104.49,76.88],[104.07,76.66],[105.84,76.48],[105.13,76.14],[108.55,75.66],[110.75,75.54],[110.99,75.84],[109.97,76.56],[110.55,76.4],[113.07,75.46],[115.05,73.44],[115.92,73.26],[132.3,72.98],[142.82,71.9],[147.54,70.33],[149.06,68.15],[138.61,66.6],[135.45,63.9],[135.45,63.47],[132.75,61.55],[134.79,61.55],[135.08,60.75],[126.37,59.15],[119.2,58.67],[116.84,56.92],[114.9,53.8],[110.5,52.22],[108.31,50.12],[104.8,48.72],[101.15,46.16],[96.61,44.44],[91.11,43.75],[82.23,46.57],[76.83,48.97],[73.17,53.02],[66.95,55.92],[62.51,59.33],[60.43,61.77],[63.41,61.63],[64.31,63.35],[63.2,64.28],[64.17,64.76],[65.59,64.49],[66.87,63.46],[68.97,63.65],[66.38,63.83],[66.07,64.17],[66.46,64.4],[65.42,64.91],[62.27,64.59],[61.49,65.1],[61.23,65.97],[59.41,66.51],[59.98,67.48],[59.07,68],[61.75,66.73],[63.93,66.82],[61.04,67.36],[62.59,67.64],[61.69,67.86],[62.17,68.15],[66.53,68.26],[66.77,67.96],[66.39,67.71],[67.29,66.72],[70.09,66.6],[68.1,66.97],[68.52,67.24],[66.97,68.25],[63.86,68.55],[62.11,69.46],[66.26,70.68],[63.86,71.34],[64.9,71.29],[64.38,71.65],[64.73,71.74],[63.94,71.7],[67.2,73.45],[66.19,73.45],[68.47,73.6],[69.59,74.04],[69.24,74.05],[69.59,74.41],[70.52,74.4],[69.09,74.58],[70.37,74.98],[69.06,75.44],[68.95,76.3],[71.41,76.4],[70.95,75.87],[73.64,76.27],[74.27,75.8],[76.55,76.77],[81.28,76.59],[81.99,76.28],[80.09,76.29],[82.45,76.24],[83.04,75.71],[82,74.62],[82.47,74.71],[82.48,73.94],[80.87,73.56],[81.39,73.64]]]}},{"type":"Feature","properties":{},"geometry":{"type":"Polygon","coordinates":[[[59.03,63.07],[58.89,63.72],[56.7,64],[56.07,65.13],[55.39,65.17],[55.78,66.24],[55.14,67.42],[57.83,67.65],[58.49,66.43],[59.87,66],[61.33,64.34],[62.75,63.92],[63.04,63.15],[62.69,62.2],[60.41,61.8],[59.03,63.07]]]}},{"type":"Feature","properties":{},"geometry":{"type":"Polygon","coordinates":[[[86.06,14.87],[90.71,15.69],[94.66,15.32],[96.7,13.96],[99.19,10.8],[93.86,12.65],[86.25,11.75],[83.14,12.08],[79.47,13.55],[75.97,16.07],[75.06,17.41],[80.8,15.1],[86.06,14.87]]]}},{"type":"Feature","properties":{},"geometry":{"type":"Polygon","coordinates":[[[55.12,-50.95],[55.65,-50.62],[54.91,-49.98],[55.08,-50.78],[54.68,-49.85],[53.96,-49.52],[54.75,-50.44],[54.42,-51.03],[51.4,-51.22],[51.67,-50.77],[50.71,-51.01],[51.08,-50.35],[48.9,-50.37],[48.44,-50.92],[46.97,-51.07],[39.36,-50.3],[38.82,-50.61],[35.86,-49.63],[32.86,-51.09],[30.33,-51.48],[28.4,-52.34],[27.64,-51.88],[26.45,-51.93],[26.4,-52.36],[25.55,-51.69],[24.23,-51.74],[23.33,-51.19],[23.88,-50.16],[26.61,-48.29],[31.32,-43.63],[36.09,-40.51],[36.98,-40.59],[36.52,-40.19],[37.27,-40.02],[37.05,-39.67],[35.73,-40.12],[34.28,-39.34],[34.81,-37.06],[35.88,-37.88],[36.63,-37.82],[35.53,-36.98],[35.64,-36.04],[36.35,-36.07],[35.74,-35.88],[36.11,-35.67],[35.58,-35.06],[36.47,-34.58],[36.04,-33.94],[36.8,-33.41],[36.09,-32.98],[39.9,-31.22],[42.88,-30.77],[49.45,-30.73],[51.22,-31.42],[51.73,-32.28],[51.13,-33.8],[51.38,-38.01],[53.52,-42.47],[55.46,-44.14],[64.34,-48.45],[65.43,-49.47],[55.12,-50.95]]]}},{"type":"Feature","properties":{},"geometry":{"type":"Polygon","coordinates":[[[75.92,22.22],[78.16,21.33],[79.66,21.26],[80.68,21.51],[81.33,22.52],[86.72,24.65],[92.97,24.11],[97.52,22.65],[98.89,20.46],[99.46,18.05],[96.57,20.68],[94.23,21.5],[90.99,21.37],[86.29,20.14],[80.89,19.86],[74.31,21.66],[73.25,21.48],[71.91,23.16],[73.76,23.27],[75.92,22.22]]]}},{"type":"Feature","properties":{},"geometry":{"type":"Polygon","coordinates":[[[102.42,26.79],[102.34,26.36],[100.46,28.27],[98.35,28.74],[89.76,28.51],[95.49,30.75],[100.12,31.36],[104.05,32.58],[103.07,30.57],[102.42,26.79]]]}},{"type":"Feature","properties":{},"geometry":{"type":"Polygon","coordinates":[[[90.74,40.11],[100.28,42.51],[103.93,42.47],[91.25,37.32],[92.31,39.3],[90.74,40.11]]]}},{"type":"Feature","properties":{},"geometry":{"type":"Polygon","coordinates":[[[60.41,61.8],[62.51,59.33],[59.37,60.49],[59.95,62.28],[60.41,61.8]]]}},{"type":"Feature","properties":{},"geometry":{"type":"Polygon","coordinates":[[[56.99,34.31],[56.39,35.23],[56.45,36.2],[55.04,36.43],[53.8,37.71],[54.96,37.81],[54.29,38.03],[54.68,38.63],[56.04,38.85],[55.39,40.27],[54.14,40.23],[52.88,39.29],[52.45,39.44],[52.24,38.55],[52.01,38.85],[51.98,38.48],[51.3,38.44],[50.68,37.26],[51.74,36.74],[51.68,35.84],[53.37,34.45],[48.09,35.59],[52.97,40.38],[59.45,43.08],[60.03,44.7],[59.6,47.73],[62.37,43.55],[62.02,40.52],[61.66,40.7],[61.76,40.17],[61.04,40.12],[60.84,39.04],[61.27,38.04],[62.24,38.31],[64.33,36.47],[68.31,34.79],[75.06,34.66],[72.81,32.42],[64.2,31.13],[56.95,33.81],[56.99,34.31]]]}},{"type":"Feature","properties":{},"geometry":{"type":"Polygon","coordinates":[[[45.78,-4.85],[45.23,-4.52],[43.82,-4.8],[42.97,-4.33],[41.38,-2.54],[41.02,-0.04],[40.52,-0.06],[40.32,0.57],[40,0.15],[39.22,0.48],[39.25,-0.09],[38.79,-0.1],[39.14,-2.11],[39.92,-3.4],[39.57,-3.97],[39.82,-5.4],[40.41,-4.27],[40.89,-4.49],[40.14,-5.96],[40.58,-6.46],[42.79,-6.87],[45.27,-5.37],[44.85,-7.19],[46.5,-8.64],[47.08,-10.19],[45.48,-11.59],[44.82,-11.59],[44.48,-12.78],[43.48,-12.74],[42.77,-13.44],[41.88,-13.29],[41.26,-13.96],[38.66,-13.76],[38.15,-14.46],[34.3,-14.81],[31.22,-14.39],[30.4,-14.71],[29,-14.19],[29.14,-11.51],[29.84,-10.16],[29.35,-6.7],[28.53,-4.85],[29.01,-2.1],[28.41,-1.19],[28.2,2.98],[27.71,3.27],[31.54,7.99],[32.77,10.43],[34.94,10.93],[37.83,10.42],[39.83,6.03],[44.04,-1.15],[44.65,-3.07],[46.05,-3.59],[45.78,-4.85]]]}},{"type":"Feature","properties":{},"geometry":{"type":"Polygon","coordinates":[[[51.69,-16.36],[50.8,-19.54],[49,-20.3],[41.74,-18.29],[39.51,-18.26],[40.18,-15.23],[41.95,-13.74],[43.57,-14.5],[46.52,-13.42],[48.12,-13.52],[51.88,-15.29],[51.69,-16.36]]]}},{"type":"Feature","properties":{},"geometry":{"type":"Polygon","coordinates":[[[80.91,20.08],[69.79,22.48],[71.37,26.05],[78.06,21.82],[81.19,22.15],[80.91,20.08]]]}},{"type":"Feature","properties":{},"geometry":{"type":"Polygon","coordinates":[[[70.23,14.46],[69.81,14.79],[70.59,16.76],[72.26,18.76],[72.99,18.9],[81.09,14.37],[75.27,14.13],[72.7,13.44],[70.23,14.46]]]}},{"type":"Feature","properties":{},"geometry":{"type":"Polygon","coordinates":[[[51.83,29.02],[52.41,28.48],[55.89,28.6],[58.78,24.67],[62.92,23.58],[63.21,22.72],[61.7,22.21],[59.82,23.26],[46,27.23],[45.69,28.07],[46.19,29.56],[49.5,30.33],[51.83,29.02]]]}},{"type":"Feature","properties":{},"geometry":{"type":"Polygon","coordinates":[[[179.99,84.2],[179.99,82.92],[169.71,83.71],[179.99,84.2]]]}},{"type":"Feature","properties":{},"geometry":{"type":"Polygon","coordinates":[[[-179.99,82.92],[-179.99,84.2],[-168.7,84.54],[-161.61,83.57],[-157.19,83.85],[-158.29,84.37],[-159.99,84.4],[-158.38,84.57],[-158.79,84.93],[-138.75,84.37],[-130.32,83.25],[-134.5,81.62],[-137.31,79.95],[-150.14,81.56],[-179.99,82.92]]]}},{"type":"Feature","properties":{},"geometry":{"type":"Polygon","coordinates":[[[179.99,81.48],[179.99,75.16],[171.84,77.09],[168.11,78.63],[168,79.38],[168.53,80.04],[173.92,81.94],[179.99,81.48]]]}},{"type":"Feature","properties":{},"geometry":{"type":"Polygon","coordinates":[[[-179.99,75.16],[-179.99,81.48],[-169.89,80.47],[-150.9,79.78],[-165.74,76.17],[-172.16,75.31],[-172.16,74.75],[-176.43,73.33],[-176.26,73.63],[-177.5,73.78],[-176.85,74.13],[-177.03,74.51],[-177.96,74.2],[-179.99,75.16]]]}},{"type":"Feature","properties":{},"geometry":{"type":"Polygon","coordinates":[[[114.87,77.26],[115.17,77.66],[115.6,77.63],[114.86,77.56],[118.03,77.34],[125.3,78.41],[123.2,78.67],[123.85,79.01],[122.05,78.92],[124.12,79.53],[122.63,79.7],[135.61,80.36],[145.91,79.53],[153.82,80.28],[158.59,80.14],[160.22,79.76],[159.96,79.35],[162.18,79.21],[156.85,77.34],[155.82,75.95],[158.27,74.34],[165.5,72.01],[166.14,71.29],[162.33,71.07],[159.19,69.1],[159.53,68.82],[159.18,68.63],[160.82,68.48],[155.77,67.81],[155.32,68.05],[156.89,68.29],[154.34,68.37],[152.99,70.68],[148.36,72.31],[137.7,73.51],[120.77,73.93],[119.88,74.12],[118.01,76.14],[114.87,77.26]]]}},{"type":"Feature","properties":{},"geometry":{"type":"Polygon","coordinates":[[[130.97,48.2],[129.88,47.13],[130.01,46.16],[128.04,44.43],[129.34,43.89],[131.09,42.05],[128.09,41.09],[127.56,41.78],[128.45,42.03],[127.8,42.79],[126.61,42.81],[126.46,42.41],[125.61,42.73],[126.39,43.44],[125.88,43.54],[126,44.27],[124.74,44.5],[121.77,42.71],[122.39,43.51],[121.69,43.37],[121.79,43.81],[122.41,44.61],[121.76,45],[120.94,44.73],[119.41,42.79],[118.21,42.56],[118.28,41.81],[119.56,41.81],[120.14,40.88],[121.62,41.78],[123.79,41.68],[123.73,41.17],[121.45,40.07],[121.7,39.88],[120.84,38.67],[122.07,38.26],[119.74,34.92],[114.8,35.7],[107.83,35.21],[94.63,38.37],[104.83,42.84],[112.93,45.69],[126.59,48.51],[130.97,48.2]]]}},{"type":"Feature","properties":{},"geometry":{"type":"Polygon","coordinates":[[[127.46,45.01],[128.27,43.69],[126.85,42.8],[127.14,42.55],[126.82,42.72],[126.97,42.26],[126.64,42.5],[126.29,41.78],[125.46,42.37],[125.52,43.33],[125.06,43.34],[127.46,45.01]]]}},{"type":"Feature","properties":{},"geometry":{"type":"Polygon","coordinates":[[[120.39,39.15],[122.07,37.93],[123.62,37.58],[121.97,37.11],[124.11,36.94],[123,35.66],[124.98,36.11],[124.56,35.45],[125.02,35.81],[125.21,35.53],[124.73,35.3],[125.46,34.57],[124.68,33.87],[124.98,32.41],[124.39,32.32],[124.98,32.11],[124.77,31.74],[125.26,31.08],[124.8,31.17],[124.76,29.95],[124.17,29.75],[124.44,29.48],[123.4,28.05],[123.61,27.6],[122.34,26.57],[122.09,26.78],[121.95,26.06],[120.73,26.44],[121.32,25.7],[120.96,25.4],[120.61,25.72],[120.9,25.12],[120.31,25.1],[120.45,24.75],[118.76,23.64],[119.31,22.57],[118.42,22.91],[118.39,23.53],[117.92,23.61],[117.72,23.12],[116.84,23.31],[116.3,22],[115.64,21.73],[115.97,21.48],[115.66,20.54],[107.82,22.92],[106.97,23.7],[105.93,25.98],[106.24,28.57],[107.7,32.19],[109.5,33.3],[113.52,34.63],[119.49,35.39],[120.39,39.15]]]}},{"type":"Feature","properties":{},"geometry":{"type":"Polygon","coordinates":[[[112.7,19.95],[113.02,18.94],[113.61,18.65],[118.21,18.31],[120.42,16.72],[120.98,15.46],[119.85,13.31],[120.29,12.51],[119.71,10.68],[118.76,11.91],[117.46,11.32],[116.96,11.78],[116.84,11.28],[115.54,11.96],[113.94,11.15],[113.47,11.85],[112.82,11.54],[110.72,14.15],[109.61,17.21],[105.12,20.03],[112.7,19.95]]]}},{"type":"Feature","properties":{},"geometry":{"type":"Polygon","coordinates":[[[111.91,10.92],[113.77,8.09],[114.69,7.49],[115.02,8],[117.45,7.31],[118.74,7.88],[122.2,5.55],[119.86,5.37],[116.42,6.63],[115.11,6.52],[114.96,6.11],[111.53,9.25],[109.31,9.77],[107.89,10.62],[108.22,10.69],[106.66,10.43],[102.91,12.39],[100.77,14.01],[99.09,16.39],[101.88,17.8],[106.25,16.51],[107.43,15.87],[109.17,13.1],[111.91,10.92]]]}},{"type":"Feature","properties":{},"geometry":{"type":"Polygon","coordinates":[[[117.79,7.9],[119.89,8.16],[121.42,7.06],[123.18,6.82],[122.8,6.14],[121.33,5.68],[117.79,7.9]]]}},{"type":"Feature","properties":{},"geometry":{"type":"Polygon","coordinates":[[[29.01,-8.65],[31.55,-12.28],[31.48,-12.78],[30.54,-13.04],[31.18,-13.09],[32.03,-14.49],[37.32,-14.6],[38.8,-14.19],[39.27,-14.42],[38.76,-15.77],[39.16,-15.82],[38.62,-15.86],[38.39,-16.73],[34.45,-21.1],[31.97,-22.68],[26.91,-24.81],[25.98,-25.75],[24.4,-26.28],[22.74,-27.88],[21.86,-29.04],[22.37,-30.23],[21.59,-31.8],[21.55,-33.11],[22.36,-34.05],[21.81,-34.59],[20.74,-38.42],[19.31,-39.32],[15.89,-39.67],[11.99,-40.92],[14.09,-36.67],[15.2,-30.41],[17.73,-29.36],[18.35,-27.16],[21.27,-22.26],[22.01,-18.92],[23.09,-17.37],[24.39,-17.63],[25.08,-16.11],[29.12,-13.41],[29.01,-8.65]]]}},{"type":"Feature","properties":{},"geometry":{"type":"Polygon","coordinates":[[[11.9,-40.67],[11.32,-41.35],[11.64,-41.71],[11.41,-43.22],[10.15,-44.94],[5.46,-45.28],[5.42,-45.75],[5.95,-45.6],[3.57,-47.47],[-1.27,-48.76],[-5.67,-49.23],[-8.24,-48.95],[-11.27,-47.42],[-14.5,-46.83],[-15.23,-45.88],[-15,-45.63],[-15.54,-45.69],[-14.84,-44.14],[-14.18,-44.17],[-13.57,-43.38],[-12.9,-40.59],[-13.06,-38.38],[-10.54,-33.76],[-10.31,-28.57],[-9.16,-26.87],[-7.08,-25.16],[-5.04,-24.36],[-4.45,-23.35],[-4.36,-21.59],[-3.62,-21.14],[-3.54,-18.65],[-2.78,-18.79],[-3.41,-18.37],[-3.2,-17.08],[-4.13,-14.13],[-4.12,-12.16],[-3.52,-12.24],[-3.04,-11.56],[-2.6,-11.98],[-3,-11.4],[-1.19,-9.44],[-0.94,-8.42],[-1.46,-8.32],[-1.86,-7.09],[-3.04,-6.99],[-4.3,-6.09],[-1,-5.54],[-0.22,-4.56],[2.44,-4.28],[8.49,-8.27],[11.31,-8.27],[16.58,-9.14],[19.89,-17.73],[15.45,-21.02],[13.88,-23.97],[13.64,-25.96],[16.1,-30.55],[15.96,-31.81],[14.5,-36.73],[11.9,-40.67]]]}},{"type":"Feature","properties":{},"geometry":{"type":"Polygon","coordinates":[[[-4.41,23.04],[-4.02,24.01],[-2.91,24.74],[-0.12,24.94],[1.62,26.05],[2.15,25.87],[2.38,24.87],[3.67,24.51],[4.24,23.77],[7.58,23.7],[9.73,23.01],[10.68,22.2],[11.75,22.17],[12.75,21.39],[14.44,21.12],[4.54,21.11],[-0.7,22.88],[-4.41,23.04]]]}},{"type":"Feature","properties":{},"geometry":{"type":"Polygon","coordinates":[[[12.96,30.45],[12.69,29.69],[10.08,29.46],[8.73,28.64],[8.82,27.79],[5.97,26.78],[4.11,27.55],[2.78,27.34],[2.45,28.27],[2.91,28.45],[2.54,28.33],[2.41,28.93],[0.52,29.45],[1.54,30.55],[1.16,31.02],[1.84,31.22],[1.04,31.2],[2.82,32.61],[3.97,34.98],[5.29,34.98],[8.64,32.96],[9.95,32.72],[12.96,30.45]]]}},{"type":"Feature","properties":{},"geometry":{"type":"Polygon","coordinates":[[[-3.89,-6.5],[-3.95,-4.93],[-4.63,-4.08],[-6.95,-3.18],[-10.73,-2.85],[-12.17,-1.51],[-15.77,-0.61],[-16.23,-0.11],[-18.62,4.39],[-18.4,7.18],[-19.31,9.27],[-18.57,9.61],[-19.5,9.84],[-19.7,10.34],[-19.38,10.41],[-19.87,10.82],[-19.47,10.77],[-19.79,10.96],[-19.3,11.71],[-18.31,11.18],[-19.17,11.52],[-19.35,13.22],[-17.99,13.62],[-16.54,15.11],[-16.11,16.77],[-15.39,17.32],[-15.38,18.54],[-15.82,18.29],[-15.17,19.08],[-8.5,22.44],[-7.12,22.11],[-4.41,23.04],[-1.55,22.99],[4.54,21.11],[14.46,21.03],[14.52,20.4],[15.18,20.25],[14.33,19.85],[14.42,18.77],[13.13,18.31],[11.08,15.59],[6.99,6.56],[6.29,3.09],[7.26,-2.02],[3.74,-3.15],[2.79,-4.48],[0.15,-4.84],[-0.6,-5.85],[-3.89,-6.5]]]}},{"type":"Feature","properties":{},"geometry":{"type":"Polygon","coordinates":[[[28.22,6.56],[28.02,5.67],[29.05,0],[28.74,-0.92],[29.64,-3.17],[29.11,-4.67],[15.77,-9.16],[10.48,-8.4],[7.66,-8.46],[1.53,-4.59],[2.49,-3.27],[6.03,-2.17],[5.11,2.94],[5.85,6.41],[10.05,15.39],[11.99,17.67],[13.19,15.96],[15.25,14.48],[15.24,13.4],[17.33,11.23],[18.44,11.37],[19.03,12.58],[20.82,12.63],[21.59,11.47],[22.83,10.76],[22.83,10.29],[25.69,8.44],[27,8.7],[28,8.29],[28.22,6.56]]]}},{"type":"Feature","properties":{},"geometry":{"type":"Polygon","coordinates":[[[30.58,10.21],[29.6,10.98],[27.93,11.21],[26.97,12.93],[26.6,12.59],[25.91,12.82],[25.59,14.02],[24.77,14.38],[25.62,14.22],[24.88,14.69],[25.53,15.46],[25.17,16.11],[28.2,15.83],[28.97,15.37],[29.51,14.08],[30.86,13.9],[34,12.21],[35.57,9.43],[32.8,10.38],[30.58,10.21]]]}},{"type":"Feature","properties":{},"geometry":{"type":"Polygon","coordinates":[[[16.18,-30.2],[15.63,-30.54],[12.97,-26.04],[13.13,-24.05],[14.59,-21.04],[18.9,-17.61],[23.86,-17.66],[22.74,-19.19],[21.92,-22.51],[18.87,-27.35],[18.19,-29.54],[16.18,-30.2]]]}},{"type":"Feature","properties":{},"geometry":{"type":"Polygon","coordinates":[[[29.52,5.3],[28.34,4.15],[27.68,8.39],[28.74,7.51],[30.14,7.67],[32.3,9.88],[33.13,11.7],[32.24,9.33],[29.52,5.3]]]}},{"type":"Feature","properties":{},"geometry":{"type":"Polygon","coordinates":[[[29.1,-4.64],[29.12,-5.42],[29.9,-6.38],[30.13,-9.5],[30.45,-9.24],[30.4,-14],[26.26,-16.57],[25.52,-18.06],[19.27,-17.65],[16.22,-10.15],[16.2,-9],[29.1,-4.64]]]}},{"type":"Feature","properties":{},"geometry":{"type":"Polygon","coordinates":[[[44.58,35.59],[41.71,36.79],[42.91,37.74],[42.4,38.39],[43.18,38.44],[43.6,39.12],[40.16,37.53],[40.24,37.95],[40.2,37.21],[40.76,36.78],[41.72,36.98],[41.54,36.64],[39.14,35.98],[38.75,36.79],[38.1,36.61],[39.12,37.26],[37.33,37.46],[37.08,37.71],[37.87,37.69],[37.44,38.04],[35.57,36.82],[35.68,35.85],[35.12,35.68],[32.76,37.1],[30.73,39.48],[25.08,42.89],[22.09,44.1],[24.88,45.05],[25.44,44.59],[26.18,44.92],[25.81,44.5],[26.59,45],[26.18,45.22],[27,46.08],[26.65,45.29],[27.22,45.29],[26.81,46.9],[27.22,47.94],[27.91,48.19],[28.86,47.46],[29.43,47.79],[29.38,48.88],[28.71,48.84],[28.38,49.7],[33.48,50.77],[32.15,51.14],[32.13,51.57],[27.81,50.24],[27.8,50.77],[26.51,50.95],[26.57,51.91],[25.88,53.11],[28.01,55.31],[28.59,55.36],[28.19,56.13],[25.74,56.08],[26.11,55.9],[25.39,55.14],[25.92,54.77],[25.35,54.08],[23.62,52.94],[23.16,53.32],[23.54,52.83],[23.07,52.61],[23.19,50.82],[24.83,49.99],[24,49.62],[24.43,49.38],[24.03,49.03],[23.81,49.35],[23.73,48.94],[22.72,48.75],[23.33,48.62],[22.82,48.6],[23.29,48.31],[23.11,46.8],[22.74,46.17],[21.53,45.99],[21.47,45.41],[20.36,45.36],[19.99,46.26],[20.35,46.56],[19.27,47.66],[19.38,48.3],[18.85,48.28],[18.33,49.82],[17.93,49.64],[18.03,48.94],[17.43,49],[16.5,47.97],[15.58,47.8],[14.47,48.34],[14.36,48.83],[14.92,48.65],[15.2,48.87],[14.6,48.87],[15.13,49.37],[14.06,49.29],[15.46,50.31],[14.46,49.78],[14.43,50.19],[13.98,50.15],[14.44,50.52],[14.06,50.33],[13.79,50.59],[14.27,50.67],[13.85,50.85],[15.46,50.69],[15.87,51.06],[13.99,50.89],[14.28,51.17],[13.78,51.53],[15.17,51.69],[13.83,51.98],[14.76,51.86],[14.47,52.02],[15.04,52.27],[15.44,51.92],[14.69,52.38],[16.1,52.53],[15.23,52.54],[15.43,52.84],[16.41,52.52],[15.88,52.86],[16.5,52.67],[16.09,52.97],[17.2,53.53],[17.33,53.2],[18.1,53.38],[18.39,54.03],[17.5,53.38],[17.05,53.59],[19.39,55.28],[18.7,55.16],[19.24,55.42],[19.1,55.88],[19.51,55.8],[19.11,56.04],[20.13,56.33],[19.33,56.15],[19.7,56.29],[19.23,56.49],[19.78,56.59],[19.37,56.69],[19.93,56.8],[19.55,56.93],[20.94,57.14],[20.08,57.27],[21.11,57.43],[20.31,57.86],[21.09,57.97],[20.63,58.09],[21.07,58.33],[21.55,57.9],[21.21,58.39],[22.41,58.55],[21.37,58.59],[22.19,58.8],[21.87,58.86],[22.27,58.87],[21.98,59.11],[22.35,59.6],[23.37,59.42],[22.94,59.92],[23.39,59.62],[23.73,60.18],[23.61,59.48],[24.25,59.73],[23.86,60],[24.32,60.28],[25.01,60.06],[24.41,60.59],[25.85,60.36],[25.59,60.58],[26.48,61.06],[26.32,61.42],[27.22,61.36],[26.87,60.5],[27.62,61.48],[27.81,60.89],[28.43,61.4],[28.04,61.6],[28.67,61.72],[28.7,61.05],[29.27,61.56],[30.91,61.18],[29.27,60.84],[30.1,60.39],[31.78,60.84],[32.59,60.69],[31.89,60.64],[32.09,60.33],[33,60.4],[32.82,60.03],[34.71,60.37],[39.05,59.35],[39.61,58.51],[38.07,57.55],[32.69,58.06],[34.29,57.49],[33.83,57.29],[35.3,57.06],[35.07,56.52],[35.73,55.71],[37.99,55.22],[38.25,55.8],[36.98,56.05],[37.03,56.49],[38.31,56.33],[38.14,56.05],[40.06,56.22],[39.13,56.94],[39.63,57.66],[40.52,58.32],[42.23,57.89],[42.02,58.91],[41.29,59.18],[41.34,59.99],[40.22,60.5],[42.86,60.28],[43.13,60],[42.04,59.34],[43.12,58.96],[44.29,59.2],[44.11,59.9],[44.98,60.06],[44.47,60.29],[47.03,61.1],[46.76,61.33],[47.68,61.86],[48.18,61.95],[47.53,61.77],[48.1,61.33],[47.66,60.99],[48.38,60.95],[49.04,61.63],[51.32,62.46],[52.41,61.98],[52.28,62.32],[53.17,62.56],[51.83,63.15],[52.08,63.52],[54.96,63.61],[59.34,62.95],[59.95,62.28],[59.86,61.68],[57.68,58.28],[60.81,51.53],[60.8,50.26],[59.65,48.34],[59.76,43.52],[58.45,42.35],[52.97,40.38],[48.09,35.59],[44.58,35.59]]]}},{"type":"Feature","properties":{},"geometry":{"type":"Polygon","coordinates":[[[17.03,44.98],[16.53,45.41],[16.58,46.6],[18.44,47.65],[18.15,46.6],[18.78,46.35],[17.7,45.59],[17.92,44.82],[17.03,44.98]]]}},{"type":"Feature","properties":{},"geometry":{"type":"Polygon","coordinates":[[[34.59,32.66],[34.54,33.65],[33.74,33.46],[33.75,33.99],[37.03,35.2],[36.4,35.19],[41.73,36.26],[44.79,35.85],[40.69,34.85],[39.44,34.02],[37.87,34.51],[36.85,34.27],[34.59,32.66]]]}},{"type":"Feature","properties":{},"geometry":{"type":"Polygon","coordinates":[[[23.8,20.55],[23.57,19.13],[22.8,19.16],[23.55,18.11],[23.4,17.63],[22.68,18.15],[22.81,17.54],[22.28,17.95],[22.19,17.25],[21.55,17.25],[21.59,17.69],[21.16,17.68],[21.32,18.89],[22.05,18.96],[22.95,18.28],[21.51,19.25],[21.51,19.84],[21.89,19.85],[21.34,21.75],[22.32,22.83],[20.79,25.67],[21.03,27.46],[20.84,27.86],[20.19,27.54],[20.61,28.53],[19.74,28.76],[18.84,27.7],[19.25,26.64],[18.96,25.82],[19.28,24.69],[19.98,24.25],[19.59,23.95],[20.6,21.79],[20.27,21.66],[19.65,22.7],[18.99,22.31],[19.02,21.35],[17.44,21.01],[18.28,21.63],[18.56,22.86],[16.81,26.71],[17.18,28.39],[16.55,29.35],[15.36,29.31],[15.2,29.96],[16.04,31.44],[19.88,31.25],[24.22,29.35],[22.41,27.92],[23.47,24.07],[23.8,20.55]]]}},{"type":"Feature","properties":{},"geometry":{"type":"Polygon","coordinates":[[[16.71,33.63],[15.46,32.84],[13.64,33.34],[12.77,32.44],[8.82,33.33],[9.13,35.25],[9.62,34.77],[9.04,35.43],[9.14,36.03],[7.79,37.38],[6.39,37.54],[6.08,37.79],[6.54,38.05],[6.06,38.29],[8.93,38.37],[8.45,39.47],[9.88,39.01],[10.66,39.59],[12.92,38.65],[15.14,38.57],[19.03,41.2],[21.89,42.02],[26.43,41.95],[29.1,40.21],[26.35,39.61],[24.23,38.4],[19.54,37.71],[17.23,36.88],[15.66,35.67],[16.1,34.06],[16.71,33.63]]]}},{"type":"Feature","properties":{},"geometry":{"type":"Polygon","coordinates":[[[10.66,39.59],[11.47,39.93],[11.39,40.62],[13.58,41.13],[12.91,41.3],[13.9,41.49],[13.37,41.74],[13.93,42.75],[14.29,42.12],[14.64,43.11],[15.95,43.07],[15.84,43.42],[16.46,43.56],[17,43.22],[17.1,43.75],[18.07,43.43],[17.01,44.16],[17.38,44.35],[16.74,44.6],[17.03,44.98],[17.92,44.82],[18.27,44.22],[19.08,44.32],[18.82,43.81],[20.2,44.46],[21.96,43.63],[22.09,44.1],[22.9,43.84],[26.43,41.95],[20.58,41.77],[18.19,40.71],[15.14,38.57],[12.92,38.65],[10.66,39.59]]]}},{"type":"Feature","properties":{},"geometry":{"type":"Polygon","coordinates":[[[35.07,35.47],[34.97,34.48],[34.42,34],[30.34,33.74],[29.57,34.64],[29.71,35.34],[32.28,36.24],[32.76,37.1],[35.07,35.47]]]}},{"type":"Feature","properties":{},"geometry":{"type":"Polygon","coordinates":[[[-15.34,71.97],[-16.52,71.72],[-14.91,72.17],[-15.34,71.97]]]}},{"type":"Feature","properties":{},"geometry":{"type":"Polygon","coordinates":[[[-11.84,70.24],[-11.43,69.75],[-12.81,70.15],[-11.84,70.24]]]}},{"type":"Feature","properties":{},"geometry":{"type":"Polygon","coordinates":[[[-14.81,73.14],[-17.88,73.3],[-16.14,73.72],[-14.81,73.14]]]}},{"type":"Feature","properties":{},"geometry":{"type":"Polygon","coordinates":[[[22.21,68.46],[23.21,67.87],[21.42,67.61],[21.6,68.09],[21.1,68.27],[22.21,68.46]]]}},{"type":"Feature","properties":{},"geometry":{"type":"Polygon","coordinates":[[[21.17,68.75],[21.69,68.45],[20.56,68.6],[21.17,68.75]]]}},{"type":"Feature","properties":{},"geometry":{"type":"Polygon","coordinates":[[[-12.75,73.41],[-14.03,73.09],[-14.94,73.81],[-12.75,73.41]]]}},{"type":"Feature","properties":{},"geometry":{"type":"Polygon","coordinates":[[[-9.86,70.93],[-10.98,70.28],[-12.32,70.56],[-10.8,71.12],[-9.86,70.93]]]}},{"type":"Feature","properties":{},"geometry":{"type":"Polygon","coordinates":[[[15.52,68.63],[16.33,68.09],[15.24,68.75],[15.52,68.63]]]}},{"type":"Feature","properties":{},"geometry":{"type":"Polygon","coordinates":[[[-9.51,72.42],[-10.77,72.01],[-9.93,71.96],[-10.84,71.35],[-13.21,71.07],[-12.27,71.85],[-13.04,72.13],[-11.35,72.09],[-10.76,72.33],[-11.54,72.42],[-10.57,72.65],[-9.51,72.42]]]}},{"type":"Feature","properties":{},"geometry":{"type":"Polygon","coordinates":[[[62.61,77.16],[67.53,76.79],[65.64,75.77],[62.61,77.16]]]}},{"type":"Feature","properties":{},"geometry":{"type":"Polygon","coordinates":[[[17.79,70.04],[21.12,68.83],[19.92,68.55],[19.73,67.57],[17.64,69.65],[17.79,70.04]]]}},{"type":"Feature","properties":{},"geometry":{"type":"Polygon","coordinates":[[[19.73,67.57],[19.62,66.68],[19.18,66.58],[18.63,66.86],[19.14,67.02],[17.52,67.46],[18.84,67.43],[17.93,67.61],[19.09,67.95],[17.48,67.66],[17.17,67.98],[18.88,68.38],[19.73,67.57]]]}},{"type":"Feature","properties":{},"geometry":{"type":"Polygon","coordinates":[[[18.5,68.72],[18.01,68.43],[17.82,68.81],[17.4,68.62],[17.7,68.33],[16.79,68.11],[15.67,68.83],[16.3,68.81],[15.98,69.18],[15.15,69.39],[16.62,69.79],[16.02,69.46],[16.99,69.19],[17.1,69.73],[18.5,68.72]]]}},{"type":"Feature","properties":{},"geometry":{"type":"Polygon","coordinates":[[[55.07,76.16],[56.76,76.07],[54.63,76.03],[55.07,76.16]]]}},{"type":"Feature","properties":{},"geometry":{"type":"Polygon","coordinates":[[[57.33,76.91],[59.2,76.54],[58.32,77.01],[60.02,77.07],[62.92,76.35],[57.07,75.96],[57.36,76.33],[56.43,76.58],[57.33,76.91]]]}},{"type":"Feature","properties":{},"geometry":{"type":"Polygon","coordinates":[[[37.54,72.62],[38.05,72.38],[37.11,72.49],[37.54,72.62]]]}},{"type":"Feature","properties":{},"geometry":{"type":"Polygon","coordinates":[[[35.75,72.35],[36.25,72.26],[35.39,72.14],[35.75,72.35]]]}},{"type":"Feature","properties":{},"geometry":{"type":"Polygon","coordinates":[[[37.84,72.82],[38.71,72.8],[38.39,72.47],[37.38,72.7],[37.84,72.82]]]}},{"type":"Feature","properties":{},"geometry":{"type":"Polygon","coordinates":[[[20.87,70.62],[23.32,70.27],[21.99,69.46],[18.47,70.14],[19.4,70.22],[19.22,70.57],[20.8,70.14],[20.87,70.62]]]}},{"type":"Feature","properties":{},"geometry":{"type":"Polygon","coordinates":[[[32.32,72.32],[33.12,72.24],[31.34,71.91],[32.32,72.32]]]}},{"type":"Feature","properties":{},"geometry":{"type":"Polygon","coordinates":[[[39.11,73.47],[39.52,73],[38.02,73.21],[39.11,73.47]]]}},{"type":"Feature","properties":{},"geometry":{"type":"Polygon","coordinates":[[[33.7,72.64],[34.46,72.52],[33.52,71.99],[33.97,71.83],[32.63,71.77],[33.27,71.87],[32.75,71.96],[33.7,72.64]]]}},{"type":"Feature","properties":{},"geometry":{"type":"Polygon","coordinates":[[[38.08,73.62],[38.44,73.43],[37.83,73.41],[38.08,73.62]]]}},{"type":"Feature","properties":{},"geometry":{"type":"Polygon","coordinates":[[[39.64,74],[40.44,73.6],[39.38,73.47],[39.64,74]]]}},{"type":"Feature","properties":{},"geometry":{"type":"Polygon","coordinates":[[[50.99,76.79],[51.58,76.68],[50.71,76.67],[50.99,76.79]]]}},{"type":"Feature","properties":{},"geometry":{"type":"Polygon","coordinates":[[[53.01,77.39],[57.11,76.96],[56.17,76.36],[54.25,76.22],[54.63,76.44],[52.81,76.87],[52.93,77.34],[52.55,77.31],[53.01,77.39]]]}},{"type":"Feature","properties":{},"geometry":{"type":"Polygon","coordinates":[[[-1.53,71.48],[-3.97,70.27],[-2.98,70.24],[-5.13,69.76],[-4.45,69.54],[-5.03,69.23],[-7.34,69.32],[-6.65,69.6],[-8.89,69.26],[-8.11,69.7],[-9.05,69.37],[-9.77,69.84],[-8.79,69.94],[-9.17,70.25],[-8.39,70.62],[-6.81,70.13],[-7.25,70.47],[-6.63,70.52],[-7.8,70.9],[-6.44,70.93],[-6.96,71.17],[-6.46,71.39],[-5.73,71.5],[-5.63,71.08],[-5.06,71.11],[-5.51,71.27],[-5.17,71.57],[-4.04,71.2],[-3.53,71.57],[-1.53,71.48]]]}},{"type":"Feature","properties":{},"geometry":{"type":"Polygon","coordinates":[[[35.49,73.5],[36.29,73.51],[35.22,73.28],[35.77,73.37],[35.49,73.5]]]}},{"type":"Feature","properties":{},"geometry":{"type":"Polygon","coordinates":[[[6.78,66.77],[6.93,66.41],[6.42,66.18],[6.28,66.86],[6.78,66.77]]]}},{"type":"Feature","properties":{},"geometry":{"type":"Polygon","coordinates":[[[7.55,69.55],[7.92,69.1],[6.74,69.13],[8.22,68.94],[7.58,68.49],[8.1,68.37],[7.73,68.14],[5.91,68.1],[4.63,68.62],[4.39,68.41],[4.91,68.2],[3.13,68.3],[5.55,67.99],[1.32,67.72],[0.67,68.02],[0.38,67.91],[1.01,67.69],[0.02,67.58],[-0.54,68.05],[-0.87,67.68],[-2.82,68.25],[-1.95,67.65],[-3.04,68.12],[-2.71,67.8],[-3.64,67.97],[-2.83,67.44],[-4.88,67.03],[-5.83,67.39],[-6.9,67.02],[-8.48,67.62],[-7.54,67.07],[-8.1,66.72],[-7.48,66.75],[-8.63,66.41],[-10.3,66.66],[-9.65,66.79],[-9.74,67.3],[-10.53,67.13],[-10.18,67.41],[-11.55,67.45],[-12.67,68.15],[-12.01,68.42],[-12.84,68.26],[-12.1,68.65],[-10.33,68.31],[-9.37,68.99],[-8.81,68.67],[-9.52,68.31],[-9.31,68],[-6.9,68.12],[-8.94,68.2],[-7.13,68.7],[-8.51,69.02],[-7.87,69.18],[-5.91,69.07],[-5.86,68.42],[-4.63,68.58],[-5.56,69.07],[-5.2,68.88],[-4.28,69.73],[-2.97,70.02],[-2.42,69.63],[-3.28,68.94],[-2.72,68.7],[-3.05,68.97],[-2.08,69.56],[-0.17,68.99],[-0.56,69.27],[0.9,68.95],[0.33,69.29],[2.18,69.32],[-0.71,69.43],[-1.52,69.65],[-0.51,69.62],[-1.25,69.76],[-0.82,69.83],[-2.29,70.07],[0.23,69.89],[-2.39,70.32],[-2.03,70.73],[-0.01,70.26],[-1.83,70.81],[-0.02,70.69],[-0.98,71.05],[-0.09,71.05],[-0.51,71.37],[1.52,71.05],[1.14,70.8],[1.59,70.89],[1.56,70.52],[2.02,70.95],[3.07,70.86],[2.3,70.42],[2.99,70.47],[2.51,69.82],[3.27,70.53],[4.6,70.6],[4.81,70.19],[5.58,70.25],[4.66,69.82],[5.79,70.24],[6.47,69.96],[6.04,69.58],[7.55,69.55]]]}},{"type":"Feature","properties":{},"geometry":{"type":"Polygon","coordinates":[[[-10.01,50.58],[-9.16,51.01],[-9.89,50.93],[-9.48,51.39],[-9.84,51.49],[-8.37,51.57],[-9.77,51.52],[-10.02,51.96],[-8.92,52.07],[-10.03,52.26],[-7.64,52.59],[-10.04,52.34],[-9.65,52.46],[-9.86,52.74],[-9.08,52.61],[-9.68,52.84],[-8.8,52.86],[-9.73,53.34],[-7.48,52.92],[-9.6,53.45],[-8.61,53.79],[-7.11,53.21],[-7.76,53.56],[-6.97,53.54],[-7.43,53.77],[-9.33,53.7],[-8.62,54.12],[-8.04,53.9],[-8.67,54.27],[-6.92,53.61],[-7.55,54.03],[-6.99,54.24],[-8.63,54.42],[-7.08,54.34],[-6.78,54.87],[-6.36,54.6],[-6.26,54.98],[-6.77,54.94],[-5.74,55.59],[-6.92,55.87],[-7.78,56.73],[-5.73,55.91],[-6.04,56.22],[-5.55,56.47],[-6.06,56.73],[-5.49,56.61],[-6.15,56.86],[-5.63,56.94],[-6.28,56.94],[-5.42,57.09],[-6.34,57.23],[-5.41,57.33],[-6.21,57.82],[-6.81,57.36],[-7.68,57.59],[-6.8,57.96],[-7.32,58.08],[-6.68,58.3],[-6.98,58.5],[-6.12,58.71],[-6.51,59.09],[-5.94,59.26],[-6.2,59.64],[-5.71,60.19],[-6.42,60.2],[-5.58,60.3],[-5.9,61.47],[-5.39,61.77],[-6.92,62.94],[-8.24,62.9],[-8.57,63.29],[-8.84,62.94],[-9.51,63.37],[-9.62,63.76],[-8.5,63.78],[-9.5,64.51],[-7.03,64.03],[-6.57,64.3],[-7.97,64.57],[-8.23,64.96],[-7.8,65],[-8.36,65.08],[-8.43,65.63],[-4.12,65.54],[-1.96,66.2],[-3.33,66.34],[-3.02,66.61],[-0.51,66.83],[-0.86,66.46],[1.46,67.19],[1.97,67.02],[1.95,66.38],[2,67.17],[4,67.09],[3.1,66.34],[4,66.69],[4.4,66.1],[5.18,66.97],[6.21,65.89],[6.78,66.36],[7.42,66.17],[7,66.87],[8.48,66.29],[7.49,67.18],[8.28,67.18],[9.05,66.47],[9.91,66.76],[9.64,67.11],[10.91,67.11],[13.21,66.51],[9.96,66.35],[13.26,66.37],[12.84,66.01],[14.17,65.72],[10.04,65.27],[12.87,65.2],[11.99,64.71],[13.97,65.2],[12.43,63.79],[15.75,64.86],[17.15,64.44],[15.55,63.65],[13.55,63.69],[15.42,63.45],[13.54,63.25],[13.62,62.84],[14.78,63.07],[13.8,62.71],[13.57,62.23],[13.88,62.24],[12.41,61.29],[12.23,60.67],[12.77,61.14],[13.37,60.85],[12.53,60.67],[13.61,60.39],[13.5,59.84],[12,60.22],[12.59,60.05],[11.56,59.92],[12.76,59.26],[11.73,59.18],[12.85,58.86],[12.62,58.29],[11.32,58.79],[12.17,58.31],[11.23,58.4],[12.09,58.23],[11.76,57.87],[12.78,57.62],[11.26,57.84],[12.14,57.37],[11,57.56],[11.13,56.89],[11.3,57.29],[12,57.05],[11.87,56.72],[10.74,56.52],[10,57],[10.93,56.89],[9.77,56.89],[9.26,57.35],[9.66,56.88],[7.98,56.64],[9.33,56.43],[8.05,56.35],[9.42,56.04],[8.48,55.84],[9.05,55.79],[8.78,55.44],[9.39,55.79],[10.39,55.17],[9.99,54.93],[10.67,54.99],[10.25,54.74],[10.73,54.65],[10.29,54.32],[10.66,54.33],[10.51,53.69],[10.15,54.14],[9.58,53.78],[9.11,54.72],[7.1,55.68],[7.72,55.22],[7.06,55.12],[8.65,54.74],[7.23,54.7],[6.28,54.1],[7.89,53.84],[6.54,53.71],[7.19,53.5],[8.51,53.83],[10.03,53.27],[7.43,52.17],[4.87,51.83],[4.17,51.91],[3.81,52.51],[3.88,51.8],[3.09,51.65],[1.8,50.48],[1.08,50.66],[1.14,50.33],[0.08,50.45],[-0.01,50.11],[-0.36,50.29],[0.22,50.64],[-0.18,50.83],[-0.68,50.09],[-2.71,49.88],[-2.53,49.07],[-3.31,49.09],[-2.74,48.86],[-2.85,48.43],[-3.43,48.69],[-3.04,48.34],[-3.85,48.37],[-3.66,47.96],[-4.18,48.03],[-3.88,47.78],[-4.93,47.8],[-4.39,47.34],[-4.9,47.56],[-4.51,46.97],[-5.31,46.68],[-4.91,46.42],[-5.51,46.45],[-5.19,46.14],[-5.84,46.3],[-5.24,46.12],[-5.88,46],[-5.51,45.65],[-6.41,45.88],[-5.87,45.21],[-6.42,45.63],[-7.26,45.47],[-6.61,45.85],[-7.27,45.52],[-6.65,46.04],[-7.66,46.05],[-7.03,46.28],[-7.75,46.25],[-6.88,46.55],[-7.57,46.39],[-7.23,46.76],[-9.09,46.58],[-8.67,47.03],[-9.42,47.26],[-8.81,47.27],[-9.49,47.43],[-8.99,47.41],[-9.34,47.57],[-8.95,47.77],[-9.48,47.71],[-8.98,47.87],[-9.6,47.92],[-9.2,48.12],[-9.78,48.47],[-9.11,48.92],[-9.68,48.75],[-9.27,49.13],[-9.91,49.38],[-9.26,49.3],[-10.03,49.79],[-9.12,50.13],[-9.92,50.28],[-8.76,50.31],[-8.98,50.6],[-8.44,50.14],[-8.54,50.68],[-8.93,51.17],[-8.91,50.66],[-10.01,50.58]]]}}]}
