{"type":"FeatureCollection","features":[{"type":"Feature","properties":{},"geometry":{"type":"Polygon","coordinates":[[[24.41,-82.35],[30.87,-82.47],[32.69,-83.04],[23.53,-82.61],[24.41,-82.35]]]}},{"type":"Feature","properties":{},"geometry":{"type":"Polygon","coordinates":[[[53.58,-81.07],[52.34,-81.41],[51.52,-81.19],[52.26,-81.01],[51.24,-80.77],[55.38,-80.91],[53.58,-81.07]]]}},{"type":"Feature","properties":{},"geometry":{"type":"Polygon","coordinates":[[[5.06,-85.16],[8.14,-85.32],[4.71,-85.21],[5.06,-85.16]]]}},{"type":"Feature","properties":{},"geometry":{"type":"Polygon","coordinates":[[[-33.18,-71.94],[-29.67,-71.97],[-30.49,-72.73],[-31.84,-72.85],[-33.14,-72.44],[-33.18,-71.94]]]}},{"type":"Feature","properties":{},"geometry":{"type":"Polygon","coordinates":[[[6.69,-85.69],[6.24,-85.62],[8.96,-85.68],[6.69,-85.69]]]}},{"type":"Feature","properties":{},"geometry":{"type":"Polygon","coordinates":[[[1.85,-85.57],[2.32,-85.59],[0.16,-85.66],[1.85,-85.57]]]}},{"type":"Feature","properties":{},"geometry":{"type":"Polygon","coordinates":[[[7.34,-85.92],[5.6,-85.83],[8.89,-85.87],[7.34,-85.92]]]}},{"type":"Feature","properties":{},"geometry":{"type":"Polygon","coordinates":[[[12.16,-85.83],[13.78,-85.87],[10.83,-85.94],[12.16,-85.83]]]}},{"type":"Feature","properties":{},"geometry":{"type":"Polygon","coordinates":[[[1.24,-85.83],[2.54,-86],[0.98,-85.98],[1.24,-85.83]]]}},{"type":"Feature","properties":{},"geometry":{"type":"Polygon","coordinates":[[[-0.52,-86.23],[1.49,-86.46],[-0.97,-86.3],[-0.52,-86.23]]]}},{"type":"Feature","properties":{},"geometry":{"type":"Polygon","coordinates":[[[-8.76,-86.66],[-6.89,-86.88],[-9.23,-86.68],[-8.76,-86.66]]]}},{"type":"Feature","properties":{},"geometry":{"type":"Polygon","coordinates":[[[-52.98,-84.45],[-53.48,-84.42],[-50.99,-84.46],[-53.82,-84.66],[-52.98,-84.45]]]}},{"type":"Feature","properties":{},"geometry":{"type":"Polygon","coordinates":[[[-55.75,-80.48],[-54.89,-80.62],[-56.85,-80.4],[-55.75,-80.48]]]}},{"type":"Feature","properties":{},"geometry":{"type":"Polygon","coordinates":[[[-59.95,-82.12],[-57.68,-81.07],[-54.64,-81.54],[-54.61,-81.99],[-55.29,-82.2],[-59.95,-82.12]]]}},{"type":"Feature","properties":{},"geometry":{"type":"Polygon","coordinates":[[[-64.78,-82.99],[-56.16,-82.45],[-61.88,-83.15],[-60.7,-83.26],[-61.03,-83.31],[-64.78,-82.99]]]}},{"type":"Feature","properties":{},"geometry":{"type":"Polygon","coordinates":[[[-43.36,-69.31],[-41.11,-69.64],[-42.65,-69.8],[-43.36,-69.31]]]}},{"type":"Feature","properties":{},"geometry":{"type":"Polygon","coordinates":[[[-49.93,-72.95],[-49.53,-73.09],[-50.53,-73],[-49.93,-72.95]]]}},{"type":"Feature","properties":{},"geometry":{"type":"Polygon","coordinates":[[[-44.73,-69.79],[-44.05,-70.27],[-44.87,-70.28],[-45.18,-69.93],[-44.73,-69.79]]]}},{"type":"Feature","properties":{},"geometry":{"type":"Polygon","coordinates":[[[-58.06,-74.81],[-56.3,-74.7],[-57.45,-74.4],[-56.73,-74.17],[-56.21,-74.59],[-55.92,-74.14],[-54.34,-74.49],[-56.8,-75.54],[-59.43,-75.94],[-58.96,-75.54],[-59.23,-75.35],[-57.44,-75.01],[-58.82,-74.83],[-58.06,-74.81]]]}},{"type":"Feature","properties":{},"geometry":{"type":"Polygon","coordinates":[[[-47.4,-67.6],[-47.45,-68.05],[-48.09,-68.12],[-47.4,-67.6]]]}},{"type":"Feature","properties":{},"geometry":{"type":"Polygon","coordinates":[[[-50.08,-67.16],[-49.1,-67.42],[-50.55,-67.57],[-50.08,-67.16]]]}},{"type":"Feature","properties":{},"geometry":{"type":"Polygon","coordinates":[[[-48.42,-65.48],[-42.21,-66.89],[-40.96,-67.9],[-42.92,-68.49],[-43.1,-68.22],[-42.29,-67.9],[-44.18,-67.76],[-44.64,-67.89],[-44.02,-68.05],[-44.75,-68.23],[-44.01,-68.53],[-46.66,-68.61],[-45.76,-68.49],[-46.65,-68.23],[-45.27,-68.13],[-46.28,-68.09],[-45.24,-67.67],[-46.2,-67.74],[-45.6,-67.1],[-44.94,-67.06],[-46.53,-66.88],[-45.94,-66.39],[-47.81,-66.58],[-49.21,-66.19],[-48.42,-65.48]]]}},{"type":"Feature","properties":{},"geometry":{"type":"Polygon","coordinates":[[[-50.42,-63.23],[-49.25,-64.29],[-50.08,-64.21],[-50.42,-63.23]]]}},{"type":"Feature","properties":{},"geometry":{"type":"Polygon","coordinates":[[[72.85,-64.01],[72.26,-64.89],[71.31,-64.63],[72.85,-64.01]]]}},{"type":"Feature","properties":{},"geometry":{"type":"Polygon","coordinates":[[[-50.53,-60.24],[-49.81,-60.35],[-50.06,-60.8],[-50.67,-60.83],[-50.53,-60.24]]]}},{"type":"Feature","properties":{},"geometry":{"type":"Polygon","coordinates":[[[-47.19,-58.45],[-46.21,-58.8],[-46.82,-59.05],[-47.36,-58.83],[-47.19,-58.45]]]}},{"type":"Feature","properties":{},"geometry":{"type":"Polygon","coordinates":[[[-34.08,-71.91],[-34.41,-72.62],[-32.91,-72.88],[-34.41,-73.15],[-22.68,-73.15],[-18.19,-74.39],[-7.84,-74.15],[-6.58,-75.2],[-6.44,-76.26],[-10.61,-77.62],[-16.16,-77.66],[-24.67,-76.58],[-31.96,-74.93],[-35.1,-74.8],[-37.2,-73.97],[-36.46,-73.78],[-36.06,-72.89],[-36.56,-72.14],[-34.08,-71.91]]]}},{"type":"Feature","properties":{},"geometry":{"type":"Polygon","coordinates":[[[-47.42,-57.84],[-46.69,-58.02],[-47.54,-58.43],[-47.08,-59.3],[-48.01,-59.49],[-48.42,-60.79],[-47.82,-60.83],[-47.74,-61.33],[-46.58,-60.88],[-46.39,-61.21],[-47.7,-61.67],[-46.85,-62],[-48.26,-61.79],[-47.38,-62.39],[-48.02,-62.74],[-47.74,-63.33],[-45.71,-64.08],[-44.86,-63.93],[-45.15,-63.6],[-44.61,-63.4],[-44.88,-63.78],[-44.3,-64.03],[-39.19,-64.91],[-38.13,-65.28],[-38.4,-65.69],[-37.62,-65.43],[-36.94,-65.72],[-37.23,-65.97],[-35.92,-66.22],[-35.61,-65.87],[-33.89,-67.18],[-33.34,-67.03],[-33.45,-67.41],[-32.7,-67.91],[-32.99,-68.38],[-32.39,-68.13],[-32.4,-70.1],[-29.56,-70.06],[-29.67,-71.44],[-33.79,-71.4],[-34.08,-71.91],[-42.07,-72.51],[-44.78,-71.68],[-43.65,-71.54],[-43.62,-71.17],[-45.33,-70.64],[-42.93,-70.57],[-42.43,-70.08],[-41.62,-70.33],[-39.58,-67.55],[-41.13,-66.76],[-46.68,-65.55],[-45.89,-65.12],[-46.05,-64.76],[-46.85,-64.79],[-46.58,-64.61],[-48.11,-64.12],[-48.31,-63.56],[-48.91,-63.88],[-49.61,-63.48],[-48.56,-63.41],[-49.6,-62.94],[-49,-62.76],[-49.72,-62.33],[-49.12,-61.92],[-49.59,-61.75],[-49.19,-61.3],[-49.92,-60.98],[-49.26,-60.88],[-49.62,-60.77],[-49.12,-60.48],[-49.57,-60.29],[-48.83,-60.08],[-49.12,-59.45],[-47.42,-57.84]]]}},{"type":"Feature","properties":{},"geometry":{"type":"Polygon","coordinates":[[[-13.71,-70.35],[-14.03,-69.38],[-13.18,-68.15],[-12.86,-66.2],[-11.89,-65.61],[-10.99,-65.78],[-12.18,-64.74],[-15.15,-65.01],[-16.08,-64.07],[-15.14,-63.11],[-14.93,-62.04],[-13.59,-61.1],[-13.53,-59.85],[-12.15,-58.41],[-9.42,-56.94],[-9.21,-56.21],[-10.14,-55.78],[-9.24,-56.03],[-9.18,-55.18],[-7.82,-55.92],[-7.31,-55.72],[-7.8,-54.93],[-7.46,-54.71],[-6.81,-54.65],[-6.63,-55.35],[-5.08,-55.02],[-5.52,-54.9],[-5.37,-54.06],[-5.36,-54.42],[-4.65,-54.52],[-4.56,-55.17],[-3.54,-55.27],[-1.93,-53.93],[0.73,-53.43],[9.39,-53.62],[15.25,-53.05],[15.42,-52.15],[15.91,-52.02],[18.23,-53.72],[19.01,-53.36],[19.2,-52.71],[21.24,-52.02],[23.7,-51.55],[24.62,-52.03],[25.59,-51.32],[25.72,-51.81],[26.43,-51.84],[26.63,-50.96],[28.79,-50.84],[29.89,-51.2],[30.65,-51.97],[29.88,-52.07],[31.31,-52.99],[37.57,-54.72],[37.1,-55.61],[36.34,-55.71],[36.89,-55.8],[36.17,-55.84],[36.55,-56.08],[35.83,-55.96],[35.46,-56.22],[35.74,-56.53],[34.78,-56.76],[35.33,-56.97],[35.05,-57.4],[35.73,-58.29],[38.26,-57.16],[39.67,-57.42],[43,-56.58],[47.12,-56.57],[52.28,-57.5],[55.83,-58.84],[56.84,-58.97],[57.39,-58.36],[58.47,-58.62],[57.94,-58.96],[58.53,-59.02],[58.34,-59.28],[60.08,-59.4],[61.23,-60.09],[62.67,-61.68],[67.13,-61.77],[67.4,-62.49],[67.03,-62.69],[68.22,-63.03],[68.41,-63.92],[71.03,-64.64],[70.54,-64.88],[75.4,-65.6],[75.77,-66.19],[75.4,-66.63],[76.38,-67.01],[78.39,-66.28],[81.43,-67.76],[83.68,-67.28],[83.49,-67.73],[82.59,-67.89],[82.86,-68.54],[86.35,-70.37],[86.34,-70.71],[87.41,-70.84],[87.68,-71.4],[90.01,-71.72],[87.2,-71.87],[87.84,-72.1],[87.87,-72.6],[89.25,-72.96],[87.26,-73.14],[90.08,-73.98],[89.14,-74.36],[92.4,-74.82],[92.4,-75.22],[91.12,-75.54],[91.99,-75.64],[92.11,-76.21],[93.13,-76.16],[92.58,-76.39],[93.55,-76.89],[91.57,-78.31],[92.57,-78.25],[91.67,-78.36],[92.89,-78.49],[91.9,-78.95],[92.79,-78.85],[94.96,-80.22],[93.35,-80.49],[92.05,-81.3],[94.07,-81.23],[86.33,-81.64],[80.08,-81.5],[78.13,-80.83],[73.93,-80.55],[74.36,-80.46],[71.26,-80.7],[71.95,-80.62],[69.46,-80.33],[71.85,-80.16],[69.22,-79.97],[67.46,-80.04],[67.71,-80.46],[66.65,-80.58],[65.73,-80.57],[66.19,-80.09],[57.4,-79.97],[52.42,-80.35],[49.64,-80.01],[49.01,-80.25],[50.62,-80.48],[46.19,-80.64],[47.63,-80.09],[45.54,-79.66],[46,-79.37],[45.44,-79.23],[29.74,-78.49],[30.17,-78.18],[28.21,-78.57],[15.94,-78.28],[13.48,-77.17],[15.78,-78.42],[-1.41,-77.33],[-2.19,-77.44],[2.37,-78.7],[2.46,-79.13],[1.64,-79.61],[1.76,-80.23],[-6.49,-79.97],[-4.51,-78.7],[-6.09,-77.22],[-5.78,-76.72],[-12.2,-75.62],[-11.48,-74.9],[-11.28,-73.71],[-13.02,-71.93],[-13.71,-70.35]]]}},{"type":"Feature","properties":{},"geometry":{"type":"Polygon","coordinates":[[[13.64,-79.99],[15.17,-80.94],[14.11,-81.4],[5.19,-81.88],[24.18,-83.59],[25.11,-83.76],[24.04,-83.97],[24.92,-84.23],[27.9,-84.05],[31.89,-85.04],[16.68,-85.27],[9.61,-84.83],[8.68,-84.91],[10.1,-84.99],[0.88,-85.14],[-0.06,-85.44],[0.72,-85.53],[-2.49,-85.73],[9.8,-86.28],[4.85,-86.51],[-3.37,-86.01],[-4.51,-86.1],[-2.49,-86.45],[-20.4,-86.54],[-48.29,-85.61],[-47.98,-85.38],[-49.03,-85.28],[-45.53,-85.12],[-48.07,-84.83],[-48.62,-84.03],[-51.72,-83.32],[-50.83,-83.11],[-53.11,-81.67],[-52.66,-81.57],[-53.03,-81.15],[-54.79,-80.9],[-52.87,-80.72],[-53.53,-80.36],[-52.67,-80.09],[-56.15,-79.79],[-50.15,-79.63],[-50.76,-79.21],[-53.53,-79.15],[-49.77,-78.58],[-50.62,-78.16],[-47.05,-78.14],[-47.37,-77.75],[-49.41,-77.57],[-48.56,-77.11],[-46.11,-76.95],[-46.34,-76.52],[-53.34,-76.56],[-52.41,-76.07],[-53.3,-75.87],[-54.57,-76.05],[-54.23,-76.6],[-56.82,-76.51],[-53.88,-75.81],[-53.95,-75.17],[-51.51,-74.81],[-51.5,-74.32],[-52.34,-74.22],[-49.45,-73.48],[-49.48,-72.99],[-50.73,-72.69],[-49.11,-72.77],[-47.48,-72.43],[-47.99,-72.02],[-44.78,-71.68],[-35.1,-74.8],[-31.96,-74.93],[-23.16,-76.83],[-16.16,-77.66],[-10.31,-77.64],[2.08,-79.99],[13.64,-79.99]]]}},{"type":"Feature","properties":{},"geometry":{"type":"Polygon","coordinates":[[[-46.26,-57.32],[-45.77,-57.35],[-46.8,-57.78],[-46.26,-57.32]]]}},{"type":"Feature","properties":{},"geometry":{"type":"Polygon","coordinates":[[[-48.02,-57.37],[-47.67,-57.38],[-48.64,-57.82],[-48.02,-57.37]]]}},{"type":"Feature","properties":{},"geometry":{"type":"Polygon","coordinates":[[[-32.77,-54.18],[-33.31,-54.35],[-32.16,-54.91],[-34.23,-54.48],[-32.77,-54.18]]]}},{"type":"Feature","properties":{},"geometry":{"type":"Polygon","coordinates":[[[-32.39,-54.14],[-31.32,-54.33],[-32.37,-54.46],[-32.39,-54.14]]]}},{"type":"Feature","properties":{},"geometry":{"type":"Polygon","coordinates":[[[-36.26,-53.27],[-36.08,-53.75],[-36.56,-53.5],[-36.26,-53.27]]]}},{"type":"Feature","properties":{},"geometry":{"type":"Polygon","coordinates":[[[-34.91,-52.91],[-34.79,-53.6],[-35.26,-53.3],[-34.91,-52.91]]]}},{"type":"Feature","properties":{},"geometry":{"type":"Polygon","coordinates":[[[-37.45,-52.85],[-36.49,-53.23],[-37.15,-53.59],[-37,-53.31],[-37.96,-53.24],[-37.45,-52.85]]]}},{"type":"Feature","properties":{},"geometry":{"type":"Polygon","coordinates":[[[-36.65,-52.09],[-35.9,-52.19],[-37.05,-52.52],[-36.64,-52.62],[-37.09,-52.77],[-36.79,-52.98],[-37.75,-52.64],[-37.13,-52.75],[-37.49,-52.32],[-36.65,-52.09]]]}},{"type":"Feature","properties":{},"geometry":{"type":"Polygon","coordinates":[[[37.73,-88.41],[36.12,-88.32],[41.17,-88.31],[37.73,-88.41]]]}},{"type":"Feature","properties":{},"geometry":{"type":"Polygon","coordinates":[[[-35.79,-53.81],[-34.37,-53.88],[-35.26,-53.49],[-33.65,-54.01],[-33.3,-53.75],[-34.57,-53.18],[-33.85,-52.65],[-34.91,-52.71],[-34.6,-52.26],[-34.95,-52.12],[-34,-51.76],[-33.18,-51.92],[-32.71,-52.37],[-33.02,-52.52],[-31.7,-53.28],[-29.5,-53.76],[-30.82,-54.22],[-36.29,-53.93],[-35.79,-53.81]]]}},{"type":"Feature","properties":{},"geometry":{"type":"Polygon","coordinates":[[[-24.31,-50.2],[-25.18,-51.08],[-25.88,-50.95],[-24.89,-50.62],[-25.55,-50.26],[-24.31,-50.2]]]}},{"type":"Feature","properties":{},"geometry":{"type":"Polygon","coordinates":[[[-23.82,-50.13],[-22.65,-50.47],[-24.41,-51.13],[-23.82,-50.13]]]}},{"type":"Feature","properties":{},"geometry":{"type":"Polygon","coordinates":[[[-39.33,-50.26],[-39.05,-50.63],[-39.63,-50.56],[-39.33,-50.26]]]}},{"type":"Feature","properties":{},"geometry":{"type":"Polygon","coordinates":[[[-40.05,-49.6],[-39.54,-49.71],[-40.07,-50.02],[-40.05,-49.6]]]}},{"type":"Feature","properties":{},"geometry":{"type":"Polygon","coordinates":[[[-39.57,-49.01],[-39.85,-49.49],[-40.33,-48.9],[-39.73,-48.95],[-39.66,-48.23],[-39.41,-49.62],[-39.57,-49.01]]]}},{"type":"Feature","properties":{},"geometry":{"type":"Polygon","coordinates":[[[-39.71,-47.7],[-39.5,-48.26],[-39.95,-48.17],[-39.71,-47.7]]]}},{"type":"Feature","properties":{},"geometry":{"type":"Polygon","coordinates":[[[-156.03,-84.66],[-155.09,-84.93],[-157.15,-84.92],[-154.98,-84.95],[-162,-85.03],[-156.03,-84.66]]]}},{"type":"Feature","properties":{},"geometry":{"type":"Polygon","coordinates":[[[-39.11,-44.52],[-38.98,-44.8],[-39.51,-44.71],[-39.11,-44.52]]]}},{"type":"Feature","properties":{},"geometry":{"type":"Polygon","coordinates":[[[-38.37,-43.86],[-38.06,-44.01],[-38.61,-44.42],[-38.37,-43.86]]]}},{"type":"Feature","properties":{},"geometry":{"type":"Polygon","coordinates":[[[-77.45,-78.91],[-75.39,-79.03],[-77.79,-79.14],[-77.45,-78.91]]]}},{"type":"Feature","properties":{},"geometry":{"type":"Polygon","coordinates":[[[-39.49,-41.32],[-38.89,-41.78],[-39.33,-42.07],[-38.96,-42.39],[-39.29,-42.96],[-39.88,-42.79],[-39.49,-41.32]]]}},{"type":"Feature","properties":{},"geometry":{"type":"Polygon","coordinates":[[[89.72,-84.76],[90.66,-84.69],[81.45,-84.79],[80.8,-84.64],[81.63,-84.5],[78.62,-84.24],[81.44,-84.22],[80,-83.98],[85.41,-82.93],[84.4,-83.31],[85.87,-83.25],[86.33,-83],[85.49,-82.97],[92.26,-81.64],[96.17,-82.92],[98.77,-82.99],[98.37,-83.05],[99.05,-83.13],[98.76,-83.41],[99.01,-82.98],[107.56,-83.61],[100.93,-84.6],[99.99,-84.59],[101.63,-84.34],[91.03,-85.18],[89.63,-85.08],[92.58,-84.86],[89.72,-84.76]]]}},{"type":"Feature","properties":{},"geometry":{"type":"Polygon","coordinates":[[[179.99,-87.34],[167.62,-88.21],[127.11,-88.06],[99.95,-87.53],[72.74,-85.93],[93.25,-87.12],[114.87,-87.55],[148.02,-86.86],[159.25,-86.11],[162.73,-86.19],[158.35,-86.26],[162.77,-86.5],[161.46,-86.78],[163.76,-86.98],[178.57,-86.6],[173.88,-86.92],[179.28,-86.82],[175.98,-87.08],[179.99,-87.34]]]}},{"type":"Feature","properties":{},"geometry":{"type":"Polygon","coordinates":[[[-118.92,-81.14],[-122.15,-81.7],[-121.21,-82.09],[-121.99,-82.15],[-119.43,-82.31],[-129.05,-82.83],[-130.35,-83.47],[-135.34,-84.39],[-133.72,-84.38],[-141.41,-84.86],[-152.74,-84.72],[-151.77,-84.52],[-161.51,-83.58],[-118.92,-81.14]]]}},{"type":"Feature","properties":{},"geometry":{"type":"Polygon","coordinates":[[[110.56,-82.35],[111.52,-82.69],[108.98,-82.58],[110.56,-82.35]]]}},{"type":"Feature","properties":{},"geometry":{"type":"Polygon","coordinates":[[[179.06,-81.68],[179.98,-81.86],[178.61,-81.76],[179.06,-81.68]]]}},{"type":"Feature","properties":{},"geometry":{"type":"Polygon","coordinates":[[[89.52,-74.12],[89.01,-74.2],[89.95,-74.59],[86.3,-73.95],[86.85,-73.67],[89.52,-74.12]]]}},{"type":"Feature","properties":{},"geometry":{"type":"Polygon","coordinates":[[[179.99,-82.73],[179.99,-85.42],[170.77,-85.03],[176.9,-84.43],[176.86,-83.99],[177.33,-83.9],[176.87,-83.71],[177.61,-83.38],[172.22,-82.11],[174.03,-82.27],[172.75,-81.96],[174.12,-81.87],[171.07,-81.76],[172.31,-81.97],[171.52,-82.04],[164.28,-80.1],[172.66,-80.81],[174.37,-81.47],[173.8,-81.61],[176.28,-81.96],[175.38,-82.21],[179.99,-82.73]]]}},{"type":"Feature","properties":{},"geometry":{"type":"Polygon","coordinates":[[[-179.99,-82.14],[-170.63,-83.09],[-160.13,-82.34],[-160.07,-82.71],[-158.33,-83.18],[-159.55,-83.48],[-157.41,-83.8],[-163.26,-84.23],[-159.9,-85.11],[-160.62,-85.32],[-159.71,-85.52],[-161,-85.79],[-160.67,-86.43],[-166.27,-86.99],[-176.48,-86.84],[-174.15,-86.64],[-172.61,-85.95],[-179.99,-85.42],[-179.99,-82.73],[-178.65,-82.68],[-179.99,-82.14]]]}},{"type":"Feature","properties":{},"geometry":{"type":"Polygon","coordinates":[[[142.53,-68.42],[142.77,-68.65],[141.96,-69.44],[141.83,-68.87],[142.53,-68.42]]]}},{"type":"Feature","properties":{},"geometry":{"type":"Polygon","coordinates":[[[155.39,-66.57],[155.77,-66.67],[155.04,-66.77],[155.39,-66.57]]]}},{"type":"Feature","properties":{},"geometry":{"type":"Polygon","coordinates":[[[154.13,-65.81],[154.17,-66.29],[153.45,-65.96],[154.13,-65.81]]]}},{"type":"Feature","properties":{},"geometry":{"type":"Polygon","coordinates":[[[147.41,-64.49],[152.72,-67.34],[151.38,-67.2],[148.6,-65.94],[147.41,-64.49]]]}},{"type":"Feature","properties":{},"geometry":{"type":"Polygon","coordinates":[[[113.95,-54.49],[114.23,-54.7],[113.66,-54.98],[113.97,-55.18],[113.02,-54.92],[113.95,-54.49]]]}},{"type":"Feature","properties":{},"geometry":{"type":"Polygon","coordinates":[[[20.31,-40.34],[21.14,-38.23],[22.54,-37.24],[24.66,-37.56],[24.92,-38],[25.09,-37.52],[25.93,-37.81],[25.99,-37.45],[27.56,-37.05],[27.72,-36.42],[27.99,-36.77],[28.83,-36.6],[29.22,-35.72],[30.07,-35.6],[30.24,-36.76],[29.52,-39.18],[28.97,-39.55],[28.9,-38.88],[28.54,-38.91],[28.05,-40.16],[26.83,-41.17],[19.76,-46.09],[17.05,-45.73],[16.31,-44.76],[17.33,-42.02],[20.31,-40.34]]]}},{"type":"Feature","properties":{},"geometry":{"type":"Polygon","coordinates":[[[106.01,-49.99],[106.05,-50.55],[105.26,-50.31],[106.01,-49.99]]]}},{"type":"Feature","properties":{},"geometry":{"type":"Polygon","coordinates":[[[106.19,-49.86],[107.59,-50.58],[106.46,-50.79],[105.99,-50.34],[106.19,-49.86]]]}},{"type":"Feature","properties":{},"geometry":{"type":"Polygon","coordinates":[[[93.1,-78.68],[90.66,-78.24],[90.84,-77.9],[89.5,-77.35],[90.1,-76.45],[92.59,-75.65],[92.4,-74.79],[92.55,-75.78],[92.9,-75.43],[92.33,-74.72],[90.4,-74.42],[93.42,-74.04],[93.87,-73.28],[90.9,-73.85],[88.54,-73.47],[94.81,-72.76],[96.54,-71.73],[95.51,-72.22],[87.36,-72.78],[86.65,-71.99],[87.38,-72.24],[88.25,-71.63],[88.18,-71.13],[88.86,-70.73],[88.1,-70.53],[88.19,-70.17],[89.22,-70.03],[88.51,-69.77],[89,-69.34],[86.56,-68.46],[85.81,-67.44],[76.8,-64.92],[73.17,-64.27],[70.66,-64.39],[66.54,-61.96],[62.65,-61.35],[61.53,-60.41],[61.29,-59.01],[65.8,-57.93],[68.76,-55.62],[70.78,-52.5],[71.08,-52.52],[70.67,-52.86],[71.15,-52.55],[70.66,-53.19],[71.3,-53.1],[71.89,-52.3],[71.33,-53.32],[72.11,-53.14],[73.03,-51.47],[76.3,-50.05],[76.74,-50.09],[76.2,-50.7],[77.19,-50.4],[80.96,-50.75],[81.73,-51.39],[86.98,-52.49],[89.97,-52.05],[90.5,-51.24],[92.23,-50.92],[91.95,-52.29],[93.16,-51.85],[92.73,-51.45],[93.22,-51.07],[93.98,-51.83],[94.84,-51.97],[94.17,-51.64],[95.28,-51.27],[94.59,-51.4],[94.88,-50.97],[95.46,-50.86],[95.98,-51.47],[95.74,-50.86],[96.62,-51.2],[96.48,-50.65],[97.5,-50.44],[97.22,-50.82],[97.61,-50.96],[98.28,-50.37],[98.29,-50.77],[99.56,-50.62],[100.15,-51.05],[100.66,-52.12],[99.43,-52.76],[100.15,-52.47],[100.22,-52.84],[101.04,-52.28],[102.19,-53.17],[103.03,-52.65],[102.54,-52.27],[104.56,-51.77],[105.12,-51.2],[105.65,-51.42],[105.63,-51.06],[105.99,-51.46],[106.86,-51.02],[108.92,-51.71],[109.2,-51.18],[108,-50.55],[108.42,-50.45],[111,-52.2],[111.96,-52.23],[112.49,-52.76],[113.7,-52.62],[113.17,-52.77],[113.84,-52.77],[113.57,-53.17],[114.74,-52.77],[115.12,-53.34],[114.09,-53.58],[114.27,-53.86],[112.95,-53.87],[112.38,-54.73],[110.56,-54.97],[111.5,-55.49],[110.89,-55.62],[111.55,-55.53],[112.75,-56.41],[112.1,-56.54],[113.1,-56.67],[117.14,-59.37],[118.85,-59.29],[121.48,-57.44],[121.63,-56.05],[122.37,-55.65],[122.24,-55.2],[123.14,-54.91],[122.4,-54.81],[123.53,-54.42],[123.21,-54.33],[123.91,-53.38],[124.65,-53.21],[124.75,-54.4],[125.35,-54.61],[124.95,-54.93],[125.54,-55.52],[125.36,-57.07],[126.74,-57],[127.95,-57.92],[127.53,-59.39],[128.4,-59.94],[128.28,-61.93],[132.93,-63.63],[133.2,-63.95],[132.66,-64.07],[134.14,-65],[134.2,-66.06],[135.16,-66.17],[134.89,-65.85],[135.23,-65.64],[136.45,-66.22],[136.6,-65.91],[136.86,-67.05],[135.9,-66.88],[138.91,-67.63],[141.62,-68.93],[141.53,-69.33],[142.36,-69.58],[141.86,-70.93],[143.63,-72.28],[142.59,-73.01],[142.88,-73.12],[141.69,-74.32],[142.04,-74.57],[141.53,-75.12],[139.49,-75.82],[140.06,-76.09],[137,-76.39],[137.33,-76.53],[135.71,-77.1],[133.76,-76.98],[135.37,-77.15],[131.81,-78.35],[132.62,-78.57],[129,-79.09],[129.43,-79.25],[126.6,-80.22],[126.28,-80.46],[126.88,-80.61],[126.2,-80.84],[114.71,-80.56],[113.23,-80.71],[115.86,-80.7],[106.09,-80.79],[105.75,-81],[106.89,-80.98],[105.39,-81.24],[105.5,-80.87],[104.18,-80.85],[104.66,-80.59],[103.25,-80.31],[104.66,-80.1],[101.3,-79.8],[103.51,-79.87],[103.86,-79.51],[95.6,-79.71],[93.1,-78.68]]]}},{"type":"Feature","properties":{},"geometry":{"type":"Polygon","coordinates":[[[138.59,-53.47],[139.02,-53.8],[138.29,-53.36],[138.59,-53.47]]]}},{"type":"Feature","properties":{},"geometry":{"type":"Polygon","coordinates":[[[120.17,-49.12],[120.56,-49.38],[119.93,-49.85],[118.51,-49.45],[120.17,-49.12]]]}},{"type":"Feature","properties":{},"geometry":{"type":"Polygon","coordinates":[[[133.75,5.35],[133.65,4.77],[132.89,4.35],[133.75,5.35]]]}},{"type":"Feature","properties":{},"geometry":{"type":"Polygon","coordinates":[[[114.14,-46.63],[114.46,-47.1],[113.84,-47.33],[114.14,-46.63]]]}},{"type":"Feature","properties":{},"geometry":{"type":"Polygon","coordinates":[[[114.83,-46.53],[114.68,-46.93],[114.32,-46.59],[114.83,-46.53]]]}},{"type":"Feature","properties":{},"geometry":{"type":"Polygon","coordinates":[[[127.19,0.82],[129.09,2.06],[129.78,1.91],[131.12,2.9],[131.13,3.69],[132.66,4.42],[133.5,4.08],[134.69,4.96],[135.31,4.36],[128.48,-0.04],[128.28,0.34],[127.18,-0.34],[127.19,0.82]]]}},{"type":"Feature","properties":{},"geometry":{"type":"Polygon","coordinates":[[[114.87,-46.12],[115.04,-46.59],[114.41,-46.5],[114.87,-46.12]]]}},{"type":"Feature","properties":{},"geometry":{"type":"Polygon","coordinates":[[[115.16,-41.8],[115.41,-42.5],[114.18,-41.66],[115.16,-41.8]]]}},{"type":"Feature","properties":{},"geometry":{"type":"Polygon","coordinates":[[[118.58,-43.14],[119.55,-43.96],[119.39,-44.67],[116.58,-42.56],[118.58,-43.14]]]}},{"type":"Feature","properties":{},"geometry":{"type":"Polygon","coordinates":[[[126.92,4.63],[127.48,4.78],[127.59,4.29],[127.28,4.03],[126.92,4.63]]]}},{"type":"Feature","properties":{},"geometry":{"type":"Polygon","coordinates":[[[120.3,-42.6],[120.13,-42.92],[119.55,-42.48],[120.3,-42.6]]]}},{"type":"Feature","properties":{},"geometry":{"type":"Polygon","coordinates":[[[124.88,3.83],[125.84,3.55],[126.32,3.87],[126.64,3.46],[124.84,2.88],[124.88,3.83]]]}},{"type":"Feature","properties":{},"geometry":{"type":"Polygon","coordinates":[[[121.49,-42.23],[121.26,-42.66],[121.13,-42.17],[121.49,-42.23]]]}},{"type":"Feature","properties":{},"geometry":{"type":"Polygon","coordinates":[[[137.29,-50.52],[139.13,-51.99],[138.74,-52.58],[141.01,-53.46],[141.43,-54.1],[139.14,-53.82],[130.92,-49.29],[123.9,-46.93],[124.38,-46.84],[122.97,-46.02],[123.69,-45.44],[122.29,-46.11],[121.73,-45.72],[122.16,-45.27],[121.43,-44.38],[123.27,-44.69],[123.49,-45.24],[124.41,-44.73],[122.21,-44.13],[122.42,-43.22],[121.17,-42.7],[123.45,-42.45],[125.29,-43.55],[125.27,-44.27],[124.49,-45.04],[124.49,-45.69],[124.96,-45.43],[124.96,-46.43],[129.82,-45.98],[131.73,-47.52],[137.29,-50.52]]]}},{"type":"Feature","properties":{},"geometry":{"type":"Polygon","coordinates":[[[132.61,-50.02],[132.86,-50.77],[134.25,-51.47],[134.85,-52.52],[135.98,-52.52],[135.81,-52.98],[137.14,-53.23],[136.56,-53.34],[136.78,-53.55],[138.44,-53.81],[137.29,-54.25],[133.48,-53.36],[130.64,-51.03],[128.75,-50.37],[128.06,-50.66],[127.34,-50.04],[127.68,-50.83],[126.68,-50.6],[127.13,-51.01],[124.89,-50.71],[126.29,-51.13],[126.54,-51.72],[122.96,-51.47],[121.59,-50.19],[121.99,-49.91],[120.06,-50],[120.6,-49.38],[120.07,-48.91],[121.52,-49.11],[119.99,-48.63],[120.96,-48.85],[120.02,-48.01],[120.32,-47.46],[119.78,-47.33],[120.05,-47.08],[119.28,-46.66],[119.51,-46.4],[119.22,-46.61],[115.81,-44.86],[123.02,-46.3],[132.61,-50.02]]]}},{"type":"Feature","properties":{},"geometry":{"type":"Polygon","coordinates":[[[121.98,-41.41],[122.41,-41.93],[121.17,-41.28],[121.98,-41.41]]]}},{"type":"Feature","properties":{},"geometry":{"type":"Polygon","coordinates":[[[121.94,4.59],[122.28,4.33],[121.84,4.21],[121.94,4.59]]]}},{"type":"Feature","properties":{},"geometry":{"type":"Polygon","coordinates":[[[-2.26,-6.6],[-2.45,-6.98],[-2.66,-6.73],[-2.26,-6.6]]]}},{"type":"Feature","properties":{},"geometry":{"type":"Polygon","coordinates":[[[113.55,0.47],[115.14,1.73],[116.43,1.42],[121.12,2.62],[124.37,-0.82],[121.57,-0.23],[119.95,-0.38],[118.62,0.34],[117.55,-0.07],[115.88,0.21],[114.06,-0.12],[113.39,0.18],[113.55,0.47]]]}},{"type":"Feature","properties":{},"geometry":{"type":"Polygon","coordinates":[[[120.78,2.65],[121.6,2.96],[121.51,2.49],[122.11,3.33],[122.67,2.41],[123.54,2.98],[124.96,2.24],[125.39,3.05],[126.14,2.99],[128.14,0.87],[127.51,0.83],[127.71,0.51],[127.08,0.2],[127.41,-0.04],[123.64,-0.51],[120.78,2.65]]]}},{"type":"Feature","properties":{},"geometry":{"type":"Polygon","coordinates":[[[126.45,17.56],[126.71,17.23],[126.7,17.81],[127.53,17.78],[128.27,17.35],[129.49,18.01],[128.95,16.89],[129.65,16.91],[128.88,16.18],[129.53,15.74],[128.99,15.21],[129.53,15.53],[129.23,15.26],[130.71,14.96],[130.84,14.43],[132.33,14.51],[131.36,13.93],[132.45,12.32],[132.04,10.64],[132.36,10.71],[132.25,10.19],[132.7,10.45],[132.96,8.85],[132.44,7.8],[131.82,8.37],[131.21,7.68],[130.4,7.67],[129.97,6.44],[129.32,6.89],[128.4,5.78],[126.91,6.99],[126.21,6.7],[126.33,6.99],[125.12,7.33],[124.32,8.79],[126.23,9.7],[125.82,9.65],[125.37,10.79],[126.24,12.21],[125.97,13.9],[126.83,15.08],[126.45,17.56]]]}},{"type":"Feature","properties":{},"geometry":{"type":"Polygon","coordinates":[[[22.33,-50.96],[18.93,-52.7],[16.94,-52.56],[16.12,-51.58],[16.66,-51.02],[19.56,-50.6],[19.93,-50.66],[19.2,-50.72],[22.33,-50.96]]]}},{"type":"Feature","properties":{},"geometry":{"type":"Polygon","coordinates":[[[-28.88,11.11],[-28.86,10.41],[-29.79,10.3],[-29.33,10.57],[-29.55,10.98],[-28.88,11.11]]]}},{"type":"Feature","properties":{},"geometry":{"type":"Polygon","coordinates":[[[-51.42,0.83],[-50.37,-0.16],[-51.81,0.39],[-51.42,0.83]]]}},{"type":"Feature","properties":{},"geometry":{"type":"Polygon","coordinates":[[[-55.2,4.94],[-53.11,3.27],[-52.66,2.53],[-53.16,2.58],[-52.37,1.52],[-52.84,1.35],[-54.71,2.67],[-55.39,2.26],[-55.56,3.12],[-57.12,3.9],[-57.39,4.47],[-57.02,4.63],[-55.62,3.53],[-55.39,4.48],[-55.85,5.07],[-55.2,4.94]]]}},{"type":"Feature","properties":{},"geometry":{"type":"Polygon","coordinates":[[[118.73,20.02],[119.58,20.41],[119.7,19.15],[119.07,18.23],[118.12,18.22],[117.75,19.02],[118.73,20.02]]]}},{"type":"Feature","properties":{},"geometry":{"type":"Polygon","coordinates":[[[-52.74,6.76],[-51.4,5.17],[-49.17,-0.31],[-51.98,1.61],[-51.09,1.97],[-51.66,2.55],[-51.51,3.59],[-53.28,5.88],[-52.99,6.31],[-55.66,7.62],[-55.09,7.31],[-54.43,7.67],[-52.74,6.76]]]}},{"type":"Feature","properties":{},"geometry":{"type":"Polygon","coordinates":[[[-33.1,20],[-32.81,19.23],[-33.14,19.07],[-33.48,19.47],[-33.1,20]]]}},{"type":"Feature","properties":{},"geometry":{"type":"Polygon","coordinates":[[[132.31,42.04],[133.31,41.95],[133.26,41.54],[134,41.32],[133.68,39.65],[133.05,39.15],[132.98,39.86],[132.92,39.3],[132.32,39.45],[132.47,40.88],[131.88,41.2],[132.2,40.73],[131.58,40.5],[131.34,40.99],[131.78,40.82],[131.14,41.2],[132.31,42.04]]]}},{"type":"Feature","properties":{},"geometry":{"type":"Polygon","coordinates":[[[135.81,43.11],[136.62,42.72],[136.19,42.03],[135.27,42.07],[134.66,41.32],[134.2,41.9],[133.8,41.71],[134.5,42.64],[135.81,43.11]]]}},{"type":"Feature","properties":{},"geometry":{"type":"Polygon","coordinates":[[[22.58,16.53],[24.17,15.2],[22.94,15.64],[22.29,16.41],[22.58,16.53]]]}},{"type":"Feature","properties":{},"geometry":{"type":"Polygon","coordinates":[[[28.29,9.43],[27.45,9.68],[26.86,10.41],[27.01,11],[27.67,10.69],[28.29,9.43]]]}},{"type":"Feature","properties":{},"geometry":{"type":"Polygon","coordinates":[[[18.32,22.39],[16.96,21.29],[15.8,23.45],[16.26,23.63],[18.32,22.39]]]}},{"type":"Feature","properties":{},"geometry":{"type":"Polygon","coordinates":[[[24.18,19.67],[24.44,18.31],[23.7,19.75],[24.18,19.67]]]}},{"type":"Feature","properties":{},"geometry":{"type":"Polygon","coordinates":[[[35.47,33.75],[35.77,33.42],[35.03,33.51],[35.47,33.75]]]}},{"type":"Feature","properties":{},"geometry":{"type":"Polygon","coordinates":[[[12.47,29.94],[12.29,29.26],[11.69,29.56],[12.47,29.94]]]}},{"type":"Feature","properties":{},"geometry":{"type":"Polygon","coordinates":[[[16.97,32.9],[16.56,32.46],[14.75,32.25],[14.07,32.93],[16.43,33.63],[16.97,32.9]]]}},{"type":"Feature","properties":{},"geometry":{"type":"Polygon","coordinates":[[[135.8,43.47],[133.83,42.76],[133.77,42.21],[132.36,42.07],[132.31,42.57],[134.22,44.11],[137.51,44.75],[137.7,46.53],[138.33,46.78],[137.91,46.3],[138.44,46.01],[139.72,46.87],[140.65,48.6],[140.07,50.26],[140.38,50.97],[141.44,50.73],[140.93,51.35],[141.63,51.34],[143.02,49.54],[142.81,48.28],[142.16,47.94],[142.61,46.95],[142.36,46.16],[142.89,45.68],[142.49,45.06],[141.86,44.74],[141.89,45.49],[140.82,44.28],[140.67,44.72],[140.24,44.12],[138.9,43.87],[139.21,44.13],[138.41,44.28],[138.35,43.81],[138.87,43.55],[137.6,42.55],[136.96,42.82],[137.14,43.7],[135.8,43.47]]]}},{"type":"Feature","properties":{},"geometry":{"type":"Polygon","coordinates":[[[19.07,33.04],[17.09,32.96],[18.19,33.58],[19.07,33.04]]]}},{"type":"Feature","properties":{},"geometry":{"type":"Polygon","coordinates":[[[148.73,49.36],[149.05,49.41],[147.96,48.57],[148.73,49.36]]]}},{"type":"Feature","properties":{},"geometry":{"type":"Polygon","coordinates":[[[143.8,50.01],[146.73,48.71],[147.74,49.18],[147.54,48.62],[148.05,48.11],[146.5,47.58],[145.98,46.69],[143.01,46.97],[142.57,47.68],[143.72,47.79],[143.47,49.66],[143.8,50.01]]]}},{"type":"Feature","properties":{},"geometry":{"type":"Polygon","coordinates":[[[140.18,52.31],[139.93,51.92],[141.16,51.65],[140.01,51.08],[139.24,52.19],[140.18,52.31]]]}},{"type":"Feature","properties":{},"geometry":{"type":"Polygon","coordinates":[[[-12.4,38.81],[-12.49,38.09],[-13.28,37.62],[-12.43,38.12],[-12.02,37.68],[-13.42,37.47],[-13.53,37.99],[-12.4,38.81]]]}},{"type":"Feature","properties":{},"geometry":{"type":"Polygon","coordinates":[[[-15.44,39.11],[-15.37,38.66],[-13.8,38.45],[-14.59,38.04],[-15.68,38.67],[-15.44,39.11]]]}},{"type":"Feature","properties":{},"geometry":{"type":"Polygon","coordinates":[[[-14.76,42.15],[-12.87,41.03],[-14.44,41.52],[-15.1,42.11],[-14.76,42.15]]]}},{"type":"Feature","properties":{},"geometry":{"type":"Polygon","coordinates":[[[-81.24,41.62],[-79.33,40.63],[-78.42,38.57],[-79.69,39.1],[-79.21,39.48],[-79.91,39.29],[-79.95,39.77],[-80.56,39.91],[-80.11,40.14],[-81.42,40.86],[-80.83,41.24],[-81.4,41.2],[-81.58,41.6],[-81.24,41.62]]]}},{"type":"Feature","properties":{},"geometry":{"type":"Polygon","coordinates":[[[-7.54,40.31],[-6.68,40.61],[-6.78,40.31],[-5.9,40.19],[-6.7,39.42],[-5.64,39.5],[-6.56,39.19],[-6.44,38.5],[-5.62,38.99],[-6.13,37.58],[-6.58,37.63],[-6.4,38.19],[-7.03,37.88],[-6.71,38.91],[-8.35,38.08],[-7.28,38.77],[-8.59,38.76],[-8.15,39.18],[-9.15,38.87],[-11.23,39.26],[-7.54,40.31]]]}},{"type":"Feature","properties":{},"geometry":{"type":"Polygon","coordinates":[[[-7.38,42.79],[-7,42.69],[-7.63,42.53],[-7.38,42.24],[-8.7,41.07],[-7.47,41.16],[-8.12,40.81],[-7.26,40.66],[-7.54,40.31],[-11.16,39.38],[-10.13,40.01],[-10.94,40.15],[-10.07,40.65],[-9.7,40.41],[-9.93,40.8],[-9.43,40.87],[-8.88,42.06],[-7.38,42.79]]]}},{"type":"Feature","properties":{},"geometry":{"type":"Polygon","coordinates":[[[-28.36,47.86],[-27.99,47.23],[-29.03,47.77],[-28.36,47.86]]]}},{"type":"Feature","properties":{},"geometry":{"type":"Polygon","coordinates":[[[-83.28,44.59],[-83.6,44.26],[-83.27,43.38],[-83.96,44.57],[-83.28,44.59]]]}},{"type":"Feature","properties":{},"geometry":{"type":"Polygon","coordinates":[[[-81.01,44.09],[-80.99,43.37],[-80.89,43.73],[-81.32,43.64],[-81.01,44.09]]]}},{"type":"Feature","properties":{},"geometry":{"type":"Polygon","coordinates":[[[-109.1,55.31],[-108.87,55.05],[-109.72,54.99],[-109.1,55.31]]]}},{"type":"Feature","properties":{},"geometry":{"type":"Polygon","coordinates":[[[-83.83,45.69],[-83.22,45.38],[-83.67,45],[-82.74,45.42],[-83.65,44.56],[-84.08,45.09],[-83.83,45.69]]]}},{"type":"Feature","properties":{},"geometry":{"type":"Polygon","coordinates":[[[142.26,58.8],[143.37,57.38],[143.38,56.25],[146.11,53.39],[145.17,53.92],[144.05,53.68],[143.91,52.31],[145.17,51.45],[145.28,50.66],[144.33,51.3],[143.87,50.39],[143.42,51.05],[143.5,52.47],[142.91,53.21],[142.69,55.6],[141.88,56.13],[141.55,57.65],[142.43,57.97],[141.71,58.7],[142.26,58.8]]]}},{"type":"Feature","properties":{},"geometry":{"type":"Polygon","coordinates":[[[-105.75,54.8],[-105.73,54.25],[-107.29,54.82],[-105.75,54.8]]]}},{"type":"Feature","properties":{},"geometry":{"type":"Polygon","coordinates":[[[136.49,61.36],[137.08,61.31],[136.71,60.84],[136.08,60.91],[136.49,61.36]]]}},{"type":"Feature","properties":{},"geometry":{"type":"Polygon","coordinates":[[[3.4,42.76],[4.42,43.01],[3.32,42.94],[4.24,43.58],[3.18,43.8],[3.74,44.17],[3.3,44.63],[4.62,44.56],[4.96,44.98],[4.41,45.05],[5.6,45.69],[5.97,45.53],[5.57,45.25],[6.67,45.48],[7.15,44.75],[6.39,44.45],[6.47,43.96],[3.4,42.76]]]}},{"type":"Feature","properties":{},"geometry":{"type":"Polygon","coordinates":[[[4.64,42.22],[3.39,41.83],[3.67,42.1],[3.08,42],[3.59,42.25],[2.89,42.24],[3.45,42.53],[2.86,42.58],[6.47,43.96],[6.28,42.47],[4.64,42.22]]]}},{"type":"Feature","properties":{},"geometry":{"type":"Polygon","coordinates":[[[20.06,45.85],[20.34,45.33],[19.45,45.76],[20.06,45.85]]]}},{"type":"Feature","properties":{},"geometry":{"type":"Polygon","coordinates":[[[-75.67,54.26],[-76.14,53.63],[-76.45,53.77],[-76.04,54.05],[-76.6,54.02],[-75.67,54.26]]]}},{"type":"Feature","properties":{},"geometry":{"type":"Polygon","coordinates":[[[21.62,46.39],[21.5,45.29],[20.61,45.62],[20.73,46.27],[21.4,45.95],[21.19,46.25],[21.62,46.39]]]}},{"type":"Feature","properties":{},"geometry":{"type":"Polygon","coordinates":[[[-83.23,47.85],[-82.53,46.74],[-83.04,46.74],[-82.51,46.52],[-82.79,45.98],[-82.93,46.63],[-83.47,46.77],[-83.06,47.03],[-83.42,47.12],[-83.23,47.85]]]}},{"type":"Feature","properties":{},"geometry":{"type":"Polygon","coordinates":[[[-25.12,50.81],[-25.39,50.08],[-24.97,50.53],[-25.48,50.06],[-25.19,50.41],[-26.09,50.21],[-25.12,50.81]]]}},{"type":"Feature","properties":{},"geometry":{"type":"Polygon","coordinates":[[[-83.43,48.52],[-83.17,48.1],[-83.81,47.62],[-83.43,48.52]]]}},{"type":"Feature","properties":{},"geometry":{"type":"Polygon","coordinates":[[[-83.05,48.6],[-82.56,48.01],[-83.22,47.93],[-83.05,48.6]]]}},{"type":"Feature","properties":{},"geometry":{"type":"Polygon","coordinates":[[[6.61,47.99],[7.1,47.53],[6.8,47.3],[6.21,47.71],[6.61,47.99]]]}},{"type":"Feature","properties":{},"geometry":{"type":"Polygon","coordinates":[[[26.62,48.36],[26.78,47.92],[26.19,47.38],[26.1,48],[26.62,48.36]]]}},{"type":"Feature","properties":{},"geometry":{"type":"Polygon","coordinates":[[[-95.39,52.67],[-95.18,51.96],[-97.38,52.13],[-96.68,52.25],[-97.38,52.26],[-97.16,52.76],[-96.35,52.79],[-96.46,52.3],[-96.01,52.79],[-95.39,52.67]]]}},{"type":"Feature","properties":{},"geometry":{"type":"Polygon","coordinates":[[[-84.6,46.62],[-84.89,46.39],[-84.34,46.15],[-84.93,46.45],[-84.76,45.69],[-85.1,46.25],[-85.45,45.95],[-85.18,46.68],[-84.6,46.62]]]}},{"type":"Feature","properties":{},"geometry":{"type":"Polygon","coordinates":[[[-83.16,49.93],[-82.85,48.94],[-83.66,48.66],[-83.15,49.12],[-83.16,49.93]]]}},{"type":"Feature","properties":{},"geometry":{"type":"Polygon","coordinates":[[[-94.43,52.77],[-94.28,52.36],[-95.16,52.77],[-94.43,52.77]]]}},{"type":"Feature","properties":{},"geometry":{"type":"Polygon","coordinates":[[[29.55,49.27],[30.16,49.15],[29.2,48.53],[28.97,49.12],[29.55,49.27]]]}},{"type":"Feature","properties":{},"geometry":{"type":"Polygon","coordinates":[[[9.01,48.88],[9.19,48.6],[8.14,48.17],[8.64,48.1],[7.57,46.97],[6.61,47],[7.31,47.37],[7.01,48.13],[7.6,48.07],[7.31,48.34],[7.69,48.88],[9.01,48.88]]]}},{"type":"Feature","properties":{},"geometry":{"type":"Polygon","coordinates":[[[8.53,47.86],[10.18,47.82],[9.57,46.79],[8.91,46.61],[9.52,46.49],[8.49,46.34],[9.87,46.13],[10.35,45.51],[7.63,44.89],[7.37,45.24],[7.98,46.17],[7.78,46.46],[7.31,46.12],[7.54,46.5],[6.89,45.57],[7.05,46.56],[8.53,47.86]]]}},{"type":"Feature","properties":{},"geometry":{"type":"Polygon","coordinates":[[[10.35,45.51],[10.57,44.8],[11.52,44.31],[11.7,43.79],[10.99,43.91],[11.71,43.68],[11.57,43.09],[12.96,42.92],[12.86,42.27],[11.83,41.64],[12.7,41.35],[6.75,40.31],[8,41.44],[9.02,41.44],[9.59,42.02],[8.76,41.61],[7.13,42.17],[8.29,42.8],[8.21,43.17],[7.62,43.05],[7.98,43.37],[9.3,43.54],[9.3,44.45],[8.92,44.34],[8.76,45],[10.35,45.51]]]}},{"type":"Feature","properties":{},"geometry":{"type":"Polygon","coordinates":[[[29.48,49.74],[29.9,49.51],[29.07,49.55],[29.48,49.74]]]}},{"type":"Feature","properties":{},"geometry":{"type":"Polygon","coordinates":[[[-11.41,53.69],[-11.44,53.3],[-11.81,53.67],[-11.41,53.69]]]}},{"type":"Feature","properties":{},"geometry":{"type":"Polygon","coordinates":[[[-22.37,56.32],[-23.14,55.62],[-23.23,56.09],[-22.37,56.32]]]}},{"type":"Feature","properties":{},"geometry":{"type":"Polygon","coordinates":[[[-24.21,57.32],[-24.15,57.01],[-25.91,56.75],[-25.35,57.37],[-24.21,57.32]]]}},{"type":"Feature","properties":{},"geometry":{"type":"Polygon","coordinates":[[[-20.71,57.18],[-20.35,56.81],[-20.77,56.78],[-21.03,57.18],[-20.71,57.18]]]}},{"type":"Feature","properties":{},"geometry":{"type":"Polygon","coordinates":[[[-135.63,87.87],[-137.16,87.79],[-127.03,87.37],[-129.28,87.16],[-123.93,86.57],[-133.35,86.64],[-132.74,86.84],[-136.27,87.42],[-142.74,87.56],[-135.63,87.87]]]}},{"type":"Feature","properties":{},"geometry":{"type":"Polygon","coordinates":[[[-24.7,60.55],[-24.78,59.81],[-24.25,59.98],[-22.86,58.72],[-23.37,58.2],[-22.43,58.18],[-22.07,57.72],[-23,57.56],[-23.98,57.98],[-24.09,58.56],[-26.67,57.92],[-26.46,58.57],[-27.74,58.67],[-26.58,58.96],[-24.7,60.55]]]}},{"type":"Feature","properties":{},"geometry":{"type":"Polygon","coordinates":[[[-23.64,60.54],[-23.09,60],[-23.61,60.04],[-23.64,60.54]]]}},{"type":"Feature","properties":{},"geometry":{"type":"Polygon","coordinates":[[[64.77,61.9],[65.02,61.68],[64.22,61.6],[64.77,61.9]]]}},{"type":"Feature","properties":{},"geometry":{"type":"Polygon","coordinates":[[[-14.75,60.95],[-14.25,60.61],[-15.16,60.76],[-14.75,60.95]]]}},{"type":"Feature","properties":{},"geometry":{"type":"Polygon","coordinates":[[[-15.73,61.42],[-15.22,61.14],[-15.87,60.48],[-17.34,60.55],[-16.68,61.33],[-15.73,61.42]]]}},{"type":"Feature","properties":{},"geometry":{"type":"Polygon","coordinates":[[[22.92,59.33],[22.97,58.9],[23.29,59.3],[23.52,58.96],[22.48,58.62],[22.92,59.33]]]}},{"type":"Feature","properties":{},"geometry":{"type":"Polygon","coordinates":[[[-179.99,89.45],[-179.99,89.99],[179.99,89.99],[179.99,89.45],[74.59,89.58],[71.19,89.18],[82.48,88.99],[82.75,88.54],[51.75,88.25],[84.36,88.19],[42.62,87.19],[25.59,85.89],[17.73,86.87],[-2.67,87.98],[-3.74,88.1],[-1.74,88.26],[-5.6,88.61],[-1.5,88.69],[-15.33,88.99],[-27.82,88.85],[-5.5,88.28],[-69.22,87.67],[-70.81,87.72],[-68.96,87.83],[-80.12,88.13],[-70.01,88.45],[-84.24,88.34],[-81.78,88.43],[-82.96,88.76],[-67.54,89.05],[-130.82,88.83],[-124.65,88.63],[-127,88.48],[-145.17,88.73],[-135.24,88.97],[-179.99,89.45]]]}},{"type":"Feature","properties":{},"geometry":{"type":"Polygon","coordinates":[[[22.5,59.38],[22.72,59.04],[22.04,58.94],[22.5,59.38]]]}},{"type":"Feature","properties":{},"geometry":{"type":"Polygon","coordinates":[[[-15.71,62.61],[-15.41,62.49],[-16.06,62.35],[-15.71,62.61]]]}},{"type":"Feature","properties":{},"geometry":{"type":"Polygon","coordinates":[[[46.83,61.81],[47.4,61.59],[46.04,61.14],[46.03,61.78],[46.83,61.81]]]}},{"type":"Feature","properties":{},"geometry":{"type":"Polygon","coordinates":[[[24.17,59.91],[24.47,59.63],[23.63,59.47],[24.17,59.91]]]}},{"type":"Feature","properties":{},"geometry":{"type":"Polygon","coordinates":[[[-30.09,65.92],[-29.68,65.33],[-29.98,65.1],[-29.63,65.25],[-29.88,64.9],[-29.4,64.77],[-30.89,64.64],[-32.59,65.51],[-30.09,65.92]]]}},{"type":"Feature","properties":{},"geometry":{"type":"Polygon","coordinates":[[[45.92,82.2],[45.9,82.63],[48.46,82.38],[45.92,82.2]]]}},{"type":"Feature","properties":{},"geometry":{"type":"Polygon","coordinates":[[[25.15,60.55],[25.48,60.46],[24.82,60.38],[25.15,60.55]]]}},{"type":"Feature","properties":{},"geometry":{"type":"Polygon","coordinates":[[[-5.64,56.69],[-4.81,55.82],[-6.38,55.91],[-5.83,55.83],[-6.59,56.27],[-5.64,56.69]]]}},{"type":"Feature","properties":{},"geometry":{"type":"Polygon","coordinates":[[[52.84,63.79],[54.41,63.23],[52.53,63.5],[52.84,63.79]]]}},{"type":"Feature","properties":{},"geometry":{"type":"Polygon","coordinates":[[[-10.76,63.43],[-10.46,63.31],[-11.13,63.24],[-10.76,63.43]]]}},{"type":"Feature","properties":{},"geometry":{"type":"Polygon","coordinates":[[[10.69,54.91],[10.82,54.51],[9.15,54.47],[10.69,54.91]]]}},{"type":"Feature","properties":{},"geometry":{"type":"Polygon","coordinates":[[[47.74,64.02],[48.32,63.64],[47.44,63.88],[47.74,64.02]]]}},{"type":"Feature","properties":{},"geometry":{"type":"Polygon","coordinates":[[[17.45,84.09],[20.21,84.1],[15.82,83.64],[17.45,84.09]]]}},{"type":"Feature","properties":{},"geometry":{"type":"Polygon","coordinates":[[[11.48,83.59],[7.48,84.06],[15.81,84.08],[14.08,83.56],[11.48,83.59]]]}},{"type":"Feature","properties":{},"geometry":{"type":"Polygon","coordinates":[[[124.26,77.39],[125.07,77.41],[123.74,77.26],[124.26,77.39]]]}},{"type":"Feature","properties":{},"geometry":{"type":"Polygon","coordinates":[[[-16.38,39.43],[-16.09,38.54],[-15.44,38.36],[-15.74,38.29],[-14.46,37.66],[-13.89,37.88],[-13.18,37.2],[-16.27,36.9],[-17.55,35.96],[-18.06,36.33],[-17.62,37.11],[-17.95,37.02],[-16.25,37.67],[-16.09,37.26],[-15.24,37.55],[-16.65,37.73],[-16.14,38.31],[-19.89,37.12],[-20.47,37.44],[-20.73,36.97],[-21.72,36.9],[-22.78,35.64],[-22.29,34.95],[-21.97,35.24],[-22.01,34.75],[-23.12,34.83],[-23.19,35.2],[-23.4,34.78],[-24.15,34.82],[-20.96,37.69],[-16.38,39.43]]]}},{"type":"Feature","properties":{},"geometry":{"type":"Polygon","coordinates":[[[-15.41,-27.28],[-18.59,-31.47],[-17.19,-29.69],[-17.94,-29.26],[-17.72,-29.61],[-18.76,-31.03],[-19.09,-32.43],[-20.5,-34.04],[-22.48,-34.38],[-24.19,-34],[-24.81,-33.36],[-24.46,-32.44],[-24.85,-32.63],[-24.89,-33.98],[-23.48,-34.8],[-23.44,-35.68],[-31.19,-33.47],[-32.86,-32.69],[-34.09,-29.99],[-37.3,-25.21],[-37.51,-23.31],[-37.06,-21.48],[-37.47,-18.95],[-31.01,-22.34],[-24.49,-25.02],[-15.41,-27.28]]]}},{"type":"Feature","properties":{},"geometry":{"type":"Polygon","coordinates":[[[-27.8,-37.97],[-28.37,-37.77],[-27.94,-38.38],[-28.24,-38.31],[-28.19,-39.92],[-30.88,-39.97],[-30.71,-41.21],[-30.13,-41.54],[-29.46,-41.14],[-29.27,-41.83],[-30.61,-41.78],[-29.93,-42.07],[-30.87,-42.78],[-30.95,-44.08],[-32.38,-44.51],[-32.91,-45.34],[-32,-46.2],[-30.96,-46.35],[-30.91,-47.1],[-33.88,-49.86],[-33.9,-50.99],[-32.98,-51.6],[-35.39,-52.1],[-35.62,-53.28],[-36.88,-52.84],[-36.18,-52.92],[-35.62,-52.27],[-36.09,-51.96],[-37.39,-51.98],[-37.4,-52.49],[-37.89,-52.5],[-37.39,-52.01],[-38.22,-52.24],[-38.32,-51.55],[-37.43,-51.75],[-37.36,-51.42],[-37.1,-51.66],[-37.5,-51.93],[-37.08,-51.92],[-37.07,-51.23],[-37.75,-50.72],[-37.9,-50.98],[-37.15,-51.2],[-37.92,-51.07],[-37.51,-51.34],[-37.8,-51.59],[-38.01,-51.14],[-37.87,-51.66],[-38.53,-51.14],[-38.3,-50.7],[-38.92,-50.45],[-38.11,-50.18],[-38.33,-49.89],[-38.73,-50.38],[-38.75,-49.9],[-39.46,-49.76],[-38.62,-49.81],[-39.15,-49.17],[-38.49,-49.23],[-38.91,-48.61],[-39.27,-48.94],[-39.36,-48.35],[-38.99,-48.28],[-39.34,-48.15],[-38.85,-47.95],[-39.66,-47.58],[-38.28,-47.53],[-38.78,-47.08],[-39.75,-47.29],[-39.19,-47.14],[-39.58,-46.97],[-39.12,-46.69],[-39.4,-46.3],[-40.81,-46.39],[-39.95,-45.38],[-39.31,-45.36],[-38.99,-46.12],[-38.4,-45.17],[-38.8,-45.3],[-38.75,-44.95],[-38.07,-44.91],[-38.81,-44.7],[-37.94,-43.97],[-38.68,-43.67],[-38.06,-42.03],[-38.39,-41.79],[-37.94,-41.95],[-38.47,-41.4],[-37.91,-40.97],[-39.35,-41.27],[-39.45,-39.54],[-38.98,-38.89],[-39.62,-36.87],[-39.11,-36.63],[-37.82,-32.98],[-38.04,-28.43],[-37.22,-24.56],[-34.02,-29.32],[-31.57,-34.48],[-27.8,-37.97]]]}},{"type":"Feature","properties":{},"geometry":{"type":"Polygon","coordinates":[[[-36.11,10.68],[-34.11,10.79],[-32.96,10.22],[-31.52,10.7],[-32.15,10.86],[-29.74,11.01],[-30.78,10.75],[-30.2,10.06],[-28.72,9.74],[-28.81,8.85],[-27.87,8.89],[-26.47,7.95],[-26.38,6.76],[-26.07,7.24],[-24.89,6.2],[-22.79,6.44],[-20.67,5.95],[-18.94,4.66],[-18.52,3.02],[-17.52,1.99],[-18.99,0.04],[-18.31,0.55],[-18.64,-0.14],[-18.01,0.46],[-15.96,0.3],[-16.41,-0.86],[-17.96,-1.38],[-16.84,-1.12],[-16.93,-1.58],[-15.89,-0.87],[-15.48,0.06],[-14.41,-0.07],[-12.9,-0.64],[-12.9,-1.08],[-12.43,-0.74],[-12.17,-1.06],[-12.32,-1.57],[-11.91,-1.63],[-12.31,-2.62],[-11.85,-1.79],[-11.75,-2.15],[-10.93,-1.61],[-9.77,-2.07],[-7.5,-2.05],[-4.65,-4.08],[-2.74,-4.58],[-2.26,-7.09],[-5.32,-11.73],[-5.85,-12.18],[-6.04,-11.8],[-6.34,-16.87],[-8.07,-21.23],[-9.07,-22.24],[-11.44,-22.24],[-15.16,-24.85],[-15.68,-24.77],[-15.29,-24.97],[-15.76,-25.56],[-15.41,-25.62],[-15.51,-27.53],[-24.56,-25.13],[-31.02,-22.33],[-37.42,-18.84],[-38.64,-17.25],[-43.14,-14.75],[-46.35,-8.44],[-47.4,-6.96],[-48.54,-6.3],[-48.3,-5.77],[-48.73,-4.52],[-47.57,-3.63],[-47.24,-2.77],[-47.49,-2.53],[-47.77,-2.96],[-48.54,-2.43],[-47.7,0.54],[-46.63,0.98],[-46.3,1.91],[-41.87,4.05],[-40.43,7.51],[-37.4,10.35],[-36.11,10.68]]]}},{"type":"Feature","properties":{},"geometry":{"type":"Polygon","coordinates":[[[-46.16,7.65],[-45.39,6.83],[-45.55,7.48],[-44.23,8.32],[-43.85,9.71],[-41.87,10.18],[-40.25,11.33],[-39.71,10.92],[-40.56,10.43],[-40.19,9.58],[-40.74,8.69],[-40.33,7.92],[-39.64,8.58],[-40.19,9.67],[-38.65,10.3],[-38.62,11.06],[-38.22,10.31],[-36.84,9.72],[-38.14,9.14],[-41.27,6.41],[-42.84,3.01],[-47.34,1.04],[-45.67,2.84],[-46.19,3.14],[-45.97,5.49],[-46.72,6.37],[-46.16,7.65]]]}},{"type":"Feature","properties":{},"geometry":{"type":"Polygon","coordinates":[[[-23.57,-35.27],[-22.99,-35.95],[-23.77,-37.19],[-27.93,-38.27],[-31.37,-35.25],[-32.98,-32.34],[-23.57,-35.27]]]}},{"type":"Feature","properties":{},"geometry":{"type":"Polygon","coordinates":[[[-72.48,37.86],[-72.08,37.77],[-72.11,38.33],[-72.88,38.36],[-73.7,40.8],[-72.44,41.33],[-70.85,40.39],[-69.02,37.13],[-68.72,35.69],[-69.18,34.62],[-72.48,37.86]]]}},{"type":"Feature","properties":{},"geometry":{"type":"Polygon","coordinates":[[[-73.7,40.8],[-73.09,41.99],[-73.27,43.33],[-71.82,46.59],[-71.29,46.55],[-71.87,46.63],[-71.47,46.99],[-71.74,47.27],[-71.28,47.26],[-71.77,47.3],[-71.88,48.8],[-70.01,48.29],[-70.64,47.58],[-69.93,48.08],[-69.94,47.64],[-70.49,47.2],[-69.66,47.56],[-69.77,48.93],[-68.76,49.19],[-68.85,47.76],[-67.04,47.46],[-66.21,46.21],[-64.02,45.75],[-64.95,44.14],[-69.81,42.71],[-73.7,40.8]]]}},{"type":"Feature","properties":{},"geometry":{"type":"Polygon","coordinates":[[[-77.65,38.68],[-77.92,39.01],[-77.24,38.95],[-77.65,38.68]]]}},{"type":"Feature","properties":{},"geometry":{"type":"Polygon","coordinates":[[[-76.7,39.31],[-77.86,39.14],[-77.74,40],[-77.83,39.54],[-78.42,39.57],[-78.03,40.22],[-78.58,39.86],[-78.94,40.27],[-78.36,40.61],[-79.04,40.58],[-78.22,41.06],[-78.61,41.42],[-79.09,40.66],[-79.95,40.96],[-79.18,41.38],[-79.81,41.09],[-80.06,41.33],[-79.63,41.63],[-80.69,41.55],[-80,41.68],[-80.85,41.99],[-79.75,42.3],[-80.77,42.18],[-80.7,42.57],[-79.95,42.83],[-79.71,42.41],[-79.8,42.8],[-79.24,42.8],[-79.94,43.05],[-79.38,42.98],[-77.09,40.66],[-76.7,39.31]]]}},{"type":"Feature","properties":{},"geometry":{"type":"Polygon","coordinates":[[[-79.69,43.17],[-80.93,43],[-80.36,43.39],[-80.76,43.8],[-79.69,43.17]]]}},{"type":"Feature","properties":{},"geometry":{"type":"Polygon","coordinates":[[[-66.32,35.63],[-66.54,35.11],[-68.85,35.05],[-68.76,36.41],[-70.44,39.82],[-72.44,41.33],[-69.81,42.71],[-64.95,44.14],[-64.02,45.75],[-63.36,45.67],[-62.55,45.35],[-65.07,39.79],[-66.32,35.63]]]}},{"type":"Feature","properties":{},"geometry":{"type":"Polygon","coordinates":[[[-66.44,35.55],[-66.38,34.88],[-66.97,35.03],[-68.04,36.35],[-69.11,36.72],[-67.6,41.39],[-64.99,46.95],[-63.05,46.35],[-63.54,45.05],[-61.63,43.55],[-63.64,39.96],[-65.51,38.37],[-66.44,35.55]]]}},{"type":"Feature","properties":{},"geometry":{"type":"Polygon","coordinates":[[[-62.71,32.46],[-65.5,33.31],[-66.39,34.6],[-67.86,35.49],[-66.74,38.94],[-64.75,40.44],[-62.77,43],[-62.43,43.94],[-64.22,45.52],[-63.61,46.8],[-62.46,46.79],[-60.41,42.55],[-59.88,39.78],[-60.29,36.47],[-62.29,34.29],[-62.71,32.46]]]}},{"type":"Feature","properties":{},"geometry":{"type":"Polygon","coordinates":[[[-42.62,27.02],[-43.6,26.95],[-42.69,26.75],[-43.13,26.39],[-42.67,25.65],[-43.31,26.34],[-43.67,25.95],[-44.45,26.2],[-45.02,26.98],[-45.53,26.77],[-46.92,27.51],[-47.93,27.07],[-47.6,27.2],[-48.05,27.44],[-47.98,27.08],[-49.7,26.43],[-49.27,26.61],[-49.91,26.8],[-49.72,26.48],[-50.59,26.29],[-50.97,25.58],[-51.29,25.78],[-51.03,24.21],[-51.62,23.35],[-51.4,23.71],[-51.76,23.74],[-52.49,20.44],[-51.69,17.56],[-50.58,16.56],[-50.17,15.41],[-50.78,15.6],[-52.22,17.08],[-53.6,21.08],[-53.84,26.61],[-47.3,28.85],[-44.75,28.3],[-42.62,27.02]]]}},{"type":"Feature","properties":{},"geometry":{"type":"Polygon","coordinates":[[[-49.84,13.55],[-50.88,14.43],[-52.39,13.96],[-53.85,14.55],[-60.12,19.22],[-60.61,20.43],[-60.13,20.51],[-60.37,20.78],[-59.88,21.36],[-60.23,22.68],[-61.85,25.48],[-62.87,26.18],[-62.68,27.12],[-64.59,29.47],[-65.37,31.94],[-62.54,28.83],[-60.93,27.74],[-56.82,25.16],[-54.04,24.49],[-52.64,18.03],[-52.22,17.08],[-48.88,13.69],[-49.84,13.55]]]}},{"type":"Feature","properties":{},"geometry":{"type":"Polygon","coordinates":[[[-49.13,16.18],[-46.83,15.92],[-45.36,18.14],[-44.83,18.28],[-41.9,17.85],[-43.15,16.33],[-42.86,16.17],[-43.56,14.92],[-43.61,15.6],[-44.05,15.19],[-44.16,13.77],[-45.13,12.85],[-44.87,12.68],[-48.2,13.29],[-49.44,15.1],[-49.13,16.18]]]}},{"type":"Feature","properties":{},"geometry":{"type":"Polygon","coordinates":[[[-63.98,29.99],[-64.03,28.15],[-61.67,24.47],[-61.18,22.02],[-60.08,20.97],[-60.59,20.46],[-62.57,22.71],[-62.32,23.56],[-63.18,24.95],[-63.67,24.75],[-64.86,25.94],[-63.83,25.72],[-63.8,26.58],[-65.17,28.02],[-66.16,31.61],[-67.14,32.64],[-69.08,33.44],[-68.97,34.01],[-70.29,36.64],[-67.85,33.95],[-65.44,32.46],[-63.98,29.99]]]}},{"type":"Feature","properties":{},"geometry":{"type":"Polygon","coordinates":[[[-65.37,31.94],[-65.18,32.37],[-66.79,33.4],[-68.09,35.95],[-69.67,36.99],[-69.29,37.41],[-68.45,37.67],[-66.36,37.16],[-64.91,35.51],[-62.89,34.41],[-62.03,33.1],[-59.27,32.21],[-57.59,30.98],[-57.06,29.9],[-57.33,25.61],[-62.54,28.83],[-65.37,31.94]]]}},{"type":"Feature","properties":{},"geometry":{"type":"Polygon","coordinates":[[[-88.78,84.2],[-95.55,84.7],[-92.51,84.92],[-95.27,84.87],[-94.05,85.12],[-97.6,85.65],[-97.65,86.19],[-87.12,86.37],[-80.89,87.12],[-71.41,86.12],[-69.32,85.5],[-76.19,85.31],[-76.02,84.9],[-76.96,84.54],[-74.6,84.38],[-75.19,84.24],[-88.78,84.2]]]}},{"type":"Feature","properties":{},"geometry":{"type":"Polygon","coordinates":[[[-74.41,84.22],[-73.17,84.39],[-74.42,84.55],[-67.67,84.76],[-67.02,84.62],[-72.7,84.38],[-67.29,84.3],[-63.88,85.11],[-43.46,85.61],[-43.93,85.39],[-40.21,85.08],[-44.61,84.25],[-40.37,83.62],[-38.96,82.99],[-40.44,82.69],[-39.74,81.98],[-41.57,81.61],[-40.21,80.94],[-44.26,81.13],[-43.93,81.05],[-44.68,80.93],[-43.02,80.68],[-50.22,79.81],[-49.69,79.63],[-54.59,77.83],[-54.2,77.21],[-56.57,76.61],[-57.14,75.83],[-59.69,75.06],[-63.72,75.44],[-70.78,77.73],[-67.96,79.2],[-69.13,81.97],[-66.96,83.38],[-74.41,84.22]]]}},{"type":"Feature","properties":{},"geometry":{"type":"Polygon","coordinates":[[[-25.88,34.28],[-27.03,32.93],[-27.56,33.7],[-27.32,32.47],[-28.46,31.32],[-27.97,32.11],[-28.43,33.09],[-27.85,33.73],[-28.55,33.53],[-28.58,32.29],[-29.39,32.85],[-28.55,32.12],[-29.12,32.32],[-28.81,31.27],[-29.34,31.59],[-28.55,31.14],[-28.39,29.96],[-28.58,30.93],[-28.56,30.28],[-29.44,30.31],[-28.61,29.83],[-29.75,29.85],[-29.37,29.59],[-29.89,29.41],[-29.32,29.21],[-34.05,27.59],[-34.96,26.36],[-34.54,21.89],[-35.27,20.36],[-35.92,20.47],[-36.33,21.32],[-36.18,22.12],[-36.5,22],[-36.91,23.02],[-36.53,23.43],[-36.98,23.43],[-36.51,24.4],[-37.69,25.96],[-38.93,25.63],[-39,26.31],[-39.86,26.55],[-39.53,26.6],[-41.32,26.65],[-41.15,27.23],[-41.41,26.77],[-42.49,26.97],[-44.75,28.3],[-36.81,28.91],[-33.55,30.34],[-29.11,33.3],[-25.88,34.28]]]}},{"type":"Feature","properties":{},"geometry":{"type":"Polygon","coordinates":[[[-56.42,15.78],[-53.42,13.79],[-52.57,11.89],[-55.5,9.03],[-57.03,8.94],[-57.21,9.5],[-57.36,8.89],[-57.59,9.82],[-57,10.26],[-57.44,12.92],[-57.07,12.72],[-56.9,13.16],[-57.9,13.59],[-59.7,15.98],[-60.33,18.72],[-59.38,18.42],[-58.61,17.24],[-56.42,15.78]]]}},{"type":"Feature","properties":{},"geometry":{"type":"Polygon","coordinates":[[[-25.36,64.67],[-26.1,64.62],[-25.84,64.03],[-26.52,63.55],[-24.4,64.13],[-24.14,63.51],[-25.17,62.9],[-25.12,61.92],[-21.37,63.24],[-21.83,63.61],[-21.32,64.17],[-19.18,63.5],[-19.99,63.55],[-18.91,62.95],[-19.7,62.77],[-19.32,62.43],[-20.52,62.45],[-20.13,62.27],[-20.51,62.31],[-20.26,61.34],[-20.82,60.95],[-22.73,60.62],[-22.71,61.24],[-23.72,61.39],[-23.2,61.35],[-23.24,60.5],[-25.17,61.32],[-24.79,60.83],[-26.59,60.28],[-27.99,61.3],[-29.32,61.54],[-26.4,60.16],[-27.99,59.33],[-29.52,59.68],[-30.64,59.09],[-33.01,60.14],[-30.71,59.01],[-34.3,58.25],[-33.96,57.93],[-35.08,57.81],[-34.68,57.66],[-36.45,56.56],[-37.18,55.74],[-35.78,55.13],[-35.92,53.68],[-36.42,53.32],[-34.43,53.24],[-30.7,50.43],[-28.38,49.88],[-29.27,47.75],[-28.26,45.89],[-27.79,45.63],[-27.18,46.04],[-26.98,45.48],[-26.91,46.09],[-26.19,46.57],[-25.98,48.22],[-26.41,48.96],[-24.46,49.26],[-22.93,50.2],[-22.62,51.8],[-23.64,52.67],[-21.89,53.72],[-22.12,54.18],[-21.67,54.57],[-22.27,54.62],[-21.28,55.22],[-21.44,56.02],[-20.65,56.21],[-18.64,55.34],[-17.78,55.59],[-17.12,55.08],[-17.42,54.83],[-16.92,54.79],[-17.13,54.51],[-16.55,54.46],[-16.83,54.03],[-15.2,53.66],[-15.74,52.72],[-16.84,52.91],[-15.87,52.63],[-16.18,52],[-15.76,51.67],[-16.98,51.46],[-15.56,51.5],[-15.24,51.06],[-16.56,50.43],[-15.09,51.07],[-15.11,50.39],[-13.67,51.12],[-13.6,50.54],[-13.35,51.13],[-12.73,51.16],[-13,51.44],[-12.39,51.47],[-12.65,51.88],[-11.53,52.22],[-11.87,52.04],[-11.45,51.99],[-11.63,51.34],[-11.14,51.07],[-11.76,50.99],[-10.93,50.53],[-11.67,50.22],[-10.77,50.28],[-11.58,49.88],[-10.79,49.96],[-11.06,49.75],[-10.54,49.37],[-11.11,49.32],[-10.29,48.78],[-10.71,48.35],[-11.39,48.62],[-10.71,48.28],[-11.14,48.01],[-10.56,47.94],[-10.23,47.18],[-9.86,47.37],[-10.41,46.64],[-9.55,46.88],[-9.79,46.68],[-9.31,46.66],[-9.86,46.31],[-9.07,46.7],[-9.18,46.3],[-7.79,45.85],[-10.99,44.94],[-8,45.49],[-8.07,44.75],[-6.95,44.68],[-7,43.98],[-7.33,44.02],[-7.01,43.76],[-7.67,43.83],[-7.01,43.34],[-8.32,42.71],[-9.78,42.95],[-10.2,42.28],[-11.32,41.88],[-16.63,42.76],[-17.68,41.97],[-19.3,41.67],[-21.7,40.1],[-16.76,41.69],[-15.1,40.97],[-15.48,41.12],[-15.22,40.74],[-16.23,40.39],[-17.55,40.59],[-15.81,40.05],[-16.38,39.43],[-20.96,37.69],[-24.15,34.82],[-25.43,34.76],[-29.11,33.3],[-33.55,30.34],[-36.81,28.91],[-42.19,28.26],[-47.91,28.76],[-53.84,26.61],[-54.04,24.49],[-56.82,25.16],[-57.33,25.61],[-57.43,26.68],[-57.24,30.5],[-59.02,31.93],[-59.28,32.67],[-58.8,34.03],[-56.6,36.7],[-56.51,41.29],[-58.42,45.35],[-60.33,53.2],[-64.03,56.87],[-64.7,58.17],[-65.28,62.25],[-63.4,63.5],[-62.42,65.88],[-64.13,67.44],[-67.29,69.06],[-66.31,70.98],[-64.7,71.85],[-65.19,72.47],[-63.79,71.96],[-63.48,72.58],[-61.06,72.71],[-60.66,72.41],[-61.62,72.27],[-55.52,72.21],[-59.55,71.8],[-58.04,71.95],[-58.76,71.48],[-57.19,71.87],[-53.45,71.71],[-54.01,71.91],[-53.44,72.16],[-53.78,70.96],[-53.38,70.61],[-51.07,71.18],[-52.4,70.43],[-49.32,70.31],[-44.78,67.85],[-46.98,67.58],[-46.64,67.36],[-42.08,66.6],[-41.59,66.17],[-41.87,65.81],[-41.38,66.03],[-41.22,65.58],[-41.91,65.59],[-41.62,64.62],[-41.66,65.1],[-40.67,65.3],[-40.7,66.04],[-37.75,66.35],[-40.77,66.6],[-37.79,66.71],[-37.47,66.41],[-37.95,66.14],[-37.14,65.55],[-37.42,65.42],[-36.56,65.56],[-36.07,64.89],[-33.1,64.31],[-32.58,64.95],[-31.82,64.96],[-30.9,64.49],[-31.47,64.27],[-30.54,64.38],[-31.83,63.73],[-31.22,63.27],[-30.45,64.11],[-28.24,64.27],[-28.59,64.32],[-28.14,64.74],[-29.1,64.58],[-27.45,65.1],[-28.88,65.65],[-28.97,66.11],[-27.72,66.51],[-28.23,66.71],[-27.54,67.11],[-25.44,67.32],[-25.73,67.49],[-24.94,67.09],[-25.59,66.18],[-25.27,65.37],[-26.9,65.15],[-25.36,64.67]]]}},{"type":"Feature","properties":{},"geometry":{"type":"Polygon","coordinates":[[[-83.87,46.76],[-84.36,46.42],[-84.59,46.75],[-84.03,47.09],[-84.63,47.65],[-84.58,46.91],[-85.19,46.86],[-85.41,48.14],[-84.79,50.04],[-85.87,51.64],[-87.57,53.06],[-89.68,53.54],[-89.01,53.72],[-90.91,54.09],[-94.58,53.83],[-94.33,53.26],[-95.78,53.13],[-100.45,53.6],[-101.02,53.29],[-103.82,54.09],[-103.55,54.3],[-105.77,54.46],[-103.36,54.58],[-102.48,53.87],[-101.91,54.26],[-98.65,54],[-96.34,54.73],[-97.59,54.98],[-97.14,55.39],[-98.31,55.11],[-97.99,55.76],[-98.44,56.04],[-93.49,56.46],[-87.37,55.22],[-85.29,54.28],[-83.3,51.95],[-83.87,46.76]]]}},{"type":"Feature","properties":{},"geometry":{"type":"Polygon","coordinates":[[[-73.02,45.6],[-72.55,45.67],[-73,45.62],[-72.82,47.35],[-74.81,50.4],[-75.98,51.27],[-75.71,51.5],[-75.03,50.73],[-75.68,51.52],[-74.91,52.02],[-76.2,51.52],[-76.47,52.23],[-75.45,52.29],[-76.44,52.7],[-76.16,52.91],[-76.07,52.49],[-76.12,52.9],[-74.65,53.34],[-75.6,53.13],[-74.68,53.89],[-76.28,53.1],[-75.38,54.1],[-76.16,54.45],[-76.7,54.13],[-75.58,54.58],[-76.25,56.06],[-75.8,55.99],[-75.92,56.47],[-75.52,56.07],[-75.81,56.5],[-75.36,56.48],[-75.85,56.71],[-75.27,56.74],[-75.89,56.87],[-75.12,57.17],[-76.13,57.35],[-75.4,58.43],[-76.14,57.75],[-75.8,59.46],[-76.49,62.51],[-76.23,62.95],[-71.7,61.23],[-70.98,60.34],[-72.12,59.25],[-72.27,58.45],[-71.69,56.38],[-69.94,54.93],[-69.98,51.04],[-70.44,49.48],[-70.1,47],[-72.06,43.63],[-73.6,44.22],[-73.02,45.6]]]}},{"type":"Feature","properties":{},"geometry":{"type":"Polygon","coordinates":[[[-70.98,60.34],[-69.96,58.63],[-70.16,55.15],[-71.69,56.38],[-72.27,58.45],[-72.12,59.25],[-70.98,60.34]]]}},{"type":"Feature","properties":{},"geometry":{"type":"Polygon","coordinates":[[[-72.21,70.45],[-72.31,68.9],[-69.18,67.61],[-67.3,66.07],[-68.09,63.67],[-69.88,62.4],[-69.95,61.86],[-68.75,57.69],[-64.4,53.42],[-62.46,46.79],[-68.71,48.29],[-69.93,49.27],[-68.83,52.74],[-68.85,54.03],[-69.93,55.75],[-70.57,59.14],[-73.51,64.74],[-79.96,69.04],[-86.04,71.69],[-83.72,72.14],[-73.88,71.98],[-70.93,72.61],[-70.33,72],[-72.21,70.45]]]}},{"type":"Feature","properties":{},"geometry":{"type":"Polygon","coordinates":[[[-85.34,48.23],[-85.77,48.95],[-85.09,49.16],[-85.34,48.23]]]}},{"type":"Feature","properties":{},"geometry":{"type":"Polygon","coordinates":[[[-84.97,48.86],[-87.77,50.82],[-87.56,51.29],[-88.35,52.16],[-87.59,52.27],[-88.89,52.65],[-88.25,52.9],[-89.4,52.92],[-89.38,52.4],[-90.24,52.24],[-90.82,52.5],[-90.6,52.72],[-92.58,52.64],[-93.1,53.06],[-90.08,53.55],[-89.52,53.04],[-89.68,53.54],[-87.57,53.06],[-84.79,50.04],[-84.97,48.86]]]}},{"type":"Feature","properties":{},"geometry":{"type":"Polygon","coordinates":[[[-70.98,60.34],[-71.7,61.23],[-71.08,61],[-70.98,60.34]]]}},{"type":"Feature","properties":{},"geometry":{"type":"Polygon","coordinates":[[[12,56.66],[13.09,56.11],[12.62,55.89],[11.81,56.4],[12,56.66]]]}},{"type":"Feature","properties":{},"geometry":{"type":"Polygon","coordinates":[[[12.57,56.8],[13.19,56.4],[11.81,56.75],[12.57,56.8]]]}},{"type":"Feature","properties":{},"geometry":{"type":"Polygon","coordinates":[[[64.73,68.65],[65.36,68.34],[64.57,68.32],[64.73,68.65]]]}},{"type":"Feature","properties":{},"geometry":{"type":"Polygon","coordinates":[[[-37.16,71.88],[-38.76,71.25],[-36.83,71.34],[-35.98,70.78],[-37.11,70.5],[-34.48,70.68],[-34.32,70.26],[-35.37,69.27],[-34.47,69.44],[-33.06,70.63],[-31.71,70.37],[-31.67,69.82],[-33.74,68.25],[-33.63,67.68],[-32.23,66.92],[-32.61,66.55],[-34.76,66.92],[-35.25,66.34],[-34.06,66.55],[-34.37,66.27],[-34.05,66.13],[-35.4,66.02],[-37.03,66.49],[-36.62,66.61],[-37.68,66.96],[-37.42,67.27],[-40.33,67.04],[-44.15,67.59],[-43.28,68.21],[-45.53,68.99],[-45.4,69.66],[-44.8,69.69],[-40.11,68.81],[-44.64,70.52],[-40.97,70.5],[-43.9,71.25],[-41.85,71.91],[-37.16,71.88]]]}},{"type":"Feature","properties":{},"geometry":{"type":"Polygon","coordinates":[[[47.9,66.14],[49.02,66.05],[48.47,65.76],[48.95,65.84],[48.53,65.63],[48.85,65.37],[48.46,65.38],[49.01,64.75],[51.56,63.72],[48.69,63.52],[48.46,63.81],[48.97,63.89],[48.14,64.24],[46.83,64.06],[46.46,64.56],[47.06,64.63],[47.25,65.19],[46.82,65.19],[47.47,65.31],[46.56,65.39],[47.9,66.14]]]}},{"type":"Feature","properties":{},"geometry":{"type":"Polygon","coordinates":[[[11.84,57.23],[12.77,56.88],[11.27,57.04],[11.84,57.23]]]}},{"type":"Feature","properties":{},"geometry":{"type":"Polygon","coordinates":[[[58.89,67.82],[59.27,67.75],[58.21,67.42],[57.88,67.74],[58.89,67.82]]]}},{"type":"Feature","properties":{},"geometry":{"type":"Polygon","coordinates":[[[-29.89,70.59],[-29.79,70.3],[-31.49,69.86],[-31.67,70.67],[-29.89,70.59]]]}},{"type":"Feature","properties":{},"geometry":{"type":"Polygon","coordinates":[[[-13.69,66.97],[-11.91,66.33],[-11.8,65.67],[-14.27,65.95],[-14.46,66.64],[-13.69,66.97]]]}},{"type":"Feature","properties":{},"geometry":{"type":"Polygon","coordinates":[[[-16.81,57.74],[-19.11,57.62],[-20.04,58.34],[-18.79,58.93],[-15.91,58.37],[-16.2,59.18],[-13.78,59.92],[-13.77,61.1],[-14.28,61.23],[-13.88,61.43],[-14.4,61.36],[-14.9,62],[-15.98,61.84],[-14.82,62.2],[-15.3,62.65],[-14.87,62.69],[-15.61,62.8],[-15.15,63.1],[-15.82,62.96],[-15.46,63.38],[-15.96,63.49],[-15.91,64.02],[-16.65,63.79],[-16.24,63.66],[-16.53,63.24],[-18.38,63.87],[-18.17,63.38],[-19.09,64.22],[-18.52,63.69],[-21.36,64.35],[-21.66,64.67],[-21.24,64.89],[-22.63,64.88],[-22.85,65.87],[-21.17,65.41],[-22.79,66.16],[-22.26,66.69],[-18.68,67.88],[-16.55,67.59],[-19.05,66.88],[-19.64,66.22],[-19.37,65.34],[-21.05,65.37],[-19.54,65.29],[-19.8,65.03],[-18.71,65.62],[-19.38,66.18],[-18.12,66.04],[-18.52,66.49],[-18.12,66.91],[-14.44,67.07],[-14.71,66.02],[-16.09,65.35],[-14.67,65.75],[-14.35,65.43],[-14.83,65.19],[-14.39,65.34],[-14.08,64.8],[-14.36,65.39],[-13.53,65.21],[-13.87,65.59],[-12.97,65.7],[-11.68,65.17],[-13.03,64.55],[-11.46,64.55],[-12.54,64.45],[-12.07,64.32],[-12.8,63.94],[-11.29,64.31],[-12.11,63.67],[-10.72,64.07],[-10.09,63.54],[-11.59,63.1],[-9.9,63.29],[-11.35,62.85],[-10.7,62.87],[-11.36,62.43],[-9.56,63.03],[-10.39,62.73],[-9.34,62.89],[-8.76,62.5],[-10.42,62.27],[-10.78,62.13],[-9.27,62.22],[-10.6,61.85],[-8.82,62.3],[-8.45,61.84],[-10.7,61.79],[-8.54,61.14],[-10.12,61.5],[-9.55,61.26],[-10.37,61.14],[-9.68,61.21],[-9.42,61.03],[-10.07,61.01],[-9.63,60.81],[-10.75,61.03],[-9.07,60.36],[-10.04,60.34],[-9.02,60.01],[-9.29,59.68],[-8.81,59.88],[-9.15,59.48],[-7.99,59.7],[-8.54,59.43],[-7.94,59.51],[-7.81,59],[-8.54,58.76],[-7.2,58.89],[-8.03,58.48],[-6.6,58.51],[-6.28,58.01],[-7.6,57.91],[-7.08,57.49],[-7.84,57.71],[-7.44,57.33],[-7.83,57.16],[-8.28,57.59],[-8.82,56.59],[-9.3,56.97],[-9.04,57.21],[-9.48,56.9],[-9.16,57.26],[-9.74,57.3],[-9.3,57.46],[-9.8,57.46],[-9.31,57.54],[-9.83,57.64],[-8.65,58.09],[-9.99,57.88],[-9.45,58.26],[-9.98,58.05],[-10.25,58.61],[-11.1,58.79],[-10.62,58.51],[-11.21,58.68],[-10.87,58.11],[-11.75,58.31],[-11.49,57.96],[-11.93,57.67],[-11.2,57.79],[-11.28,56.81],[-11.03,57.1],[-11.03,56.66],[-10.59,56.88],[-10.65,56.45],[-10.16,56.38],[-10.71,56.28],[-10.06,55.85],[-10.34,55.13],[-10.67,55.75],[-10.56,54.81],[-11.01,55.01],[-11.16,54.55],[-11.78,55.53],[-11.99,55.14],[-12.65,56.05],[-12.63,55.66],[-13.48,56.17],[-11.87,54.3],[-12.06,53.98],[-15.7,55.82],[-16.04,56.28],[-15.26,56.31],[-16.22,56.73],[-16.55,57.38],[-16.25,57.6],[-17.08,57.4],[-16.81,57.74]]]}},{"type":"Feature","properties":{},"geometry":{"type":"Polygon","coordinates":[[[124.3,80.07],[128.09,79.73],[122.47,79.3],[123.19,79.52],[122.8,79.89],[124.3,80.07]]]}},{"type":"Feature","properties":{},"geometry":{"type":"Polygon","coordinates":[[[-25.98,69.87],[-24.39,69.28],[-26.57,68.9],[-25.79,68.68],[-26.25,68.35],[-25.59,68.38],[-26.73,67.64],[-28.27,67.72],[-27.98,67.94],[-29.4,67.62],[-29.14,68.15],[-29.91,68.83],[-29.87,69.39],[-29,69.57],[-28.79,69.04],[-27.76,69.04],[-27.21,69.48],[-27.92,69.81],[-25.98,69.87]]]}},{"type":"Feature","properties":{},"geometry":{"type":"Polygon","coordinates":[[[-21.47,69.12],[-19.74,68.4],[-25.72,67.5],[-23.66,69.04],[-21.47,69.12]]]}},{"type":"Feature","properties":{},"geometry":{"type":"Polygon","coordinates":[[[87.11,74.82],[88.39,74.52],[86.82,74.47],[87.1,74.62],[86.67,74.76],[87.11,74.82]]]}},{"type":"Feature","properties":{},"geometry":{"type":"Polygon","coordinates":[[[-39.55,74],[-39.05,73.44],[-39.43,73.37],[-38.68,73.34],[-39.18,73.19],[-37.44,73.05],[-37.51,72.11],[-48,71.57],[-48.31,71.68],[-48.06,72.68],[-48.94,72.89],[-43.19,73.84],[-42.51,74.47],[-39.55,74]]]}},{"type":"Feature","properties":{},"geometry":{"type":"Polygon","coordinates":[[[15.8,58.85],[15.83,58.47],[15.21,58.61],[15.8,58.85]]]}},{"type":"Feature","properties":{},"geometry":{"type":"Polygon","coordinates":[[[125.36,81.99],[132.8,82.16],[129.4,81.73],[123.38,82.11],[125.36,81.99]]]}},{"type":"Feature","properties":{},"geometry":{"type":"Polygon","coordinates":[[[-15.19,69.29],[-16.67,68.48],[-17.52,68.94],[-16.91,69.4],[-15.19,69.29]]]}},{"type":"Feature","properties":{},"geometry":{"type":"Polygon","coordinates":[[[-22.65,74.37],[-24.65,74.43],[-22.22,74.39],[-22.65,74.37]]]}},{"type":"Feature","properties":{},"geometry":{"type":"Polygon","coordinates":[[[111.26,81.38],[115.3,81.22],[116.05,81.28],[114,81.71],[118.7,81.88],[122.31,81.87],[121.87,81.73],[122.84,81.37],[116.02,80.14],[110.51,80.91],[111.26,81.38]]]}},{"type":"Feature","properties":{},"geometry":{"type":"Polygon","coordinates":[[[71.04,73.64],[71.75,73.62],[70.71,73.52],[71.04,73.64]]]}},{"type":"Feature","properties":{},"geometry":{"type":"Polygon","coordinates":[[[-16.05,71.75],[-16.31,71.41],[-17.12,71.64],[-16.05,71.75]]]}},{"type":"Feature","properties":{},"geometry":{"type":"Polygon","coordinates":[[[-14.06,70.63],[-17.49,69.6],[-18.97,70.12],[-17.12,70.35],[-18.46,70.98],[-17.5,70.7],[-15.9,71.19],[-16.6,70.5],[-15.74,70.54],[-15.99,70.78],[-15.45,71.03],[-14.06,70.63]]]}},{"type":"Feature","properties":{},"geometry":{"type":"Polygon","coordinates":[[[-17.13,72.74],[-19.94,72.18],[-18.57,71.93],[-18.84,71.64],[-21.24,71.37],[-26.16,72.84],[-25.73,73.13],[-22.66,72.56],[-24.4,73.17],[-23.2,73.37],[-25.13,73.39],[-24.58,73.51],[-25.36,73.54],[-24.88,73.76],[-25.2,74.12],[-22.84,73.7],[-23.91,74.15],[-23.08,74.15],[-22.06,73.71],[-22.65,74.16],[-21.86,74.21],[-21.15,73.81],[-19.99,73.97],[-20.77,73.64],[-20.32,73.3],[-21.95,72.75],[-21.21,72.23],[-19.11,72.93],[-17.13,72.74]]]}},{"type":"Feature","properties":{},"geometry":{"type":"Polygon","coordinates":[[[51.96,70.73],[53.15,70.61],[53.29,70.12],[50.05,68.56],[49.55,68.11],[50,67.92],[49.4,67.88],[49.82,67.71],[49.22,67.79],[49.57,67.51],[48.86,67.55],[49.4,67.02],[48.61,66.99],[49.35,66.77],[48.39,66.75],[49.31,66.59],[48.4,66.6],[49.05,66.16],[47.27,65.99],[48.21,66.46],[46.56,66.34],[47.35,66.63],[47.13,66.86],[48.12,66.85],[47.1,66.95],[47.62,67.28],[47.16,67.43],[47.9,67.53],[46.75,67.87],[47.87,68.21],[47.61,68.55],[48.95,69.11],[48.82,69.39],[51.54,70.11],[51.22,70.22],[51.96,70.73]]]}},{"type":"Feature","properties":{},"geometry":{"type":"Polygon","coordinates":[[[-12.08,70.28],[-11.75,69.83],[-12.92,69.52],[-11.44,69.28],[-11.96,69.19],[-11.49,68.64],[-12.55,68.95],[-12.37,68.66],[-12.92,68.75],[-12.39,68.58],[-12.55,68.3],[-13.19,68.03],[-9.57,67.06],[-9.17,66.24],[-10.21,66.14],[-9.94,65.86],[-11.83,66.01],[-12.19,66.28],[-11.82,66.65],[-12.88,66.51],[-14.86,67.34],[-14.2,67.56],[-15.46,67.65],[-15.59,67.98],[-15.11,68.05],[-15.96,68.06],[-12.84,69.4],[-14.04,69.77],[-13.2,70.02],[-13.39,70.36],[-12.08,70.28]]]}},{"type":"Feature","properties":{},"geometry":{"type":"Polygon","coordinates":[[[-16.78,74.61],[-21.19,74.36],[-21.59,74.41],[-19.75,74.71],[-23.53,74.82],[-24.1,74.99],[-22.9,75.15],[-24.56,75.43],[-22.52,75.6],[-16.78,74.61]]]}},{"type":"Feature","properties":{},"geometry":{"type":"Polygon","coordinates":[[[64.83,41.16],[63.79,40.86],[63.99,43.31],[61.35,47.52],[62.62,50.03],[62.67,51.3],[59.84,58.09],[60.42,59.34],[61.63,60.28],[65.98,58.3],[70.57,54.5],[74.99,52.63],[78.5,48.53],[83.79,46.08],[91.42,43.37],[83.59,39.69],[75.89,34.15],[70.74,34.26],[65.78,36.2],[64.14,37.63],[65.56,39.41],[64.58,39.92],[64.83,41.16]]]}},{"type":"Feature","properties":{},"geometry":{"type":"Polygon","coordinates":[[[91.16,39.96],[92.4,39.87],[93.86,38.94],[92.58,37.05],[85.86,33.77],[84.43,31.99],[81.67,32.11],[77.09,34.5],[75.02,34.57],[79.75,37.97],[83.99,40.08],[91.16,39.96]]]}},{"type":"Feature","properties":{},"geometry":{"type":"Polygon","coordinates":[[[96.86,41.75],[93.29,40.63],[85.31,40.46],[91.42,43.37],[94.61,42.08],[96.86,41.75]]]}},{"type":"Feature","properties":{},"geometry":{"type":"Polygon","coordinates":[[[99.53,34.47],[105.38,33.32],[103.4,32.66],[97.55,32.86],[91.07,31.98],[83.02,29.23],[83.4,30.14],[89.14,34.27],[91.42,35.34],[99.53,34.47]]]}},{"type":"Feature","properties":{},"geometry":{"type":"Polygon","coordinates":[[[135.82,57.66],[137,57.91],[136.44,57.47],[137.24,57.54],[137.77,58.01],[137.81,57.54],[137.76,58.31],[138.98,58.44],[141.11,57.63],[140.43,57.37],[141.62,56.52],[140.9,55.51],[141.18,52.72],[137,47.3],[135.66,46.45],[134.17,46.33],[134.04,46.82],[133.52,46.76],[133.08,45.92],[128.71,46.5],[124.7,45.93],[115.19,44.39],[106.03,41.7],[102.43,41.95],[96.33,41.06],[94.14,41.5],[92.18,42.69],[97.63,43.06],[102.23,44.52],[106.03,46.89],[109.57,48.1],[111.9,50.09],[116.27,51.47],[118.49,54.49],[120.94,56.14],[127.65,56.34],[135.82,57.66]]]}},{"type":"Feature","properties":{},"geometry":{"type":"Polygon","coordinates":[[[84.42,73.15],[85.07,72.91],[84.64,72.76],[85.07,72.22],[84.97,72.73],[86.89,73],[86.3,73.09],[87.68,73.88],[86.24,73.99],[87.38,74.28],[90.79,73.95],[91.04,74.15],[90.21,74.17],[94.62,75.08],[96.74,74.8],[100.27,75.33],[98.65,75.96],[99.21,76.25],[106.15,76.47],[105.84,76.38],[107.04,76.18],[106.61,75.96],[108.27,75.77],[107.56,75.44],[110.77,74.94],[112.85,74.81],[113.11,75.1],[112.2,75.83],[112.74,75.66],[115.05,74.71],[116.82,72.69],[117.64,72.5],[133.3,72.18],[143.39,71.1],[147.96,69.54],[149.48,67.37],[139.39,65.79],[136.32,62.67],[133.69,60.74],[135.68,60.74],[135.97,59.95],[127.46,58.35],[120.44,57.9],[118.11,56.15],[116.16,53.05],[111.82,51.48],[109.63,49.39],[106.14,48.02],[102.51,45.48],[97.99,43.81],[92.53,43.17],[83.79,46.08],[78.5,48.53],[74.99,52.63],[68.93,55.61],[64.69,59.08],[62.76,61.55],[65.71,61.36],[66.7,63.07],[65.66,64.01],[66.66,64.48],[68.04,64.19],[69.25,63.15],[71.33,63.31],[68.78,63.52],[68.5,63.87],[68.9,64.1],[67.91,64.62],[64.76,64.33],[64.03,64.86],[63.84,65.73],[62.08,66.3],[62.73,67.26],[61.87,67.79],[62.8,67.66],[63.68,66.6],[64.41,66.49],[66.58,66.55],[63.77,67.12],[65.33,67.39],[64.46,67.61],[64.96,67.9],[69.28,67.95],[69.08,67.4],[69.89,66.4],[72.64,66.25],[70.71,66.64],[71.15,66.9],[69.7,67.94],[66.66,68.27],[65.03,69.21],[69.26,70.38],[66.97,71.06],[68,71],[67.53,71.36],[67.88,71.45],[67.1,71.43],[70.55,73.13],[69.56,73.14],[71.82,73.27],[73.04,74.06],[73.96,74.04],[72.59,74.23],[73.91,74.62],[72.72,75.09],[72.78,75.95],[75.2,76.02],[74.64,75.49],[77.34,75.86],[77.86,75.39],[78.59,75.58],[78.29,75.86],[80.97,76.35],[84.79,76.1],[85.42,75.78],[83.59,75.81],[86.24,75.52],[86.25,74.81],[85.16,74.12],[85.62,74.21],[85.52,73.43],[83.91,73.07],[84.42,73.15]]]}},{"type":"Feature","properties":{},"geometry":{"type":"Polygon","coordinates":[[[61.45,62.87],[61.36,63.51],[59.2,63.82],[58.66,64.96],[57.98,65.01],[58.45,66.07],[57.93,67.26],[60.62,67.46],[61.16,66.22],[62.49,65.78],[63.82,64.1],[65.2,63.66],[65.43,62.89],[65.02,61.95],[62.74,61.57],[61.45,62.87]]]}},{"type":"Feature","properties":{},"geometry":{"type":"Polygon","coordinates":[[[85.22,14.84],[89.9,15.42],[93.82,14.84],[95.78,13.38],[98.1,10.09],[92.88,12.22],[85.24,11.71],[82.15,12.21],[78.57,13.86],[75.2,16.56],[74.36,17.94],[79.98,15.34],[85.22,14.84]]]}},{"type":"Feature","properties":{},"geometry":{"type":"Polygon","coordinates":[[[49.09,-52.68],[49.75,-52.42],[49.3,-52.34],[49.2,-51.7],[49.12,-52.5],[49.01,-51.55],[48.38,-51.13],[48.88,-52.13],[48.36,-52.67],[45.24,-52.47],[45.66,-52.06],[44.62,-52.17],[45.21,-51.57],[43.01,-51.31],[42.38,-51.8],[40.86,-51.75],[33.63,-50.01],[33.01,-50.24],[31.95,-49.53],[30.86,-49.47],[30.43,-48.91],[27.11,-49.96],[22.48,-50.63],[21.91,-50.08],[20.77,-49.99],[20.59,-50.41],[19.99,-49.65],[18.74,-49.54],[18.06,-48.89],[18.87,-47.94],[21.96,-46.44],[27.64,-42.44],[32.99,-39.97],[33.84,-40.16],[33.48,-39.71],[34.25,-39.64],[34.11,-39.26],[32.72,-39.54],[31.47,-38.58],[32.46,-36.4],[33.34,-37.35],[34.09,-37.39],[33.18,-36.41],[33.48,-35.5],[34.16,-35.63],[33.59,-35.36],[34.01,-35.2],[33.6,-34.53],[34.56,-34.17],[34.26,-33.48],[35.1,-33.05],[34.49,-32.54],[38.56,-31.29],[41.59,-31.23],[48.16,-32.03],[49.81,-32.94],[50.17,-33.85],[49.29,-35.28],[48.71,-39.48],[49.86,-44.14],[51.42,-46.03],[59.39,-51.38],[60.22,-52.52],[49.09,-52.68]]]}},{"type":"Feature","properties":{},"geometry":{"type":"Polygon","coordinates":[[[75.51,22.71],[77.7,21.69],[79.2,21.55],[80.23,21.74],[80.94,22.72],[86.46,24.56],[92.66,23.71],[97.09,22.01],[98.33,19.75],[98.76,17.32],[96.03,20.09],[93.75,21.03],[90.52,21.07],[85.76,20.09],[80.34,20.09],[73.86,22.23],[72.78,22.11],[71.55,23.85],[73.41,23.86],[75.51,22.71]]]}},{"type":"Feature","properties":{},"geometry":{"type":"Polygon","coordinates":[[[102.37,25.84],[102.26,25.41],[100.57,27.45],[98.52,28.06],[89.97,28.45],[95.87,30.28],[100.52,30.55],[104.52,31.5],[103.36,29.56],[102.37,25.84]]]}},{"type":"Feature","properties":{},"geometry":{"type":"Polygon","coordinates":[[[92.4,39.87],[102.12,41.56],[105.69,41.27],[92.58,37.05],[93.86,38.94],[92.4,39.87]]]}},{"type":"Feature","properties":{},"geometry":{"type":"Polygon","coordinates":[[[62.74,61.57],[64.69,59.08],[61.63,60.28],[62.31,62.06],[62.74,61.57]]]}},{"type":"Feature","properties":{},"geometry":{"type":"Polygon","coordinates":[[[58.42,34.13],[57.84,35.06],[57.92,36.04],[56.52,36.28],[55.31,37.58],[56.47,37.66],[55.8,37.89],[56.21,38.48],[57.57,38.69],[56.95,40.11],[55.71,40.09],[54.43,39.17],[54,39.33],[53.78,38.44],[53.55,38.75],[53.51,38.38],[52.83,38.34],[52.18,37.18],[53.23,36.64],[53.15,35.74],[54.81,34.33],[49.56,35.54],[54.55,40.26],[61.07,42.87],[61.69,44.48],[61.35,47.52],[63.99,43.31],[63.57,40.28],[63.22,40.46],[63.31,39.93],[62.58,39.89],[62.36,38.81],[62.77,37.81],[63.74,38.07],[65.78,36.2],[69.72,34.47],[76.44,34.25],[74.16,32.04],[65.55,30.86],[58.37,33.64],[58.42,34.13]]]}},{"type":"Feature","properties":{},"geometry":{"type":"Polygon","coordinates":[[[45.43,-6.25],[44.9,-5.88],[43.47,-6.08],[42.64,-5.56],[41.16,-3.67],[40.96,-1.16],[40.46,-1.14],[40.3,-0.51],[39.95,-0.91],[39.19,-0.53],[39.19,-1.09],[38.73,-1.08],[38.95,-3.11],[39.66,-4.45],[39.27,-4.99],[39.43,-6.44],[40.09,-5.34],[40.56,-5.59],[39.71,-7.02],[40.12,-7.54],[42.31,-8.08],[44.88,-6.73],[44.35,-8.53],[45.91,-10.08],[46.4,-11.65],[44.71,-12.96],[44.04,-12.92],[43.62,-14.09],[42.62,-13.99],[41.87,-14.64],[40.99,-14.43],[40.32,-15.06],[37.73,-14.71],[37.17,-15.38],[33.3,-15.48],[30.24,-14.87],[29.4,-15.14],[28.04,-14.52],[28.35,-11.86],[29.15,-10.56],[28.88,-7.07],[28.18,-5.17],[28.84,-2.46],[28.3,-1.51],[28.36,2.67],[27.89,2.99],[32.01,7.45],[33.39,9.81],[35.58,10.17],[38.43,9.48],[40.14,4.98],[43.91,-2.45],[44.4,-4.41],[45.77,-5.01],[45.43,-6.25]]]}},{"type":"Feature","properties":{},"geometry":{"type":"Polygon","coordinates":[[[50.53,-17.9],[49.43,-21.02],[47.57,-21.67],[40.4,-19.22],[38.17,-19.05],[39.05,-16.07],[40.92,-14.69],[42.5,-15.56],[45.53,-14.66],[47.13,-14.85],[50.8,-16.84],[50.53,-17.9]]]}},{"type":"Feature","properties":{},"geometry":{"type":"Polygon","coordinates":[[[80.38,20.31],[69.37,23.27],[71.19,26.76],[77.63,22.19],[80.78,22.36],[80.38,20.31]]]}},{"type":"Feature","properties":{},"geometry":{"type":"Polygon","coordinates":[[[69.37,15.24],[68.96,15.59],[69.85,17.52],[71.63,19.44],[72.37,19.53],[80.23,14.59],[74.39,14.66],[71.78,14.11],[69.37,15.24]]]}},{"type":"Feature","properties":{},"geometry":{"type":"Polygon","coordinates":[[[52.73,29.16],[53.31,28.61],[56.79,28.76],[59.73,24.85],[63.88,23.79],[64.17,22.92],[62.66,22.4],[60.78,23.44],[46.9,27.32],[46.58,28.15],[47.07,29.65],[50.38,30.45],[52.73,29.16]]]}},{"type":"Feature","properties":{},"geometry":{"type":"Polygon","coordinates":[[[55.35,80.05],[51.67,80.95],[52.35,81.18],[51,81.99],[48.22,82.14],[53.19,83.18],[49.15,83.49],[42.36,82.76],[39.69,83.66],[32.56,84.37],[26.3,85.7],[43.5,87.06],[79.09,87.82],[71.93,86.73],[66.34,85.31],[67.31,84.87],[67.79,83.9],[65.62,82.49],[55.35,80.05]]]}},{"type":"Feature","properties":{},"geometry":{"type":"Polygon","coordinates":[[[179.99,81.18],[179.99,75.06],[173.31,76.66],[169.69,78.2],[169.57,78.96],[170.07,79.61],[173.63,81.11],[175.18,81.52],[179.99,81.18]]]}},{"type":"Feature","properties":{},"geometry":{"type":"Polygon","coordinates":[[[-179.99,75.06],[-179.99,81.18],[-169.23,80.09],[-150.81,79.46],[-164.89,75.79],[-171.1,74.92],[-171.07,74.36],[-175.19,72.93],[-175.04,73.23],[-176.25,73.37],[-175.63,73.72],[-175.81,74.11],[-176.71,73.79],[-177.6,74.5],[-179.99,75.06]]]}},{"type":"Feature","properties":{},"geometry":{"type":"Polygon","coordinates":[[[117.76,76.62],[118.09,77.02],[118.5,76.98],[117.78,76.92],[120.77,76.68],[127.75,77.72],[125.8,77.99],[126.45,78.32],[124.74,78.24],[126.75,78.84],[125.37,79.02],[139.19,79.66],[141.16,79.46],[139.98,79.16],[147.17,78.81],[154.53,79.58],[158.99,79.45],[160.56,79.07],[160.36,78.66],[162.47,78.53],[157.58,76.64],[156.67,75.25],[159.09,73.64],[166.15,71.35],[166.81,70.63],[163.13,70.4],[160.16,68.41],[160.5,68.13],[160.17,67.94],[161.76,67.8],[156.87,67.11],[156.43,67.35],[157.95,67.59],[155.47,67.67],[154.12,69.98],[149.63,71.59],[139.38,72.79],[123.15,73.25],[122.3,73.45],[120.65,75.48],[117.76,76.62]]]}},{"type":"Feature","properties":{},"geometry":{"type":"Polygon","coordinates":[[[132.35,45.3],[131.21,44.29],[131.23,43.32],[129.18,41.7],[130.36,41.09],[131.85,39.15],[128.9,38.37],[128.45,39.07],[129.33,39.28],[128.78,40.07],[127.64,40.16],[127.46,39.77],[126.68,40.14],[127.5,40.8],[127.02,40.92],[127.21,41.64],[126.03,41.95],[123,40.34],[123.67,41.1],[122.98,41.01],[123.13,41.44],[123.82,42.19],[123.24,42.62],[122.42,42.4],[120.73,40.56],[119.55,40.41],[119.54,39.65],[120.77,39.58],[121.23,38.61],[122.75,39.42],[124.83,39.19],[124.72,38.69],[122.41,37.73],[121.68,36.37],[122.84,35.89],[120.27,32.7],[115.54,33.79],[108.68,33.76],[96.05,37.85],[106.62,41.57],[114.83,43.86],[128.25,45.84],[132.35,45.3]]]}},{"type":"Feature","properties":{},"geometry":{"type":"Polygon","coordinates":[[[128.68,42.3],[129.32,40.94],[127.88,40.13],[128.12,39.87],[127.84,40.06],[127.93,39.59],[127.64,39.85],[127.24,39.15],[126.5,39.79],[126.65,40.74],[126.22,40.78],[128.68,42.3]]]}},{"type":"Feature","properties":{},"geometry":{"type":"Polygon","coordinates":[[[121.3,36.87],[122.8,35.56],[124.27,35.11],[122.63,34.75],[124.69,34.45],[123.5,33.24],[125.46,33.57],[125,32.93],[125.47,33.26],[125.63,32.97],[125.15,32.78],[125.79,32.01],[124.97,31.35],[125.15,29.88],[124.57,29.82],[125.13,29.58],[125.32,28.54],[124.88,28.65],[124.75,27.44],[124.16,27.28],[124.4,26.99],[123.28,25.62],[123.45,25.16],[122.13,24.21],[121.9,24.44],[121.71,23.73],[120.55,24.18],[121.06,23.4],[120.7,23.13],[120.37,23.47],[120.61,22.85],[120.03,22.87],[120.14,22.51],[118.4,21.51],[118.87,20.4],[118.01,20.8],[118.03,21.43],[117.58,21.53],[117.34,21.06],[116.49,21.3],[115.86,20.03],[115.19,19.8],[115.5,19.53],[115.12,18.61],[107.57,21.51],[106.8,22.35],[105.96,24.7],[106.49,27.26],[108.26,30.76],[110.13,31.75],[114.19,32.8],[120.07,33.18],[121.3,36.87]]]}},{"type":"Feature","properties":{},"geometry":{"type":"Polygon","coordinates":[[[112.16,18.22],[112.4,17.19],[112.96,16.87],[117.48,16.23],[119.55,14.5],[120.02,13.21],[118.76,11.14],[119.14,10.31],[118.45,8.51],[117.59,9.8],[116.26,9.3],[115.8,9.79],[115.64,9.3],[114.4,10.06],[112.76,9.36],[112.34,10.09],[111.68,9.82],[109.78,12.57],[108.9,15.69],[104.67,18.82],[112.16,18.22]]]}},{"type":"Feature","properties":{},"geometry":{"type":"Polygon","coordinates":[[[110.72,9.27],[112.38,6.32],[113.25,5.65],[113.62,6.14],[115.98,5.3],[117.3,5.78],[120.6,3.24],[118.26,3.21],[114.91,4.68],[113.61,4.66],[113.43,4.26],[110.23,7.62],[108.07,8.29],[106.71,9.24],[107.04,9.29],[105.48,9.14],[101.9,11.36],[99.9,13.13],[98.41,15.63],[101.29,16.82],[105.53,15.23],[106.64,14.51],[108.16,11.63],[110.72,9.27]]]}},{"type":"Feature","properties":{},"geometry":{"type":"Polygon","coordinates":[[[116.37,5.87],[118.47,5.99],[119.92,4.79],[121.65,4.44],[121.23,3.79],[119.74,3.43],[116.37,5.87]]]}},{"type":"Feature","properties":{},"geometry":{"type":"Polygon","coordinates":[[[28.42,-8.99],[30.71,-12.78],[30.61,-13.27],[29.66,-13.47],[30.29,-13.57],[31.05,-15.02],[36.33,-15.46],[37.84,-15.14],[38.3,-15.4],[37.69,-16.72],[38.1,-16.79],[37.55,-16.8],[37.26,-17.65],[33,-21.77],[30.39,-23.18],[25.17,-24.98],[20.77,-27.77],[19.8,-28.88],[20.2,-30.1],[19.29,-31.62],[19.13,-32.92],[19.85,-33.91],[19.25,-34.41],[17.81,-38.16],[16.29,-38.96],[12.87,-39.09],[8.89,-40.1],[11.39,-35.99],[13.06,-29.82],[15.66,-28.93],[16.46,-26.78],[19.74,-22.07],[21.08,-18.3],[21.92,-17.31],[23.19,-17.66],[23.98,-16.19],[28.21,-13.75],[28.42,-8.99]]]}},{"type":"Feature","properties":{},"geometry":{"type":"Polygon","coordinates":[[[8.83,-39.82],[8.18,-40.46],[8.46,-40.84],[8.05,-42.33],[6.6,-43.95],[1.97,-43.99],[1.87,-44.45],[2.41,-44.34],[-0.15,-46.05],[-5,-47.03],[-9.29,-47.24],[-11.72,-46.82],[-14.43,-45.13],[-17.45,-44.37],[-18.05,-43.38],[-17.8,-43.14],[-18.32,-43.17],[-17.5,-41.67],[-16.87,-41.72],[-16.2,-40.98],[-15.3,-38.22],[-15.26,-36.01],[-12.44,-31.55],[-11.82,-26.38],[-10.58,-24.74],[-8.42,-23.15],[-6.35,-22.48],[-5.71,-21.51],[-5.49,-19.75],[-4.73,-19.36],[-4.48,-16.88],[-3.74,-17.06],[-4.34,-16.6],[-4.04,-15.32],[-4.77,-12.32],[-4.63,-10.36],[-4.04,-10.48],[-3.53,-9.83],[-3.12,-10.27],[-3.47,-9.67],[-1.55,-7.82],[-1.24,-6.83],[-1.75,-6.69],[-2.07,-5.44],[-3.24,-5.27],[-4.43,-4.29],[-1.12,-3.94],[-0.27,-3.02],[2.39,-2.91],[8.15,-7.29],[10.96,-7.47],[16.15,-8.69],[18.83,-17.49],[14.16,-20.47],[12.36,-23.31],[11.97,-25.27],[14,-30.01],[13.75,-31.26],[11.82,-36.07],[8.83,-39.82]]]}},{"type":"Feature","properties":{},"geometry":{"type":"Polygon","coordinates":[[[-3.47,24.48],[-3.05,25.43],[-1.89,26.14],[0.92,26.26],[2.73,27.32],[3.26,27.12],[3.45,26.12],[4.74,25.71],[5.29,24.95],[8.66,24.78],[10.79,24.02],[11.72,23.19],[12.8,23.12],[13.77,22.31],[15.46,21.98],[5.5,22.29],[0.27,24.21],[-3.47,24.48]]]}},{"type":"Feature","properties":{},"geometry":{"type":"Polygon","coordinates":[[[14.17,31.01],[13.86,30.26],[11.21,30.14],[9.82,29.37],[9.86,28.52],[6.94,27.62],[5.11,28.47],[3.76,28.3],[3.48,29.25],[3.95,29.41],[3.57,29.3],[3.47,29.91],[1.58,30.5],[2.67,31.56],[2.31,32.04],[3.01,32.21],[2.19,32.22],[4.07,33.57],[5.37,35.89],[6.69,35.84],[9.96,33.69],[11.26,33.4],[14.17,31.01]]]}},{"type":"Feature","properties":{},"geometry":{"type":"Polygon","coordinates":[[[-3.78,-5.06],[-3.8,-3.49],[-4.46,-2.62],[-6.75,-1.67],[-10.52,-1.24],[-11.92,0.13],[-15.5,1.11],[-15.95,1.62],[-18.25,6.17],[-17.98,8.96],[-18.85,11.06],[-18.1,11.38],[-19.03,11.63],[-19.22,12.13],[-18.89,12.2],[-19.39,12.62],[-18.98,12.56],[-19.29,12.76],[-18.79,13.5],[-17.8,12.95],[-18.66,13.3],[-18.81,15],[-17.43,15.39],[-15.94,16.84],[-15.47,18.49],[-14.72,19.03],[-14.68,20.25],[-15.14,20],[-14.45,20.78],[-7.62,23.99],[-6.24,23.62],[-3.47,24.48],[-0.59,24.35],[5.5,22.29],[15.48,21.89],[15.52,21.26],[16.18,21.09],[15.3,20.71],[15.35,19.63],[14.04,19.22],[11.87,16.57],[7.47,7.67],[6.67,4.23],[7.48,-0.91],[3.92,-1.94],[2.94,-3.24],[0.29,-3.52],[-0.49,-4.5],[-3.78,-5.06]]]}},{"type":"Feature","properties":{},"geometry":{"type":"Polygon","coordinates":[[[28.61,6.24],[28.34,5.36],[29.01,-0.37],[28.64,-1.27],[29.4,-3.56],[28.77,-5.03],[15.17,-8.65],[9.95,-7.56],[7.14,-7.44],[1.27,-3.21],[2.3,-1.95],[5.9,-1.07],[5.3,4.09],[6.26,7.5],[11.04,16.21],[13.14,18.36],[14.22,16.58],[16.19,14.97],[16.11,13.89],[18.04,11.6],[19.17,11.66],[19.84,12.83],[21.63,12.77],[22.31,11.56],[23.51,10.77],[23.48,10.3],[26.21,8.27],[27.53,8.45],[28.5,7.97],[28.61,6.24]]]}},{"type":"Feature","properties":{},"geometry":{"type":"Polygon","coordinates":[[[30.55,9.33],[29.64,10.18],[27.99,10.54],[27.19,12.33],[26.78,12.02],[26.12,12.3],[25.91,13.53],[25.12,13.95],[25.95,13.72],[25.25,14.25],[25.97,14.96],[25.67,15.64],[28.65,15.12],[29.38,14.6],[29.81,13.28],[31.13,12.99],[34.1,11.06],[35.45,8.17],[32.77,9.32],[30.55,9.33]]]}},{"type":"Feature","properties":{},"geometry":{"type":"Polygon","coordinates":[[[14.12,-29.67],[13.54,-29.97],[11.3,-25.3],[11.61,-23.33],[13.3,-20.43],[17.85,-17.3],[22.79,-17.69],[21.55,-19.14],[20.47,-22.4],[17.04,-27.02],[16.17,-29.15],[14.12,-29.67]]]}},{"type":"Feature","properties":{},"geometry":{"type":"Polygon","coordinates":[[[29.82,4.89],[28.57,3.82],[28.19,8.1],[29.18,7.15],[30.59,7.22],[32.89,9.28],[33.83,11.05],[32.79,8.74],[29.82,4.89]]]}},{"type":"Feature","properties":{},"geometry":{"type":"Polygon","coordinates":[[[28.69,-4.96],[28.67,-5.74],[29.38,-6.75],[29.41,-9.88],[29.75,-9.64],[29.39,-14.39],[25.08,-16.7],[24.24,-18.14],[18.03,-17.33],[15.49,-9.66],[15.54,-8.51],[28.69,-4.96]]]}},{"type":"Feature","properties":{},"geometry":{"type":"Polygon","coordinates":[[[46.05,35.59],[43.21,36.83],[44.43,37.77],[43.94,38.42],[44.72,38.46],[45.15,39.13],[41.67,37.59],[41.77,38.01],[41.71,37.27],[42.26,36.83],[43.22,37.02],[43.03,36.68],[40.61,36.06],[40.25,36.87],[39.59,36.7],[40.63,37.34],[38.84,37.56],[38.59,37.81],[39.39,37.78],[38.96,38.14],[37.06,36.94],[37.15,35.98],[36.59,35.82],[34.25,37.26],[32.27,39.67],[26.69,43.16],[23.71,44.4],[26.54,45.32],[27.09,44.85],[27.84,45.17],[27.46,44.75],[28.26,45.25],[27.85,45.47],[28.69,46.32],[28.33,45.53],[28.89,45.53],[28.53,47.15],[28.97,48.18],[29.67,48.42],[30.61,47.68],[31.19,48],[31.17,49.08],[30.49,49.06],[30.19,49.92],[35.34,50.92],[34.03,51.31],[34.02,51.74],[29.64,50.47],[29.64,51],[28.36,51.2],[28.45,52.15],[27.8,53.37],[30.03,55.53],[30.61,55.58],[30.24,56.35],[27.77,56.34],[28.14,56.15],[27.38,55.4],[27.91,55.02],[27.31,54.34],[25.52,53.23],[25.07,53.61],[25.43,53.12],[24.95,52.91],[25.01,51.11],[26.64,50.26],[25.79,49.9],[26.22,49.65],[25.8,49.31],[25.58,49.63],[25.5,49.23],[24.47,49.04],[25.09,48.91],[24.57,48.9],[25.04,48.6],[24.8,47.09],[24.42,46.47],[23.2,46.31],[23.12,45.73],[22,45.69],[21.65,46.59],[22.03,46.89],[20.98,48],[21.1,48.64],[20.56,48.63],[20.09,50.17],[19.68,49.99],[19.76,49.29],[19.16,49.37],[18.19,48.34],[17.26,48.19],[16.15,48.74],[16.06,49.23],[16.62,49.04],[16.9,49.26],[16.3,49.27],[16.85,49.76],[15.76,49.69],[17.21,50.7],[16.19,50.18],[16.17,50.59],[15.72,50.56],[16.19,50.93],[15.8,50.74],[15.53,51],[16.03,51.07],[15.61,51.26],[17.22,51.08],[17.65,51.45],[15.75,51.3],[16.05,51.57],[15.56,51.94],[16.96,52.08],[15.62,52.38],[16.55,52.26],[16.26,52.42],[16.85,52.66],[17.24,52.31],[16.5,52.78],[17.93,52.91],[17.05,52.93],[17.27,53.23],[18.24,52.89],[17.72,53.25],[18.33,53.05],[17.93,53.35],[19.07,53.89],[19.19,53.56],[19.98,53.74],[20.29,54.38],[19.37,53.75],[18.92,53.96],[21.35,55.62],[20.64,55.51],[21.2,55.76],[21.08,56.22],[21.49,56.13],[21.09,56.38],[22.14,56.66],[21.32,56.48],[21.7,56.62],[21.24,56.83],[21.79,56.93],[21.39,57.03],[21.95,57.13],[21.57,57.27],[22.99,57.46],[22.13,57.6],[23.17,57.75],[22.39,58.18],[23.17,58.29],[22.72,58.42],[23.18,58.64],[23.64,58.21],[23.31,58.71],[24.54,58.85],[23.49,58.9],[24.33,59.1],[24,59.17],[24.41,59.17],[24.13,59.41],[24.52,59.9],[25.54,59.7],[25.14,60.21],[25.55,60.3],[25.58,59.91],[25.95,60.46],[25.8,59.77],[26.45,60.01],[26.07,60.28],[26.55,60.55],[27.24,60.32],[26.66,60.87],[28.1,60.61],[27.84,60.83],[28.77,61.31],[28.63,61.66],[29.53,61.6],[29.13,60.74],[29.94,61.7],[30.1,61.11],[30.76,61.62],[30.37,61.82],[31.01,61.93],[31.01,61.26],[31.61,61.76],[33.23,61.36],[31.57,61.04],[32.41,60.91],[32.38,60.58],[34.09,61.01],[34.9,60.85],[34.19,60.81],[34.37,60.5],[35.29,60.55],[35.09,60.19],[37,60.5],[41.3,59.42],[41.82,58.58],[40.23,57.63],[34.85,58.22],[36.43,57.63],[35.96,57.43],[37.42,57.19],[37.17,56.64],[37.8,55.83],[40.04,55.31],[40.32,55.88],[39.06,56.15],[39.14,56.59],[40.41,56.41],[40.22,56.13],[42.15,56.27],[41.26,57.01],[41.79,57.72],[42.72,58.37],[44.41,57.92],[44.25,58.94],[43.54,59.22],[43.63,60.03],[42.53,60.56],[45.17,60.3],[45.42,60.01],[44.29,59.37],[45.35,58.98],[46.54,59.2],[46.39,59.9],[47.27,60.05],[46.78,60.29],[49.38,61.06],[49.13,61.3],[50.08,61.81],[50.58,61.9],[49.92,61.72],[50.46,61.28],[50,60.94],[50.72,60.89],[51.42,61.56],[53.75,62.36],[54.79,61.86],[54.69,62.21],[55.59,62.43],[54.3,63.04],[54.57,63.41],[57.44,63.45],[61.75,62.74],[62.31,62.06],[62.19,61.46],[59.84,58.09],[62.67,51.3],[62.62,50.03],[61.42,48.13],[61.39,43.3],[60.06,42.16],[54.55,40.26],[49.56,35.54],[46.05,35.59]]]}},{"type":"Feature","properties":{},"geometry":{"type":"Polygon","coordinates":[[[18.64,45.35],[18.15,45.78],[18.23,46.98],[20.13,48],[19.81,46.95],[20.45,46.7],[19.33,45.95],[19.54,45.18],[18.64,45.35]]]}},{"type":"Feature","properties":{},"geometry":{"type":"Polygon","coordinates":[[[36.03,33.01],[35.99,34],[35.19,33.82],[35.2,34.35],[38.52,35.52],[37.89,35.52],[43.25,36.54],[46.32,36.09],[42.18,35.13],[40.92,34.32],[39.35,34.83],[38.33,34.6],[36.03,33.01]]]}},{"type":"Feature","properties":{},"geometry":{"type":"Polygon","coordinates":[[[24.58,21.25],[24.26,19.84],[23.5,19.9],[24.19,18.82],[24,18.34],[23.32,18.9],[23.41,18.29],[22.91,18.72],[22.78,18.03],[22.13,18.06],[22.2,18.5],[21.77,18.51],[21.99,19.71],[22.73,19.74],[23.6,19.01],[22.21,20.06],[22.24,20.65],[22.62,20.64],[22.18,22.57],[23.23,23.59],[21.87,26.51],[22.22,28.28],[22.06,28.69],[21.38,28.4],[21.87,29.37],[21.01,29.65],[20.03,28.63],[20.37,27.55],[20.03,26.75],[20.28,25.6],[20.97,25.13],[20.55,24.85],[21.44,22.64],[21.1,22.53],[20.54,23.6],[19.85,23.24],[19.83,22.28],[18.22,22.02],[19.1,22.6],[19.45,23.82],[17.92,27.74],[18.4,29.4],[17.84,30.39],[16.63,30.41],[16.51,31.07],[17.46,32.51],[21.32,32.12],[25.56,30],[23.64,28.67],[24.46,24.77],[24.58,21.25]]]}},{"type":"Feature","properties":{},"geometry":{"type":"Polygon","coordinates":[[[18.09,34.01],[16.81,33.23],[14.99,33.76],[14.1,32.87],[10.15,33.8],[10.49,35.72],[10.98,35.23],[10.41,35.89],[10.52,36.5],[9.18,37.86],[7.77,38.04],[7.46,38.3],[7.94,38.54],[7.46,38.79],[10.35,38.84],[9.89,39.94],[11.32,39.46],[12.11,40.03],[14.37,39.07],[16.6,38.96],[20.57,41.55],[23.46,42.33],[28.01,42.2],[30.65,40.42],[27.88,39.86],[25.73,38.68],[21,38.05],[18.67,37.25],[17.07,36.06],[17.48,34.44],[18.09,34.01]]]}},{"type":"Feature","properties":{},"geometry":{"type":"Polygon","coordinates":[[[12.11,40.03],[12.93,40.37],[12.86,41.06],[15.08,41.54],[14.41,41.72],[15.41,41.9],[14.89,42.15],[15.48,43.16],[15.82,42.52],[16.19,43.51],[17.52,43.45],[17.41,43.8],[18.04,43.94],[18.57,43.59],[18.69,44.12],[19.66,43.78],[18.6,44.54],[18.98,44.71],[18.34,44.97],[18.64,45.35],[19.54,45.18],[19.87,44.57],[20.69,44.66],[20.42,44.16],[21.82,44.79],[23.57,43.94],[23.71,44.4],[24.52,44.13],[28.01,42.2],[22.14,42.1],[19.71,41.07],[16.6,38.96],[14.37,39.07],[12.11,40.03]]]}},{"type":"Feature","properties":{},"geometry":{"type":"Polygon","coordinates":[[[36.54,35.6],[36.41,34.61],[35.85,34.14],[31.76,33.93],[31.01,34.85],[31.16,35.55],[33.76,36.41],[34.25,37.26],[36.54,35.6]]]}},{"type":"Feature","properties":{},"geometry":{"type":"Polygon","coordinates":[[[-13.8,72.32],[-14.98,72.07],[-13.37,72.53],[-13.8,72.32]]]}},{"type":"Feature","properties":{},"geometry":{"type":"Polygon","coordinates":[[[-10.16,70.61],[-9.72,70.12],[-11.14,70.52],[-10.16,70.61]]]}},{"type":"Feature","properties":{},"geometry":{"type":"Polygon","coordinates":[[[-13.32,73.5],[-16.46,73.64],[-14.72,74.07],[-13.32,73.5]]]}},{"type":"Feature","properties":{},"geometry":{"type":"Polygon","coordinates":[[[25.02,68.76],[25.97,68.15],[24.14,67.92],[24.36,68.39],[23.88,68.58],[25.02,68.76]]]}},{"type":"Feature","properties":{},"geometry":{"type":"Polygon","coordinates":[[[23.99,69.06],[24.49,68.76],[23.36,68.92],[23.99,69.06]]]}},{"type":"Feature","properties":{},"geometry":{"type":"Polygon","coordinates":[[[-11.23,73.78],[-12.53,73.45],[-13.5,74.16],[-11.23,73.78]]]}},{"type":"Feature","properties":{},"geometry":{"type":"Polygon","coordinates":[[[-8.16,71.31],[-9.29,70.65],[-10.66,70.93],[-9.13,71.49],[-8.16,71.31]]]}},{"type":"Feature","properties":{},"geometry":{"type":"Polygon","coordinates":[[[18.25,69.02],[19.01,68.47],[17.97,69.13],[18.25,69.02]]]}},{"type":"Feature","properties":{},"geometry":{"type":"Polygon","coordinates":[[[-7.87,72.8],[-9.14,72.38],[-8.28,72.34],[-9.19,71.72],[-11.59,71.44],[-10.66,72.21],[-11.46,72.49],[-9.73,72.46],[-9.15,72.7],[-9.94,72.79],[-8.97,73.03],[-7.87,72.8]]]}},{"type":"Feature","properties":{},"geometry":{"type":"Polygon","coordinates":[[[66.8,76.89],[71.51,76.46],[69.44,75.46],[66.8,76.89]]]}},{"type":"Feature","properties":{},"geometry":{"type":"Polygon","coordinates":[[[20.7,70.39],[21.73,70.1],[21.67,69.73],[21.91,70],[23.98,69.23],[22.7,68.88],[22.42,67.9],[20.51,70.01],[20.7,70.39]]]}},{"type":"Feature","properties":{},"geometry":{"type":"Polygon","coordinates":[[[22.42,67.9],[22.23,67.01],[21.77,66.92],[21.24,67.21],[21.78,67.36],[20.17,67.82],[21.5,67.78],[20.6,67.96],[21.8,68.29],[20.14,68.01],[19.86,68.34],[21.63,68.72],[22.42,67.9]]]}},{"type":"Feature","properties":{},"geometry":{"type":"Polygon","coordinates":[[[21.28,69.06],[20.76,68.78],[20.6,69.16],[20.16,68.98],[20.43,68.68],[19.49,68.48],[19.08,68.75],[19.53,68.82],[18.41,69.21],[19.05,69.18],[18.76,69.55],[18.3,69.36],[17.94,69.77],[19.48,70.16],[18.83,69.84],[19.8,69.56],[19.96,70.09],[21.28,69.06]]]}},{"type":"Feature","properties":{},"geometry":{"type":"Polygon","coordinates":[[[59.14,76],[60.79,75.88],[58.68,75.87],[59.14,76]]]}},{"type":"Feature","properties":{},"geometry":{"type":"Polygon","coordinates":[[[61.56,76.71],[63.3,76.32],[62.55,76.79],[64.24,76.83],[66.91,76.08],[61.07,75.77],[61.44,76.13],[60.58,76.39],[61.56,76.71]]]}},{"type":"Feature","properties":{},"geometry":{"type":"Polygon","coordinates":[[[41,72.7],[41.47,72.45],[40.55,72.58],[41,72.7]]]}},{"type":"Feature","properties":{},"geometry":{"type":"Polygon","coordinates":[[[39.16,72.46],[39.65,72.36],[38.76,72.25],[39.16,72.46]]]}},{"type":"Feature","properties":{},"geometry":{"type":"Polygon","coordinates":[[[41.34,72.9],[42.2,72.86],[40.85,72.79],[41.34,72.9]]]}},{"type":"Feature","properties":{},"geometry":{"type":"Polygon","coordinates":[[[23.9,70.93],[26.33,70.55],[24.9,69.75],[21.4,70.49],[22.35,70.55],[22.21,70.91],[23.77,70.46],[23.9,70.93]]]}},{"type":"Feature","properties":{},"geometry":{"type":"Polygon","coordinates":[[[35.71,72.48],[36.5,72.38],[34.66,72.08],[35.71,72.48]]]}},{"type":"Feature","properties":{},"geometry":{"type":"Polygon","coordinates":[[[42.71,73.53],[43.05,73.05],[41.57,73.29],[42.71,73.53]]]}},{"type":"Feature","properties":{},"geometry":{"type":"Polygon","coordinates":[[[37.14,72.77],[37.89,72.64],[36.87,72.13],[37.3,71.96],[37.03,71.82],[35.94,71.92],[36.6,72.01],[36.08,72.11],[37.14,72.77]]]}},{"type":"Feature","properties":{},"geometry":{"type":"Polygon","coordinates":[[[41.71,73.7],[42.04,73.5],[41.42,73.49],[41.71,73.7]]]}},{"type":"Feature","properties":{},"geometry":{"type":"Polygon","coordinates":[[[43.34,74.05],[44.07,73.64],[42.98,73.52],[43.34,74.05]]]}},{"type":"Feature","properties":{},"geometry":{"type":"Polygon","coordinates":[[[55.27,76.68],[55.85,76.69],[54.96,76.57],[55.27,76.68]]]}},{"type":"Feature","properties":{},"geometry":{"type":"Polygon","coordinates":[[[57.43,77.25],[61.35,76.77],[60.28,76.18],[58.35,76.07],[58.77,76.28],[57.09,76.73],[57.34,77.2],[56.95,77.17],[57.43,77.25]]]}},{"type":"Feature","properties":{},"geometry":{"type":"Polygon","coordinates":[[[0.32,71.89],[-2.14,70.67],[-1.13,70.64],[-3.31,70.16],[-2.6,69.94],[-3.19,69.62],[-5.55,69.71],[-4.85,69.99],[-7.12,69.64],[-6.34,70.09],[-7.29,69.75],[-8.03,70.22],[-7.04,70.32],[-7.44,70.63],[-6.65,71],[-5.03,70.52],[-5.49,70.86],[-4.85,70.91],[-6.07,71.29],[-4.68,71.32],[-5.21,71.56],[-4.72,71.78],[-3.97,71.9],[-3.86,71.48],[-3.28,71.5],[-3.74,71.67],[-3.4,71.96],[-2.24,71.6],[-1.73,71.98],[0.32,71.89]]]}},{"type":"Feature","properties":{},"geometry":{"type":"Polygon","coordinates":[[[39.09,73.61],[39.89,73.61],[38.78,73.4],[39.09,73.61]]]}},{"type":"Feature","properties":{},"geometry":{"type":"Polygon","coordinates":[[[8.9,67.2],[9.05,66.84],[8.54,66.61],[8.38,67.29],[8.9,67.2]]]}},{"type":"Feature","properties":{},"geometry":{"type":"Polygon","coordinates":[[[9.63,69.98],[10.02,69.53],[8.82,69.56],[10.32,69.38],[9.68,68.92],[10.21,68.8],[9.84,68.57],[7.98,68.52],[6.67,69.05],[6.43,68.84],[6.96,68.62],[5.15,68.72],[7.62,68.42],[2.65,68.44],[2.36,68.32],[3,68.11],[1.99,67.99],[1.42,68.47],[1.08,68.09],[-0.91,68.66],[-0.01,68.06],[-1.13,68.53],[-0.79,68.21],[-1.74,68.37],[-0.9,67.84],[-2.98,67.42],[-3.95,67.79],[-5.03,67.41],[-6.66,68],[-5.68,67.46],[-6.24,67.1],[-5.61,67.13],[-6.77,66.79],[-8.48,67.04],[-7.82,67.17],[-7.92,67.68],[-8.72,67.51],[-8.37,67.78],[-9.77,67.82],[-10.93,68.51],[-10.26,68.79],[-11.1,68.63],[-10.37,69.01],[-8.55,68.69],[-7.6,69.37],[-7.02,69.05],[-7.73,68.69],[-7.51,68.38],[-5.06,68.51],[-7.14,68.58],[-5.31,69.08],[-6.73,69.41],[-6.08,69.56],[-4.08,69.46],[-4.01,68.82],[-2.76,68.98],[-3.72,69.47],[-3.36,69.28],[-2.44,70.13],[-1.11,70.42],[-0.54,70.04],[-1.4,69.34],[-0.82,69.1],[-1.16,69.38],[-0.19,69.97],[1.77,69.4],[1.37,69.68],[2.86,69.36],[2.27,69.7],[4.16,69.74],[1.21,69.84],[0.38,70.06],[1.4,70.03],[0.65,70.17],[1.09,70.24],[-0.42,70.47],[2.16,70.3],[-0.53,70.73],[-0.18,71.14],[1.9,70.67],[0.03,71.22],[1.88,71.1],[0.89,71.46],[1.87,71.59],[1.36,71.78],[3.44,71.47],[3.07,71.22],[3.52,71.3],[3.5,70.93],[3.96,71.37],[5.03,71.28],[4.26,70.84],[4.96,70.9],[4.48,70.24],[5.25,70.96],[6.6,71.02],[6.83,70.62],[7.03,70.94],[7.61,70.68],[6.68,70.25],[7.82,70.67],[8.52,70.38],[8.09,70],[9.63,69.98]]]}},{"type":"Feature","properties":{},"geometry":{"type":"Polygon","coordinates":[[[-7.89,50.95],[-7.04,51.38],[-7.78,51.3],[-7.37,51.77],[-7.72,51.86],[-6.25,51.95],[-7.66,51.9],[-7.92,52.34],[-6.81,52.45],[-7.93,52.64],[-5.52,52.98],[-7.94,52.71],[-7.54,52.83],[-7.76,53.11],[-6.98,52.99],[-7.59,53.22],[-6.7,53.24],[-7.64,53.71],[-5.36,53.31],[-7.5,53.82],[-6.51,54.17],[-5,53.59],[-5.65,53.94],[-4.86,53.93],[-5.32,54.16],[-7.24,54.08],[-6.53,54.5],[-5.94,54.28],[-6.58,54.65],[-4.81,54],[-5.45,54.42],[-4.89,54.62],[-6.54,54.8],[-4.98,54.73],[-4.68,55.25],[-4.25,54.99],[-4.16,55.37],[-4.67,55.32],[-3.64,55.98],[-4.83,56.26],[-5.72,57.11],[-3.63,56.3],[-3.95,56.62],[-3.46,56.86],[-3.97,57.12],[-3.4,57],[-4.07,57.25],[-3.55,57.33],[-4.2,57.33],[-3.33,57.48],[-4.27,57.62],[-3.33,57.73],[-4.14,58.21],[-4.75,57.75],[-5.62,57.97],[-4.74,58.35],[-5.27,58.47],[-4.63,58.69],[-4.93,58.89],[-4.07,59.1],[-4.46,59.48],[-3.89,59.65],[-4.17,60.03],[-3.67,60.58],[-4.4,60.59],[-3.54,60.69],[-3.89,61.86],[-3.38,62.16],[-4.95,63.33],[-6.29,63.28],[-6.63,63.67],[-6.89,63.32],[-7.58,63.74],[-7.71,64.13],[-6.56,64.16],[-7.59,64.88],[-5.09,64.41],[-4.62,64.69],[-6.05,64.95],[-6.32,65.34],[-5.89,65.38],[-6.46,65.46],[-6.54,66.01],[-2.17,65.94],[0.01,66.6],[-1.38,66.74],[-1.07,67.02],[1.48,67.24],[1.13,66.87],[3.47,67.6],[4,67.44],[3.99,66.8],[4.03,67.59],[6.06,67.51],[5.16,66.77],[6.07,67.11],[6.48,66.53],[7.26,67.4],[8.32,66.32],[8.9,66.79],[9.56,66.61],[9.11,67.3],[10.64,66.73],[9.61,67.61],[10.42,67.61],[11.21,66.91],[12.08,67.2],[11.8,67.55],[13.09,67.55],[15.44,66.95],[12.14,66.79],[15.5,66.81],[15.07,66.45],[16.43,66.17],[12.23,65.71],[15.11,65.64],[14.22,65.15],[16.23,65.65],[14.67,64.23],[18.05,65.3],[19.47,64.89],[17.84,64.09],[15.82,64.14],[17.72,63.9],[15.8,63.69],[15.89,63.29],[17.07,63.52],[16.07,63.16],[15.84,62.68],[16.16,62.69],[14.67,61.74],[14.5,61.11],[15.04,61.58],[15.65,61.29],[14.8,61.12],[15.9,60.83],[15.79,60.28],[14.26,60.66],[14.86,60.5],[13.82,60.36],[15.04,59.7],[14,59.62],[15.14,59.3],[14.91,58.74],[13.58,59.23],[14.45,58.76],[13.5,58.84],[14.36,58.68],[14.04,58.31],[15.07,58.06],[13.53,58.28],[14.43,57.81],[13.27,58],[13.4,57.33],[13.57,57.73],[14.28,57.5],[14.16,57.16],[13.01,56.96],[12.26,57.43],[13.2,57.33],[12.03,57.32],[11.51,57.79],[11.91,57.31],[10.22,57.07],[11.59,56.87],[10.29,56.79],[11.68,56.48],[10.73,56.27],[11.3,56.22],[11.04,55.88],[11.65,56.23],[12.67,55.61],[12.26,55.36],[12.95,55.43],[12.53,55.18],[13.02,55.09],[12.57,54.76],[12.94,54.77],[12.8,54.13],[12.43,54.58],[11.85,54.21],[11.37,55.15],[9.34,56.11],[9.97,55.65],[9.3,55.55],[10.91,55.18],[9.47,55.13],[8.52,54.53],[10.15,54.27],[8.79,54.14],[9.44,53.93],[10.77,54.27],[12.31,53.71],[9.69,52.6],[7.11,52.26],[6.41,52.34],[6.03,52.93],[6.11,52.22],[5.31,52.08],[4.02,50.9],[3.29,51.07],[3.36,50.74],[2.29,50.86],[2.2,50.52],[1.84,50.71],[2.43,51.05],[2.02,51.25],[1.53,50.5],[-0.52,50.28],[-0.33,49.48],[-1.12,49.5],[-0.55,49.26],[-0.65,48.83],[-1.24,49.1],[-0.84,48.74],[-1.66,48.77],[-1.46,48.36],[-1.99,48.43],[-1.68,48.18],[-2.74,48.2],[-2.2,47.73],[-2.71,47.96],[-2.31,47.36],[-3.11,47.07],[-2.71,46.81],[-3.32,46.84],[-2.99,46.54],[-3.65,46.69],[-3.04,46.51],[-3.68,46.39],[-3.31,46.05],[-4.21,46.27],[-3.67,45.61],[-4.23,46.02],[-5.07,45.85],[-4.42,46.24],[-5.08,45.9],[-4.46,46.43],[-5.48,46.43],[-4.85,46.67],[-5.57,46.63],[-4.7,46.94],[-5.39,46.77],[-5.05,47.14],[-6.93,46.96],[-6.5,47.41],[-7.26,47.63],[-6.64,47.65],[-7.34,47.8],[-6.83,47.79],[-7.18,47.95],[-6.79,48.15],[-7.33,48.09],[-6.82,48.25],[-7.45,48.3],[-7.04,48.49],[-7.64,48.85],[-6.97,49.3],[-7.54,49.13],[-7.13,49.51],[-7.77,49.76],[-7.12,49.68],[-7.9,50.16],[-6.99,50.51],[-7.79,50.65],[-6.63,50.69],[-6.85,50.98],[-6.3,50.52],[-6.41,51.06],[-6.81,51.55],[-6.78,51.04],[-7.89,50.95]]]}}]}
