{"type":"FeatureCollection","features":[{"type":"Feature","properties":{},"geometry":{"type":"Polygon","coordinates":[[[18.98,-74.72],[22.16,-74.94],[22.74,-75.46],[21.4,-75.64],[18.45,-74.97],[18.98,-74.72]]]}},{"type":"Feature","properties":{},"geometry":{"type":"Polygon","coordinates":[[[34.42,-74.64],[33.13,-74.65],[33.76,-74.52],[33.49,-74.24],[35.62,-74.59],[34.42,-74.64]]]}},{"type":"Feature","properties":{},"geometry":{"type":"Polygon","coordinates":[[[-20.44,-66.09],[-17.82,-65.86],[-17.62,-66.24],[-18.89,-66.87],[-20.44,-66.09]]]}},{"type":"Feature","properties":{},"geometry":{"type":"Polygon","coordinates":[[[-13.76,-78.93],[-14.06,-78.93],[-12.43,-79.01],[-13.76,-78.93]]]}},{"type":"Feature","properties":{},"geometry":{"type":"Polygon","coordinates":[[[-16.49,-78.05],[-17.19,-78.42],[-17.58,-78.13],[-16.49,-78.05]]]}},{"type":"Feature","properties":{},"geometry":{"type":"Polygon","coordinates":[[[-25.72,-75.89],[-24.51,-76.17],[-26.52,-75.92],[-25.72,-75.89]]]}},{"type":"Feature","properties":{},"geometry":{"type":"Polygon","coordinates":[[[-24.03,-77.6],[-25.65,-76.66],[-22.73,-76.7],[-21.43,-77.3],[-24.03,-77.6]]]}},{"type":"Feature","properties":{},"geometry":{"type":"Polygon","coordinates":[[[-23.67,-78.68],[-21.64,-78.11],[-22.94,-77.96],[-22.16,-77.66],[-20.72,-77.78],[-20.75,-78.24],[-21.81,-78.56],[-20.91,-78.62],[-23.67,-78.68]]]}},{"type":"Feature","properties":{},"geometry":{"type":"Polygon","coordinates":[[[-29.81,-64.4],[-27.85,-64.52],[-28.96,-64.81],[-29.81,-64.4]]]}},{"type":"Feature","properties":{},"geometry":{"type":"Polygon","coordinates":[[[-32.21,-68.5],[-31.77,-68.6],[-32.61,-68.61],[-32.21,-68.5]]]}},{"type":"Feature","properties":{},"geometry":{"type":"Polygon","coordinates":[[[-30.59,-64.99],[-29.75,-65.39],[-30.38,-65.47],[-30.86,-65.17],[-30.59,-64.99]]]}},{"type":"Feature","properties":{},"geometry":{"type":"Polygon","coordinates":[[[-36.36,-71.05],[-35.18,-70.77],[-36.38,-70.6],[-36.11,-70.32],[-35.23,-70.66],[-35.53,-70.21],[-33.97,-70.38],[-34.13,-71.12],[-35.5,-72.29],[-36.54,-71.67],[-35.92,-71.74],[-36.29,-71.46],[-35.65,-71.17],[-36.89,-71.15],[-36.36,-71.05]]]}},{"type":"Feature","properties":{},"geometry":{"type":"Polygon","coordinates":[[[-34.07,-63.14],[-33.85,-63.58],[-34.32,-63.71],[-34.43,-63.19],[-34.07,-63.14]]]}},{"type":"Feature","properties":{},"geometry":{"type":"Polygon","coordinates":[[[-36.52,-62.99],[-35.56,-63.13],[-36.66,-63.43],[-36.52,-62.99]]]}},{"type":"Feature","properties":{},"geometry":{"type":"Polygon","coordinates":[[[-36.05,-61.19],[-30.23,-61.95],[-28.7,-62.82],[-29.95,-63.57],[-30.24,-63.33],[-29.84,-62.9],[-31.37,-62.98],[-31.66,-63.15],[-31.08,-63.24],[-31.56,-63.49],[-30.8,-63.71],[-32.87,-64.04],[-32.22,-63.84],[-33.09,-63.67],[-32.03,-63.45],[-32.87,-63.5],[-32.28,-62.99],[-33.01,-63.15],[-32.88,-62.48],[-32.36,-62.38],[-33.76,-62.36],[-33.53,-61.83],[-34.97,-62.19],[-36.35,-61.96],[-36.05,-61.19]]]}},{"type":"Feature","properties":{},"geometry":{"type":"Polygon","coordinates":[[[-38.84,-59.22],[-37.35,-60.13],[-38.1,-60.13],[-38.84,-59.22]]]}},{"type":"Feature","properties":{},"geometry":{"type":"Polygon","coordinates":[[[61.42,-59.82],[60.51,-60.61],[59.83,-60.26],[61.42,-59.82]]]}},{"type":"Feature","properties":{},"geometry":{"type":"Polygon","coordinates":[[[-40.22,-56.32],[-39.55,-56.34],[-39.58,-56.81],[-40.1,-56.9],[-40.22,-56.32]]]}},{"type":"Feature","properties":{},"geometry":{"type":"Polygon","coordinates":[[[-37.95,-54.21],[-36.97,-54.45],[-37.42,-54.76],[-37.95,-54.21]]]}},{"type":"Feature","properties":{},"geometry":{"type":"Polygon","coordinates":[[[-21.12,-66.13],[-20.91,-66.84],[-19.65,-66.98],[-20.67,-67.07],[-20.55,-67.36],[-14.58,-67.04],[-13.82,-66.9],[-15.08,-66.82],[-14.01,-66.57],[-11.33,-66.67],[-8.34,-67.53],[-1.29,-66.86],[-0.09,-67.85],[0.38,-68.9],[-1.72,-70.38],[-4.6,-70.66],[-17.55,-68.9],[-19.84,-68.99],[-21.98,-68.36],[-21.6,-68.11],[-21.95,-67.23],[-22.82,-66.55],[-21.12,-66.13]]]}},{"type":"Feature","properties":{},"geometry":{"type":"Polygon","coordinates":[[[-38.36,-53.64],[-37.66,-53.73],[-38.27,-54.23],[-37.56,-55.03],[-38.3,-55.31],[-38.17,-56.63],[-37.36,-57.08],[-36.54,-56.52],[-36.25,-56.82],[-37.19,-57.41],[-36.33,-57.65],[-37.62,-57.59],[-36.61,-58.08],[-37.02,-58.49],[-36.51,-59.04],[-34.46,-59.56],[-33.82,-59.33],[-34.21,-59.03],[-33.84,-58.78],[-33.9,-59.18],[-33.31,-59.36],[-28.68,-59.74],[-26.33,-60.69],[-25.46,-60.73],[-25.36,-60.37],[-23.42,-61.51],[-23.04,-61.32],[-22.16,-62.61],[-21.81,-62.31],[-20.87,-64.24],[-18.72,-63.99],[-18.11,-65.35],[-21.21,-65.61],[-21.12,-66.13],[-26.67,-67.36],[-29.33,-66.81],[-28.57,-66.58],[-30.5,-65.86],[-28.68,-65.58],[-28.61,-65.06],[-27.83,-65.23],[-27.78,-62.35],[-29.42,-61.73],[-34.58,-61.08],[-34.13,-60.59],[-34.43,-60.25],[-35.09,-60.36],[-36.89,-59.32],[-37.26,-59.69],[-38.04,-59.38],[-37.18,-59.2],[-38.27,-58.85],[-37.84,-58.61],[-38.65,-58.27],[-38.31,-57.8],[-38.78,-57.69],[-38.62,-57.21],[-39.39,-56.97],[-38.85,-56.81],[-39.36,-56.27],[-38.79,-55.98],[-39.28,-55.39],[-38.36,-53.64]]]}},{"type":"Feature","properties":{},"geometry":{"type":"Polygon","coordinates":[[[-6.99,-63.27],[-7.39,-62.27],[-7.19,-59.07],[-6.55,-58.44],[-5.81,-58.57],[-6.93,-57.58],[-9.23,-57.98],[-10.16,-57.08],[-9.61,-55.01],[-8.67,-54.02],[-8.81,-52.77],[-7.85,-51.28],[-5.73,-49.7],[-5.63,-48.96],[-6.47,-48.57],[-5.68,-48.78],[-5.71,-47.94],[-4.49,-48.63],[-4.07,-48.4],[-4.56,-47.64],[-4.29,-47.41],[-3.75,-47.32],[-3.53,-48.02],[-2.24,-47.64],[-2.62,-47.53],[-2.56,-46.69],[-1.79,-47.77],[-0.92,-47.85],[0.37,-46.47],[2.62,-45.91],[4.58,-46.22],[6.67,-45.69],[10.03,-46.02],[15.05,-45.47],[15.21,-44.57],[15.64,-44.45],[17.57,-46.18],[19.18,-44.87],[22.39,-44.12],[23.3,-44.61],[23.87,-44.42],[23.48,-44.03],[24.04,-43.95],[24.12,-44.45],[24.73,-44.49],[24.77,-43.71],[25.88,-43.47],[27.78,-43.98],[28.37,-44.78],[27.7,-44.85],[28.85,-45.82],[34.02,-47.85],[33.5,-48.7],[32.83,-48.76],[33.29,-48.89],[32.68,-48.89],[32.96,-49.15],[32.37,-48.99],[32.22,-49.56],[31.37,-49.74],[31.81,-49.97],[31.52,-50.39],[31.96,-51.31],[34.26,-50.31],[35.41,-50.64],[38.37,-50.01],[41.89,-50.26],[46.11,-51.56],[48.81,-53.17],[49.63,-53.38],[50.26,-52.82],[51.02,-53.11],[50.55,-53.59],[52.28,-54.08],[53.46,-55.45],[53.75,-56.55],[57.5,-57.06],[57.07,-57.95],[57.93,-58.39],[57.72,-59.28],[59.6,-60.24],[59.07,-60.43],[62.78,-61.62],[62.21,-62.61],[62.81,-63.08],[64.92,-62.59],[66.55,-64.34],[68.76,-64.14],[67.43,-64.6],[67.2,-65.24],[68.65,-67.37],[68.33,-67.69],[69.1,-67.94],[68.8,-68.48],[70.37,-69.05],[67.94,-68.88],[68.23,-69.16],[67.72,-69.63],[68.43,-70.12],[66.65,-70.06],[67.88,-71.15],[66.68,-71.39],[68.57,-72.17],[66.57,-72.68],[67.07,-72.86],[66.28,-73.38],[67.11,-73.45],[66.33,-73.59],[65.89,-73.97],[66.2,-74.14],[62.61,-74.91],[62.95,-75.1],[62.14,-75.16],[62.93,-75.22],[62.1,-75.21],[62.67,-75.45],[61.03,-75.74],[61.83,-75.75],[59.94,-77.1],[54.17,-77.87],[48.13,-76.81],[48.44,-76.71],[47.84,-76.59],[48.81,-76.54],[48.14,-76.16],[48.56,-76.08],[46.69,-75.85],[47.12,-75.46],[44.9,-75.43],[45.73,-75.2],[44.51,-74.97],[46.19,-75],[45.44,-74.71],[43.81,-74.56],[42.46,-74.99],[41.96,-74.92],[42.98,-74.52],[37.99,-73.83],[34.65,-73.9],[33.41,-73.43],[32.81,-73.63],[33.48,-73.93],[30.81,-73.86],[32.17,-73.41],[31.35,-72.89],[31.67,-72.47],[22.62,-71.16],[23.01,-70.86],[21.66,-71.19],[18.91,-70.69],[14.22,-70.7],[12.76,-69.57],[14.1,-70.83],[10.31,-70.64],[8.63,-69.99],[5.49,-70.2],[3.34,-69.82],[2.88,-69.95],[5.96,-71.14],[5.84,-72.8],[1.09,-72.55],[1.79,-71.24],[0.34,-69.81],[0.39,-69.3],[-4.19,-68.4],[-4.2,-66.46],[-6.99,-63.27]]]}},{"type":"Feature","properties":{},"geometry":{"type":"Polygon","coordinates":[[[13.51,-72.3],[14.37,-73.25],[13.79,-73.71],[9.17,-74.25],[18.42,-75.95],[18.77,-76.14],[18.21,-76.33],[18.48,-76.59],[19.87,-76.46],[20.1,-77.14],[20.87,-77.44],[14.81,-77.58],[12,-77.15],[7.82,-77.85],[9.32,-78.45],[12.43,-78.6],[10.94,-78.85],[7.85,-78.45],[7.56,-78.55],[8.59,-78.87],[-8.07,-79.55],[-9.48,-79.33],[-8.83,-79.02],[-16.69,-77.95],[-24.27,-76.17],[-23.56,-75.85],[-24.7,-75.29],[-27.36,-75.33],[-24.03,-74.67],[-26.93,-74.54],[-27.03,-74.24],[-25.49,-73.71],[-26.67,-73.4],[-24.39,-73.08],[-26.72,-72.76],[-26.77,-72.26],[-25.31,-71.9],[-25.97,-71.52],[-27.81,-71.94],[-29.06,-71.65],[-30.74,-72.19],[-30.72,-71.65],[-31.6,-71.55],[-32.27,-71.84],[-31.3,-72.31],[-33.24,-72.48],[-32.09,-71.55],[-32.92,-70.97],[-31.54,-70.4],[-32.78,-69.93],[-31.8,-69.73],[-31.36,-68.96],[-33.05,-68.33],[-31.75,-68.25],[-30.8,-67.78],[-31.52,-67.44],[-29.33,-66.81],[-19.84,-68.99],[-17.55,-68.9],[-5.19,-70.65],[-1.52,-70.39],[6.9,-72.4],[13.51,-72.3]]]}},{"type":"Feature","properties":{},"geometry":{"type":"Polygon","coordinates":[[[-37.51,-53.01],[-37.07,-52.98],[-37.83,-53.51],[-37.51,-53.01]]]}},{"type":"Feature","properties":{},"geometry":{"type":"Polygon","coordinates":[[[-39.05,-53.24],[-38.73,-53.21],[-39.44,-53.75],[-39.05,-53.24]]]}},{"type":"Feature","properties":{},"geometry":{"type":"Polygon","coordinates":[[[-25.91,-53.21],[-26.39,-53.43],[-25.13,-53.87],[-27.25,-53.64],[-25.91,-53.21]]]}},{"type":"Feature","properties":{},"geometry":{"type":"Polygon","coordinates":[[[-25.55,-53.14],[-24.48,-53.23],[-25.45,-53.45],[-25.55,-53.14]]]}},{"type":"Feature","properties":{},"geometry":{"type":"Polygon","coordinates":[[[-29.53,-52.62],[-29.22,-53.09],[-29.76,-52.88],[-29.53,-52.62]]]}},{"type":"Feature","properties":{},"geometry":{"type":"Polygon","coordinates":[[[-28.3,-52.15],[-28.01,-52.82],[-28.55,-52.56],[-28.3,-52.15]]]}},{"type":"Feature","properties":{},"geometry":{"type":"Polygon","coordinates":[[[-30.8,-52.32],[-29.85,-52.86],[-31.19,-52.75],[-30.8,-52.32]]]}},{"type":"Feature","properties":{},"geometry":{"type":"Polygon","coordinates":[[[-30.2,-51.49],[-29.44,-51.53],[-30.48,-51.96],[-30.12,-52.39],[-31.14,-52.14],[-30.51,-52.19],[-30.96,-51.79],[-30.2,-51.49]]]}},{"type":"Feature","properties":{},"geometry":{"type":"Polygon","coordinates":[[[-28.93,-53.12],[-27.54,-53.06],[-28.49,-52.76],[-26.53,-52.83],[-27.9,-52.38],[-27.33,-51.8],[-28.35,-51.95],[-28.16,-51.48],[-28.53,-51.37],[-27.69,-50.93],[-25.1,-52.22],[-22.87,-52.51],[-24.02,-53.08],[-29.39,-53.28],[-28.93,-53.12]]]}},{"type":"Feature","properties":{},"geometry":{"type":"Polygon","coordinates":[[[-18.69,-48.53],[-19.33,-49.47],[-20.04,-49.41],[-19.15,-49],[-19.86,-48.7],[-18.69,-48.53]]]}},{"type":"Feature","properties":{},"geometry":{"type":"Polygon","coordinates":[[[-18.22,-48.42],[-17.04,-48.66],[-18.58,-49.46],[-18.22,-48.42]]]}},{"type":"Feature","properties":{},"geometry":{"type":"Polygon","coordinates":[[[-33.24,-49.93],[-32.88,-50.27],[-33.46,-50.25],[-33.24,-49.93]]]}},{"type":"Feature","properties":{},"geometry":{"type":"Polygon","coordinates":[[[29.92,-82.94],[29.43,-82.88],[31.34,-82.68],[29.92,-82.94]]]}},{"type":"Feature","properties":{},"geometry":{"type":"Polygon","coordinates":[[[-34.09,-49.34],[-33.56,-49.41],[-34.02,-49.76],[-34.09,-49.34]]]}},{"type":"Feature","properties":{},"geometry":{"type":"Polygon","coordinates":[[[-33.75,-48.71],[-33.91,-49.21],[-34.52,-48.67],[-33.92,-48.67],[-33.99,-47.95],[-33.45,-49.3],[-33.75,-48.71]]]}},{"type":"Feature","properties":{},"geometry":{"type":"Polygon","coordinates":[[[-34.15,-47.43],[-33.83,-47.96],[-34.29,-47.91],[-34.15,-47.43]]]}},{"type":"Feature","properties":{},"geometry":{"type":"Polygon","coordinates":[[[-6.3,-87.42],[-1.81,-87.23],[-4.94,-87.11],[-2.42,-87],[7.34,-87.25],[-6.3,-87.42]]]}},{"type":"Feature","properties":{},"geometry":{"type":"Polygon","coordinates":[[[-34.16,-44.22],[-33.98,-44.49],[-34.52,-44.45],[-34.16,-44.22]]]}},{"type":"Feature","properties":{},"geometry":{"type":"Polygon","coordinates":[[[-33.55,-43.5],[-33.22,-43.62],[-33.69,-44.08],[-33.55,-43.5]]]}},{"type":"Feature","properties":{},"geometry":{"type":"Polygon","coordinates":[[[-42.98,-76.74],[-42.53,-76.44],[-41.89,-76.64],[-42.75,-76.7],[-41.19,-76.83],[-42.98,-76.74]]]}},{"type":"Feature","properties":{},"geometry":{"type":"Polygon","coordinates":[[[-35.08,-41.08],[-34.41,-41.48],[-34.8,-41.81],[-34.38,-42.1],[-34.61,-42.69],[-35.22,-42.57],[-35.08,-41.08]]]}},{"type":"Feature","properties":{},"geometry":{"type":"Polygon","coordinates":[[[26.42,-85.75],[25.61,-85.6],[27.2,-85.66],[26.42,-85.75]]]}},{"type":"Feature","properties":{},"geometry":{"type":"Polygon","coordinates":[[[41.89,-80.02],[43.68,-79.85],[38.84,-79.5],[39.95,-79.3],[39.54,-79.31],[40.04,-79.05],[39.71,-78.91],[42.89,-78.59],[54.35,-77.97],[53.62,-78.29],[54.29,-78.38],[52,-79.27],[52.65,-79.37],[51.94,-79.43],[52.93,-79.55],[51.18,-79.83],[53.08,-79.56],[55.3,-80.4],[52.13,-80.76],[40.41,-80.38],[43.42,-80.04],[41.89,-80.02]]]}},{"type":"Feature","properties":{},"geometry":{"type":"Polygon","coordinates":[[[37.2,-85.25],[27.29,-84.91],[25.37,-85.39],[26.12,-85.37],[25.74,-85.53],[23.33,-85.28],[24.01,-85.19],[21.71,-85.45],[24.19,-85.56],[21.42,-85.68],[21.02,-85.54],[21.93,-85.51],[21,-85.47],[22.63,-85.27],[19.87,-85.49],[20.87,-85.34],[16.99,-85.02],[17.87,-84.29],[17.38,-84.23],[18.2,-84.03],[27.85,-82.54],[31.26,-80.72],[31.89,-79.83],[32.9,-80.52],[30.89,-81.53],[31,-82.14],[30.04,-82.61],[30.38,-82.98],[33.94,-83.71],[32.93,-83.9],[33.5,-84.29],[37.15,-84.65],[37.2,-85.25]]]}},{"type":"Feature","properties":{},"geometry":{"type":"Polygon","coordinates":[[[-60.59,-83.58],[-59.98,-84.07],[-53.16,-83.98],[-54.25,-84.07],[-52.83,-84.11],[-54.43,-84.49],[-51.92,-85.32],[-16.48,-86.56],[-10.89,-87.2],[-15.14,-87.3],[-11.32,-87.64],[-16.14,-87.82],[-3.68,-88.45],[-33.01,-88.67],[-32.4,-88.56],[-37.05,-88.64],[-30.36,-88.44],[-51.93,-88.3],[-52.74,-88.23],[-48.23,-88.23],[-53.04,-88.21],[-54.18,-88.11],[-51.34,-88.1],[-63.33,-86.98],[-66.11,-85.1],[-64.28,-83.58],[-60.59,-83.58]]]}},{"type":"Feature","properties":{},"geometry":{"type":"Polygon","coordinates":[[[58.05,-80.67],[57.05,-80.72],[57.33,-80.4],[58.05,-80.67]]]}},{"type":"Feature","properties":{},"geometry":{"type":"Polygon","coordinates":[[[67.27,-71.21],[66.72,-71.65],[64.98,-70.71],[65.74,-70.5],[67.27,-71.21]]]}},{"type":"Feature","properties":{},"geometry":{"type":"Polygon","coordinates":[[[117.4,-85.64],[115.26,-86.01],[118.57,-85.98],[116.54,-86.12],[120.32,-86.62],[117.65,-86.78],[122.05,-86.81],[105.68,-87.78],[106.43,-87.86],[84.3,-88.47],[109.89,-88.29],[103.37,-88.57],[107.7,-88.71],[93.5,-88.88],[-56.66,-89.48],[-84.25,-89.12],[-30.59,-88.51],[-23.19,-88],[-24.61,-88.19],[-4.6,-88.12],[-1.75,-87.86],[-6.4,-87.67],[9.79,-85.44],[16.92,-85.54],[15.77,-85.77],[16.04,-86.46],[17.6,-86.64],[44.09,-86.63],[45.03,-86.76],[43.15,-87.21],[65.86,-88.03],[105.74,-87.55],[103.04,-87.41],[107.38,-87.39],[99.44,-87.27],[114.31,-85.96],[116.48,-85.3],[119.44,-85.5],[117.4,-85.64]]]}},{"type":"Feature","properties":{},"geometry":{"type":"Polygon","coordinates":[[[120.45,-70.7],[120.87,-70.81],[120.64,-71.1],[120.45,-70.7]]]}},{"type":"Feature","properties":{},"geometry":{"type":"Polygon","coordinates":[[[141.12,-72.13],[141.51,-72.26],[140.51,-72.29],[141.12,-72.13]]]}},{"type":"Feature","properties":{},"geometry":{"type":"Polygon","coordinates":[[[140.16,-71.27],[139.83,-71.73],[139.21,-71.34],[140.16,-71.27]]]}},{"type":"Feature","properties":{},"geometry":{"type":"Polygon","coordinates":[[[133.06,-69.27],[137.12,-72.59],[135.59,-72.32],[133.34,-70.8],[132.88,-70.02],[133.06,-69.27]]]}},{"type":"Feature","properties":{},"geometry":{"type":"Polygon","coordinates":[[[103.68,-55.61],[103.42,-56.29],[102.58,-55.91],[103.68,-55.61]]]}},{"type":"Feature","properties":{},"geometry":{"type":"Polygon","coordinates":[[[20.47,-32.88],[21.58,-30.89],[23.01,-30.06],[24.89,-30.63],[25.04,-31.09],[25.29,-30.64],[26,-31.03],[27.63,-30.48],[27.89,-29.87],[28.07,-30.25],[28.88,-30.19],[29.39,-29.38],[30.2,-29.36],[30.13,-30.53],[29.01,-32.83],[28.44,-33.12],[28.5,-32.45],[28.17,-32.44],[27.48,-33.61],[18.93,-38.5],[16.63,-37.87],[16.15,-36.83],[17.52,-34.23],[20.47,-32.88]]]}},{"type":"Feature","properties":{},"geometry":{"type":"Polygon","coordinates":[[[97.43,-50.17],[97.29,-50.72],[96.59,-50.39],[97.43,-50.17]]]}},{"type":"Feature","properties":{},"geometry":{"type":"Polygon","coordinates":[[[97.65,-50.06],[97.82,-50.61],[98.69,-50.58],[98.79,-50.96],[97.61,-51.01],[97.3,-50.51],[97.65,-50.06]]]}},{"type":"Feature","properties":{},"geometry":{"type":"Polygon","coordinates":[[[62.39,-75.64],[62.49,-75.24],[61.65,-75.01],[62.43,-74.73],[62.5,-74.11],[67.51,-72.94],[68.62,-72.14],[67.29,-73.05],[68.07,-72.78],[68.66,-72.07],[67.57,-71.58],[70.43,-71.58],[71.76,-70.94],[68.69,-71.11],[67.29,-70.51],[73.16,-70.57],[75.77,-69.83],[74.37,-70.15],[67.14,-69.73],[67.38,-68.93],[67.87,-68.93],[67.72,-69.24],[69.03,-68.77],[70.39,-67.99],[69.94,-67.72],[70.35,-67.39],[71.32,-67.37],[70.95,-67.05],[71.72,-66.7],[70.36,-65.59],[70.46,-64.53],[65.28,-62],[64.32,-61.11],[61.57,-60.1],[59.4,-59.96],[56.93,-57.19],[53.84,-56.23],[53.19,-54.65],[53.77,-53.58],[57.14,-53.35],[60.5,-51.47],[63.6,-48.32],[63.4,-48.66],[63.92,-48.41],[63.3,-48.99],[64.65,-48.24],[63.87,-49.19],[64.63,-49.09],[65.9,-47.55],[69.25,-46.51],[69.65,-46.6],[69,-47.14],[69.98,-46.96],[73.36,-47.74],[73.89,-48.46],[78.43,-50.17],[81.37,-50.1],[82.12,-49.38],[83.85,-49.29],[83.15,-50.59],[84.43,-50.31],[84.16,-49.87],[84.75,-49.56],[85.22,-50.4],[85.99,-50.64],[85.46,-50.24],[86.64,-50.02],[85.94,-50.06],[86.35,-49.68],[86.94,-49.64],[87.24,-50.31],[87.21,-49.68],[87.94,-50.12],[87.98,-49.57],[89.02,-49.49],[88.64,-49.83],[88.96,-50.01],[89.79,-49.52],[89.68,-49.92],[90.95,-49.94],[91.38,-50.44],[91.51,-51.55],[90.11,-52.01],[91.82,-51.75],[92.36,-52.21],[92,-52.52],[92.65,-52.3],[92.62,-52.77],[93.62,-52.37],[93.28,-51.94],[96.16,-51.24],[96.61,-51.52],[96.7,-51.16],[96.93,-51.61],[97.93,-51.29],[99.73,-52.23],[100.18,-51.76],[99.21,-50.98],[99.66,-50.93],[99.63,-51.28],[99.86,-51.02],[100.19,-51.64],[100.68,-51.63],[100.93,-52.4],[101.62,-52.52],[101.61,-52.99],[102.55,-53.14],[102.89,-53.73],[104.15,-53.76],[103.56,-53.83],[104.23,-53.92],[103.81,-54.27],[105.14,-54.04],[104.91,-54.41],[105.31,-54.64],[104.18,-54.75],[104.25,-55.04],[102.93,-54.87],[102.02,-55.63],[100.11,-55.63],[100.64,-55.69],[100.83,-56.26],[100.16,-56.31],[100.86,-56.31],[101.68,-57.32],[100.97,-57.36],[101.91,-57.62],[104.63,-60.77],[106.4,-60.91],[110.02,-59.47],[110.81,-58.14],[112.86,-57.23],[112.14,-57.03],[113.47,-56.8],[113.17,-56.66],[114.27,-55.84],[115.11,-55.76],[114.75,-56.94],[115.28,-57.21],[114.73,-57.48],[115.11,-57.87],[114.74,-58.1],[115.1,-58.13],[114.22,-59.61],[115.7,-59.73],[116.53,-60.77],[115.33,-62.14],[115.52,-62.8],[115.96,-62.78],[114.64,-64.69],[118.47,-66.91],[118.53,-67.25],[117.84,-67.31],[118.74,-68.37],[117.91,-69.39],[118.86,-69.62],[119.4,-69.12],[120.26,-69.83],[120.69,-69.55],[119.93,-70.67],[119.02,-70.39],[120.72,-71.43],[121.66,-71.47],[121.94,-72.24],[122.65,-72.45],[122.5,-72.83],[123.35,-73.03],[122.81,-73.73],[123.42,-73.73],[121.01,-74.93],[121.56,-75.23],[120.95,-76.39],[112.5,-78.65],[108.23,-79.28],[100.57,-79.54],[99.03,-79.19],[100.07,-79.54],[77.47,-81.05],[74.87,-80.81],[71.19,-79.5],[69.67,-79.44],[71.38,-79.73],[66.33,-79.21],[65,-78.71],[63,-78.96],[64.36,-78.7],[63.65,-78.55],[64.81,-78.4],[64.43,-78.24],[64.83,-78.03],[66.34,-78.03],[64.54,-77.69],[65.08,-77.43],[67.57,-77.48],[61.67,-76.75],[62.39,-75.64]]]}},{"type":"Feature","properties":{},"geometry":{"type":"Polygon","coordinates":[[[129.87,-57.72],[130.34,-57.95],[129.58,-57.58],[129.87,-57.72]]]}},{"type":"Feature","properties":{},"geometry":{"type":"Polygon","coordinates":[[[111.9,-51.18],[112.22,-51.48],[111.42,-51.86],[110.1,-51.29],[111.9,-51.18]]]}},{"type":"Feature","properties":{},"geometry":{"type":"Polygon","coordinates":[[[130.14,3.97],[130,3.4],[129.2,3.05],[130.14,3.97]]]}},{"type":"Feature","properties":{},"geometry":{"type":"Polygon","coordinates":[[[106.53,-47.95],[106.72,-48.46],[106.03,-48.59],[106.53,-47.95]]]}},{"type":"Feature","properties":{},"geometry":{"type":"Polygon","coordinates":[[[107.26,-47.94],[107,-48.31],[106.72,-47.93],[107.26,-47.94]]]}},{"type":"Feature","properties":{},"geometry":{"type":"Polygon","coordinates":[[[123.23,0.02],[125.23,1.09],[125.9,0.88],[127.31,1.75],[127.4,2.54],[128.98,3.14],[129.78,2.72],[131.04,3.5],[131.61,2.85],[124.43,-0.95],[124.27,-0.56],[123.12,-1.14],[123.23,0.02]]]}},{"type":"Feature","properties":{},"geometry":{"type":"Polygon","coordinates":[[[107.42,-47.54],[107.45,-48.03],[106.85,-47.86],[107.42,-47.54]]]}},{"type":"Feature","properties":{},"geometry":{"type":"Polygon","coordinates":[[[108.83,-43.34],[108.91,-44.06],[107.84,-43.23],[108.21,-42.95],[108.83,-43.34]]]}},{"type":"Feature","properties":{},"geometry":{"type":"Polygon","coordinates":[[[111.97,-45.1],[112.74,-46.03],[112.4,-46.71],[110.05,-44.32],[111.97,-45.1]]]}},{"type":"Feature","properties":{},"geometry":{"type":"Polygon","coordinates":[[[123.28,3.84],[123.85,3.94],[123.92,3.44],[123.59,3.21],[123.28,3.84]]]}},{"type":"Feature","properties":{},"geometry":{"type":"Polygon","coordinates":[[[113.85,-44.79],[113.6,-45.09],[113.12,-44.58],[113.85,-44.79]]]}},{"type":"Feature","properties":{},"geometry":{"type":"Polygon","coordinates":[[[121.18,3.22],[122.12,2.85],[122.62,3.13],[122.91,2.7],[121.06,2.27],[121.18,3.22]]]}},{"type":"Feature","properties":{},"geometry":{"type":"Polygon","coordinates":[[[115.16,-44.58],[114.82,-44.98],[114.81,-44.48],[115.16,-44.58]]]}},{"type":"Feature","properties":{},"geometry":{"type":"Polygon","coordinates":[[[129.45,-54.67],[130.97,-56.33],[130.36,-56.86],[132.53,-57.99],[132.76,-58.67],[130.34,-58.13],[123.03,-52.71],[116.4,-49.51],[116.92,-49.48],[115.7,-48.5],[116.6,-48.02],[114.98,-48.5],[114.5,-48.05],[115.07,-47.66],[114.56,-46.69],[116.36,-47.23],[116.13,-47.49],[116.73,-47.63],[116.45,-47.8],[117.53,-47.41],[115.42,-46.55],[115.87,-45.68],[114.72,-45],[117.12,-45.04],[118.75,-46.37],[118.54,-47.07],[117.53,-47.73],[117.36,-48.37],[117.92,-48.17],[117.64,-49.16],[122.83,-49.31],[124.41,-51.07],[129.45,-54.67]]]}},{"type":"Feature","properties":{},"geometry":{"type":"Polygon","coordinates":[[[124.6,-53.63],[124.62,-54.39],[125.88,-55.25],[126.15,-56.35],[127.38,-56.48],[127.02,-56.92],[128.38,-57.32],[127.87,-57.59],[129.59,-58.04],[128.16,-58.34],[124.38,-57.01],[123.18,-56.01],[123.45,-55.8],[122.82,-55.67],[122.17,-54.38],[120.4,-53.5],[119.58,-53.7],[119.03,-53],[119.12,-53.82],[118.16,-53.46],[118.49,-53.92],[116.25,-53.35],[117.57,-53.93],[117.62,-54.55],[113.99,-53.84],[113.01,-52.42],[113.52,-52.19],[111.5,-52.03],[112.26,-51.49],[111.87,-50.96],[113.29,-51.35],[111.87,-50.68],[112.8,-51.02],[112.1,-50.07],[112.57,-49.58],[112.05,-49.37],[112.4,-49.16],[111.74,-48.65],[112.04,-48.43],[111.69,-48.6],[108.71,-46.43],[115.67,-48.78],[124.6,-53.63]]]}},{"type":"Feature","properties":{},"geometry":{"type":"Polygon","coordinates":[[[115.86,-43.83],[116.18,-44.4],[115.06,-43.61],[115.86,-43.83]]]}},{"type":"Feature","properties":{},"geometry":{"type":"Polygon","coordinates":[[[118.33,4.23],[118.63,3.94],[118.19,3.86],[118.33,4.23]]]}},{"type":"Feature","properties":{},"geometry":{"type":"Polygon","coordinates":[[[-3.07,-4.56],[-3.25,-4.94],[-3.47,-4.7],[-3.07,-4.56]]]}},{"type":"Feature","properties":{},"geometry":{"type":"Polygon","coordinates":[[[109.6,0.86],[111.29,1.98],[112.56,1.56],[117.33,2.34],[120.27,-1.37],[117.53,-0.54],[115.9,-0.54],[114.65,0.29],[113.54,-0.03],[111.9,0.4],[110.06,0.23],[109.42,0.59],[109.6,0.86]]]}},{"type":"Feature","properties":{},"geometry":{"type":"Polygon","coordinates":[[[116.99,2.4],[117.84,2.64],[117.71,2.18],[118.39,2.96],[118.86,1.99],[119.78,2.49],[121.12,1.63],[121.62,2.39],[122.36,2.27],[124.17,-0.01],[123.54,0],[123.71,-0.34],[123.06,-0.59],[123.37,-0.86],[119.57,-1],[116.99,2.4]]]}},{"type":"Feature","properties":{},"geometry":{"type":"Polygon","coordinates":[[[123.98,16.76],[124.22,16.41],[124.25,16.99],[125.08,16.89],[125.76,16.39],[127.04,16.94],[126.4,15.88],[127.09,15.83],[126.27,15.17],[126.87,14.68],[126.28,14.2],[126.84,14.47],[126.52,14.23],[127.97,13.8],[128.05,13.27],[129.53,13.22],[128.52,12.72],[129.45,11.03],[128.9,9.39],[129.22,9.43],[129.07,8.92],[129.54,9.14],[129.66,7.52],[129.05,6.52],[128.48,7.14],[127.82,6.51],[127.01,6.57],[126.47,5.38],[125.86,5.88],[124.86,4.85],[123.48,6.19],[122.76,5.96],[122.91,6.24],[121.73,6.68],[121.07,8.21],[123.05,8.94],[122.63,8.94],[122.29,10.11],[123.28,11.44],[123.17,13.15],[124.12,14.26],[123.98,16.76]]]}},{"type":"Feature","properties":{},"geometry":{"type":"Polygon","coordinates":[[[20.25,-43.56],[16.81,-44.72],[15.21,-44.29],[14.86,-43.22],[15.48,-42.75],[18.04,-42.78],[18.34,-42.9],[17.7,-42.85],[20.25,-43.56]]]}},{"type":"Feature","properties":{},"geometry":{"type":"Polygon","coordinates":[[[-29.61,11.51],[-29.53,10.81],[-30.45,10.63],[-30.01,10.93],[-30.26,11.32],[-29.61,11.51]]]}},{"type":"Feature","properties":{},"geometry":{"type":"Polygon","coordinates":[[[-49.87,-0.7],[-48.78,-1.66],[-50.25,-1.16],[-49.87,-0.7]]]}},{"type":"Feature","properties":{},"geometry":{"type":"Polygon","coordinates":[[[-53.74,3.32],[-51.61,1.69],[-51.15,0.96],[-51.64,1],[-50.83,-0.04],[-51.29,-0.22],[-53.2,1.06],[-53.87,0.63],[-54.05,1.49],[-55.64,2.23],[-55.91,2.79],[-55.55,2.96],[-54.13,1.89],[-53.92,2.85],[-54.39,3.43],[-53.74,3.32]]]}},{"type":"Feature","properties":{},"geometry":{"type":"Polygon","coordinates":[[[116.56,19.88],[117.44,20.2],[117.44,18.93],[116.71,18.07],[115.77,18.14],[115.48,18.97],[116.56,19.88]]]}},{"type":"Feature","properties":{},"geometry":{"type":"Polygon","coordinates":[[[-51.33,5.19],[-49.95,3.63],[-47.59,-1.78],[-50.44,0.06],[-49.56,0.44],[-50.15,1.01],[-50.02,2.05],[-51.84,4.3],[-51.57,4.73],[-54.26,5.99],[-53.69,5.69],[-53.04,6.06],[-51.33,5.19]]]}},{"type":"Feature","properties":{},"geometry":{"type":"Polygon","coordinates":[[[-31.63,18.44],[-31.3,17.68],[-31.61,17.51],[-31.97,17.88],[-31.63,18.44]]]}},{"type":"Feature","properties":{},"geometry":{"type":"Polygon","coordinates":[[[132.56,40.61],[133.52,40.45],[133.42,40.04],[134.1,39.76],[133.55,38.12],[132.87,37.69],[132.91,38.4],[132.77,37.84],[132.21,38.04],[132.55,39.45],[132.02,39.82],[132.27,39.33],[131.62,39.15],[131.46,39.66],[131.87,39.45],[131.3,39.88],[132.56,40.61]]]}},{"type":"Feature","properties":{},"geometry":{"type":"Polygon","coordinates":[[[136.12,41.4],[136.84,40.94],[136.32,40.29],[135.44,40.41],[134.74,39.71],[134.38,40.32],[133.96,40.17],[134.78,41.03],[136.12,41.4]]]}},{"type":"Feature","properties":{},"geometry":{"type":"Polygon","coordinates":[[[21.16,19.11],[22.74,17.76],[21.51,18.2],[20.86,18.98],[21.16,19.11]]]}},{"type":"Feature","properties":{},"geometry":{"type":"Polygon","coordinates":[[[26.31,10.48],[25.48,10.77],[24.93,11.52],[25.1,12.1],[25.76,11.76],[26.31,10.48]]]}},{"type":"Feature","properties":{},"geometry":{"type":"Polygon","coordinates":[[[16.9,25.01],[15.5,23.92],[14.33,26.09],[14.8,26.26],[16.9,25.01]]]}},{"type":"Feature","properties":{},"geometry":{"type":"Polygon","coordinates":[[[22.83,22.22],[23.07,20.86],[22.34,22.31],[22.83,22.22]]]}},{"type":"Feature","properties":{},"geometry":{"type":"Polygon","coordinates":[[[33.93,35.28],[34.24,34.95],[33.48,35.02],[33.93,35.28]]]}},{"type":"Feature","properties":{},"geometry":{"type":"Polygon","coordinates":[[[10.56,31.1],[10.39,30.42],[9.78,30.72],[10.56,31.1]]]}},{"type":"Feature","properties":{},"geometry":{"type":"Polygon","coordinates":[[[15.18,33.95],[14.79,33.5],[12.96,33.24],[12.25,33.89],[14.61,34.67],[15.18,33.95]]]}},{"type":"Feature","properties":{},"geometry":{"type":"Polygon","coordinates":[[[136.16,41.75],[134.15,41.21],[134.01,40.66],[132.61,40.64],[132.64,41.14],[134.73,42.52],[138.01,42.89],[138.47,44.64],[139.11,44.83],[138.63,44.39],[139.09,44.06],[140.46,44.81],[141.64,46.46],[141.38,48.15],[141.8,48.84],[142.76,48.52],[142.4,49.17],[143.06,49.11],[144.05,47.21],[143.64,45.97],[142.97,45.69],[143.23,44.67],[142.87,43.9],[143.3,43.38],[142.83,42.8],[142.18,42.53],[142.32,43.27],[141.11,42.16],[141.04,42.61],[140.54,42.04],[139.21,41.9],[139.55,42.13],[138.8,42.35],[138.67,41.88],[139.13,41.59],[137.76,40.7],[137.18,41.02],[137.48,41.87],[136.16,41.75]]]}},{"type":"Feature","properties":{},"geometry":{"type":"Polygon","coordinates":[[[17.3,34.15],[15.3,34.01],[16.39,34.66],[17.3,34.15]]]}},{"type":"Feature","properties":{},"geometry":{"type":"Polygon","coordinates":[[[149.43,46.61],[149.73,46.64],[148.57,45.88],[149.43,46.61]]]}},{"type":"Feature","properties":{},"geometry":{"type":"Polygon","coordinates":[[[144.87,47.62],[147.43,46.11],[148.46,46.5],[148.18,45.96],[148.59,45.42],[147.03,45.01],[146.4,44.16],[143.62,44.65],[143.31,45.4],[144.43,45.42],[144.5,47.3],[144.87,47.62]]]}},{"type":"Feature","properties":{},"geometry":{"type":"Polygon","coordinates":[[[141.87,50.18],[141.56,49.82],[142.67,49.45],[141.48,48.97],[140.96,50.13],[141.87,50.18]]]}},{"type":"Feature","properties":{},"geometry":{"type":"Polygon","coordinates":[[[-12.61,38.4],[-12.63,37.68],[-13.36,37.16],[-12.57,37.71],[-12.13,37.3],[-13.49,37],[-13.65,37.52],[-12.61,38.4]]]}},{"type":"Feature","properties":{},"geometry":{"type":"Polygon","coordinates":[[[-15.65,38.52],[-15.53,38.07],[-13.96,37.95],[-14.7,37.51],[-15.84,38.07],[-15.65,38.52]]]}},{"type":"Feature","properties":{},"geometry":{"type":"Polygon","coordinates":[[[-15.29,41.58],[-13.3,40.59],[-14.9,40.98],[-15.62,41.53],[-15.29,41.58]]]}},{"type":"Feature","properties":{},"geometry":{"type":"Polygon","coordinates":[[[-81.49,33.06],[-79.63,32.28],[-78.47,30.34],[-79.69,30.73],[-79.32,31.16],[-79.92,30.89],[-80.6,31.43],[-80.24,31.71],[-81.52,32.29],[-81.06,32.73],[-81.56,32.63],[-81.49,33.06]]]}},{"type":"Feature","properties":{},"geometry":{"type":"Polygon","coordinates":[[[-7.93,40.19],[-7.11,40.54],[-6.29,40.18],[-7.01,39.35],[-5.96,39.5],[-6.84,39.14],[-6.65,38.46],[-5.89,38.99],[-6.25,37.56],[-6.71,37.58],[-6.58,38.15],[-7.19,37.8],[-6.97,38.84],[-8.52,37.91],[-7.52,38.67],[-11.5,38.92],[-7.93,40.19]]]}},{"type":"Feature","properties":{},"geometry":{"type":"Polygon","coordinates":[[[-8.05,42.67],[-7.73,42.42],[-8.26,42.4],[-7.98,42.13],[-9.17,40.88],[-7.95,41.04],[-8.57,40.65],[-7.69,40.56],[-7.93,40.19],[-11.44,39.04],[-10.48,39.73],[-11.3,39.82],[-10.48,40.37],[-10.09,40.16],[-10.36,40.53],[-9.87,40.63],[-9.45,41.85],[-8.05,42.67]]]}},{"type":"Feature","properties":{},"geometry":{"type":"Polygon","coordinates":[[[-29.27,46.49],[-28.83,45.89],[-29.91,46.36],[-29.27,46.49]]]}},{"type":"Feature","properties":{},"geometry":{"type":"Polygon","coordinates":[[[-83.76,35.8],[-83.55,34.6],[-84.35,35.71],[-83.76,35.8]]]}},{"type":"Feature","properties":{},"geometry":{"type":"Polygon","coordinates":[[[-84.42,36.84],[-83.85,36.58],[-84.17,36.17],[-83.43,36.68],[-84.07,35.73],[-84.42,36.84]]]}},{"type":"Feature","properties":{},"geometry":{"type":"Polygon","coordinates":[[[145.3,56.45],[145.97,54.96],[145.72,53.84],[147.67,50.8],[146.89,51.4],[145.8,51.25],[145.4,49.9],[146.58,48.5],[146.39,48.15],[145.6,48.86],[145.01,47.99],[144.7,48.68],[145.04,50.09],[144.63,50.87],[144.93,53.25],[144.29,53.84],[144.31,54.53],[144.37,55.49],[145.36,55.82],[144.76,56.4],[145.3,56.45]]]}},{"type":"Feature","properties":{},"geometry":{"type":"Polygon","coordinates":[[[-103.96,44.46],[-103.9,43.91],[-105.2,44.42],[-103.96,44.46]]]}},{"type":"Feature","properties":{},"geometry":{"type":"Polygon","coordinates":[[[139.09,62.22],[139.69,62.15],[138.61,61.79],[139.09,62.22]]]}},{"type":"Feature","properties":{},"geometry":{"type":"Polygon","coordinates":[[[0.97,43.38],[1.98,43.66],[0.88,43.56],[1.77,44.22],[0.68,44.41],[1.22,44.8],[0.75,45.24],[2.08,45.22],[2.4,45.65],[1.84,45.7],[2.26,46.16],[4.09,46.2],[4.63,45.49],[2.68,43.86],[0.97,43.38]]]}},{"type":"Feature","properties":{},"geometry":{"type":"Polygon","coordinates":[[[2.25,42.89],[1.01,42.45],[1.28,42.73],[0.69,42.62],[1.19,42.88],[0.49,42.84],[1.03,43.15],[0.43,43.18],[4,44.68],[3.9,43.19],[2.25,42.89]]]}},{"type":"Feature","properties":{},"geometry":{"type":"Polygon","coordinates":[[[17.68,46.98],[18,46.47],[17.07,46.88],[17.68,46.98]]]}},{"type":"Feature","properties":{},"geometry":{"type":"Polygon","coordinates":[[[-75.64,50.97],[-76.05,50.34],[-76.34,50.47],[-75.98,50.76],[-76.5,50.71],[-75.64,50.97]]]}},{"type":"Feature","properties":{},"geometry":{"type":"Polygon","coordinates":[[[19.24,47.57],[19.09,46.42],[18.03,47.15],[19.04,47.11],[18.8,47.41],[19.24,47.57]]]}},{"type":"Feature","properties":{},"geometry":{"type":"Polygon","coordinates":[[[-84.29,39.03],[-83.48,38],[-83.93,37.95],[-83.43,37.79],[-83.57,37.22],[-84.3,37.94],[-84.29,39.03]]]}},{"type":"Feature","properties":{},"geometry":{"type":"Polygon","coordinates":[[[-26.5,49.61],[-26.66,48.87],[-26.31,49.34],[-26.75,48.84],[-26.52,49.21],[-27.36,48.96],[-26.5,49.61]]]}},{"type":"Feature","properties":{},"geometry":{"type":"Polygon","coordinates":[[[-84.58,39.67],[-84.28,39.28],[-84.74,38.75],[-84.58,39.67]]]}},{"type":"Feature","properties":{},"geometry":{"type":"Polygon","coordinates":[[[-84.27,39.79],[-83.79,39.51],[-83.97,39.08],[-84.27,39.79]]]}},{"type":"Feature","properties":{},"geometry":{"type":"Polygon","coordinates":[[[3.86,48.71],[4.39,48.27],[4.11,48.02],[3.48,48.42],[3.86,48.71]]]}},{"type":"Feature","properties":{},"geometry":{"type":"Polygon","coordinates":[[[24.24,49.66],[24.43,49.23],[23.85,48.67],[23.73,49.29],[24.24,49.66]]]}},{"type":"Feature","properties":{},"geometry":{"type":"Polygon","coordinates":[[[-95.28,42.86],[-95.01,42.16],[-96.85,42.2],[-96.28,42.35],[-96.86,42.32],[-96.75,42.84],[-96.09,42.91],[-96.11,42.42],[-95.81,42.94],[-95.28,42.86]]]}},{"type":"Feature","properties":{},"geometry":{"type":"Polygon","coordinates":[[[-85.25,37.69],[-85.46,37.43],[-84.94,37.24],[-85.5,37.48],[-85.23,36.75],[-85.62,37.27],[-85.87,36.95],[-85.75,37.7],[-85.25,37.69]]]}},{"type":"Feature","properties":{},"geometry":{"type":"Polygon","coordinates":[[[-84.62,41.1],[-84.16,40.15],[-84.8,39.8],[-84.62,41.1]]]}},{"type":"Feature","properties":{},"geometry":{"type":"Polygon","coordinates":[[[-94.51,43.02],[-94.32,42.62],[-95,42.68],[-94.51,43.02]]]}},{"type":"Feature","properties":{},"geometry":{"type":"Polygon","coordinates":[[[27.19,50.65],[27.83,50.54],[26.88,49.9],[26.6,50.48],[27.19,50.65]]]}},{"type":"Feature","properties":{},"geometry":{"type":"Polygon","coordinates":[[[6.23,49.68],[6.43,49.4],[5.4,48.93],[5.91,48.88],[4.91,47.72],[3.94,47.72],[4.62,48.11],[4.26,48.86],[4.86,48.83],[4.55,49.08],[4.89,49.63],[6.23,49.68]]]}},{"type":"Feature","properties":{},"geometry":{"type":"Polygon","coordinates":[[[5.82,48.64],[7.5,48.66],[6.95,47.6],[6.29,47.4],[6.92,47.31],[5.88,47.13],[7.3,46.96],[7.82,46.35],[5.11,45.64],[4.83,45.98],[5.38,46.94],[5.16,47.22],[4.7,46.86],[4.91,47.25],[4.31,46.3],[4.41,47.3],[5.82,48.64]]]}},{"type":"Feature","properties":{},"geometry":{"type":"Polygon","coordinates":[[[7.82,46.35],[8.1,45.64],[9.08,45.19],[9.3,44.68],[8.58,44.77],[9.31,44.56],[9.21,43.97],[10.63,43.84],[10.56,43.2],[9.56,42.53],[10.46,42.27],[4.49,41.04],[5.69,42.21],[6.73,42.25],[7.27,42.84],[6.45,42.41],[4.77,42.91],[5.91,43.58],[5.8,43.94],[5.21,43.81],[5.56,44.14],[6.88,44.35],[6.82,45.26],[6.45,45.13],[6.25,45.79],[7.82,46.35]]]}},{"type":"Feature","properties":{},"geometry":{"type":"Polygon","coordinates":[[[27.09,51.12],[27.54,50.9],[26.68,50.92],[27.09,51.12]]]}},{"type":"Feature","properties":{},"geometry":{"type":"Polygon","coordinates":[[[-13.54,53.28],[-13.5,52.89],[-13.93,53.24],[-13.54,53.28]]]}},{"type":"Feature","properties":{},"geometry":{"type":"Polygon","coordinates":[[[-24.7,55.25],[-25.32,54.51],[-25.5,54.97],[-24.7,55.25]]]}},{"type":"Feature","properties":{},"geometry":{"type":"Polygon","coordinates":[[[-26.67,56.15],[-26.55,55.84],[-28.2,55.48],[-27.78,56.13],[-26.67,56.15]]]}},{"type":"Feature","properties":{},"geometry":{"type":"Polygon","coordinates":[[[-23.26,56.21],[-22.84,55.85],[-23.56,56.19],[-23.26,56.21]]]}},{"type":"Feature","properties":{},"geometry":{"type":"Polygon","coordinates":[[[-16.74,86.1],[-37.95,86.27],[-33.59,86.77],[-15.6,86.34],[-16.74,86.1]]]}},{"type":"Feature","properties":{},"geometry":{"type":"Polygon","coordinates":[[[-13.06,85.05],[-14.42,85.13],[-11.47,85.17],[-13.06,85.05]]]}},{"type":"Feature","properties":{},"geometry":{"type":"Polygon","coordinates":[[[-27.79,59.33],[-27.71,58.59],[-27.24,58.79],[-25.64,57.61],[-26.03,57.07],[-24.68,56.67],[-25.54,56.45],[-26.57,56.81],[-26.79,57.38],[-29.15,56.6],[-29.07,57.26],[-30.31,57.28],[-29.26,57.64],[-28.48,59],[-27.79,59.33]]]}},{"type":"Feature","properties":{},"geometry":{"type":"Polygon","coordinates":[[[-26.78,59.37],[-26.13,58.87],[-26.64,58.88],[-26.78,59.37]]]}},{"type":"Feature","properties":{},"geometry":{"type":"Polygon","coordinates":[[[63.44,63.83],[63.71,63.62],[62.86,63.53],[63.44,63.83]]]}},{"type":"Feature","properties":{},"geometry":{"type":"Polygon","coordinates":[[[-18.29,60.29],[-17.72,59.99],[-18.64,60.09],[-18.29,60.29]]]}},{"type":"Feature","properties":{},"geometry":{"type":"Polygon","coordinates":[[[-19.36,60.71],[-18.79,60.46],[-19.27,59.77],[-20.71,59.75],[-20.26,60.56],[-19.36,60.71]]]}},{"type":"Feature","properties":{},"geometry":{"type":"Polygon","coordinates":[[[19.54,60.52],[19.63,60.1],[19.92,60.51],[20.2,60.17],[19.16,59.81],[19.54,60.52]]]}},{"type":"Feature","properties":{},"geometry":{"type":"Polygon","coordinates":[[[1.75,80.4],[-6.76,82.41],[-6,82.68],[-6.38,82.86],[-6.06,83.05],[-5.12,83.09],[-6.46,83.47],[-9.02,83.4],[-7.16,83.3],[-8.62,82.84],[-6.83,82.73],[-9.89,82.73],[-23.57,83.72],[-20.34,84.01],[-20.67,84.25],[-16.91,84.05],[-18.84,84.41],[-11.13,84.17],[-14.46,84.41],[-13.84,84.57],[-14.41,84.8],[-8.86,85.07],[-13.42,85.48],[-8.47,85.61],[-7.01,85.54],[-8.42,85.41],[-7.74,85.23],[-5.67,85.49],[2.81,84.57],[1.65,84.46],[1.72,84.12],[10.34,83.63],[6.4,82.86],[10.68,82.81],[13.11,83.46],[13.67,83.12],[1.75,80.4]]]}},{"type":"Feature","properties":{},"geometry":{"type":"Polygon","coordinates":[[[19.1,60.56],[19.37,60.23],[18.67,60.12],[19.1,60.56]]]}},{"type":"Feature","properties":{},"geometry":{"type":"Polygon","coordinates":[[[-19.65,61.89],[-19.33,61.79],[-19.92,61.61],[-19.65,61.89]]]}},{"type":"Feature","properties":{},"geometry":{"type":"Polygon","coordinates":[[[44.35,63.54],[44.96,63.33],[43.98,62.79],[43.39,63.11],[43.5,63.5],[44.35,63.54]]]}},{"type":"Feature","properties":{},"geometry":{"type":"Polygon","coordinates":[[[20.76,61.14],[21.11,60.86],[20.25,60.68],[20.76,61.14]]]}},{"type":"Feature","properties":{},"geometry":{"type":"Polygon","coordinates":[[[-34.29,64.36],[-33.31,63.26],[-34.67,63.05],[-36.5,63.83],[-34.29,64.36]]]}},{"type":"Feature","properties":{},"geometry":{"type":"Polygon","coordinates":[[[15.59,76.99],[15.15,77.41],[16.89,77.25],[15.59,76.99]]]}},{"type":"Feature","properties":{},"geometry":{"type":"Polygon","coordinates":[[[21.71,61.8],[22.07,61.72],[21.39,61.62],[21.71,61.8]]]}},{"type":"Feature","properties":{},"geometry":{"type":"Polygon","coordinates":[[[-8.39,56.62],[-7.39,55.8],[-8.97,55.79],[-8.41,55.74],[-9.25,56.14],[-8.39,56.62]]]}},{"type":"Feature","properties":{},"geometry":{"type":"Polygon","coordinates":[[[50.59,65.61],[52.31,65.07],[50.28,65.32],[50.59,65.61]]]}},{"type":"Feature","properties":{},"geometry":{"type":"Polygon","coordinates":[[[-15.07,62.99],[-14.75,62.89],[-15.37,62.78],[-15.07,62.99]]]}},{"type":"Feature","properties":{},"geometry":{"type":"Polygon","coordinates":[[[8.37,55.83],[8.57,55.45],[6.88,55.3],[8.37,55.83]]]}},{"type":"Feature","properties":{},"geometry":{"type":"Polygon","coordinates":[[[45.12,65.77],[45.78,65.4],[44.82,65.62],[45.12,65.77]]]}},{"type":"Feature","properties":{},"geometry":{"type":"Polygon","coordinates":[[[-1.16,78.45],[0.26,78.46],[-2.01,77.99],[-1.16,78.45]]]}},{"type":"Feature","properties":{},"geometry":{"type":"Polygon","coordinates":[[[-4.33,77.95],[-6.3,78.44],[-2,78.44],[-2.94,77.92],[-4.33,77.95]]]}},{"type":"Feature","properties":{},"geometry":{"type":"Polygon","coordinates":[[[133.28,78.71],[134.19,78.7],[132.61,78.6],[133.28,78.71]]]}},{"type":"Feature","properties":{},"geometry":{"type":"Polygon","coordinates":[[[-16.61,38.78],[-16.24,37.91],[-15.58,37.77],[-15.87,37.68],[-14.53,37.13],[-13.99,37.39],[-13.23,36.75],[-16.25,36.26],[-17.44,35.25],[-17.98,35.59],[-17.61,36.39],[-17.92,36.28],[-16.32,37.03],[-16.11,36.63],[-15.3,36.98],[-16.71,37.07],[-16.27,37.68],[-19.85,36.27],[-20.45,36.56],[-20.67,36.07],[-21.64,35.95],[-22.57,34.63],[-22.02,33.96],[-21.74,34.28],[-21.74,33.78],[-22.83,33.8],[-22.94,34.16],[-23.1,33.73],[-23.85,33.73],[-20.96,36.78],[-16.61,38.78]]]}},{"type":"Feature","properties":{},"geometry":{"type":"Polygon","coordinates":[[[-13.18,-25.58],[-15.84,-30.01],[-14.68,-28.13],[-15.45,-27.76],[-15.2,-28.09],[-16.06,-29.59],[-16.23,-31.01],[-17.41,-32.73],[-19.31,-33.24],[-21.04,-33.01],[-21.73,-32.42],[-21.5,-31.48],[-21.85,-31.71],[-21.73,-33.04],[-20.24,-33.74],[-20.09,-34.62],[-28.02,-33.09],[-29.76,-32.47],[-31.32,-29.89],[-35.05,-25.43],[-35.47,-23.55],[-35.21,-21.69],[-35.87,-19.2],[-29.1,-22],[-22.36,-24.1],[-13.18,-25.58]]]}},{"type":"Feature","properties":{},"geometry":{"type":"Polygon","coordinates":[[[-24.1,-36.7],[-24.69,-36.55],[-24.18,-37.12],[-24.49,-37.07],[-24.21,-38.67],[-26.83,-38.96],[-26.47,-40.17],[-25.85,-40.46],[-25.26,-40],[-24.97,-40.66],[-26.28,-40.74],[-25.57,-40.96],[-26.37,-41.75],[-26.23,-43.04],[-27.56,-43.6],[-27.93,-44.47],[-26.88,-45.25],[-25.84,-45.3],[-25.66,-46.04],[-27.04,-47.33],[-27.06,-48.33],[-27.77,-48.28],[-27.44,-48.55],[-28,-49.03],[-27.76,-50.16],[-26.74,-50.68],[-28.96,-51.4],[-28.9,-52.58],[-30.24,-52.26],[-29.53,-52.27],[-29.14,-51.58],[-29.67,-51.32],[-30.94,-51.46],[-30.83,-51.96],[-31.31,-52.01],[-30.93,-51.49],[-31.69,-51.78],[-31.95,-51.11],[-31.03,-51.23],[-31.04,-50.9],[-30.73,-51.11],[-31.06,-51.41],[-30.65,-51.37],[-30.8,-50.68],[-31.59,-50.24],[-30.89,-50.66],[-31.67,-50.6],[-31.21,-50.83],[-31.44,-51.1],[-31.75,-50.67],[-31.48,-51.19],[-32.26,-50.73],[-31.93,-50.68],[-32.13,-50.27],[-32.79,-50.08],[-32.05,-49.74],[-32.34,-49.47],[-32.62,-49.99],[-32.75,-49.52],[-33.47,-49.45],[-32.63,-49.42],[-33.3,-48.84],[-32.64,-48.83],[-33.18,-48.26],[-33.46,-48.61],[-33.68,-48.04],[-33.32,-47.93],[-33.7,-47.84],[-33.25,-47.59],[-34.12,-47.3],[-32.78,-47.13],[-33.36,-46.73],[-34.27,-47.02],[-33.76,-46.82],[-34.17,-46.69],[-33.77,-46.38],[-34.12,-46.01],[-35.5,-46.23],[-34.83,-45.15],[-34.21,-45.07],[-33.75,-45.79],[-33.35,-44.8],[-33.72,-44.96],[-33.73,-44.62],[-33.07,-44.51],[-33.83,-44.38],[-33.11,-43.57],[-33.89,-43.34],[-33.56,-41.66],[-33.93,-41.44],[-33.45,-41.57],[-34.06,-41.07],[-33.58,-40.59],[-34.96,-41.02],[-35.32,-39.31],[-34.96,-38.63],[-35.89,-36.67],[-35.42,-36.38],[-34.64,-32.65],[-35.42,-28.14],[-35.05,-24.21],[-31.33,-28.66],[-28.27,-33.57],[-24.1,-36.7]]]}},{"type":"Feature","properties":{},"geometry":{"type":"Polygon","coordinates":[[[-36.78,10.54],[-34.8,10.79],[-33.6,10.31],[-32.21,10.9],[-32.84,11.01],[-30.45,11.35],[-31.47,11.01],[-30.84,10.36],[-29.33,10.15],[-29.36,9.26],[-28.42,9.37],[-26.95,8.54],[-26.77,7.36],[-26.5,7.86],[-25.24,6.91],[-23.17,7.3],[-21.01,6.97],[-19.18,5.81],[-18.65,4.21],[-17.57,3.25],[-18.89,1.2],[-18.25,1.76],[-18.53,1.04],[-17.95,1.69],[-15.89,1.68],[-16.25,0.49],[-17.76,-0.14],[-16.67,0.19],[-16.73,-0.27],[-15.74,0.51],[-15.4,1.47],[-14.32,1.42],[-12.77,0.96],[-12.74,0.52],[-12.3,0.89],[-12.01,0.59],[-12.12,0.07],[-11.71,0.03],[-12.04,-0.98],[-11.65,-0.11],[-11.52,-0.47],[-10.74,0.13],[-9.55,-0.25],[-7.29,-0.08],[-4.31,-1.91],[-2.39,-2.29],[-1.75,-4.76],[-4.47,-9.59],[-4.96,-10.08],[-5.18,-9.7],[-5.12,-14.78],[-6.51,-19.25],[-7.42,-20.32],[-9.76,-20.49],[-13.2,-23.35],[-13.73,-23.31],[-13.32,-23.47],[-13.73,-24.09],[-13.39,-24.13],[-13.32,-26.05],[-22.47,-24.3],[-29.13,-22],[-35.8,-19],[-37.15,-17.51],[-41.84,-15.35],[-45.55,-9.3],[-46.71,-7.9],[-47.9,-7.33],[-47.69,-6.78],[-48.22,-5.56],[-47.12,-4.59],[-46.86,-3.72],[-47.13,-3.49],[-47.38,-3.94],[-48.19,-3.47],[-47.57,-0.44],[-46.53,0.07],[-46.27,1.02],[-42.02,3.49],[-40.84,7.04],[-38.04,10.11],[-36.78,10.54]]]}},{"type":"Feature","properties":{},"geometry":{"type":"Polygon","coordinates":[[[-46.56,6.76],[-45.73,6],[-45.94,6.63],[-44.69,7.57],[-44.42,8.99],[-42.48,9.6],[-40.96,10.87],[-40.38,10.5],[-41.2,9.95],[-40.76,9.12],[-41.24,8.2],[-40.77,7.47],[-40.14,8.17],[-40.77,9.22],[-39.29,9.96],[-39.31,10.72],[-38.86,10.01],[-37.44,9.52],[-38.69,8.85],[-41.6,5.89],[-42.9,2.38],[-47.24,0.08],[-45.71,2],[-46.25,2.26],[-46.2,4.62],[-47.02,5.45],[-46.56,6.76]]]}},{"type":"Feature","properties":{},"geometry":{"type":"Polygon","coordinates":[[[-20.43,-33.88],[-19.77,-34.51],[-20.35,-35.81],[-24.26,-37.27],[-28.08,-34.59],[-30.07,-31.86],[-20.43,-33.88]]]}},{"type":"Feature","properties":{},"geometry":{"type":"Polygon","coordinates":[[[-71.79,34.66],[-71.41,34.58],[-71.47,35.14],[-72.2,35.15],[-73.09,37.57],[-71.91,38.13],[-70.35,37.24],[-68.45,34.04],[-68.09,32.6],[-68.48,31.52],[-71.79,34.66]]]}},{"type":"Feature","properties":{},"geometry":{"type":"Polygon","coordinates":[[[-73.09,37.57],[-72.56,38.77],[-72.79,40.11],[-71.59,43.4],[-71.08,43.38],[-71.64,43.45],[-71.28,43.81],[-71.55,44.08],[-71.12,44.09],[-71.58,44.11],[-71.77,45.61],[-69.98,45.16],[-70.53,44.42],[-69.89,44.95],[-69.88,44.5],[-70.37,44.05],[-69.6,44.44],[-69.79,45.8],[-68.86,46.1],[-68.85,44.66],[-67.12,44.41],[-66.25,43.19],[-64.15,42.81],[-64.92,41.17],[-69.47,39.59],[-73.09,37.57]]]}},{"type":"Feature","properties":{},"geometry":{"type":"Polygon","coordinates":[[[-77.8,30.53],[-78.09,30.83],[-77.47,30.84],[-77.8,30.53]]]}},{"type":"Feature","properties":{},"geometry":{"type":"Polygon","coordinates":[[[-77.05,31.26],[-78.07,30.97],[-78.1,31.83],[-78.11,31.36],[-78.63,31.34],[-78.4,32.02],[-78.83,31.6],[-79.22,31.96],[-78.76,32.36],[-79.36,32.27],[-78.71,32.83],[-79.12,33.14],[-79.41,32.33],[-80.23,32.54],[-79.62,33.04],[-80.12,32.68],[-80.06,33.24],[-80.99,33.04],[-80.39,33.25],[-81.2,33.47],[-80.28,33.88],[-81.16,33.67],[-81.16,34.05],[-80.55,34.39],[-80.26,34],[-80.41,34.37],[-79.92,34.44],[-80.58,34.61],[-80.07,34.6],[-77.64,32.56],[-77.05,31.26]]]}},{"type":"Feature","properties":{},"geometry":{"type":"Polygon","coordinates":[[[-80.38,34.76],[-81.44,34.46],[-81.01,34.9],[-81.43,35.27],[-80.38,34.76]]]}},{"type":"Feature","properties":{},"geometry":{"type":"Polygon","coordinates":[[[-65.77,32.63],[-65.96,32.1],[-68.18,31.97],[-68.16,33.32],[-69.93,36.68],[-71.91,38.13],[-69.47,39.59],[-64.92,41.17],[-64.15,42.81],[-63.51,42.76],[-62.72,42.46],[-65.77,32.63]]]}},{"type":"Feature","properties":{},"geometry":{"type":"Polygon","coordinates":[[[-65.88,32.54],[-65.79,31.87],[-66.37,32],[-67.46,33.28],[-68.51,33.62],[-67.3,38.34],[-65.14,43.97],[-63.26,43.44],[-63.64,42.13],[-61.72,40.7],[-63.43,37.04],[-65.13,35.38],[-65.88,32.54]]]}},{"type":"Feature","properties":{},"geometry":{"type":"Polygon","coordinates":[[[-62.13,29.58],[-64.86,30.33],[-65.79,31.59],[-67.25,32.43],[-66.34,35.91],[-64.51,37.48],[-62.77,40.11],[-62.51,41.06],[-64.32,42.58],[-63.82,43.87],[-62.74,43.91],[-60.49,39.74],[-59.8,37],[-60,33.67],[-61.81,31.42],[-62.13,29.58]]]}},{"type":"Feature","properties":{},"geometry":{"type":"Polygon","coordinates":[[[-41.43,24.96],[-42.39,24.84],[-41.49,24.68],[-41.9,24.3],[-41.4,23.58],[-42.07,24.24],[-42.39,23.83],[-43.18,24.04],[-43.78,24.8],[-44.27,24.56],[-45.67,25.24],[-46.64,24.75],[-46.32,24.9],[-46.78,25.12],[-46.69,24.76],[-48.34,24.04],[-47.92,24.24],[-48.56,24.4],[-48.36,24.08],[-49.2,23.86],[-49.54,23.13],[-49.86,23.32],[-49.52,21.76],[-50.06,20.88],[-49.86,21.25],[-50.22,21.26],[-50.77,17.93],[-49.85,15.09],[-48.71,14.14],[-48.25,13.01],[-48.86,13.17],[-50.35,14.59],[-51.89,18.52],[-52.39,24.04],[-46.13,26.56],[-43.6,26.13],[-41.43,24.96]]]}},{"type":"Feature","properties":{},"geometry":{"type":"Polygon","coordinates":[[[-47.84,11.16],[-48.91,12],[-50.38,11.46],[-51.85,11.99],[-58.23,16.41],[-58.75,17.61],[-58.29,17.71],[-58.07,18.56],[-58.47,19.87],[-60.17,22.6],[-61.2,23.28],[-61.06,24.22],[-63.01,26.5],[-63.87,28.95],[-60.99,25.93],[-59.38,24.9],[-55.24,22.47],[-52.49,21.91],[-50.81,15.52],[-46.89,11.34],[-47.84,11.16]]]}},{"type":"Feature","properties":{},"geometry":{"type":"Polygon","coordinates":[[[-47.43,13.76],[-45.15,13.6],[-43.81,15.89],[-43.29,16.06],[-40.38,15.77],[-41.53,14.2],[-41.24,14.05],[-41.86,12.77],[-41.95,13.44],[-42.36,13.01],[-42.4,11.58],[-43.31,10.62],[-43.05,10.46],[-46.37,10.91],[-47.68,12.67],[-47.43,13.76]]]}},{"type":"Feature","properties":{},"geometry":{"type":"Polygon","coordinates":[[[-62.44,27.05],[-62.41,25.21],[-59.96,21.6],[-59.38,19.17],[-58.26,18.17],[-58.74,17.64],[-60.77,19.82],[-60.56,20.67],[-61.45,22.04],[-61.92,21.82],[-63.13,22.97],[-62.12,22.78],[-62.12,23.64],[-63.52,25.04],[-64.62,28.6],[-65.62,29.6],[-67.52,30.34],[-68.81,33.51],[-66.36,30.88],[-63.96,29.47],[-62.44,27.05]]]}},{"type":"Feature","properties":{},"geometry":{"type":"Polygon","coordinates":[[[-63.87,28.95],[-63.71,29.38],[-65.31,30.36],[-66.67,32.88],[-68.23,33.87],[-67.89,34.3],[-67.08,34.59],[-65.05,34.14],[-63.58,32.53],[-61.58,31.49],[-60.68,30.22],[-57.96,29.42],[-56.28,28.26],[-55.7,27.2],[-55.76,22.9],[-60.99,25.93],[-63.87,28.95]]]}},{"type":"Feature","properties":{},"geometry":{"type":"Polygon","coordinates":[[[-55.42,83.04],[-54.36,83.43],[-55.14,83.86],[-52.02,83.74],[-51.74,83.87],[-53.62,83.92],[-47.52,84.44],[-42.21,84.62],[-36.35,84.14],[-38.12,84.04],[-30.24,83.99],[-38.69,82.52],[-40.86,82.37],[-39.95,82.42],[-42.59,82.82],[-48.23,82.04],[-55.42,83.04]]]}},{"type":"Feature","properties":{},"geometry":{"type":"Polygon","coordinates":[[[-47.94,81.97],[-27.63,81.27],[-28.6,81.11],[-27.99,80.69],[-32.63,80.18],[-32.86,79.84],[-32.1,79.41],[-32.41,78.92],[-37.03,77.65],[-37.31,76.95],[-39.62,77.36],[-40.28,77.17],[-39.57,76.87],[-45.92,76.53],[-59.3,72.79],[-62.49,73.51],[-64.89,75.78],[-64.99,76.24],[-64.32,76.5],[-60,77.33],[-53.81,79.82],[-46.77,81.03],[-46.71,81.38],[-47.94,81.97]]]}},{"type":"Feature","properties":{},"geometry":{"type":"Polygon","coordinates":[[[-25.51,33.08],[-26.53,31.68],[-27.11,32.42],[-26.78,31.2],[-27.81,29.99],[-27.39,30.81],[-27.92,31.75],[-27.4,32.43],[-28.08,32.19],[-28,30.95],[-28.84,31.47],[-27.96,30.78],[-28.54,30.95],[-28.15,29.92],[-28.7,30.21],[-27.89,29.81],[-27.65,28.64],[-27.9,29.6],[-27.84,28.94],[-28.7,28.93],[-27.85,28.49],[-28.97,28.45],[-28.58,28.21],[-29.08,28.01],[-28.51,27.83],[-33.05,25.96],[-33.86,24.69],[-33.16,20.25],[-33.79,18.68],[-34.44,18.76],[-34.9,19.58],[-34.79,20.39],[-35.11,20.25],[-35.57,21.25],[-35.22,21.67],[-35.66,21.65],[-35.26,22.64],[-36.53,24.14],[-37.73,23.75],[-37.83,24.42],[-38.69,24.62],[-38.38,24.68],[-40.13,24.65],[-40,25.23],[-40.22,24.76],[-41.3,24.91],[-43.6,26.13],[-35.85,27.14],[-32.74,28.73],[-28.6,31.93],[-25.51,33.08]]]}},{"type":"Feature","properties":{},"geometry":{"type":"Polygon","coordinates":[[[-54.44,13.12],[-51.38,11.25],[-50.47,9.39],[-53.25,6.41],[-54.77,6.26],[-54.97,6.81],[-55.09,6.2],[-55.36,7.12],[-54.79,7.58],[-55.33,10.22],[-54.95,10.03],[-54.81,10.48],[-55.82,10.87],[-57.68,13.2],[-58.41,15.91],[-57.46,15.64],[-56.66,14.5],[-54.44,13.12]]]}},{"type":"Feature","properties":{},"geometry":{"type":"Polygon","coordinates":[[[-29.47,63.38],[-30.15,63.28],[-29.75,62.72],[-30.26,62.2],[-28.41,62.9],[-27.98,62.29],[-28.81,61.63],[-28.52,60.66],[-25.28,62.19],[-25.81,62.53],[-25.48,63.11],[-23.24,62.57],[-24.03,62.57],[-22.84,61.93],[-23.54,61.82],[-23.09,61.5],[-24.24,61.45],[-23.83,61.29],[-24.21,61.31],[-23.72,60.36],[-24.16,59.94],[-25.93,59.51],[-26.05,60.12],[-27.05,60.22],[-26.54,60.2],[-26.39,59.36],[-28.42,60.06],[-27.95,59.6],[-29.55,58.96],[-31.11,59.89],[-32.42,60.05],[-29.34,58.84],[-30.69,57.94],[-32.22,58.2],[-33.16,57.55],[-35.62,58.47],[-34.18,57.95],[-34.57,57.84],[-33.88,57.94],[-33.28,57.27],[-36.49,56.52],[-36.11,56.23],[-37.15,56.04],[-36.75,55.91],[-38.24,54.73],[-38.81,53.87],[-37.38,53.34],[-37.31,51.89],[-37.74,51.5],[-35.82,51.53],[-31.85,48.92],[-29.54,48.51],[-30.14,46.33],[-28.95,44.53],[-28.45,44.3],[-27.91,44.74],[-27.65,44.19],[-27.65,44.81],[-27.01,45.33],[-27,46.98],[-27.51,47.7],[-25.65,48.11],[-24.29,49.12],[-24.21,50.74],[-25.33,51.54],[-23.79,52.69],[-24.09,53.13],[-23.72,53.55],[-24.31,53.57],[-23.45,54.22],[-23.75,55.01],[-23.02,55.24],[-20.91,54.5],[-20.11,54.79],[-19.29,53.76],[-18.71,53.74],[-18.91,53.3],[-17.26,53.03],[-17.64,52.06],[-18.74,52.18],[-17.74,51.96],[-17.96,51.32],[-17.49,51.02],[-18.66,50.73],[-17.27,50.85],[-16.89,50.43],[-18.09,49.73],[-16.74,50.45],[-16.66,49.77],[-15.35,50.59],[-15.2,50.02],[-15.03,50.62],[-14.43,50.69],[-14.74,50.95],[-14.14,51.01],[-14.46,51.4],[-13.41,51.81],[-13.73,51.61],[-12.85,50.69],[-13.45,50.57],[-12.56,50.16],[-13.25,49.81],[-12.37,49.92],[-13.11,49.48],[-12.34,49.61],[-12.58,49.38],[-12.01,49.03],[-12.56,48.95],[-11.68,48.47],[-12.04,48.01],[-12.75,48.24],[-12.03,47.94],[-12.51,47.9],[-11.41,46.88],[-11.07,47.08],[-11.51,46.33],[-10.7,46.61],[-10.43,46.41],[-10.93,46.03],[-10.2,46.47],[-10.25,46.06],[-8.81,45.7],[-11.88,44.6],[-8.98,45.33],[-8.96,44.58],[-7.83,44.58],[-7.8,43.88],[-8.14,43.9],[-7.79,43.66],[-8.45,43.69],[-7.73,43.24],[-8.97,42.54],[-10.45,42.69],[-10.79,41.99],[-11.86,41.53],[-17.2,42.09],[-18.15,41.23],[-19.72,40.84],[-21.92,39.14],[-18.98,40.63],[-17.21,41.01],[-15.5,40.4],[-15.89,40.52],[-15.59,40.15],[-16.55,39.75],[-17.88,39.86],[-16.11,39.43],[-16.61,38.78],[-20.96,36.78],[-23.85,33.73],[-25.11,33.6],[-28.6,31.93],[-32.74,28.73],[-35.85,27.14],[-41.09,26.21],[-46.72,26.45],[-52.39,24.04],[-52.49,21.91],[-55.24,22.47],[-55.91,23.97],[-55.91,27.79],[-57.71,29.16],[-57.99,29.88],[-57.61,31.26],[-55.62,34.01],[-55.82,38.6],[-57.91,42.58],[-60.34,50.35],[-64.13,53.89],[-64.88,55.17],[-65.85,59.23],[-64.32,60.53],[-63.8,62.94],[-65.59,64.44],[-68.67,65.97],[-68.2,67.91],[-67.02,68.82],[-67.6,69.42],[-66.26,68.96],[-66.16,69.58],[-64.14,69.78],[-63.7,69.5],[-64.49,69.33],[-59.21,69.47],[-62.57,68.95],[-61.31,69.12],[-61.79,68.63],[-60.55,69.08],[-57.24,69.04],[-57.8,69.22],[-57.39,69.49],[-57.3,68.29],[-56.84,67.96],[-54.99,68.61],[-55.93,67.82],[-53.17,67.82],[-50.91,66.5],[-48.71,65.96],[-48.3,65.37],[-50.29,65.2],[-49.92,64.99],[-45.57,64.44],[-44.52,63.47],[-45.15,63.44],[-44.65,62.49],[-44.79,62.97],[-43.93,63.22],[-44.15,63.95],[-41.52,64.4],[-44.37,64.5],[-41.66,64.76],[-40.96,63.49],[-40.21,63.67],[-39.57,63.04],[-36.65,62.61],[-36.34,63.27],[-35.63,63.32],[-34.64,62.9],[-35.12,62.66],[-34.27,62.81],[-35.31,62.1],[-34.63,61.68],[-34.12,62.55],[-32.08,62.83],[-32.42,62.86],[-32.12,63.3],[-32.98,63.09],[-31.57,63.69],[-33.3,64.61],[-32.25,65.07],[-32.79,65.24],[-32.28,65.67],[-30.39,66],[-30.72,66.15],[-29.84,65.8],[-30.15,64.86],[-29.59,64.08],[-31.07,63.78],[-29.47,63.38]]]}},{"type":"Feature","properties":{},"geometry":{"type":"Polygon","coordinates":[[[-84.64,37.89],[-84.94,37.45],[-85.26,37.81],[-84.95,38.47],[-85.18,38.21],[-85.45,38.71],[-85.27,37.97],[-85.8,37.87],[-86.2,39.12],[-86.02,41.06],[-87.23,42.54],[-88.9,43.81],[-90.72,44.11],[-90.21,44.34],[-91.83,44.57],[-94.79,44.06],[-94.5,43.51],[-95.67,43.28],[-99.54,43.49],[-99.97,43.15],[-102.19,43.72],[-102.14,44.04],[-103.95,44.12],[-102.01,44.33],[-101.23,43.66],[-100.81,44.08],[-98.12,43.98],[-96.36,44.84],[-97.4,45.02],[-97.09,45.45],[-98,45.1],[-97.83,45.77],[-98.23,46.02],[-94.34,46.74],[-88.66,45.8],[-87.27,45.2],[-85.14,43.08],[-84.64,37.89]]]}},{"type":"Feature","properties":{},"geometry":{"type":"Polygon","coordinates":[[[-92.96,43.7],[-91.85,44.32],[-91.02,44.23],[-92.96,43.7]]]}},{"type":"Feature","properties":{},"geometry":{"type":"Polygon","coordinates":[[[-72.67,42.38],[-72.23,42.47],[-72.65,42.41],[-72.58,44.14],[-74.62,47.14],[-75.75,47.98],[-75.52,48.21],[-74.84,47.46],[-75.49,48.23],[-74.8,48.76],[-75.98,48.22],[-76.27,48.92],[-75.32,49.01],[-76.26,49.39],[-76.02,49.61],[-75.91,49.2],[-75.98,49.6],[-74.64,50.07],[-75.51,49.84],[-74.7,50.63],[-76.14,49.8],[-75.37,50.82],[-76.12,51.15],[-76.59,50.82],[-75.59,51.29],[-76.3,52.75],[-75.88,52.7],[-76.02,53.17],[-75.63,52.78],[-75.92,53.2],[-75.51,53.2],[-75.98,53.42],[-75.45,53.46],[-76.02,53.58],[-75.34,53.89],[-76.28,54.05],[-75.7,55.14],[-76.31,54.45],[-76.14,56.17],[-76.84,59.64],[-72.57,58.04],[-71.82,57.17],[-72.77,56.04],[-72.83,55.24],[-72.12,53.19],[-70.38,51.79],[-70.13,47.9],[-70.46,46.33],[-69.98,43.87],[-71.66,40.44],[-73.15,40.99],[-72.67,42.38]]]}},{"type":"Feature","properties":{},"geometry":{"type":"Polygon","coordinates":[[[-71.82,57.17],[-70.73,55.49],[-70.6,52],[-72.12,53.19],[-72.83,55.24],[-72.77,56.04],[-71.82,57.17]]]}},{"type":"Feature","properties":{},"geometry":{"type":"Polygon","coordinates":[[[-74.32,67.22],[-74.13,65.68],[-71.17,64.46],[-69.25,62.99],[-69.6,60.57],[-71.05,59.25],[-71.06,58.71],[-69.53,54.58],[-65.09,50.46],[-62.74,43.91],[-68.76,45.19],[-69.97,46.14],[-69.29,50.92],[-70.44,52.61],[-71.34,55.98],[-74.6,61.49],[-80.8,65.65],[-86.31,68.2],[-84.41,68.68],[-76.06,68.71],[-73.7,69.4],[-73.04,68.81],[-74.32,67.22]]]}},{"type":"Feature","properties":{},"geometry":{"type":"Polygon","coordinates":[[[-86.16,39.21],[-86.65,39.89],[-86.11,40.16],[-86.16,39.21]]]}},{"type":"Feature","properties":{},"geometry":{"type":"Polygon","coordinates":[[[-85.96,39.87],[-88.66,41.57],[-88.57,42.06],[-89.38,42.85],[-88.77,43.02],[-89.92,43.3],[-89.44,43.59],[-90.39,43.52],[-90.28,43.01],[-90.96,42.78],[-91.34,43.23],[-92.96,43.01],[-93.46,43.39],[-91.06,44.09],[-90.5,43.64],[-90.72,44.11],[-88.9,43.81],[-86.02,41.06],[-85.96,39.87]]]}},{"type":"Feature","properties":{},"geometry":{"type":"Polygon","coordinates":[[[-71.82,57.17],[-72.57,58.04],[-71.99,57.82],[-71.82,57.17]]]}},{"type":"Feature","properties":{},"geometry":{"type":"Polygon","coordinates":[[[9.37,57.65],[10.53,57.02],[9.23,57.38],[9.37,57.65]]]}},{"type":"Feature","properties":{},"geometry":{"type":"Polygon","coordinates":[[[9.92,57.82],[10.64,57.47],[9.16,57.73],[9.92,57.82]]]}},{"type":"Feature","properties":{},"geometry":{"type":"Polygon","coordinates":[[[63.13,70.58],[63.85,70.28],[62.97,70.25],[63.13,70.58]]]}},{"type":"Feature","properties":{},"geometry":{"type":"Polygon","coordinates":[[[-42.94,69.91],[-43.29,69.35],[-44.11,69.21],[-42.41,69.39],[-41.41,68.88],[-42.32,68.55],[-40.01,68.85],[-39.69,68.44],[-40.27,67.41],[-39.52,67.62],[-38.7,68.88],[-37.36,68.69],[-37.1,68.14],[-38.42,66.49],[-38.12,65.92],[-36.59,65.25],[-36.83,64.86],[-38.93,65.12],[-39.21,64.51],[-38.17,64.78],[-38.04,64.37],[-39.25,64.19],[-40.9,64.57],[-40.56,64.71],[-41.63,65.01],[-41.49,65.33],[-44.09,64.96],[-47.72,65.33],[-47.11,65.99],[-49.42,66.74],[-49.47,67.33],[-48.94,67.39],[-44.42,66.72],[-45.84,67.46],[-48.91,67.92],[-49.06,68.38],[-45.79,68.36],[-48.69,68.97],[-47.13,69.72],[-42.94,69.91]]]}},{"type":"Feature","properties":{},"geometry":{"type":"Polygon","coordinates":[[[45.09,67.89],[46.3,67.81],[45.74,67.52],[46.25,67.6],[45.82,67.39],[46.19,67.14],[45.77,67.14],[46.42,66.51],[49.23,65.53],[46.18,65.28],[45.91,65.56],[46.45,65.66],[45.53,66],[44.16,65.79],[43.7,66.28],[44.34,66.36],[44.49,66.93],[44.03,66.92],[44.72,67.05],[43.73,67.12],[45.09,67.89]]]}},{"type":"Feature","properties":{},"geometry":{"type":"Polygon","coordinates":[[[9.08,58.21],[10.11,57.92],[8.55,57.99],[9.08,58.21]]]}},{"type":"Feature","properties":{},"geometry":{"type":"Polygon","coordinates":[[[56.81,69.71],[57.23,69.64],[56.11,69.3],[55.73,69.62],[56.81,69.71]]]}},{"type":"Feature","properties":{},"geometry":{"type":"Polygon","coordinates":[[[-35.79,69],[-35.57,68.71],[-36.95,68.2],[-37.46,68.98],[-35.79,69]]]}},{"type":"Feature","properties":{},"geometry":{"type":"Polygon","coordinates":[[[-19.09,66.32],[-17.14,65.8],[-16.84,65.08],[-19.28,65.28],[-19.72,65.96],[-19.09,66.32]]]}},{"type":"Feature","properties":{},"geometry":{"type":"Polygon","coordinates":[[[-19.58,56.98],[-21.79,56.73],[-22.84,57.39],[-21.75,58.06],[-18.83,57.67],[-19.29,58.45],[-17.1,59.33],[-17.37,60.5],[-17.9,60.6],[-17.56,60.82],[-18.7,61.33],[-19.71,61.11],[-18.68,61.54],[-19.27,61.96],[-18.86,62.02],[-19.6,62.08],[-19.24,62.41],[-19.86,62.23],[-19.62,62.67],[-20.14,62.75],[-20.24,63.27],[-20.9,63.01],[-20.45,62.9],[-20.62,62.47],[-22.58,62.98],[-22.24,62.51],[-23.37,63.29],[-22.66,62.8],[-25.58,63.28],[-25.95,63.58],[-25.62,63.83],[-26.94,63.74],[-27.46,64.71],[-25.71,64.34],[-27.49,65],[-27.18,65.56],[-24.21,66.94],[-22.07,66.77],[-24.19,65.93],[-24.52,65.24],[-23.98,64.38],[-25.58,64.32],[-24.13,64.32],[-24.29,64.05],[-23.44,64.7],[-24.26,65.21],[-23.01,65.15],[-23.55,65.57],[-23.31,66],[-19.85,66.38],[-19.73,65.33],[-20.84,64.59],[-19.6,65.06],[-19.19,64.77],[-19.57,64.49],[-18.72,64.15],[-19.18,64.72],[-18.31,64.6],[-18.77,64.95],[-17.94,65.11],[-16.51,64.66],[-17.62,63.97],[-16.09,64.06],[-17.11,63.9],[-16.62,63.8],[-17.21,63.38],[-15.85,63.83],[-16.56,63.53],[-15.96,63.63],[-16.46,63.15],[-15.22,63.63],[-14.45,63.14],[-15.78,62.62],[-14.19,62.9],[-15.48,62.38],[-14.85,62.45],[-15.38,61.97],[-13.78,62.67],[-14.51,62.32],[-13.52,62.55],[-12.85,62.19],[-14.72,61.7],[-13.26,61.88],[-14.47,61.44],[-12.85,61.99],[-12.36,61.56],[-14.55,61.38],[-12.26,60.86],[-13.91,61.12],[-13.29,60.92],[-14.06,60.75],[-13.4,60.86],[-13.11,60.69],[-13.74,60.63],[-13.25,60.46],[-14.41,60.62],[-12.59,60.05],[-13.54,59.97],[-12.46,59.71],[-12.64,59.37],[-12.22,59.59],[-12.46,59.17],[-11.36,59.46],[-11.85,59.16],[-11.27,59.28],[-11.03,58.78],[-11.64,58.86],[-11.06,58.7],[-11.7,58.5],[-10.41,58.7],[-11.13,58.25],[-9.72,58.36],[-9.3,57.88],[-10.59,57.71],[-9.98,57.32],[-10.77,57.5],[-10.3,57.14],[-10.69,57.29],[-10.65,56.95],[-11.19,57.35],[-11.52,56.33],[-12.72,57.31],[-11.66,57.83],[-12.94,57.53],[-12.48,57.94],[-12.96,57.7],[-14.22,58.37],[-13.69,58.12],[-14.3,58.25],[-13.85,57.71],[-14.75,57.85],[-14.42,57.52],[-14.79,57.21],[-14.11,57.37],[-13.98,56.39],[-13.79,56.69],[-13.7,56.25],[-13.31,56.51],[-13.29,56.07],[-12.8,56.04],[-13.32,55.9],[-12.59,55.51],[-12.74,54.78],[-13.18,55.38],[-12.9,54.44],[-13.38,54.62],[-13.44,54.16],[-14.23,55.09],[-14.36,54.69],[-15.18,55.56],[-15.09,55.16],[-16.02,55.62],[-14.09,53.86],[-14.23,53.53],[-18.12,55.14],[-18.55,55.59],[-17.78,55.66],[-18.81,56.02],[-19,56.88],[-19.77,56.63],[-19.58,56.98]]]}},{"type":"Feature","properties":{},"geometry":{"type":"Polygon","coordinates":[[[136,81.35],[139.78,80.88],[133.01,80.65],[134.07,80.84],[134.08,81.23],[136,81.35]]]}},{"type":"Feature","properties":{},"geometry":{"type":"Polygon","coordinates":[[[-31.88,68.49],[-30.15,67.99],[-32.02,67.5],[-30.91,67.04],[-31.71,66.25],[-33.17,66.24],[-32.98,66.48],[-33.89,65.96],[-35.29,67.68],[-34.54,68.03],[-34.14,67.52],[-33.19,67.57],[-32.85,68.04],[-33.65,68.32],[-31.88,68.49]]]}},{"type":"Feature","properties":{},"geometry":{"type":"Polygon","coordinates":[[[-27.35,68],[-25.42,67.39],[-27.81,66.53],[-29.34,66.8],[-29.06,66.4],[-30.72,66.17],[-29.37,67.8],[-27.35,68]]]}},{"type":"Feature","properties":{},"geometry":{"type":"Polygon","coordinates":[[[88.28,76.73],[89.33,76.81],[89.7,76.42],[87.84,76.45],[88.28,76.73]]]}},{"type":"Feature","properties":{},"geometry":{"type":"Polygon","coordinates":[[[-46.09,71.89],[-45.36,71.36],[-45.66,71.27],[-44.99,71.28],[-45.35,71.1],[-43.75,71.05],[-43.36,70.11],[-52.43,69.12],[-52.91,70.22],[-53.76,70.39],[-49.18,71.57],[-48.91,72.22],[-46.09,71.89]]]}},{"type":"Feature","properties":{},"geometry":{"type":"Polygon","coordinates":[[[12.8,60.06],[12.91,59.67],[12.24,59.77],[12.8,60.06]]]}},{"type":"Feature","properties":{},"geometry":{"type":"Polygon","coordinates":[[[-27.23,69.85],[-27.47,70.07],[-26.42,70.01],[-27.23,69.85]]]}},{"type":"Feature","properties":{},"geometry":{"type":"Polygon","coordinates":[[[140.37,83.18],[149.04,83.08],[144.38,82.79],[139.05,83],[138.38,83.37],[140.37,83.18]]]}},{"type":"Feature","properties":{},"geometry":{"type":"Polygon","coordinates":[[[-21.49,68.53],[-21.55,68.05],[-22.54,67.65],[-23.65,68.31],[-21.49,68.53]]]}},{"type":"Feature","properties":{},"geometry":{"type":"Polygon","coordinates":[[[-31.28,73.1],[-33.21,73.29],[-30.9,73.14],[-31.28,73.1]]]}},{"type":"Feature","properties":{},"geometry":{"type":"Polygon","coordinates":[[[122.65,83.04],[127.25,82.76],[128.24,82.8],[126.53,83.29],[136.65,83.17],[135.86,83.06],[136.62,82.93],[136.3,82.67],[134.65,82.57],[135.22,82.43],[128.19,81.98],[128.75,81.95],[128.57,81.69],[122.9,81.96],[121.07,82.6],[122.65,83.04]]]}},{"type":"Feature","properties":{},"geometry":{"type":"Polygon","coordinates":[[[69.94,75.6],[70.74,75.58],[69.58,75.48],[69.94,75.6]]]}},{"type":"Feature","properties":{},"geometry":{"type":"Polygon","coordinates":[[[-23.54,70.9],[-23.59,70.55],[-24.48,70.73],[-23.54,70.9]]]}},{"type":"Feature","properties":{},"geometry":{"type":"Polygon","coordinates":[[[-21.05,69.91],[-24.25,68.69],[-25.44,69.13],[-23.81,69.46],[-25.55,69.88],[-24.34,69.79],[-23.08,70.36],[-23.39,69.64],[-22.6,69.73],[-22.96,69.95],[-22.58,70.23],[-21.05,69.91]]]}},{"type":"Feature","properties":{},"geometry":{"type":"Polygon","coordinates":[[[-25.13,71.81],[-27.41,71.1],[-26.12,70.99],[-26.09,70.63],[-28.18,70.23],[-33.51,71.41],[-33.28,71.72],[-30.14,71.32],[-32.1,71.83],[-31.12,72.09],[-32.89,72],[-32.46,72.15],[-33.2,72.14],[-32.9,72.38],[-33.42,72.72],[-30.29,72.49],[-31.13,72.89],[-30.45,72.99],[-28.57,72.86],[-29.07,72.49],[-28.44,72.18],[-29.6,71.55],[-28.62,71.08],[-27.09,71.89],[-25.13,71.81]]]}},{"type":"Feature","properties":{},"geometry":{"type":"Polygon","coordinates":[[[48.93,72.54],[50.25,72.43],[50.47,71.94],[47.13,70.33],[46.64,69.88],[47.16,69.7],[46.51,69.65],[46.99,69.48],[46.33,69.55],[46.73,69.28],[45.96,69.31],[46.67,69.05],[45.76,68.75],[46.49,68.47],[45.55,68.5],[46.55,68.35],[45.57,68.35],[46.32,67.92],[44.43,67.72],[45.39,68.21],[43.63,68.07],[44.45,68.36],[44.18,68.59],[45.25,68.59],[44.14,68.68],[44.66,69.02],[44.14,69.16],[44.93,69.28],[43.65,69.59],[44.81,69.95],[44.49,70.29],[45.87,70.87],[45.69,71.15],[47.98,71.62],[48.93,72.54]]]}},{"type":"Feature","properties":{},"geometry":{"type":"Polygon","coordinates":[[[-18.98,69.68],[-18.44,69.27],[-19.42,68.89],[-17.89,68.73],[-17.87,68.42],[-18.35,68.62],[-17.65,68.1],[-18.8,68.34],[-18.5,68.07],[-19.07,68.12],[-18.52,67.7],[-19.02,67.4],[-15.14,66.66],[-14.38,65.94],[-15.42,65.71],[-15.06,65.45],[-16.94,65.48],[-17.39,65.73],[-17.17,66.11],[-18.14,65.92],[-20.36,66.62],[-19.81,66.88],[-21.06,66.9],[-21.31,67.21],[-20.88,67.31],[-21.69,67.27],[-19.29,68.78],[-20.61,69.07],[-19.93,69.36],[-20.27,69.69],[-18.98,69.68]]]}},{"type":"Feature","properties":{},"geometry":{"type":"Polygon","coordinates":[[[-26.08,73.67],[-29.94,73.17],[-30.34,73.2],[-28.88,73.6],[-32.74,73.52],[-33.02,73.63],[-32.07,73.85],[-33.8,74.13],[-27.85,74.1],[-26.08,73.67]]]}},{"type":"Feature","properties":{},"geometry":{"type":"Polygon","coordinates":[[[63.84,43.1],[62.78,42.79],[62.96,45.24],[60.15,49.43],[61.44,51.96],[61.47,53.23],[58.31,59.99],[58.89,61.24],[60.14,62.2],[64.81,60.24],[69.7,56.46],[74.34,54.59],[77.99,50.49],[91.31,45.24],[83.18,41.63],[75.24,36.11],[69.96,36.22],[64.87,38.14],[63.18,39.56],[64.62,41.35],[63.6,41.86],[63.84,43.1]]]}},{"type":"Feature","properties":{},"geometry":{"type":"Polygon","coordinates":[[[92.53,41.59],[93.77,41.37],[95.07,40.3],[93.45,38.56],[86.09,36.01],[84.37,34.4],[81.56,34.79],[77.2,37.62],[75.07,37.88],[80.49,40.8],[85.23,42.47],[92.53,41.59]]]}},{"type":"Feature","properties":{},"geometry":{"type":"Polygon","coordinates":[[[96.87,43.55],[93.17,42.49],[84.96,42.38],[91.31,45.24],[94.57,43.92],[96.87,43.55]]]}},{"type":"Feature","properties":{},"geometry":{"type":"Polygon","coordinates":[[[99.83,35.33],[105.48,33.56],[103.41,33.13],[97.59,33.95],[90.92,33.76],[82.34,31.85],[82.86,32.72],[89.31,36.23],[91.79,37.06],[99.83,35.33]]]}},{"type":"Feature","properties":{},"geometry":{"type":"Polygon","coordinates":[[[138.98,55.82],[140.16,55.97],[139.51,55.58],[140.28,55.59],[140.91,56.01],[140.82,55.54],[140.97,56.31],[142.16,56.34],[143.93,55.38],[143.23,55.18],[144.14,54.24],[143.23,53.3],[142.9,50.51],[137.93,45.46],[136.5,44.73],[135.04,44.72],[135,45.22],[133.91,44.41],[129.77,45.35],[125.77,45.13],[116.13,44.43],[106.52,42.55],[102.93,43.11],[96.59,42.75],[94.42,43.37],[92.59,44.71],[98.23,44.63],[103.15,45.69],[107.42,47.71],[111.21,48.6],[113.95,50.37],[118.59,51.35],[121.5,54.14],[124.33,55.56],[130.87,55.18],[138.98,55.82]]]}},{"type":"Feature","properties":{},"geometry":{"type":"Polygon","coordinates":[[[85.58,75.05],[85.39,74.15],[85.97,74.3],[85.62,74.65],[87.8,74.91],[87.15,75],[88.8,75.78],[87.19,75.9],[88.52,76.18],[92.32,75.82],[92.64,76.01],[91.7,76.05],[96.88,76.9],[99.21,76.59],[103.34,77.06],[101.7,77.72],[102.43,78],[110.39,78.09],[110,78],[112.48,77.35],[111.56,77.03],[114.94,76.46],[117.19,76.28],[117.58,76.57],[116.89,77.32],[117.41,77.14],[119.57,76.13],[120.78,74.07],[121.62,73.87],[138.16,73.1],[148.25,71.7],[152.45,70],[153.44,67.78],[142.8,66.55],[136.13,61.69],[138.18,61.63],[138.36,60.82],[129.43,59.49],[122.12,59.22],[119.54,57.54],[117.3,54.48],[112.7,53.02],[110.33,50.98],[106.66,49.68],[102.81,47.2],[98.1,45.6],[92.45,45.03],[83.46,48.01],[77.99,50.49],[74.34,54.59],[67.97,57.56],[63.42,61.01],[61.3,63.47],[64.45,63.3],[65.47,65.02],[64.33,65.95],[65.39,66.43],[66.89,66.14],[68.2,65.11],[70.44,65.27],[67.7,65.48],[67.38,65.82],[67.81,66.05],[66.73,66.57],[63.35,66.27],[62.55,66.79],[62.3,67.66],[60.37,68.21],[61.03,69.18],[60.07,69.71],[61.08,69.58],[62.09,68.52],[62.89,68.42],[65.24,68.49],[62.16,69.05],[63.85,69.32],[62.89,69.55],[63.42,69.84],[68.14,69.91],[68.36,69.6],[67.94,69.36],[68.83,68.36],[71.83,68.21],[69.73,68.6],[70.2,68.86],[68.87,69.36],[68.6,69.89],[65.27,70.22],[63.43,71.14],[68.05,72.33],[65.49,73],[66.63,72.95],[66.09,73.31],[66.48,73.4],[65.61,73.37],[69.41,75.09],[68.29,75.1],[70.83,75.23],[72.21,76.02],[73.25,76],[71.69,76.19],[73.19,76.58],[71.82,77.06],[71.56,77.72],[71.88,77.91],[74.68,77.98],[74.04,77.46],[77.16,77.82],[77.74,77.35],[78.59,77.53],[78.27,77.82],[81.42,78.3],[85.82,78.02],[86.49,77.7],[84.38,77.74],[87.4,77.43],[87.01,76.96],[87.3,76.72],[85.97,76.04],[86.51,76.13],[86.31,75.35],[84.46,75],[85.58,75.05]]]}},{"type":"Feature","properties":{},"geometry":{"type":"Polygon","coordinates":[[[59.85,64.78],[59.73,65.42],[57.4,65.71],[56.76,66.85],[56.02,66.89],[55.86,67.31],[56.46,67.96],[55.81,69.14],[58.72,69.36],[59.39,68.13],[60.84,67.7],[62.34,66.03],[63.84,65.59],[64.11,64.83],[63.71,63.88],[61.28,63.49],[59.85,64.78]]]}},{"type":"Feature","properties":{},"geometry":{"type":"Polygon","coordinates":[[[82.8,16.83],[87.56,17.14],[91.47,16.33],[93.33,14.75],[95.45,11.32],[90.35,13.76],[82.63,13.71],[79.56,14.38],[76.04,16.22],[72.78,19.08],[72.01,20.51],[77.54,17.62],[82.8,16.83]]]}},{"type":"Feature","properties":{},"geometry":{"type":"Polygon","coordinates":[[[42.89,-48.8],[43.57,-48.66],[43.21,-48.5],[43.36,-47.87],[42.98,-48.64],[43.24,-47.69],[42.83,-47.19],[42.91,-48.24],[42.25,-48.68],[39.56,-48.02],[40.07,-47.68],[39.12,-47.64],[39.84,-47.14],[37.99,-46.57],[37.26,-46.95],[35.95,-46.69],[30.14,-44.01],[29.53,-44.16],[28.8,-43.32],[27.86,-43.12],[27.64,-42.52],[20.32,-43.28],[19.96,-42.68],[19,-42.46],[18.75,-42.86],[18.41,-42.05],[17.35,-41.8],[16.9,-41.1],[17.79,-40.24],[20.8,-39.09],[26.66,-35.81],[32,-34.06],[32.74,-34.37],[32.51,-33.87],[33.22,-33.91],[33.18,-33.52],[31.85,-33.6],[30.91,-32.49],[32.24,-30.48],[32.86,-31.53],[33.55,-31.67],[32.91,-30.58],[33.36,-29.72],[33.96,-29.94],[33.49,-29.6],[33.9,-29.5],[33.66,-28.78],[34.62,-28.56],[34.47,-27.84],[35.33,-27.54],[34.86,-26.94],[38.9,-26.3],[41.76,-26.69],[47.8,-28.49],[49.18,-29.65],[49.31,-30.6],[48.16,-31.86],[46.6,-35.88],[46.41,-40.62],[47.29,-42.71],[52.73,-49.18],[53.03,-50.41],[42.89,-48.8]]]}},{"type":"Feature","properties":{},"geometry":{"type":"Polygon","coordinates":[[[73.45,25.21],[75.62,24.09],[77.13,23.86],[78.19,24],[78.98,24.94],[84.7,26.47],[90.91,25.24],[95.26,23.28],[96.33,20.95],[96.59,18.49],[94.05,21.43],[91.82,22.51],[88.56,22.75],[83.68,22.04],[78.2,22.34],[71.74,24.81],[70.64,24.74],[69.48,26.54],[71.38,26.46],[73.45,25.21]]]}},{"type":"Feature","properties":{},"geometry":{"type":"Polygon","coordinates":[[[101.21,26.59],[101.04,26.18],[99.62,28.38],[97.65,29.21],[89.07,30.48],[95.3,31.68],[100,31.46],[104.14,31.98],[102.7,30.18],[101.21,26.59]]]}},{"type":"Feature","properties":{},"geometry":{"type":"Polygon","coordinates":[[[61.28,63.49],[63.42,61.01],[60.14,62.2],[60.81,63.98],[61.28,63.49]]]}},{"type":"Feature","properties":{},"geometry":{"type":"Polygon","coordinates":[[[57.35,36.02],[56.75,36.94],[56.81,37.92],[55.37,38.15],[54.1,39.43],[55.3,39.53],[54.61,39.75],[55.01,40.35],[56.41,40.57],[56.26,41.6],[55.75,41.99],[54.47,41.95],[53.17,41.02],[52.73,41.17],[52.52,40.28],[52.28,40.58],[52.24,40.21],[51.55,40.17],[50.91,38.99],[52,38.47],[51.93,37.57],[53.66,36.18],[48.26,37.32],[53.27,42.11],[59.94,44.78],[60.56,46.4],[60.15,49.43],[62.96,45.24],[62.56,42.21],[62.19,42.39],[62.29,41.86],[61.54,41.81],[61.33,40.73],[61.76,39.73],[62.76,40],[64.87,38.14],[68.92,36.42],[75.8,36.21],[73.47,34],[64.67,32.8],[57.31,35.53],[57.35,36.02]]]}},{"type":"Feature","properties":{},"geometry":{"type":"Polygon","coordinates":[[[44.47,-4.9],[43.96,-4.52],[42.53,-4.68],[41.71,-4.14],[40.29,-2.22],[40.14,0.3],[39.64,0.33],[39.5,0.97],[39.14,0.58],[38.39,0.98],[38.37,0.41],[37.92,0.43],[38.09,-1.6],[38.76,-2.95],[38.37,-3.49],[38.49,-4.94],[39.18,-3.86],[39.63,-4.12],[38.76,-5.52],[39.15,-6.06],[41.32,-6.65],[43.91,-5.37],[43.34,-7.15],[44.86,-8.74],[45.3,-10.33],[43.58,-11.59],[42.92,-11.53],[42.47,-12.69],[41.48,-12.57],[40.72,-13.2],[39.84,-12.97],[39.16,-13.58],[36.59,-13.17],[36.03,-13.82],[32.18,-13.84],[29.16,-13.17],[28.32,-13.42],[26.98,-12.78],[27.34,-10.12],[28.16,-8.84],[27.96,-5.34],[27.3,-3.43],[28.01,-0.73],[27.48,0.22],[27.62,4.4],[27.15,4.73],[31.38,9.11],[32.82,11.44],[35.03,11.75],[37.87,11],[39.48,6.46],[43.06,-1.06],[43.5,-3.03],[44.85,-3.67],[44.47,-4.9]]]}},{"type":"Feature","properties":{},"geometry":{"type":"Polygon","coordinates":[[[48.99,-16.3],[47.79,-19.39],[45.92,-19.98],[38.92,-17.32],[36.72,-17.1],[37.67,-14.14],[39.56,-12.81],[41.1,-13.72],[44.13,-12.91],[45.72,-13.15],[49.29,-15.25],[48.99,-16.3]]]}},{"type":"Feature","properties":{},"geometry":{"type":"Polygon","coordinates":[[[78.25,22.56],[67.22,26.07],[69.28,29.47],[75.58,24.59],[78.79,24.58],[78.25,22.56]]]}},{"type":"Feature","properties":{},"geometry":{"type":"Polygon","coordinates":[[[66.8,18.05],[66.4,18.42],[67.4,20.3],[69.32,22.13],[70.08,22.2],[77.76,16.86],[71.86,17.23],[69.19,16.8],[66.8,18.05]]]}},{"type":"Feature","properties":{},"geometry":{"type":"Polygon","coordinates":[[[50.64,31.42],[51.28,30.92],[54.83,31.26],[58.09,27.5],[62.4,26.65],[62.75,25.8],[61.24,25.21],[59.26,26.15],[44.85,29.25],[44.46,30.06],[44.84,31.59],[48.15,32.58],[50.64,31.42]]]}},{"type":"Feature","properties":{},"geometry":{"type":"Polygon","coordinates":[[[23.55,75.23],[20.31,75.96],[20.5,76.22],[18.82,76.95],[17,77.01],[18.41,77.47],[17.83,77.86],[18.6,78.18],[15.97,78.34],[14.62,77.88],[15.09,77.75],[13,77.45],[2.58,80.09],[14.54,83.08],[15.98,82.76],[20.86,80.63],[25.17,79.43],[26.36,78.63],[26.89,77.76],[26.61,77.37],[23.55,75.23]]]}},{"type":"Feature","properties":{},"geometry":{"type":"Polygon","coordinates":[[[-164.82,80.93],[-154.13,78.97],[-139.08,77.64],[-154.24,74.59],[-160.52,74],[-160.83,73.44],[-165.51,72.22],[-165.21,72.51],[-166.27,72.71],[-165.43,73.42],[-166.47,73.15],[-166.88,73.89],[-173.91,76.45],[-175.2,77.18],[-175.82,78.13],[-173.59,79.47],[-164.82,80.93]]]}},{"type":"Feature","properties":{},"geometry":{"type":"Polygon","coordinates":[[[125.66,78.47],[128.92,78.12],[137.38,78.92],[135.47,79.25],[136.47,79.56],[134.51,79.54],[137.31,80.06],[135.97,80.28],[149.93,80.46],[153.49,80.14],[151.9,79.89],[158.96,79.28],[167.25,79.75],[171.49,79.45],[172.61,79.02],[172,78.62],[173.92,78.42],[167.54,76.74],[165.71,75.4],[167.24,73.72],[173.25,71.17],[173.64,70.43],[169.93,70.34],[166.35,68.48],[166.61,68.19],[166.22,68.02],[167.78,67.82],[162.71,67.32],[162.33,67.57],[163.91,67.75],[161.45,67.93],[160.78,70.28],[156.82,72.05],[146.77,73.63],[129.74,74.64],[128.91,74.86],[128.06,76.93],[125.53,78.15],[125.66,78.47]]]}},{"type":"Feature","properties":{},"geometry":{"type":"Polygon","coordinates":[[[133.11,43.85],[131.84,42.94],[131.7,41.98],[129.46,40.54],[130.52,39.84],[131.71,37.79],[128.71,37.25],[128.37,38],[129.26,38.12],[128.83,38.95],[127.73,39.14],[127.5,38.77],[126.78,39.2],[127.68,39.8],[127.23,39.96],[127.53,40.65],[126.42,41.06],[123.2,39.72],[123.98,40.42],[123.28,40.38],[123.49,40.8],[124.28,41.49],[123.78,41.97],[122.94,41.82],[121,40.14],[119.81,40.09],[119.68,39.34],[120.89,39.16],[121.2,38.16],[122.82,38.83],[124.83,38.42],[124.66,37.93],[122.25,37.18],[121.34,35.89],[122.42,35.31],[119.48,32.37],[114.91,33.87],[108.06,34.44],[95.84,39.59],[106.11,42.16],[115.68,43.93],[129.21,44.74],[133.11,43.85]]]}},{"type":"Feature","properties":{},"geometry":{"type":"Polygon","coordinates":[[[129.06,41.18],[129.48,39.78],[127.96,39.1],[128.16,38.81],[127.91,39.02],[127.94,38.55],[127.69,38.84],[127.19,38.17],[126.76,38.48],[127.14,38.52],[126.56,38.87],[126.85,39.81],[126.43,39.88],[129.06,41.18]]]}},{"type":"Feature","properties":{},"geometry":{"type":"Polygon","coordinates":[[[121.03,36.43],[122.34,34.99],[123.73,34.42],[122.07,34.2],[124.06,33.72],[122.74,32.62],[124.71,32.78],[124.18,32.19],[124.69,32.47],[124.81,32.17],[124.31,32.02],[124.84,31.19],[123.97,30.61],[123.97,29.13],[123.39,29.13],[123.92,28.84],[123.99,27.78],[123.57,27.93],[123.3,26.74],[122.7,26.63],[122.91,26.33],[121.65,25.06],[121.77,24.59],[120.16,24],[119.9,23.31],[118.79,23.86],[119.22,23.04],[118.82,22.81],[118.54,23.17],[118.71,22.54],[118.13,22.6],[118.21,22.24],[116.38,21.4],[116.73,20.25],[115.92,20.72],[116.01,21.34],[115.56,21.49],[115.27,21.03],[114.46,21.35],[113.7,20.15],[113.01,19.98],[113.29,19.68],[112.83,18.8],[105.57,22.34],[104.88,23.24],[104.28,25.65],[105.09,28.16],[107.27,31.49],[109.27,32.31],[113.45,33],[119.34,32.86],[121.03,36.43]]]}},{"type":"Feature","properties":{},"geometry":{"type":"Polygon","coordinates":[[[109.83,18.66],[109.98,17.62],[110.5,17.25],[114.94,16.22],[116.84,14.31],[117.18,12.99],[115.74,11.03],[116.05,10.17],[115.2,8.44],[114.46,9.8],[113.08,9.42],[112.67,9.95],[112.47,9.47],[111.3,10.34],[109.6,9.79],[109.25,10.56],[108.56,10.35],[106.92,13.25],[106.33,16.43],[102.4,19.91],[109.83,18.66]]]}},{"type":"Feature","properties":{},"geometry":{"type":"Polygon","coordinates":[[[107.57,9.88],[108.95,6.79],[109.77,6.05],[110.17,6.51],[112.45,5.46],[113.81,5.83],[116.87,3.01],[114.54,3.18],[111.33,4.94],[110.03,5.04],[109.82,4.65],[106.93,8.28],[104.83,9.14],[103.56,10.2],[103.89,10.22],[102.32,10.2],[98.93,12.72],[97.08,14.65],[95.82,17.26],[98.81,18.21],[102.91,16.27],[103.96,15.45],[105.22,12.45],[107.57,9.88]]]}},{"type":"Feature","properties":{},"geometry":{"type":"Polygon","coordinates":[[[112.89,5.99],[114.99,5.93],[116.33,4.61],[118.02,4.11],[117.54,3.5],[116.03,3.27],[112.89,5.99]]]}},{"type":"Feature","properties":{},"geometry":{"type":"Polygon","coordinates":[[[27.46,-7.26],[29.67,-11.09],[29.56,-11.58],[28.61,-11.76],[29.24,-11.87],[29.96,-13.33],[35.19,-13.89],[36.7,-13.61],[37.14,-13.87],[36.51,-15.18],[36.91,-15.25],[36.37,-15.25],[36.06,-16.1],[31.74,-20.12],[29.13,-21.48],[23.94,-23.19],[19.55,-25.91],[18.57,-27],[18.95,-28.23],[18.03,-29.73],[17.85,-31.03],[18.54,-32.03],[17.94,-32.52],[16.46,-36.26],[14.96,-37.04],[11.63,-37.13],[7.74,-38.11],[10.24,-34.02],[11.94,-27.87],[14.51,-27],[15.33,-24.86],[18.63,-20.2],[20.02,-16.44],[20.86,-15.47],[22.12,-15.83],[22.93,-14.38],[27.16,-12.01],[27.46,-7.26]]]}},{"type":"Feature","properties":{},"geometry":{"type":"Polygon","coordinates":[[[7.69,-37.83],[7.06,-38.46],[6.9,-40.33],[5.48,-41.95],[1,-41.96],[0.9,-42.43],[1.42,-42.32],[-1.06,-44.02],[-5.74,-45],[-9.87,-45.22],[-12.21,-44.8],[-14.85,-43.13],[-17.79,-42.39],[-18.15,-41.17],[-18.65,-41.2],[-17.88,-39.69],[-17.27,-39.74],[-16.63,-38.99],[-15.79,-36.23],[-15.77,-34.02],[-13.05,-29.54],[-12.48,-24.36],[-11.27,-22.73],[-9.15,-21.13],[-7.11,-20.45],[-6.48,-19.48],[-6.26,-17.72],[-5.52,-17.32],[-5.27,-14.84],[-4.54,-15.02],[-5.13,-14.56],[-4.84,-13.29],[-5.56,-10.29],[-5.43,-8.32],[-4.84,-8.44],[-4.33,-7.79],[-3.92,-8.23],[-4.28,-7.63],[-2.36,-5.79],[-2.05,-4.79],[-2.56,-4.66],[-2.88,-3.4],[-4.04,-3.23],[-5.23,-2.25],[-1.92,-1.91],[-1.08,-0.98],[1.58,-0.88],[7.31,-5.29],[10.1,-5.5],[15.26,-6.77],[17.46,-13.37],[17.8,-15.6],[13.14,-18.52],[11.33,-21.35],[10.93,-23.31],[12.87,-28.07],[12.61,-29.31],[10.66,-34.1],[7.69,-37.83]]]}},{"type":"Feature","properties":{},"geometry":{"type":"Polygon","coordinates":[[[-4.75,25.96],[-4.36,26.92],[-3.22,27.66],[-0.37,27.88],[1.42,29],[1.96,28.82],[2.2,27.82],[3.52,27.45],[4.11,26.71],[7.53,26.64],[9.72,25.94],[10.69,25.12],[11.79,25.09],[12.8,24.3],[14.53,24.01],[4.42,24.05],[-0.95,25.82],[-4.75,25.96]]]}},{"type":"Feature","properties":{},"geometry":{"type":"Polygon","coordinates":[[[12.28,32.17],[11.97,31.42],[9.29,31.29],[7.89,30.52],[7.94,29.66],[4.99,28.75],[3.13,29.59],[1.76,29.42],[1.47,30.36],[1.94,30.53],[1.56,30.41],[1.46,31.02],[-0.46,31.6],[0.64,32.67],[0.27,33.14],[0.97,33.32],[0.15,33.33],[2.03,34.69],[3.02,36.09],[2.85,36.79],[3.33,37.02],[4.68,36.97],[8.01,34.84],[9.32,34.55],[12.28,32.17]]]}},{"type":"Feature","properties":{},"geometry":{"type":"Polygon","coordinates":[[[-3.99,-3.58],[-4.07,-2.01],[-4.75,-1.16],[-7.07,-0.29],[-10.86,0],[-12.31,1.32],[-15.92,2.17],[-16.39,2.66],[-18.87,7.11],[-18.71,9.91],[-19.67,11.98],[-18.93,12.33],[-19.87,12.54],[-20.09,13.03],[-19.76,13.12],[-20.27,13.52],[-19.86,13.47],[-20.19,13.65],[-19.72,14.41],[-18.7,13.9],[-19.58,14.22],[-19.33,14.67],[-19.8,15.92],[-18.43,16.35],[-16.99,17.87],[-16.59,19.53],[-15.87,20.1],[-15.88,21.32],[-16.32,21.06],[-15.67,21.86],[-8.92,25.32],[-7.51,25],[-4.75,25.96],[-1.82,25.92],[4.42,24.05],[14.55,23.92],[14.6,23.29],[15.27,23.14],[14.4,22.74],[14.48,21.66],[13.16,21.22],[11.05,18.51],[6.87,9.5],[6.16,6.03],[7.12,0.92],[3.59,-0.21],[2.66,-1.54],[0.02,-1.9],[-0.73,-2.91],[-3.99,-3.58]]]}},{"type":"Feature","properties":{},"geometry":{"type":"Polygon","coordinates":[[[27.94,7.97],[27.66,7.09],[28.22,1.36],[27.83,0.46],[28.54,-1.85],[27.89,-3.31],[14.28,-6.72],[9.1,-5.58],[6.3,-5.44],[0.46,-1.18],[1.5,0.08],[5.1,0.94],[4.53,6.11],[5.5,9.51],[10.39,18.18],[12.54,20.31],[13.61,18.52],[15.58,16.89],[15.48,15.81],[17.4,13.49],[18.54,13.54],[19.23,14.7],[21.03,14.61],[21.71,13.4],[22.9,12.59],[22.86,12.12],[25.57,10.05],[26.9,10.2],[27.87,9.7],[27.94,7.97]]]}},{"type":"Feature","properties":{},"geometry":{"type":"Polygon","coordinates":[[[28.57,10.26],[27.7,11.15],[26.07,11.6],[25.35,13.43],[24.93,13.13],[24.28,13.45],[24.13,14.68],[23.36,15.14],[24.18,14.88],[23.51,15.43],[24.27,16.12],[24,16.81],[26.97,16.14],[27.67,15.59],[28.03,14.24],[29.34,13.89],[32.22,11.81],[33.41,8.85],[30.79,10.14],[28.57,10.26]]]}},{"type":"Feature","properties":{},"geometry":{"type":"Polygon","coordinates":[[[12.99,-27.73],[12.41,-28.02],[10.27,-23.33],[10.6,-21.36],[12.29,-18.48],[16.83,-15.4],[21.71,-15.86],[20.47,-17.29],[19.35,-20.53],[15.9,-25.11],[15.01,-27.23],[12.99,-27.73]]]}},{"type":"Feature","properties":{},"geometry":{"type":"Polygon","coordinates":[[[29.13,6.6],[27.86,5.55],[27.55,9.84],[28.53,8.87],[29.95,8.91],[32.3,10.93],[33.29,12.67],[32.56,10.92],[29.13,6.6]]]}},{"type":"Feature","properties":{},"geometry":{"type":"Polygon","coordinates":[[[27.63,-3.16],[27.59,-3.94],[28.29,-4.96],[28.27,-8.09],[28.61,-7.85],[28.18,-12.59],[23.87,-14.85],[23.02,-16.28],[20.34,-15.59],[16.89,-15.41],[14.42,-7.72],[14.48,-6.57],[27.63,-3.16]]]}},{"type":"Feature","properties":{},"geometry":{"type":"Polygon","coordinates":[[[44.67,37.32],[41.73,38.51],[42.96,39.46],[42.43,40.11],[43.23,40.16],[43.65,40.84],[40.13,39.24],[40.22,39.66],[40.18,38.92],[40.76,38.5],[41.74,38.7],[41.55,38.36],[39.1,37.69],[38.7,38.49],[38.03,38.31],[39.08,38.97],[37.24,39.16],[36.98,39.4],[37.79,39.39],[37.35,39.73],[35.44,38.5],[35.57,37.54],[35,37.36],[32.56,38.76],[30.46,41.12],[24.59,44.47],[21.49,45.63],[24.33,46.63],[24.92,46.17],[25.67,46.51],[25.3,46.08],[26.09,46.6],[25.67,46.81],[26.27,47.01],[26.48,47.68],[26.15,46.88],[26.73,46.89],[26.27,48.5],[26.66,49.54],[27.37,49.8],[28.37,49.08],[28.95,49.42],[28.87,50.5],[28.18,50.46],[27.82,51.32],[33.07,52.43],[31.69,52.8],[31.65,53.22],[27.21,51.85],[27.18,52.38],[25.84,52.54],[25.87,53.5],[25.12,54.7],[27.26,56.92],[27.86,56.98],[27.41,57.74],[24.85,57.67],[25.25,57.49],[24.62,57.27],[24.89,56.94],[24.53,56.72],[25.1,56.36],[24.54,55.66],[22.78,54.5],[22.29,54.87],[22.7,54.39],[22.22,54.16],[22.41,52.37],[24.14,51.56],[23.29,51.18],[23.75,50.94],[23.34,50.59],[23.1,50.91],[23.04,50.5],[22,50.29],[22.63,50.17],[22.11,50.15],[22.6,49.86],[22.46,48.35],[22.1,47.72],[20.86,47.52],[20.81,46.94],[19.67,46.87],[19.26,47.77],[19.63,48.07],[18.48,49.16],[18.57,49.8],[18.02,49.77],[17.43,51.3],[17.29,50.9],[17.02,51.11],[17.15,50.41],[16.53,50.47],[15.62,49.42],[14.67,49.23],[13.51,49.75],[13.38,50.24],[13.97,50.07],[14.24,50.3],[13.62,50.29],[14.15,50.8],[13.04,50.7],[14.45,51.74],[13.44,51.19],[13.4,51.6],[12.93,51.56],[13.39,51.94],[13.01,51.74],[12.71,52],[13.21,52.08],[12.77,52.25],[14.43,52.12],[14.84,52.5],[12.91,52.3],[13.19,52.58],[12.66,52.93],[14.09,53.11],[12.69,53.38],[13.65,53.28],[13.34,53.44],[13.93,53.69],[14.35,53.36],[13.56,53.8],[15.01,53.97],[14.1,53.97],[14.3,54.27],[15.32,53.97],[14.77,54.3],[15.41,54.12],[14.97,54.41],[16.1,54.99],[16.24,54.66],[17.04,54.86],[17.3,55.51],[16.42,54.85],[15.94,55.05],[18.29,56.77],[17.57,56.64],[18.12,56.92],[17.95,57.37],[18.38,57.29],[17.95,57.53],[19,57.84],[18.17,57.64],[18.55,57.79],[18.06,57.99],[18.62,58.09],[18.19,58.19],[18.76,58.3],[18.36,58.43],[19.8,58.66],[18.9,58.77],[19.96,58.95],[19.11,59.36],[19.91,59.49],[19.42,59.61],[19.88,59.85],[20.4,59.43],[20.01,59.91],[21.26,60.09],[20.17,60.11],[21.02,60.33],[20.68,60.39],[21.09,60.41],[20.78,60.64],[21.14,61.14],[22.22,60.97],[21.74,61.47],[22.23,61.17],[22.55,61.74],[22.47,61.04],[23.12,61.3],[22.69,61.56],[23.17,61.85],[23.91,61.63],[23.24,62.16],[24.77,61.94],[24.48,62.16],[25.39,62.65],[25.2,63.01],[26.16,62.96],[25.83,62.1],[26.57,63.08],[26.81,62.5],[27.43,63.01],[27.01,63.21],[27.67,63.34],[27.98,63.24],[27.53,63.02],[27.94,62.95],[27.73,62.66],[28.31,63.18],[30.05,62.82],[28.35,62.46],[29.24,62.02],[31,62.49],[31.85,62.35],[31.11,62.29],[31.34,61.98],[32.29,62.06],[32.11,61.69],[34.09,62.04],[38.7,61.05],[39.31,60.22],[37.71,59.24],[32.05,59.72],[33.75,59.16],[33.27,58.95],[34.81,58.74],[34.59,58.19],[35.3,57.39],[37.67,56.92],[37.93,57.5],[36.6,57.74],[36.65,58.18],[37.99,58.03],[37.81,57.75],[39.82,57.93],[38.84,58.64],[39.34,59.37],[40.27,60.03],[42.07,59.61],[41.83,60.63],[41.07,60.9],[41.1,61.7],[39.9,62.21],[42.7,62],[42.99,61.72],[41.85,61.06],[42.99,60.68],[44.23,60.93],[44.03,61.63],[44.94,61.79],[44.41,62.02],[47.1,62.83],[46.82,63.06],[47.79,63.59],[48.32,63.69],[47.63,63.5],[48.24,63.07],[47.77,62.72],[48.54,62.68],[49.23,63.37],[51.66,64.19],[52.8,63.71],[52.67,64.05],[53.62,64.29],[52.2,64.88],[52.47,65.25],[55.53,65.33],[60.18,64.65],[60.81,63.98],[60.69,63.38],[58.31,59.99],[61.47,53.23],[61.44,51.96],[60.22,50.04],[60.56,46.4],[60.27,45.22],[58.91,44.06],[53.27,42.11],[48.26,37.32],[44.67,37.32]]]}},{"type":"Feature","properties":{},"geometry":{"type":"Polygon","coordinates":[[[16.26,46.44],[15.74,46.86],[15.74,48.06],[17.62,49.13],[17.36,48.08],[18.02,47.84],[16.93,47.06],[17.19,46.29],[16.26,46.44]]]}},{"type":"Feature","properties":{},"geometry":{"type":"Polygon","coordinates":[[[34.52,34.55],[34.45,35.53],[33.64,35.34],[33.64,35.87],[36.98,37.11],[36.34,37.09],[41.78,38.21],[44.93,37.82],[40.73,36.79],[39.46,35.96],[37.85,36.44],[36.81,36.19],[34.52,34.55]]]}},{"type":"Feature","properties":{},"geometry":{"type":"Polygon","coordinates":[[[23.26,23.79],[22.92,22.39],[22.14,22.46],[22.82,21.37],[22.63,20.9],[21.94,21.46],[22.03,20.85],[21.52,21.29],[21.38,20.6],[20.72,20.64],[20.79,21.08],[20.36,21.1],[20.6,22.29],[21.35,22.31],[22.23,21.57],[20.83,22.63],[20.87,23.22],[21.25,23.21],[20.84,25.14],[21.92,26.15],[20.58,29.09],[20.97,30.85],[20.81,31.27],[20.11,30.99],[20.63,31.95],[19.75,32.24],[18.73,31.23],[19.06,30.15],[18.7,29.35],[18.94,28.2],[19.63,27.73],[19.21,27.45],[20.09,25.23],[19.73,25.12],[19.18,26.2],[18.47,25.84],[18.43,24.88],[16.79,24.64],[17.7,25.21],[18.07,26.42],[16.55,30.37],[17.07,32.02],[16.5,33.02],[15.26,33.05],[15.14,33.7],[16.13,35.14],[20.11,34.71],[24.43,32.53],[22.43,31.23],[23.2,27.32],[23.26,23.79]]]}},{"type":"Feature","properties":{},"geometry":{"type":"Polygon","coordinates":[[[16.26,35.09],[15.01,34.28],[13.15,34.75],[12.28,33.83],[8.26,34.64],[8.51,36.57],[9.02,36.1],[8.41,36.74],[8.49,37.35],[7.08,38.67],[5.65,38.8],[5.32,39.05],[5.79,39.31],[5.29,39.54],[8.21,39.69],[7.68,40.78],[9.16,40.34],[9.93,40.93],[12.26,40.04],[14.53,40],[18.43,42.7],[21.34,43.56],[25.99,43.54],[28.77,41.83],[25.97,41.2],[23.82,39.97],[19.04,39.21],[16.71,38.35],[15.14,37.11],[15.63,35.5],[16.26,35.09]]]}},{"type":"Feature","properties":{},"geometry":{"type":"Polygon","coordinates":[[[9.93,40.93],[10.74,41.3],[10.64,41.98],[12.86,42.53],[12.17,42.69],[13.17,42.9],[12.63,43.13],[13.17,44.16],[13.55,43.53],[13.97,43.83],[13.88,44.53],[15.23,44.51],[15.1,44.86],[15.73,45.01],[16.29,44.68],[16.38,45.22],[17.39,44.9],[16.27,45.62],[16.65,45.81],[15.98,46.05],[16.26,46.44],[17.19,46.29],[17.56,45.7],[18.39,45.81],[18.14,45.3],[19.54,45.97],[21.37,45.17],[21.49,45.63],[22.33,45.39],[25.99,43.54],[20.01,43.29],[17.59,42.19],[14.53,40],[12.26,40.04],[9.93,40.93]]]}},{"type":"Feature","properties":{},"geometry":{"type":"Polygon","coordinates":[[[34.95,37.15],[34.86,36.16],[34.3,35.68],[30.15,35.37],[29.35,36.27],[29.48,36.97],[32.09,37.89],[32.56,38.76],[34.95,37.15]]]}},{"type":"Feature","properties":{},"geometry":{"type":"Polygon","coordinates":[[[-21.75,71.59],[-22.8,71.4],[-21.47,71.82],[-21.75,71.59]]]}},{"type":"Feature","properties":{},"geometry":{"type":"Polygon","coordinates":[[[-17.31,70.12],[-16.64,69.67],[-18.2,69.98],[-17.31,70.12]]]}},{"type":"Feature","properties":{},"geometry":{"type":"Polygon","coordinates":[[[-22.06,72.77],[-23.79,72.49],[-25.13,72.84],[-23.77,73.25],[-22.06,72.77]]]}},{"type":"Feature","properties":{},"geometry":{"type":"Polygon","coordinates":[[[20.27,69.99],[21.4,69.41],[19.52,69.13],[19.65,69.61],[19.1,69.74],[20.27,69.99]]]}},{"type":"Feature","properties":{},"geometry":{"type":"Polygon","coordinates":[[[19.11,70.26],[19.7,69.98],[18.48,70.11],[19.11,70.26]]]}},{"type":"Feature","properties":{},"geometry":{"type":"Polygon","coordinates":[[[-20.29,73.17],[-21.28,72.77],[-22.7,73.41],[-20.29,73.17]]]}},{"type":"Feature","properties":{},"geometry":{"type":"Polygon","coordinates":[[[-15.78,70.93],[-15.74,70.43],[-16.5,70.22],[-17.96,70.41],[-16.81,71.05],[-15.78,70.93]]]}},{"type":"Feature","properties":{},"geometry":{"type":"Polygon","coordinates":[[[13.09,70.06],[14.02,69.53],[12.77,70.16],[13.09,70.06]]]}},{"type":"Feature","properties":{},"geometry":{"type":"Polygon","coordinates":[[[-16.41,72.41],[-17.36,71.93],[-16.51,71.93],[-17,71.27],[-18.49,70.77],[-19.2,71.01],[-18.7,71.67],[-19.63,71.89],[-17.98,71.97],[-17.57,72.24],[-18.39,72.28],[-17.62,72.57],[-16.41,72.41]]]}},{"type":"Feature","properties":{},"geometry":{"type":"Polygon","coordinates":[[[64.85,78.83],[70.39,78.42],[68.04,77.42],[64.85,78.83]]]}},{"type":"Feature","properties":{},"geometry":{"type":"Polygon","coordinates":[[[15.31,71.5],[19.05,70.35],[17.79,70.04],[17.72,69.06],[15.21,71.11],[15.31,71.5]]]}},{"type":"Feature","properties":{},"geometry":{"type":"Polygon","coordinates":[[[17.72,69.06],[17.69,68.17],[17.23,68.07],[16.62,68.34],[17.15,68.51],[15.38,68.92],[16.78,68.91],[15.79,69.08],[16.99,69.43],[15.3,69.11],[14.94,69.43],[16.7,69.86],[17.72,69.06]]]}},{"type":"Feature","properties":{},"geometry":{"type":"Polygon","coordinates":[[[16.26,70.19],[15.78,69.89],[15.51,70.27],[15.1,70.08],[15.46,69.79],[14.51,69.55],[13.21,70.26],[13.89,70.24],[13.49,70.61],[12.57,70.8],[14.09,71.23],[13.49,70.89],[14.58,70.64],[14.61,71.18],[16.26,70.19]]]}},{"type":"Feature","properties":{},"geometry":{"type":"Polygon","coordinates":[[[56.1,77.88],[58.02,77.79],[55.59,77.76],[56.1,77.88]]]}},{"type":"Feature","properties":{},"geometry":{"type":"Polygon","coordinates":[[[58.76,78.62],[60.85,78.24],[59.9,78.71],[61.87,78.76],[65.07,78.02],[58.91,77.63],[57.69,78.29],[58.76,78.62]]]}},{"type":"Feature","properties":{},"geometry":{"type":"Polygon","coordinates":[[[24.02,72.52],[24.33,72.44],[23.33,72.24],[24.02,72.52]]]}},{"type":"Feature","properties":{},"geometry":{"type":"Polygon","coordinates":[[[36.51,74.31],[37.09,74.07],[36.04,74.18],[36.51,74.31]]]}},{"type":"Feature","properties":{},"geometry":{"type":"Polygon","coordinates":[[[34.55,74.03],[35.12,73.95],[34.17,73.81],[34.55,74.03]]]}},{"type":"Feature","properties":{},"geometry":{"type":"Polygon","coordinates":[[[36.82,74.52],[37.79,74.5],[37.46,74.17],[36.32,74.4],[36.82,74.52]]]}},{"type":"Feature","properties":{},"geometry":{"type":"Polygon","coordinates":[[[18.54,72.13],[21.23,71.81],[19.91,70.98],[16.02,71.61],[17.01,71.7],[16.76,72.06],[18.53,71.65],[18.54,72.13]]]}},{"type":"Feature","properties":{},"geometry":{"type":"Polygon","coordinates":[[[30.78,73.97],[31.67,73.9],[29.75,73.55],[30.78,73.97]]]}},{"type":"Feature","properties":{},"geometry":{"type":"Polygon","coordinates":[[[38.17,75.18],[38.67,74.7],[36.98,74.91],[38.17,75.18]]]}},{"type":"Feature","properties":{},"geometry":{"type":"Polygon","coordinates":[[[32.26,74.3],[33.12,74.19],[32.14,73.65],[32.65,73.5],[31.19,73.42],[31.88,73.53],[31.29,73.62],[32.12,73.81],[31.57,74.02],[32.26,74.3]]]}},{"type":"Feature","properties":{},"geometry":{"type":"Polygon","coordinates":[[[37.02,75.32],[37.43,75.13],[36.76,75.1],[37.02,75.32]]]}},{"type":"Feature","properties":{},"geometry":{"type":"Polygon","coordinates":[[[38.72,75.71],[39.64,75.31],[38.47,75.17],[38.72,75.71]]]}},{"type":"Feature","properties":{},"geometry":{"type":"Polygon","coordinates":[[[51.47,78.52],[52.14,78.41],[51.14,78.4],[51.47,78.52]]]}},{"type":"Feature","properties":{},"geometry":{"type":"Polygon","coordinates":[[[53.82,79.11],[58.5,78.68],[57.37,78.08],[55.17,77.95],[55.62,78.16],[53.56,78.59],[53.73,79.06],[53.29,79.03],[53.82,79.11]]]}},{"type":"Feature","properties":{},"geometry":{"type":"Polygon","coordinates":[[[-7.85,72.01],[-9.56,70.67],[-8.54,70.7],[-10.43,70.09],[-9.62,69.92],[-10.04,69.57],[-12.38,69.51],[-11.84,69.84],[-13.88,69.35],[-13.35,69.84],[-14.1,69.45],[-15.06,69.87],[-14.15,70.03],[-14.7,70.31],[-14.14,70.72],[-12.3,70.35],[-12.93,70.65],[-12.34,70.74],[-13.74,71.04],[-12.41,71.15],[-13.07,71.36],[-12.72,71.6],[-12.06,71.76],[-11.7,71.35],[-11.15,71.42],[-11.7,71.55],[-11.55,71.86],[-10.19,71.57],[-9.93,71.97],[-7.85,72.01]]]}},{"type":"Feature","properties":{},"geometry":{"type":"Polygon","coordinates":[[[34.16,75.17],[35.04,75.19],[33.88,74.96],[34.48,75.05],[34.16,75.17]]]}},{"type":"Feature","properties":{},"geometry":{"type":"Polygon","coordinates":[[[34.3,75.75],[34.66,75.66],[33.85,75.61],[34.3,75.75]]]}},{"type":"Feature","properties":{},"geometry":{"type":"Polygon","coordinates":[[[3.17,67.92],[3.47,67.57],[3.04,67.32],[2.61,67.97],[3.17,67.92]]]}},{"type":"Feature","properties":{},"geometry":{"type":"Polygon","coordinates":[[[2.61,70.71],[3.24,70.29],[2,70.24],[3.63,70.15],[3.19,69.66],[3.82,69.49],[1.66,69.17],[0.07,69.61],[0.58,69.2],[-1.3,69.19],[1.34,69.05],[-2.51,68.85],[-2.88,68.5],[-3.68,68.76],[-3.18,68.46],[-4.13,68.28],[-4.92,68.71],[-5.25,68.75],[-4.79,68.52],[-5.08,68.32],[-7.32,68.76],[-6.16,68.22],[-7.48,68.62],[-7,68.32],[-8.02,68.43],[-6.95,67.95],[-8.85,67.74],[-8.44,67.51],[-8.83,67.42],[-9.94,67.72],[-10.84,67.28],[-12.68,67.76],[-11.5,67.29],[-11.91,66.9],[-11.3,66.97],[-12.31,66.56],[-14.07,66.7],[-13.48,66.88],[-13.79,67.37],[-15.64,67.4],[-17.05,68.01],[-16.53,68.32],[-17.31,68.36],[-14.83,68.33],[-14.97,68.62],[-14.22,69.06],[-13.5,68.78],[-14.04,68.38],[-13.68,68.09],[-11.35,68.36],[-13.08,68.15],[-13.41,68.31],[-13.02,68.74],[-11.85,68.91],[-13.39,69.15],[-11.85,69.48],[-10.83,69.36],[-10.45,68.73],[-9.56,68.87],[-10.48,69.38],[-10.03,69.22],[-9.56,70.12],[-8.41,70.49],[-7.63,70.14],[-8.13,69.41],[-7.44,69.2],[-7.91,69.45],[-7.25,70.09],[-5.01,69.66],[-5.56,69.91],[-3.91,69.69],[-4.67,69.98],[-2.8,70.13],[-5.8,70.05],[-7.75,70.58],[-5.1,70.57],[-8,70.82],[-7.88,71.24],[-5.56,70.91],[-7.73,71.34],[-5.82,71.33],[-7.02,71.63],[-6.12,71.68],[-6.75,71.97],[-4.49,71.79],[-4.72,71.52],[-4.11,71.27],[-3.92,71.73],[-2.78,71.71],[-3.3,71.22],[-2.63,71.32],[-2.74,70.65],[-2.38,71.4],[-1.05,71.54],[0.17,71.27],[-0.53,70.79],[0.39,71.27],[1.26,71.03],[1.03,70.63],[2.61,70.71]]]}},{"type":"Feature","properties":{},"geometry":{"type":"Polygon","coordinates":[[[-9.62,50.77],[-8.84,51.25],[-9.56,51.13],[-9.22,51.62],[-9.59,51.69],[-8.14,51.86],[-9.54,51.73],[-9.86,52.15],[-8.78,52.32],[-9.92,52.45],[-7.59,52.93],[-9.95,52.52],[-9.57,52.67],[-9.84,52.93],[-9.04,52.85],[-9.68,53.04],[-8.8,53.12],[-9.81,53.53],[-7.49,53.27],[-9.7,53.65],[-8.78,54.05],[-7.17,53.57],[-7.89,53.88],[-7.1,53.91],[-7.59,54.12],[-9.48,53.92],[-8.85,54.38],[-8.24,54.2],[-8.93,54.53],[-7.05,53.99],[-7.77,54.36],[-7.25,54.61],[-8.92,54.68],[-7.35,54.7],[-7.16,55.24],[-6.68,55],[-6.66,55.39],[-7.16,55.32],[-6.26,56.03],[-7.5,56.24],[-8.55,57.03],[-6.32,56.35],[-6.69,56.64],[-6.26,56.92],[-6.82,57.15],[-6.23,57.06],[-6.95,57.27],[-6.44,57.38],[-7.1,57.34],[-6.26,57.54],[-7.22,57.62],[-6.31,57.79],[-7.22,58.22],[-7.72,57.72],[-8.64,57.89],[-7.84,58.32],[-8.4,58.4],[-7.81,58.66],[-8.16,58.84],[-7.35,59.11],[-7.83,59.46],[-7.3,59.66],[-7.67,60.02],[-7.31,60.6],[-8.03,60.56],[-7.21,60.72],[-7.86,61.85],[-7.44,62.18],[-9.33,63.24],[-11.39,63.44],[-11.25,63.12],[-12.05,63.5],[-12.3,63.88],[-11.18,63.97],[-12.43,64.62],[-9.81,64.31],[-9.44,64.61],[-10.93,64.78],[-11.79,65.8],[-7.45,66],[-5.53,66.79],[-6.52,66.69],[-6.98,66.84],[-6.77,67.13],[-4.38,67.53],[-4.53,67.12],[-2.49,67.99],[-1.89,67.86],[-1.64,67.22],[-1.92,68],[0.16,68.05],[-0.44,67.26],[0.34,67.66],[0.99,67.11],[1.43,68.01],[2.94,67.01],[3.34,67.52],[4.08,67.37],[3.35,68.03],[5.14,67.56],[3.72,68.36],[5.65,67.77],[6.42,68.11],[5.99,68.44],[7.32,68.51],[9.99,68.06],[6.65,67.71],[10.11,67.93],[9.81,67.54],[11.32,67.35],[7.15,66.65],[10.15,66.75],[9.41,66.21],[11.31,66.82],[11.27,66.2],[10.18,65.33],[13.32,66.59],[14.94,66.26],[13.51,65.37],[11.39,65.3],[13.44,65.17],[11.52,64.86],[11.74,64.46],[12.89,64.76],[11.96,64.34],[11.87,63.85],[12.19,63.88],[11.25,63.5],[10.92,62.85],[10.91,62.22],[11.34,62.72],[12.05,62.47],[11.22,62.24],[12.43,62.02],[12.45,61.47],[10.78,61.76],[11.44,61.63],[10.4,61.44],[11.82,60.85],[10.77,60.71],[12.01,60.46],[11.9,59.89],[10.43,60.3],[11.43,59.88],[10.43,59.91],[11.36,59.79],[11.11,59.41],[12.22,59.22],[10.59,59.35],[11.62,58.94],[10.39,59.06],[10.67,58.4],[10.76,58.81],[11.53,58.62],[11.47,58.28],[10.34,58.01],[9.48,58.44],[10.46,58.39],[9.27,58.31],[8.63,58.75],[9.15,58.3],[7.73,58.32],[8.22,58.04],[7.47,57.96],[8.9,57.84],[7.6,57.68],[9.07,57.45],[8.15,57.19],[8.75,57.18],[8.55,56.81],[9.09,57.2],[10.26,56.65],[9.89,56.38],[10.58,56.48],[10.2,56.21],[10.71,56.15],[10.32,55.8],[10.69,55.82],[10.66,55.19],[10.2,55.61],[9.68,55.21],[9.02,56.11],[6.77,56.95],[7.5,56.53],[6.84,56.39],[8.55,56.11],[7.09,55.98],[6.23,55.32],[7.93,55.17],[6.57,54.96],[7.28,54.79],[8.57,55.2],[10.24,54.73],[7.75,53.48],[5.19,52.98],[3.99,53.59],[4.19,52.89],[3.41,52.69],[2.3,51.44],[1.53,51.57],[1.65,51.25],[0.56,51.3],[0.52,50.95],[0.13,51.12],[0.66,51.5],[0.23,51.67],[-0.15,50.89],[-2.17,50.55],[-1.86,49.76],[-2.66,49.73],[-2.05,49.54],[-2.09,49.1],[-2.72,49.33],[-2.27,49],[-3.09,48.97],[-2.84,48.58],[-3.37,48.62],[-3.03,48.39],[-4.09,48.34],[-3.49,47.91],[-4.03,48.11],[-3.55,47.54],[-4.13,47.36],[-3.7,47.24],[-4.31,47.2],[-3.86,47.05],[-4.49,46.96],[-4.12,46.67],[-4.8,46.78],[-4.17,46.65],[-4.79,46.49],[-4.38,46.17],[-5.31,46.33],[-4.68,45.7],[-5.29,46.08],[-6.11,45.87],[-5.51,46.29],[-6.13,45.92],[-5.58,46.48],[-6.59,46.42],[-5.99,46.69],[-6.71,46.61],[-5.88,46.97],[-6.55,46.76],[-6.25,47.15],[-8.1,46.85],[-7.74,47.33],[-8.52,47.5],[-7.91,47.56],[-8.62,47.67],[-8.11,47.69],[-8.49,47.82],[-8.13,48.05],[-8.65,47.95],[-8.17,48.14],[-8.79,48.15],[-8.42,48.38],[-9.06,48.69],[-8.46,49.18],[-9,48.97],[-8.65,49.38],[-9.33,49.59],[-8.66,49.55],[-9.51,49.98],[-8.66,50.38],[-9.48,50.48],[-8.33,50.59],[-8.59,50.87],[-7.98,50.44],[-8.17,50.96],[-8.63,51.43],[-8.53,50.93],[-9.62,50.77]]]}}]}
