{"type":"FeatureCollection","features":[{"type":"Feature","properties":{},"geometry":{"type":"Polygon","coordinates":[[[-152.06,-78.17],[-156.37,-77.65],[-156,-77.23],[-154.48,-77.19],[-151.33,-77.93],[-152.06,-78.17]]]}},{"type":"Feature","properties":{},"geometry":{"type":"Polygon","coordinates":[[[175.97,-77.57],[177.79,-77.56],[175.63,-78.04],[174.53,-77.51],[175.97,-77.57]]]}},{"type":"Feature","properties":{},"geometry":{"type":"Polygon","coordinates":[[[-87.66,-73.73],[-86.45,-74.76],[-90.34,-74.4],[-87.66,-73.73]]]}},{"type":"Feature","properties":{},"geometry":{"type":"Polygon","coordinates":[[[-128.37,-71.69],[-129.02,-71.36],[-128.15,-71.46],[-128.37,-71.69]]]}},{"type":"Feature","properties":{},"geometry":{"type":"Polygon","coordinates":[[[-119.41,-70.84],[-120.52,-71.02],[-119.04,-70.7],[-119.41,-70.84]]]}},{"type":"Feature","properties":{},"geometry":{"type":"Polygon","coordinates":[[[-124.65,-70.56],[-121.37,-70.67],[-123.91,-71.27],[-124.6,-71.2],[-124.43,-70.79],[-124.96,-70.71],[-124.65,-70.56]]]}},{"type":"Feature","properties":{},"geometry":{"type":"Polygon","coordinates":[[[-127.6,-70.13],[-125.32,-70.96],[-128.49,-70.45],[-127.6,-70.13]]]}},{"type":"Feature","properties":{},"geometry":{"type":"Polygon","coordinates":[[[-85.03,-69.54],[-84.28,-69.73],[-84.44,-70.28],[-85.86,-70.01],[-85.03,-69.54]]]}},{"type":"Feature","properties":{},"geometry":{"type":"Polygon","coordinates":[[[-98.55,-69.76],[-98.88,-69.2],[-98.32,-69.12],[-98.55,-69.76]]]}},{"type":"Feature","properties":{},"geometry":{"type":"Polygon","coordinates":[[[-104.59,-68.4],[-103.75,-68.76],[-102.75,-68.36],[-103.45,-68.73],[-102.03,-68.89],[-107.95,-68.74],[-104.59,-68.4]]]}},{"type":"Feature","properties":{},"geometry":{"type":"Polygon","coordinates":[[[-84.32,-66.26],[-84.21,-66.72],[-85.38,-66.38],[-84.32,-66.26]]]}},{"type":"Feature","properties":{},"geometry":{"type":"Polygon","coordinates":[[[-73.16,-66.73],[-73.56,-66.19],[-73.02,-66.4],[-73.16,-66.73]]]}},{"type":"Feature","properties":{},"geometry":{"type":"Polygon","coordinates":[[[-80.12,-65.68],[-78.88,-67.49],[-79.2,-69.11],[-82.27,-69.47],[-82.83,-69.22],[-81.05,-68.8],[-82.39,-68.33],[-83.56,-68.91],[-85.27,-68.17],[-83.41,-68.31],[-83.92,-67.98],[-80.92,-67.76],[-81.55,-67.16],[-80.2,-67.04],[-81.77,-66.58],[-81.51,-66.06],[-81.93,-65.9],[-80.12,-65.68]]]}},{"type":"Feature","properties":{},"geometry":{"type":"Polygon","coordinates":[[[-77.73,-63.49],[-78.17,-64.43],[-79.12,-64.43],[-77.73,-63.49]]]}},{"type":"Feature","properties":{},"geometry":{"type":"Polygon","coordinates":[[[91.21,-69.43],[91.52,-69.51],[90.68,-69.55],[91.21,-69.43]]]}},{"type":"Feature","properties":{},"geometry":{"type":"Polygon","coordinates":[[[119.42,-68.53],[120.7,-69.31],[119.37,-69.44],[119.8,-69.18],[118.98,-68.48],[119.42,-68.53]]]}},{"type":"Feature","properties":{},"geometry":{"type":"Polygon","coordinates":[[[95.6,-69.01],[95.22,-68.9],[96.31,-68.81],[95.6,-69.01]]]}},{"type":"Feature","properties":{},"geometry":{"type":"Polygon","coordinates":[[[-73.48,-61.24],[-73.06,-61.55],[-74.39,-61.64],[-73.48,-61.24]]]}},{"type":"Feature","properties":{},"geometry":{"type":"Polygon","coordinates":[[[-72.56,-61.02],[-72.28,-61.16],[-73.03,-61.49],[-72.56,-61.02]]]}},{"type":"Feature","properties":{},"geometry":{"type":"Polygon","coordinates":[[[-68.4,-60.95],[-67.78,-61.34],[-68.88,-61.53],[-69.03,-61.18],[-68.4,-60.95]]]}},{"type":"Feature","properties":{},"geometry":{"type":"Polygon","coordinates":[[[-87.92,-73.46],[-90.41,-73.61],[-90.78,-74.11],[-92.21,-73.78],[-91.35,-74.53],[-91.47,-75.02],[-90.76,-75.3],[-91.24,-75.82],[-90.43,-76.39],[-90.34,-75.95],[-89.11,-76.12],[-89.1,-76.69],[-90.25,-76.63],[-89.1,-77.08],[-94.49,-78.43],[-93.36,-80.26],[-94.71,-81.24],[-108.37,-80.92],[-113.13,-79.48],[-111.54,-78.53],[-108,-78.11],[-98.49,-75.01],[-98.04,-74.84],[-98.12,-74.01],[-95.78,-73.26],[-89.63,-72.83],[-87.92,-73.46]]]}},{"type":"Feature","properties":{},"geometry":{"type":"Polygon","coordinates":[[[-67.82,-60.39],[-67.43,-60.77],[-68.68,-60.82],[-69.43,-61.64],[-70.45,-61.48],[-72.58,-62.34],[-72.16,-62.56],[-72.83,-62.96],[-71.25,-63],[-71.58,-63.3],[-73.3,-63.22],[-73.16,-63.74],[-73.92,-63.13],[-74.56,-63.73],[-74.17,-63.85],[-75.94,-64.41],[-75.76,-64.9],[-76.12,-65.05],[-75.3,-65.05],[-75.98,-65.24],[-75.51,-65.34],[-75.73,-65.58],[-73.73,-65.46],[-74.6,-65.99],[-73.46,-66.5],[-73.74,-66.8],[-73.13,-67.2],[-73.64,-67.46],[-72.79,-67.53],[-73.46,-67.92],[-72.52,-68.22],[-73.13,-68.48],[-72.52,-68.8],[-73.58,-68.97],[-72.46,-69.06],[-72.86,-69.19],[-72.56,-69.43],[-73.41,-69.68],[-72.53,-69.73],[-73,-70.09],[-71.97,-69.98],[-72.71,-70.22],[-73.12,-71.12],[-73.97,-71.31],[-73.11,-71.32],[-73.42,-71.5],[-76.6,-72.24],[-75.51,-72.3],[-76.34,-72.56],[-81.36,-73.24],[-79.68,-73.73],[-79.76,-74.1],[-84.57,-74.59],[-86.29,-73.84],[-86.16,-73.35],[-87.92,-73.46],[-93.09,-71.24],[-91.69,-70.32],[-89.85,-70.41],[-90.05,-69.98],[-89.2,-70.04],[-89.29,-69.66],[-87.96,-70.32],[-86.3,-70.29],[-86.68,-70.58],[-78.59,-69.71],[-77.81,-68.76],[-79.07,-66.26],[-77.18,-65.93],[-77.8,-65.7],[-77.29,-65.66],[-77.44,-65.17],[-76.94,-65.12],[-77.52,-64.84],[-76.74,-64.39],[-77.7,-64.43],[-77.55,-63.93],[-76.68,-64.21],[-76.69,-63.54],[-75.97,-63.6],[-75.84,-63.06],[-73.92,-62.47],[-74.29,-62.37],[-74.02,-62],[-67.82,-60.39]]]}},{"type":"Feature","properties":{},"geometry":{"type":"Polygon","coordinates":[[[-156.36,-83.32],[-147.79,-83.03],[-139.35,-83.41],[-126.49,-82.26],[-136.64,-82.11],[-142.94,-80.5],[-135.13,-79.94],[-130.96,-81.08],[-118.83,-81.99],[-108.37,-80.92],[-92.97,-81.23],[-65.12,-79.19],[-55.51,-78.06],[-52.66,-78.44],[-50.71,-77.36],[-55.48,-76.46],[-53.83,-75.7],[-43.07,-74.17],[-40.45,-73.17],[-35.83,-72.32],[-29.39,-71.73],[-28.05,-71.12],[-28.92,-70.51],[-28.24,-70.46],[-27.87,-70.95],[-26.7,-70.2],[-26.04,-70.25],[-25.51,-71.19],[-24.43,-71.12],[-24.26,-70.29],[-23.48,-70.16],[-22.39,-70.25],[-22.9,-70.94],[-20.01,-70.96],[-20.59,-70.76],[-19.44,-70.01],[-19.81,-70.35],[-18.76,-70.59],[-19.4,-70.72],[-19.32,-71.21],[-18.06,-71.11],[-17.73,-71.51],[-12.13,-70.4],[-7.05,-70.65],[-4.97,-71.21],[-0.21,-71.04],[8.04,-71.79],[18.05,-71.48],[18.62,-71],[18.45,-70.58],[19.35,-70.46],[23.72,-72.16],[27.01,-70.78],[33.17,-70.13],[33.48,-69.77],[35.29,-70.19],[36.65,-69.88],[35.66,-69.56],[36.75,-69.41],[37.45,-69.71],[37.17,-69.88],[38.45,-69.84],[38.03,-69.72],[38.5,-69.44],[37.9,-69.37],[38.08,-69.07],[42.08,-68.62],[44.14,-68.84],[45.89,-69.5],[44.62,-69.7],[47.7,-70.4],[59.92,-71.01],[60.09,-71.93],[58.89,-72.17],[59.95,-72.16],[58.76,-72.33],[59.68,-72.48],[58.28,-72.5],[58.58,-72.63],[57.93,-72.82],[58.8,-73.06],[57.35,-73.46],[58.6,-73.55],[58.64,-74.01],[61.1,-74.7],[63.49,-73.74],[63.06,-73.37],[66.76,-73.05],[69.42,-72.48],[69.88,-71.97],[69.54,-71.97],[70.98,-71.53],[77.16,-70.48],[85.7,-69.87],[92.4,-69.94],[93.85,-69.75],[93.49,-69.08],[94.98,-68.97],[95.37,-69.5],[98.38,-69.1],[105.34,-70.05],[106.88,-69.72],[107.49,-69.12],[110,-68.72],[111.65,-69.42],[113.42,-69.29],[115.39,-69.86],[119.15,-69.53],[119.27,-69.85],[124.64,-68.82],[126.82,-69.49],[128.36,-69.43],[128.88,-68.62],[128.24,-68.35],[133.39,-68.4],[133.9,-68.14],[133.54,-67.74],[133.89,-67.44],[134.67,-67.78],[134.42,-68.15],[135.95,-68.47],[144.97,-68.83],[146.84,-68.4],[147.31,-68.63],[145.85,-69.22],[149.38,-69.28],[149.69,-69.7],[148.96,-69.87],[152.22,-69.59],[152.8,-70],[155.17,-69.46],[156.58,-70.09],[160.88,-70.15],[163.52,-71.01],[169.42,-70.99],[173.49,-71.82],[173.49,-71.5],[174.37,-71.93],[173.47,-72.38],[174.19,-72.71],[173.35,-73.35],[173.57,-73.62],[171.16,-73.92],[171.46,-74.01],[170.54,-74.29],[171.32,-74.42],[169.87,-74.54],[170.9,-75.02],[169.72,-74.97],[169.61,-75.36],[168.82,-74.97],[168.21,-75.44],[170.92,-75.78],[168.99,-75.95],[169.78,-76.41],[169.23,-76.63],[170.62,-77.28],[170.16,-77.45],[173.69,-78.26],[173.04,-78.66],[174.64,-78.28],[177.34,-78.79],[174.33,-78.91],[171.55,-79.71],[171.96,-80.06],[174.68,-80.91],[173.93,-81.1],[179.99,-82.03],[179.99,-89.99],[-179.99,-89.99],[-179.99,-82.03],[-177.86,-82.36],[-179.71,-82.58],[-178.78,-82.68],[-176.49,-82.39],[-169.85,-83.18],[-156.36,-83.32]]]}},{"type":"Feature","properties":{},"geometry":{"type":"Polygon","coordinates":[[[-142.94,-80.5],[-145.21,-79.4],[-138.99,-78.31],[-144.18,-78.11],[-151.1,-76.95],[-151.43,-76.76],[-150.81,-76.57],[-151.05,-76.3],[-152.45,-76.42],[-152.41,-75.74],[-152.96,-75.42],[-145.13,-75.65],[-145.44,-75.5],[-142.3,-74.77],[-146.33,-74.24],[-142.94,-74.2],[-143.85,-73.83],[-136.71,-72.55],[-136.23,-72.34],[-136.71,-72.12],[-135.42,-71.84],[-133.99,-72.15],[-120.58,-71.08],[-117.91,-71.28],[-118.17,-70.87],[-117.44,-70.62],[-117.13,-70.7],[-117.58,-70.96],[-116.79,-70.79],[-117.04,-71.15],[-116.24,-71.63],[-115,-71.45],[-115.45,-71.31],[-115.19,-70.93],[-112.95,-71.5],[-111.81,-71.24],[-111.14,-71.47],[-111.22,-71.95],[-110.04,-71.8],[-109.83,-71.34],[-106.05,-71.72],[-107.18,-71.11],[-106.2,-70.74],[-107.73,-70.19],[-105.83,-69.94],[-108.06,-70.01],[-108.81,-69.59],[-108.48,-69.42],[-98.27,-69.89],[-97.02,-69.66],[-97.13,-69.23],[-96.74,-69.19],[-95.89,-69.37],[-96.3,-69.65],[-94.78,-69.93],[-93.95,-69.6],[-93.64,-70.03],[-91.69,-70.32],[-95.78,-73.26],[-98.12,-74.01],[-98.04,-74.84],[-106.36,-77.26],[-107.63,-78.01],[-111.54,-78.53],[-113.13,-79.48],[-133.99,-79.81],[-142.94,-80.5]]]}},{"type":"Feature","properties":{},"geometry":{"type":"Polygon","coordinates":[[[-66.19,-60.37],[-65.79,-60.54],[-67.22,-60.55],[-66.19,-60.37]]]}},{"type":"Feature","properties":{},"geometry":{"type":"Polygon","coordinates":[[[-67.75,-59.82],[-67.47,-59.94],[-68.83,-59.98],[-67.75,-59.82]]]}},{"type":"Feature","properties":{},"geometry":{"type":"Polygon","coordinates":[[[-56.45,-56.96],[-57.09,-57.05],[-56.16,-57.76],[-58.1,-57.03],[-56.45,-56.96]]]}},{"type":"Feature","properties":{},"geometry":{"type":"Polygon","coordinates":[[[-56.03,-56.99],[-55.01,-57.32],[-56.16,-57.29],[-56.03,-56.99]]]}},{"type":"Feature","properties":{},"geometry":{"type":"Polygon","coordinates":[[[-59.3,-55.69],[-58.81,-56.11],[-59.49,-55.95],[-59.3,-55.69]]]}},{"type":"Feature","properties":{},"geometry":{"type":"Polygon","coordinates":[[[-59.63,-55.56],[-59.4,-55.83],[-59.84,-56.02],[-60.01,-55.59],[-59.63,-55.56]]]}},{"type":"Feature","properties":{},"geometry":{"type":"Polygon","coordinates":[[[-58.08,-55.42],[-58.27,-56.1],[-58.62,-55.93],[-58.08,-55.42]]]}},{"type":"Feature","properties":{},"geometry":{"type":"Polygon","coordinates":[[[-60.66,-54.98],[-59.85,-55.49],[-60.68,-55.73],[-60.4,-55.49],[-61.35,-55.28],[-60.66,-54.98]]]}},{"type":"Feature","properties":{},"geometry":{"type":"Polygon","coordinates":[[[-59.52,-54.36],[-58.8,-54.57],[-60.11,-54.72],[-59.73,-54.87],[-60.26,-54.95],[-60.04,-55.2],[-60.87,-54.73],[-60.29,-54.93],[-60.47,-54.45],[-59.52,-54.36]]]}},{"type":"Feature","properties":{},"geometry":{"type":"Polygon","coordinates":[[[-59.4,-56.16],[-57.96,-56.43],[-58.7,-55.93],[-57.03,-56.42],[-57.28,-56.67],[-56.79,-56.47],[-57.85,-55.72],[-56.87,-55.32],[-57.99,-55.22],[-57.49,-54.83],[-57.79,-54.64],[-56.66,-54.44],[-55.88,-54.72],[-55.58,-55.22],[-55.96,-55.32],[-54.92,-56.25],[-52.84,-57.05],[-54.43,-57.3],[-59.96,-56.19],[-59.4,-56.16]]]}},{"type":"Feature","properties":{},"geometry":{"type":"Polygon","coordinates":[[[-45.85,-54.33],[-47.11,-55.06],[-47.81,-54.83],[-46.62,-54.66],[-47.19,-54.21],[-45.85,-54.33]]]}},{"type":"Feature","properties":{},"geometry":{"type":"Polygon","coordinates":[[[-45.29,-54.33],[-44.17,-54.82],[-46.43,-55.07],[-45.29,-54.33]]]}},{"type":"Feature","properties":{},"geometry":{"type":"Polygon","coordinates":[[[-61.51,-52.18],[-61.37,-52.59],[-61.88,-52.5],[-61.51,-52.18]]]}},{"type":"Feature","properties":{},"geometry":{"type":"Polygon","coordinates":[[[-61.98,-51.43],[-61.51,-51.62],[-62.17,-51.84],[-61.98,-51.43]]]}},{"type":"Feature","properties":{},"geometry":{"type":"Polygon","coordinates":[[[-61.28,-50.92],[-61.74,-51.35],[-62.01,-50.71],[-61.42,-50.85],[-61.48,-50.29],[-60.89,-50.22],[-61.07,-51.4],[-61.51,-51.52],[-61.28,-50.92]]]}},{"type":"Feature","properties":{},"geometry":{"type":"Polygon","coordinates":[[[60.73,-51.91],[60.63,-52.32],[61.31,-52.22],[61.06,-52.51],[62.29,-52.54],[61.28,-52.63],[61.92,-52.96],[60.36,-52.96],[60.73,-51.91]]]}},{"type":"Feature","properties":{},"geometry":{"type":"Polygon","coordinates":[[[-60.96,-49.63],[-60.82,-50.15],[-61.36,-50.05],[-60.96,-49.63]]]}},{"type":"Feature","properties":{},"geometry":{"type":"Polygon","coordinates":[[[-155.23,-62.01],[-154.87,-62.44],[-156.04,-62.54],[-155.23,-62.01]]]}},{"type":"Feature","properties":{},"geometry":{"type":"Polygon","coordinates":[[[-58.36,-46.08],[-58.09,-46.27],[-58.78,-46.6],[-58.36,-46.08]]]}},{"type":"Feature","properties":{},"geometry":{"type":"Polygon","coordinates":[[[-132.37,-59.73],[-131.75,-59.76],[-132.37,-60.15],[-132.76,-59.86],[-132.37,-59.73]]]}},{"type":"Feature","properties":{},"geometry":{"type":"Polygon","coordinates":[[[-58.77,-43.43],[-58.29,-43.97],[-58.82,-44.19],[-58.61,-44.83],[-59.28,-45.03],[-59.57,-44.81],[-58.77,-43.43]]]}},{"type":"Feature","properties":{},"geometry":{"type":"Polygon","coordinates":[[[156.92,-65.42],[161.59,-65.25],[160.66,-65.06],[162.65,-64.35],[164.44,-65.47],[163.92,-65.31],[164.47,-66.27],[165.22,-66.47],[163.3,-66.37],[163.95,-66.58],[163.47,-66.7],[163.98,-67.26],[162.54,-67.52],[160.08,-66.98],[159.39,-66.64],[160.22,-66.64],[157.79,-66.1],[156.92,-65.42]]]}},{"type":"Feature","properties":{},"geometry":{"type":"Polygon","coordinates":[[[-171.91,-62.85],[-172.39,-63.06],[-170.97,-63.52],[-169.56,-62.87],[-169.92,-63.25],[-169.36,-63.07],[-169.58,-63.37],[-168.93,-63.57],[-169.14,-64.35],[-176.83,-67.96],[-173.3,-65.61],[-173.31,-64.41],[-172.68,-63.91],[-173.04,-63.43],[-171.91,-62.85]]]}},{"type":"Feature","properties":{},"geometry":{"type":"Polygon","coordinates":[[[-146.46,-58.46],[-147.57,-58.92],[-147.68,-59.37],[-147.07,-59.59],[-149.66,-59.92],[-151.22,-61.45],[-150.88,-61.45],[-152.74,-62.06],[-157.08,-61.18],[-156.25,-60.96],[-156.6,-60.94],[-156.12,-60.73],[-156.63,-60.79],[-156.36,-60.53],[-155.9,-60.72],[-155.8,-60.24],[-153.18,-59.5],[-146.46,-58.46]]]}},{"type":"Feature","properties":{},"geometry":{"type":"Polygon","coordinates":[[[140.76,-62.7],[141.79,-62.85],[139.06,-63.24],[140.76,-62.7]]]}},{"type":"Feature","properties":{},"geometry":{"type":"Polygon","coordinates":[[[-176.31,-57.12],[-175.62,-57.59],[-173.95,-57.47],[-172,-58.99],[-170.81,-58.99],[-171.55,-58.37],[-168.79,-59.26],[-166.23,-58.5],[-165.91,-59.36],[-166.24,-59.64],[-165.83,-59.99],[-167.11,-60.37],[-166.56,-61.27],[-166.87,-62.58],[-167.6,-63.14],[-168.84,-63.04],[-168.78,-61.94],[-171.73,-61.55],[-171,-60.81],[-171.39,-59.77],[-173.34,-58.74],[-172.8,-58.81],[-173.29,-58.57],[-172.99,-58.42],[-173.84,-58.45],[-173.56,-58.69],[-176.81,-57.27],[-176.31,-57.12]]]}},{"type":"Feature","properties":{},"geometry":{"type":"Polygon","coordinates":[[[170.16,-45.16],[170.44,-45.6],[169.88,-45.4],[170.16,-45.16]]]}},{"type":"Feature","properties":{},"geometry":{"type":"Polygon","coordinates":[[[165.75,-45.08],[170.27,-46.79],[167.28,-46.19],[165.75,-45.08]]]}},{"type":"Feature","properties":{},"geometry":{"type":"Polygon","coordinates":[[[131.56,-41.46],[132.03,-42.06],[131.21,-42.1],[131.56,-41.46]]]}},{"type":"Feature","properties":{},"geometry":{"type":"Polygon","coordinates":[[[36.02,-37.34],[35.55,-35.17],[36.21,-33.79],[38.21,-33.35],[38.65,-33.65],[38.55,-33.16],[39.42,-33.13],[39.28,-32.79],[40.42,-31.89],[40.24,-31.26],[40.64,-31.49],[41.28,-31.05],[41.18,-30.12],[41.84,-29.72],[42.55,-30.72],[43.15,-33.16],[42.89,-33.67],[42.19,-33.24],[42.44,-34.53],[39.12,-42.59],[36.65,-43.22],[35.37,-42.63],[34.49,-39.71],[36.02,-37.34]]]}},{"type":"Feature","properties":{},"geometry":{"type":"Polygon","coordinates":[[[123.07,-39.93],[123.46,-40.4],[122.73,-40.45],[123.07,-39.93]]]}},{"type":"Feature","properties":{},"geometry":{"type":"Polygon","coordinates":[[[123.11,-39.75],[124.6,-39.94],[123.92,-40.48],[123.11,-39.75]]]}},{"type":"Feature","properties":{},"geometry":{"type":"Polygon","coordinates":[[[150.63,-64.15],[147.12,-64.24],[142.89,-62.4],[144.76,-62.88],[144.21,-62.63],[141.59,-62.65],[141.86,-61.76],[140.7,-61.22],[140.7,-62.23],[139.25,-62.6],[139.31,-62.19],[140.06,-62.11],[139.62,-61.37],[140.17,-60.69],[139.21,-59.64],[139.56,-60.19],[137.28,-62.07],[137.58,-62.52],[135.9,-62.28],[136.61,-62.23],[132.36,-60.11],[127.93,-59.85],[119.33,-61.12],[116.25,-61.94],[115.03,-62.88],[108.33,-62.88],[104.52,-63.83],[104.82,-63.92],[102.25,-63.76],[99.54,-62.65],[99.72,-62.09],[100.97,-61.93],[101.43,-60.48],[100.57,-59.1],[100.57,-57.69],[98.52,-54.56],[99.48,-55.08],[99.2,-53.97],[99.38,-54.68],[100.15,-54.84],[100.31,-54.39],[99.26,-52.89],[100.76,-50.36],[100.71,-51.01],[101.06,-51.06],[101.57,-50.45],[104.88,-49.3],[106.06,-49.54],[111.04,-48.5],[112.86,-47.07],[112.58,-46.22],[113.61,-45.35],[114.52,-46.57],[114.52,-45.98],[115.03,-46.22],[115.03,-45.79],[114.4,-45.61],[114.47,-45.12],[116.36,-45.31],[115.61,-45.27],[116.14,-44.58],[115.73,-44.92],[115.61,-44.47],[115.96,-44.17],[116.8,-44.51],[116.16,-44.08],[117.07,-44.06],[116.55,-43.65],[117.14,-43.12],[117.61,-43.52],[117.67,-42.79],[117.97,-43.13],[118.79,-42.58],[119.54,-42.75],[120.68,-43.48],[120.28,-44.42],[120.57,-43.94],[120.9,-44.23],[120.67,-43.81],[121.06,-43.49],[122.53,-43.87],[122.74,-43.16],[122.13,-43],[123.21,-41.92],[123.23,-41.26],[123.75,-41.28],[123.49,-40.97],[124.03,-41.21],[123.8,-40.95],[124.36,-40.55],[126.27,-40.51],[126.13,-39.97],[124.87,-39.78],[125.11,-39.56],[128.06,-40.31],[129.45,-40.36],[130.21,-39.9],[129.93,-40.18],[130.4,-39.99],[130.46,-40.41],[131.02,-39.72],[131.64,-40.12],[131.08,-40.63],[131.38,-40.82],[130.48,-41.2],[130.65,-42.11],[129.59,-42.85],[132.05,-43.47],[131.71,-43.76],[137.52,-44.69],[138.41,-42.08],[137.66,-40.8],[137.92,-40.25],[137.58,-39.88],[138.01,-39.4],[137.46,-39.49],[138,-38.86],[137.7,-37.83],[138.11,-37.48],[140.69,-40.81],[141.55,-40.43],[142.84,-40.99],[143.41,-42.41],[144.27,-42.71],[145.39,-44.53],[149.13,-45.15],[151.31,-47.13],[151.9,-47.07],[151.61,-46.57],[152.63,-46.89],[152.52,-46.59],[153.35,-47.59],[152.73,-47.6],[156.91,-48.61],[157.65,-49.11],[158.22,-50.42],[159.88,-51.45],[160.91,-54.28],[160.66,-55.13],[161.09,-55.31],[160.21,-55.92],[160.4,-56.68],[159.6,-56.81],[160.48,-56.98],[160.15,-57.08],[160.54,-57.17],[160.18,-57.24],[160.53,-57.19],[160.35,-58.18],[160.84,-58.27],[160.34,-59.1],[161.79,-60.76],[158.69,-61.9],[159.17,-61.84],[158.31,-62.82],[157.3,-63.16],[158.02,-63.49],[155.73,-62.99],[154.48,-63.32],[155.07,-63.03],[154.47,-62.78],[153.83,-63.23],[154.46,-63.29],[153.21,-64.17],[150.63,-64.15]]]}},{"type":"Feature","properties":{},"geometry":{"type":"Polygon","coordinates":[[[132.83,-34.94],[133.25,-35.06],[133.04,-35.66],[131.81,-35.7],[132.83,-34.94]]]}},{"type":"Feature","properties":{},"geometry":{"type":"Polygon","coordinates":[[[124.85,4.27],[124.8,3.69],[124.07,3.21],[124.85,4.27]]]}},{"type":"Feature","properties":{},"geometry":{"type":"Polygon","coordinates":[[[127.1,-34.43],[127.59,-34.76],[127.24,-35.15],[127.1,-34.43]]]}},{"type":"Feature","properties":{},"geometry":{"type":"Polygon","coordinates":[[[127.56,-34.13],[127.66,-34.54],[127.2,-34.34],[127.56,-34.13]]]}},{"type":"Feature","properties":{},"geometry":{"type":"Polygon","coordinates":[[[118.65,-0.72],[120.45,0.65],[121.15,0.55],[122.41,1.63],[122.37,2.42],[123.84,3.26],[124.69,2.98],[125.82,3.95],[126.48,3.4],[119.99,-1.49],[119.76,-1.12],[118.72,-1.88],[118.65,-0.72]]]}},{"type":"Feature","properties":{},"geometry":{"type":"Polygon","coordinates":[[[127.37,-33.75],[127.75,-34.13],[127.23,-34.23],[127.37,-33.75]]]}},{"type":"Feature","properties":{},"geometry":{"type":"Polygon","coordinates":[[[125.44,-29.75],[125.97,-30.32],[124.6,-29.93],[125.44,-29.75]]]}},{"type":"Feature","properties":{},"geometry":{"type":"Polygon","coordinates":[[[128.73,-29.94],[129.85,-30.41],[130.06,-31.1],[126.91,-30.01],[128.73,-29.94]]]}},{"type":"Feature","properties":{},"geometry":{"type":"Polygon","coordinates":[[[118.1,3.06],[118.65,3.25],[118.79,2.77],[118.51,2.49],[118.1,3.06]]]}},{"type":"Feature","properties":{},"geometry":{"type":"Polygon","coordinates":[[[129.81,-28.95],[129.82,-29.29],[129.17,-29.05],[129.81,-28.95]]]}},{"type":"Feature","properties":{},"geometry":{"type":"Polygon","coordinates":[[[116.13,2.13],[117.11,1.91],[117.56,2.26],[117.91,1.87],[116.16,1.17],[116.13,2.13]]]}},{"type":"Feature","properties":{},"geometry":{"type":"Polygon","coordinates":[[[130.56,-28.26],[130.58,-28.73],[130.26,-28.31],[130.56,-28.26]]]}},{"type":"Feature","properties":{},"geometry":{"type":"Polygon","coordinates":[[[145.73,-32.1],[147.58,-33.13],[147.54,-33.76],[149.44,-34.17],[149.96,-34.7],[148.3,-34.86],[140.68,-32.35],[134.5,-31.93],[134.81,-31.71],[133.39,-31.34],[133.67,-30.6],[132.93,-31.61],[131.48,-30.26],[133.02,-30.04],[133.43,-30.48],[133.9,-29.76],[131.96,-29.81],[131.72,-28.91],[130.53,-28.79],[132.18,-27.91],[134.06,-28.43],[134.1,-30.03],[135.07,-31.18],[138.49,-29.52],[145.73,-32.1]]]}},{"type":"Feature","properties":{},"geometry":{"type":"Polygon","coordinates":[[[142.2,-32.64],[144.82,-34.5],[145.6,-34.26],[145.68,-34.73],[146.69,-34.7],[146.58,-35.07],[147.82,-34.99],[147.25,-35.24],[147.72,-35.38],[144.24,-35.58],[141.23,-34.04],[139.6,-33.87],[139.69,-34.23],[139.24,-34.3],[138.45,-33.91],[139.05,-34.55],[138.24,-34.58],[138.75,-34.85],[137.02,-35.14],[138.21,-35.17],[138.67,-35.65],[136.04,-36.33],[134.41,-35.53],[134.55,-35.16],[133.21,-35.77],[133.28,-35.05],[132.66,-34.77],[133.81,-34.57],[132.46,-34.55],[133.27,-34.47],[130.99,-32.65],[127.44,-32.33],[133.56,-31.58],[142.2,-32.64]]]}},{"type":"Feature","properties":{},"geometry":{"type":"Polygon","coordinates":[[[130.59,-27.36],[131.15,-27.72],[129.9,-27.48],[130.59,-27.36]]]}},{"type":"Feature","properties":{},"geometry":{"type":"Polygon","coordinates":[[[113.15,2.68],[113.5,2.44],[113.07,2.29],[113.15,2.68]]]}},{"type":"Feature","properties":{},"geometry":{"type":"Polygon","coordinates":[[[2.02,-8.77],[1.97,-9.19],[1.68,-9.02],[2.02,-8.77]]]}},{"type":"Feature","properties":{},"geometry":{"type":"Polygon","coordinates":[[[105.05,-1.98],[106.56,-0.63],[107.87,-0.85],[112.46,0.65],[115.95,-2.55],[113.11,-2.16],[111.5,-2.42],[110.13,-1.78],[109.09,-2.26],[107.39,-2.09],[105.6,-2.54],[104.91,-2.27],[105.05,-1.98]]]}},{"type":"Feature","properties":{},"geometry":{"type":"Polygon","coordinates":[[[112.12,0.66],[112.92,1.03],[112.86,0.56],[113.41,1.43],[114.03,0.55],[114.85,1.18],[116.32,0.54],[116.69,1.37],[117.44,1.37],[119.59,-0.6],[118.96,-0.68],[119.18,-1],[118.58,-1.34],[118.92,-1.56],[115.19,-2.3],[112.12,0.66]]]}},{"type":"Feature","properties":{},"geometry":{"type":"Polygon","coordinates":[[[116.7,15.92],[116.99,15.62],[116.93,16.2],[117.76,16.22],[118.51,15.84],[119.67,16.58],[119.23,15.44],[119.92,15.5],[119.21,14.72],[119.89,14.33],[119.39,13.76],[119.9,14.12],[119.63,13.83],[121.12,13.63],[121.29,13.12],[122.76,13.3],[121.84,12.65],[123.04,11.13],[122.76,9.42],[123.08,9.52],[123.01,8.99],[123.43,9.28],[123.81,7.7],[123.37,6.61],[122.71,7.14],[122.16,6.41],[121.35,6.34],[121.01,5.08],[120.33,5.48],[119.5,4.31],[117.92,5.41],[117.25,5.08],[117.36,5.37],[116.13,5.63],[115.23,7.03],[117.06,8.07],[116.65,7.99],[116.13,9.09],[116.89,10.57],[116.5,12.24],[117.26,13.48],[116.7,15.92]]]}},{"type":"Feature","properties":{},"geometry":{"type":"Polygon","coordinates":[[[50.79,-44.17],[51.08,-45.9],[50.54,-47.29],[49.18,-47.8],[47.7,-47.31],[48.84,-45.3],[50.79,-44.17]]]}},{"type":"Feature","properties":{},"geometry":{"type":"Polygon","coordinates":[[[-39.66,7.65],[-39.72,6.95],[-40.65,6.95],[-40.16,7.15],[-40.33,7.59],[-39.66,7.65]]]}},{"type":"Feature","properties":{},"geometry":{"type":"Polygon","coordinates":[[[-56.95,15.43],[-55.57,14.86],[-57.17,14.88],[-56.95,15.43]]]}},{"type":"Feature","properties":{},"geometry":{"type":"Polygon","coordinates":[[[-65.95,19.03],[-64.72,18.32],[-65.76,18.23],[-66.77,18.92],[-65.95,19.03]]]}},{"type":"Feature","properties":{},"geometry":{"type":"Polygon","coordinates":[[[-62.14,17.97],[-59.47,17.14],[-58.77,16.6],[-59.27,16.48],[-58.12,15.76],[-58.51,15.44],[-60.82,16.02],[-61.32,15.4],[-61.8,16.14],[-63.61,16.3],[-64.09,16.73],[-63.79,17.01],[-62.02,16.49],[-62.15,17.46],[-62.82,17.85],[-62.14,17.97]]]}},{"type":"Feature","properties":{},"geometry":{"type":"Polygon","coordinates":[[[108.9,17.86],[109.71,18.31],[109.92,17.06],[109.36,16.09],[108.43,16.02],[108.01,16.8],[108.9,17.86]]]}},{"type":"Feature","properties":{},"geometry":{"type":"Polygon","coordinates":[[[-60.4,20.54],[-58.48,19.51],[-54.35,15.11],[-57.77,15.98],[-57.02,16.62],[-57.79,16.97],[-58.02,18],[-60.61,19.53],[-60.84,19.85],[-60.29,19.78],[-60.48,20.02],[-63.62,20.3],[-62.94,20.21],[-62.43,20.78],[-60.4,20.54]]]}},{"type":"Feature","properties":{},"geometry":{"type":"Polygon","coordinates":[[[-51.89,26.42],[-51.66,25.62],[-52.02,25.49],[-52.34,25.91],[-51.89,26.42]]]}},{"type":"Feature","properties":{},"geometry":{"type":"Polygon","coordinates":[[[120.13,40.73],[121.12,40.72],[121.13,40.3],[121.87,40.14],[121.76,38.45],[121.2,37.91],[121.06,38.61],[121.06,38.05],[120.46,38.16],[120.43,39.59],[119.82,39.87],[120.19,39.42],[119.6,39.15],[119.31,39.62],[119.77,39.48],[119.09,39.82],[120.13,40.73]]]}},{"type":"Feature","properties":{},"geometry":{"type":"Polygon","coordinates":[[[123.41,42.06],[124.26,41.72],[123.92,41],[123.01,40.98],[122.52,40.19],[121.99,40.73],[121.63,40.51],[122.19,41.49],[123.41,42.06]]]}},{"type":"Feature","properties":{},"geometry":{"type":"Polygon","coordinates":[[[21.89,19.56],[23.87,18.81],[22.54,18.83],[21.65,19.34],[21.89,19.56]]]}},{"type":"Feature","properties":{},"geometry":{"type":"Polygon","coordinates":[[[30.96,18.85],[30.05,18.8],[29.21,19.27],[29.13,19.88],[29.9,19.81],[30.96,18.85]]]}},{"type":"Feature","properties":{},"geometry":{"type":"Polygon","coordinates":[[[15.68,23.7],[14.8,22.23],[12.89,23.88],[13.26,24.2],[15.68,23.7]]]}},{"type":"Feature","properties":{},"geometry":{"type":"Polygon","coordinates":[[[22.29,23.03],[23.04,21.83],[21.8,22.94],[22.29,23.03]]]}},{"type":"Feature","properties":{},"geometry":{"type":"Polygon","coordinates":[[[25.68,29.66],[25.84,29.26],[25.22,29.47],[25.68,29.66]]]}},{"type":"Feature","properties":{},"geometry":{"type":"Polygon","coordinates":[[[4.62,30.86],[4.7,30.17],[4.01,30.29],[4.62,30.86]]]}},{"type":"Feature","properties":{},"geometry":{"type":"Polygon","coordinates":[[[8.08,33.36],[7.64,32.95],[5.8,32.85],[5.18,33.57],[7.61,34.12],[8.08,33.36]]]}},{"type":"Feature","properties":{},"geometry":{"type":"Polygon","coordinates":[[[123.36,42.4],[121.52,41.56],[121.54,41.01],[120.17,40.77],[120.06,41.26],[121.72,42.93],[124.85,43.81],[124.78,45.59],[125.35,45.88],[125.01,45.38],[125.57,45.12],[126.7,46.07],[127.33,47.87],[127.19,48.65],[126.62,48.85],[126.65,50.2],[127.73,50.04],[127.12,50.62],[127.8,50.66],[129.5,48.97],[129.5,47.7],[128.92,47.32],[129.52,46.36],[129.4,45.56],[129.99,45.13],[129.69,44.48],[129.12,44.11],[129.04,44.86],[128.16,43.58],[127.95,44.01],[127.62,43.38],[126.34,43.03],[126.6,43.31],[125.8,43.41],[126.35,42.72],[125.23,41.63],[124.57,41.85],[124.63,42.73],[123.36,42.4]]]}},{"type":"Feature","properties":{},"geometry":{"type":"Polygon","coordinates":[[[10.2,33.36],[8.21,33.41],[9.37,33.96],[10.2,33.36]]]}},{"type":"Feature","properties":{},"geometry":{"type":"Polygon","coordinates":[[[135.16,49.23],[135.47,49.3],[134.53,48.38],[135.16,49.23]]]}},{"type":"Feature","properties":{},"geometry":{"type":"Polygon","coordinates":[[[130.18,49.5],[133.29,48.43],[134.21,48.97],[134.11,48.4],[134.7,47.93],[133.25,47.29],[132.88,46.36],[129.92,46.42],[129.36,47.09],[130.48,47.28],[129.92,49.13],[130.18,49.5]]]}},{"type":"Feature","properties":{},"geometry":{"type":"Polygon","coordinates":[[[126.21,51.51],[126.04,51.11],[127.29,50.93],[126.42,50.29],[125.32,51.33],[126.21,51.51]]]}},{"type":"Feature","properties":{},"geometry":{"type":"Polygon","coordinates":[[[-27.36,42.98],[-27.6,42.29],[-28.52,41.91],[-27.53,42.31],[-27.19,41.82],[-28.7,41.78],[-28.71,42.31],[-27.36,42.98]]]}},{"type":"Feature","properties":{},"geometry":{"type":"Polygon","coordinates":[[[-30.5,43.64],[-30.52,43.18],[-28.9,42.79],[-29.82,42.49],[-30.84,43.23],[-30.5,43.64]]]}},{"type":"Feature","properties":{},"geometry":{"type":"Polygon","coordinates":[[[-29.12,46.56],[-27.37,45.23],[-28.92,45.9],[-29.49,46.56],[-29.12,46.56]]]}},{"type":"Feature","properties":{},"geometry":{"type":"Polygon","coordinates":[[[-88.87,56.57],[-88.57,56.45],[-89.79,56.64],[-88.87,56.57]]]}},{"type":"Feature","properties":{},"geometry":{"type":"Polygon","coordinates":[[[-96.61,58.71],[-94.12,57.56],[-94.04,56.59],[-93.19,55.94],[-93.33,55.43],[-94.96,56.07],[-94.21,56.41],[-95.23,56.28],[-95.18,56.76],[-96.01,56.95],[-95.3,57.05],[-97.02,57.97],[-96.11,58.3],[-97.12,58.61],[-96.61,58.71]]]}},{"type":"Feature","properties":{},"geometry":{"type":"Polygon","coordinates":[[[-21.93,43.87],[-20.97,44.05],[-21.14,43.78],[-20.25,43.55],[-21.26,42.88],[-20.14,42.83],[-21.16,42.64],[-21.19,41.95],[-20.23,42.33],[-21.06,41],[-21.52,41.11],[-21.21,41.64],[-21.94,41.41],[-21.38,42.38],[-23.27,41.77],[-22.01,42.32],[-23.37,42.48],[-22.82,42.83],[-23.93,42.65],[-26.03,43.29],[-21.93,43.87]]]}},{"type":"Feature","properties":{},"geometry":{"type":"Polygon","coordinates":[[[-21.18,46.3],[-20.8,46.15],[-21.5,46.07],[-21.31,45.76],[-22.97,44.76],[-21.66,44.7],[-22.43,44.44],[-21.56,44.18],[-21.93,43.87],[-25.93,43.4],[-24.71,43.89],[-25.54,44.13],[-24.17,44.24],[-24.33,44.65],[-23.78,44.66],[-22.92,45.76],[-21.18,46.3]]]}},{"type":"Feature","properties":{},"geometry":{"type":"Polygon","coordinates":[[[-42.59,53.68],[-42.33,53.02],[-43.37,53.65],[-42.59,53.68]]]}},{"type":"Feature","properties":{},"geometry":{"type":"Polygon","coordinates":[[[-98.96,61.82],[-99.52,61.51],[-98.94,60.63],[-99.29,60.64],[-100,61.84],[-98.96,61.82]]]}},{"type":"Feature","properties":{},"geometry":{"type":"Polygon","coordinates":[[[-95.71,61.14],[-95.48,60.72],[-96.03,60.47],[-95.62,60.78],[-96.14,60.54],[-95.77,60.87],[-96.23,60.89],[-95.71,61.14]]]}},{"type":"Feature","properties":{},"geometry":{"type":"Polygon","coordinates":[[[-143.86,71.47],[-143.24,71.26],[-144.65,71.06],[-143.86,71.47]]]}},{"type":"Feature","properties":{},"geometry":{"type":"Polygon","coordinates":[[[-99.57,62.96],[-98.71,62.6],[-99.47,62.26],[-97.97,62.61],[-99.76,61.85],[-100.07,62.38],[-99.57,62.96]]]}},{"type":"Feature","properties":{},"geometry":{"type":"Polygon","coordinates":[[[126.76,58.1],[128.2,56.78],[128.48,55.66],[131.8,53.03],[130.76,53.48],[129.72,53.16],[129.85,51.79],[131.26,51.03],[131.52,50.25],[130.46,50.82],[130.18,49.88],[129.61,50.5],[129.42,51.92],[128.69,52.61],[127.97,54.97],[127.06,55.43],[126.37,56.91],[127.14,57.3],[126.24,57.96],[126.76,58.1]]]}},{"type":"Feature","properties":{},"geometry":{"type":"Polygon","coordinates":[[[-137.62,71.45],[-137.21,70.92],[-140.33,71.27],[-137.62,71.45]]]}},{"type":"Feature","properties":{},"geometry":{"type":"Polygon","coordinates":[[[123.23,58.02],[123.77,57.98],[123.47,57.5],[122.9,57.56],[123.23,58.02]]]}},{"type":"Feature","properties":{},"geometry":{"type":"Polygon","coordinates":[[[-98.65,63.94],[-98.7,63.31],[-99.01,63.68],[-98.65,63.94]]]}},{"type":"Feature","properties":{},"geometry":{"type":"Polygon","coordinates":[[[-4.64,44.01],[-3.57,44.2],[-4.69,44.19],[-3.69,44.77],[-4.74,45.05],[-4.13,45.39],[-4.52,45.88],[-3.19,45.73],[-2.79,46.13],[-3.35,46.23],[-2.05,46.8],[-1.7,46.62],[-2.14,46.36],[-1,46.52],[-0.6,45.77],[-1.41,45.52],[-1.38,45.02],[-4.64,44.01]]]}},{"type":"Feature","properties":{},"geometry":{"type":"Polygon","coordinates":[[[-3.44,43.4],[-4.75,43.08],[-4.43,43.33],[-5.05,43.27],[-4.49,43.49],[-5.21,43.52],[-4.61,43.77],[-5.21,43.86],[-1.38,45.02],[-1.74,43.55],[-3.44,43.4]]]}},{"type":"Feature","properties":{},"geometry":{"type":"Polygon","coordinates":[[[12.54,46.07],[12.76,45.54],[11.93,46.03],[12.54,46.07]]]}},{"type":"Feature","properties":{},"geometry":{"type":"Polygon","coordinates":[[[-95.56,64.1],[-96.06,63.45],[-96.49,63.56],[-96.01,63.87],[-96.75,63.8],[-95.56,64.1]]]}},{"type":"Feature","properties":{},"geometry":{"type":"Polygon","coordinates":[[[14.18,46.52],[13.92,45.43],[13.07,45.81],[13.27,46.46],[13.89,46.09],[13.72,46.41],[14.18,46.52]]]}},{"type":"Feature","properties":{},"geometry":{"type":"Polygon","coordinates":[[[-98.12,65.06],[-97.64,64.93],[-97.83,64.52],[-97.31,63.9],[-98.12,63.94],[-97.34,63.69],[-97.91,63.17],[-98.34,63.55],[-97.97,63.83],[-98.77,64],[-98.07,64.23],[-98.61,64.35],[-98.04,64.51],[-98.12,65.06]]]}},{"type":"Feature","properties":{},"geometry":{"type":"Polygon","coordinates":[[[-38.16,56.26],[-38.67,55.57],[-38.07,55.97],[-38.78,55.56],[-38.35,55.88],[-39.42,55.78],[-38.16,56.26]]]}},{"type":"Feature","properties":{},"geometry":{"type":"Polygon","coordinates":[[[-98.26,65.74],[-98.33,65.43],[-97.81,65.47],[-99.11,64.87],[-98.26,65.74]]]}},{"type":"Feature","properties":{},"geometry":{"type":"Polygon","coordinates":[[[-97.64,65.79],[-96.96,65.53],[-97.01,65.16],[-98.09,65.14],[-97.64,65.79]]]}},{"type":"Feature","properties":{},"geometry":{"type":"Polygon","coordinates":[[[-101.39,63.28],[-101.34,62.85],[-102.78,61.97],[-102.08,62.47],[-102.55,62.46],[-101.93,63.23],[-101.39,63.28]]]}},{"type":"Feature","properties":{},"geometry":{"type":"Polygon","coordinates":[[[-0.73,49.03],[-0.29,48.54],[-0.63,48.33],[-1.17,48.78],[-0.73,49.03]]]}},{"type":"Feature","properties":{},"geometry":{"type":"Polygon","coordinates":[[[19.41,48.17],[19.52,47.72],[18.85,47.22],[18.85,47.84],[19.41,48.17]]]}},{"type":"Feature","properties":{},"geometry":{"type":"Polygon","coordinates":[[[-118.2,70.17],[-117.83,69.94],[-118.28,69.82],[-117.47,69.7],[-121.65,69.68],[-120.75,70.3],[-119.75,70.16],[-120.03,69.76],[-119.33,70.27],[-118.2,70.17]]]}},{"type":"Feature","properties":{},"geometry":{"type":"Polygon","coordinates":[[[-100.56,63.93],[-101.06,63.72],[-100.25,63.44],[-100.75,63.31],[-101.12,63.78],[-100.66,63.25],[-101,63.01],[-101.42,63.59],[-102.01,63.31],[-101.45,64.03],[-100.56,63.93]]]}},{"type":"Feature","properties":{},"geometry":{"type":"Polygon","coordinates":[[[-97.42,67.12],[-97.01,66.79],[-97.21,66.11],[-98.59,65.9],[-97.65,66.31],[-98,66.44],[-97.42,67.12]]]}},{"type":"Feature","properties":{},"geometry":{"type":"Polygon","coordinates":[[[-116.5,70.3],[-116.03,69.96],[-117.8,70.27],[-116.5,70.3]]]}},{"type":"Feature","properties":{},"geometry":{"type":"Polygon","coordinates":[[[22.45,48.89],[23.03,48.74],[22,48.18],[21.85,48.78],[22.45,48.89]]]}},{"type":"Feature","properties":{},"geometry":{"type":"Polygon","coordinates":[[[1.83,49.77],[1.97,49.48],[0.85,49.11],[1.34,49.02],[0.11,47.96],[-0.86,48.04],[-0.1,48.37],[-0.3,49.14],[0.29,49.05],[0.03,49.34],[0.5,49.85],[1.83,49.77]]]}},{"type":"Feature","properties":{},"geometry":{"type":"Polygon","coordinates":[[[1.2,48.78],[2.87,48.65],[2.12,47.65],[1.42,47.51],[2.02,47.36],[0.96,47.28],[2.34,46.98],[2.74,46.33],[-0.18,45.92],[0.42,47.14],[0.26,47.44],[-0.26,47.12],[0.02,47.49],[-0.76,46.61],[-0.47,47.58],[1.2,48.78]]]}},{"type":"Feature","properties":{},"geometry":{"type":"Polygon","coordinates":[[[2.74,46.33],[2.88,45.61],[3.77,45.07],[3.89,44.54],[3.19,44.7],[3.89,44.42],[3.67,43.85],[5.06,43.59],[4.89,42.96],[3.78,42.39],[4.63,42.04],[-1.5,41.37],[-0.11,42.41],[0.92,42.36],[1.56,42.9],[0.67,42.55],[-0.92,43.2],[0.33,43.76],[0.29,44.13],[-0.32,44.05],[0.08,44.34],[1.44,44.43],[1.54,45.34],[1.15,45.25],[1.07,45.92],[2.74,46.33]]]}},{"type":"Feature","properties":{},"geometry":{"type":"Polygon","coordinates":[[[22.45,49.37],[22.83,49.11],[22.01,49.2],[22.45,49.37]]]}},{"type":"Feature","properties":{},"geometry":{"type":"Polygon","coordinates":[[[160.17,69.36],[160.59,69.18],[159.39,68.47],[159.55,69],[159.25,68.95],[160.17,69.36]]]}},{"type":"Feature","properties":{},"geometry":{"type":"Polygon","coordinates":[[[-154.09,74.71],[-152.84,74.31],[-156.48,74.43],[-154.09,74.71]]]}},{"type":"Feature","properties":{},"geometry":{"type":"Polygon","coordinates":[[[-106.12,69.44],[-105.82,69.2],[-106.69,69.3],[-106.12,69.44]]]}},{"type":"Feature","properties":{},"geometry":{"type":"Polygon","coordinates":[[[-22.07,57.5],[-22.25,57.12],[-22.5,57.53],[-22.07,57.5]]]}},{"type":"Feature","properties":{},"geometry":{"type":"Polygon","coordinates":[[[-33.09,61.38],[-34.25,60.78],[-34.17,61.25],[-33.09,61.38]]]}},{"type":"Feature","properties":{},"geometry":{"type":"Polygon","coordinates":[[[-34.76,62.57],[-36.96,62.19],[-36.05,62.74],[-34.76,62.57]]]}},{"type":"Feature","properties":{},"geometry":{"type":"Polygon","coordinates":[[[-30.84,62.03],[-30.52,61.69],[-31.08,61.64],[-31.2,62.07],[-30.84,62.03]]]}},{"type":"Feature","properties":{},"geometry":{"type":"Polygon","coordinates":[[[-165.02,77.42],[-158.66,77.21],[-160.29,76.78],[-164.73,77.01],[-165.02,77.42]]]}},{"type":"Feature","properties":{},"geometry":{"type":"Polygon","coordinates":[[[-33.72,65.77],[-34.22,65.06],[-33.52,65.17],[-32.56,63.78],[-33.39,63.33],[-32.33,63.21],[-32.13,62.72],[-33.26,62.66],[-34.19,63.18],[-33.81,63.36],[-34.36,63.6],[-34.05,63.76],[-37.34,63.41],[-36.79,64.03],[-38.24,64.26],[-36.75,64.42],[-33.72,65.77]]]}},{"type":"Feature","properties":{},"geometry":{"type":"Polygon","coordinates":[[[-32.5,65.64],[-32.15,65.06],[-32.74,65.15],[-32.5,65.64]]]}},{"type":"Feature","properties":{},"geometry":{"type":"Polygon","coordinates":[[[-22.17,64.98],[-21.69,64.73],[-22.74,64.85],[-22.17,64.98]]]}},{"type":"Feature","properties":{},"geometry":{"type":"Polygon","coordinates":[[[-22.96,65.55],[-22.58,65.22],[-23.7,64.67],[-25.3,64.91],[-24.09,65.58],[-22.96,65.55]]]}},{"type":"Feature","properties":{},"geometry":{"type":"Polygon","coordinates":[[[17.73,59.3],[17.68,58.88],[18.31,59],[17.13,58.63],[17.73,59.3]]]}},{"type":"Feature","properties":{},"geometry":{"type":"Polygon","coordinates":[[[179.99,80.69],[179.99,78.19],[177.47,78.58],[178.1,78.73],[177.55,78.98],[175.78,78.57],[177.73,77.98],[176.15,78.09],[167.5,80.98],[179.99,80.69]]]}},{"type":"Feature","properties":{},"geometry":{"type":"Polygon","coordinates":[[[-179.99,78.19],[-179.99,80.69],[-177.22,80.45],[-175.62,79.87],[-176.02,79.77],[-174.15,79.53],[-172.82,79.65],[-176.15,80.19],[-169.59,80.47],[-163.57,79.86],[-165.32,79.54],[-164.95,79.3],[-167.2,79.43],[-165.77,79.11],[-170.02,79.13],[-167.97,79.02],[-167.41,78.64],[-169.24,78.22],[-166.85,77.97],[-168.36,77.71],[-173.66,77.94],[-175.91,78.49],[-179.99,78.19]]]}},{"type":"Feature","properties":{},"geometry":{"type":"Polygon","coordinates":[[[175.26,78.08],[175,77.61],[173.8,78.16],[175.26,78.08]]]}},{"type":"Feature","properties":{},"geometry":{"type":"Polygon","coordinates":[[[17.32,59.38],[17.47,59.03],[16.77,58.98],[17.32,59.38]]]}},{"type":"Feature","properties":{},"geometry":{"type":"Polygon","coordinates":[[[41.52,60.34],[42,60.1],[40.65,59.67],[40.75,60.36],[41.52,60.34]]]}},{"type":"Feature","properties":{},"geometry":{"type":"Polygon","coordinates":[[[19.1,59.8],[19.33,59.5],[18.46,59.4],[19.1,59.8]]]}},{"type":"Feature","properties":{},"geometry":{"type":"Polygon","coordinates":[[[-36.58,71.57],[-36.93,71.45],[-36.55,71.51],[-36.56,70.95],[-37.1,70.77],[-36.55,70.88],[-37.13,70.56],[-36.63,70.39],[-37.3,70.33],[-38.57,70.41],[-40.04,71.44],[-36.58,71.57]]]}},{"type":"Feature","properties":{},"geometry":{"type":"Polygon","coordinates":[[[20.23,60.38],[20.54,60.27],[19.87,60.23],[20.23,60.38]]]}},{"type":"Feature","properties":{},"geometry":{"type":"Polygon","coordinates":[[[-13.05,60.27],[-12.45,59.32],[-14.13,59.57],[-13.56,59.43],[-14.23,59.95],[-13.05,60.27]]]}},{"type":"Feature","properties":{},"geometry":{"type":"Polygon","coordinates":[[[47.66,61.99],[48.99,61.35],[47.29,61.72],[47.66,61.99]]]}},{"type":"Feature","properties":{},"geometry":{"type":"Polygon","coordinates":[[[3.6,56.8],[3.6,56.4],[1.86,56.53],[3.6,56.8]]]}},{"type":"Feature","properties":{},"geometry":{"type":"Polygon","coordinates":[[[42.93,62.49],[43.38,62.09],[42.61,62.37],[42.93,62.49]]]}},{"type":"Feature","properties":{},"geometry":{"type":"Polygon","coordinates":[[[157.51,83.23],[163.24,83.19],[160.52,82.59],[156.13,82.99],[157.51,83.23]]]}},{"type":"Feature","properties":{},"geometry":{"type":"Polygon","coordinates":[[[107.16,73.2],[107.77,73.23],[106.78,73.07],[107.16,73.2]]]}},{"type":"Feature","properties":{},"geometry":{"type":"Polygon","coordinates":[[[-31.43,44.06],[-31.12,44.02],[-31.31,43.15],[-30.66,42.9],[-30.99,42.86],[-29.76,42.09],[-29.11,42.24],[-28.51,41.49],[-31.82,41.54],[-33.36,40.76],[-33.82,41.19],[-33.21,41.91],[-33.57,41.85],[-31.66,42.31],[-31.56,41.88],[-30.6,42.08],[-32.06,42.41],[-31.41,42.93],[-35.62,42.17],[-36.18,42.55],[-36.55,42.11],[-37.61,42.15],[-38.96,41.01],[-38.56,40.27],[-38.17,40.53],[-38.3,40.05],[-39.46,40.24],[-39.48,40.62],[-39.77,40.22],[-40.57,40.34],[-36.65,42.85],[-31.43,44.06]]]}},{"type":"Feature","properties":{},"geometry":{"type":"Polygon","coordinates":[[[-30.75,-32.22],[-33.38,-35.1],[-34.77,-35.97],[-33.01,-34.39],[-33.71,-33.87],[-33.54,-34.25],[-34.87,-35.52],[-35.48,-36.86],[-37.25,-38.27],[-39.38,-38.35],[-41.08,-37.75],[-41.59,-37.03],[-41.05,-36.18],[-41.49,-36.31],[-41.79,-37.63],[-40.51,-38.63],[-40.65,-39.51],[-48.17,-36.27],[-49.7,-35.27],[-50.42,-32.44],[-52.78,-27.27],[-52.66,-25.36],[-51.9,-23.61],[-51.9,-21.05],[-45.94,-25.3],[-39.76,-28.84],[-30.75,-32.22]]]}},{"type":"Feature","properties":{},"geometry":{"type":"Polygon","coordinates":[[[-45.89,-41.84],[-46.43,-41.56],[-46.13,-42.23],[-46.43,-42.12],[-46.78,-43.71],[-49.59,-43.37],[-49.73,-44.61],[-49.22,-45.03],[-48.42,-44.73],[-48.41,-45.43],[-49.79,-45.19],[-49.16,-45.57],[-50.34,-46.14],[-50.79,-47.39],[-52.41,-47.61],[-53.22,-48.34],[-52.55,-49.32],[-51.52,-49.62],[-51.71,-50.35],[-55.78,-52.6],[-56.24,-53.71],[-55.54,-54.44],[-58.23,-54.56],[-58.98,-55.67],[-60.07,-55.05],[-59.39,-55.24],[-58.54,-54.7],[-58.89,-54.32],[-60.23,-54.15],[-60.45,-54.63],[-60.96,-54.57],[-60.24,-54.17],[-61.18,-54.27],[-60.99,-53.59],[-60.17,-53.91],[-59.96,-53.61],[-60.31,-54.08],[-59.89,-54.13],[-59.59,-53.46],[-60.08,-52.86],[-60.34,-53.1],[-59.66,-53.42],[-60.39,-53.18],[-60.08,-53.5],[-60.48,-53.7],[-60.51,-53.23],[-60.58,-53.77],[-60.58,-53.26],[-61.05,-53.16],[-60.64,-52.76],[-61.17,-52.43],[-60.23,-52.29],[-60.35,-51.97],[-60.94,-52.38],[-60.78,-51.92],[-61.45,-51.68],[-60.61,-51.85],[-61.05,-51.5],[-60.48,-51.4],[-60.92,-51.15],[-60.27,-51.31],[-60.47,-50.64],[-60.95,-50.9],[-60.43,-50.3],[-60.74,-50.13],[-60.17,-50],[-60.86,-49.52],[-59.44,-49.68],[-59.8,-49.17],[-60.85,-49.22],[-60.24,-49.16],[-60.58,-48.94],[-60.02,-48.74],[-60.17,-48.31],[-61.63,-48.19],[-60.43,-47.34],[-59.78,-47.4],[-59.69,-48.2],[-58.79,-47.36],[-59.24,-47.42],[-59.08,-47.1],[-58.38,-47.15],[-59.06,-46.84],[-57.95,-46.26],[-58.62,-45.85],[-57.52,-44.34],[-57.79,-44.05],[-57.37,-44.28],[-57.31,-43.77],[-57.75,-43.66],[-57.07,-43.32],[-58.62,-43.4],[-58.67,-42.76],[-57.61,-41.13],[-57.76,-39.04],[-57.19,-38.88],[-55.05,-35.49],[-54.33,-30.97],[-52.78,-27.27],[-50.42,-32.44],[-48.99,-37.87],[-45.89,-41.84]]]}},{"type":"Feature","properties":{},"geometry":{"type":"Polygon","coordinates":[[[-46.82,8.08],[-44.84,7.94],[-43.78,7.23],[-42.3,7.54],[-42.9,7.77],[-40.51,7.65],[-41.57,7.51],[-41.08,6.75],[-39.66,6.26],[-39.85,5.39],[-38.92,5.33],[-37.65,4.23],[-37.7,3.04],[-37.34,3.48],[-36.29,2.31],[-34.19,2.32],[-32.14,1.6],[-30.56,0.14],[-30.32,-1.53],[-29.43,-2.67],[-31.09,-4.45],[-30.36,-4.01],[-30.76,-4.67],[-30.08,-4.13],[-28.05,-4.5],[-28.61,-5.61],[-30.21,-5.97],[-29.07,-5.83],[-29.21,-6.27],[-28.09,-5.68],[-27.6,-4.79],[-26.53,-5.02],[-25.08,-5.74],[-25.12,-6.17],[-24.62,-5.88],[-24.39,-6.22],[-24.59,-6.72],[-24.18,-6.82],[-24.68,-7.77],[-24.14,-6.98],[-23.85,-6.91],[-24.07,-7.35],[-23.2,-6.88],[-22.08,-7.45],[-19.8,-7.64],[-17.1,-9.9],[-15.22,-10.55],[-14.85,-12.25],[-15.31,-13.97],[-18.81,-17.8],[-19.2,-17.47],[-19.98,-22.5],[-22.24,-26.68],[-23.38,-27.59],[-25.85,-27.37],[-30.03,-29.6],[-30.56,-29.46],[-30.18,-29.7],[-30.74,-30.23],[-30.39,-30.33],[-30.75,-32.22],[-39.76,-28.84],[-45.94,-25.3],[-51.9,-21.05],[-52.9,-19.32],[-57.05,-16.27],[-59.4,-9.6],[-60.25,-8],[-61.3,-7.2],[-60.99,-6.71],[-61.25,-5.41],[-59.98,-4.68],[-59.55,-3.87],[-59.76,-3.59],[-60.1,-3.99],[-60.79,-3.36],[-59.58,-0.52],[-58.46,-0.23],[-58.01,0.65],[-53.35,2.21],[-51.49,5.46],[-48.13,7.9],[-46.82,8.08]]]}},{"type":"Feature","properties":{},"geometry":{"type":"Polygon","coordinates":[[[-56.75,6.67],[-56.07,5.77],[-56.16,6.43],[-54.75,7.12],[-54.22,8.46],[-52.21,8.7],[-50.47,9.67],[-49.98,9.2],[-50.88,8.81],[-50.61,7.92],[-51.26,7.1],[-50.93,6.29],[-50.18,6.87],[-50.61,8.01],[-49.01,8.47],[-48.89,9.22],[-48.58,8.44],[-47.29,7.7],[-48.63,7.27],[-52.04,4.89],[-53.97,1.68],[-58.66,0.23],[-56.8,1.83],[-57.28,2.19],[-56.8,4.5],[-57.44,5.46],[-56.75,6.67]]]}},{"type":"Feature","properties":{},"geometry":{"type":"Polygon","coordinates":[[[-40.65,-39.51],[-40.2,-40.26],[-41.3,-41.38],[-45.89,-41.84],[-48.71,-38.37],[-49.7,-35.27],[-40.65,-39.51]]]}},{"type":"Feature","properties":{},"geometry":{"type":"Polygon","coordinates":[[[-91.13,45.65],[-90.68,45.56],[-90.71,46.13],[-91.58,46.16],[-92.5,48.6],[-91.06,49.13],[-88.79,47.61],[-86.97,44.17],[-87.1,42.82],[-87.47,42.39],[-88.38,42.94],[-91.13,45.65]]]}},{"type":"Feature","properties":{},"geometry":{"type":"Polygon","coordinates":[[[-92.5,48.6],[-91.8,49.79],[-92,51.13],[-90.28,54.38],[-89.65,54.34],[-90.34,54.43],[-89.86,54.78],[-90.17,55.06],[-89.63,55.05],[-90.2,55.09],[-90.31,56.59],[-88.1,56.07],[-88.86,55.36],[-88.01,55.86],[-88.04,55.41],[-88.7,54.99],[-87.7,55.34],[-87.79,56.7],[-86.57,56.96],[-86.74,55.53],[-84.6,55.19],[-83.68,53.92],[-81.15,53.41],[-82.32,51.83],[-88.01,50.49],[-92.5,48.6]]]}},{"type":"Feature","properties":{},"geometry":{"type":"Polygon","coordinates":[[[-92.26,55.46],[-92.54,55.82],[-91.62,55.68],[-92.26,55.46]]]}},{"type":"Feature","properties":{},"geometry":{"type":"Polygon","coordinates":[[[-90.8,55.97],[-92.43,55.94],[-91.97,56.08],[-92.48,56.1],[-92.05,56.77],[-92.72,56.2],[-93.14,56.55],[-92.5,56.5],[-92.9,56.67],[-92.4,57.02],[-93.26,56.72],[-93.66,57.16],[-92.77,57.44],[-93.73,57.48],[-92.45,57.87],[-92.99,57.91],[-92.92,58.27],[-93.77,57.56],[-94.2,57.7],[-93.81,57.91],[-94.92,57.95],[-93.73,58.29],[-94.13,57.98],[-94.99,58.32],[-94.31,58.58],[-95.5,58.4],[-95.92,58.7],[-94.82,58.66],[-95.97,59.05],[-94.32,59.25],[-95.8,59.4],[-94.47,59.8],[-94.23,59.36],[-94.27,59.75],[-93.45,59.7],[-94.4,60.02],[-93.61,59.9],[-90.98,57.36],[-90.8,55.97]]]}},{"type":"Feature","properties":{},"geometry":{"type":"Polygon","coordinates":[[[-94,60.11],[-95.86,60.06],[-94.93,60.39],[-95.41,60.83],[-94,60.11]]]}},{"type":"Feature","properties":{},"geometry":{"type":"Polygon","coordinates":[[[-84.26,43.36],[-84.52,42.84],[-87.1,42.82],[-86.97,44.17],[-88.79,47.61],[-91.06,49.13],[-88.01,50.49],[-82.32,51.83],[-81.15,53.41],[-79.46,52.97],[-82.68,47.48],[-84.26,43.36]]]}},{"type":"Feature","properties":{},"geometry":{"type":"Polygon","coordinates":[[[-84.39,43.28],[-84.34,42.6],[-85,42.76],[-86.16,44.1],[-87.36,44.49],[-86.47,47.02],[-82.21,54.63],[-79.96,53.99],[-80.62,53.45],[-80.62,52.71],[-78.52,51.15],[-78.88,50.21],[-81.05,47.62],[-82.74,46.7],[-84.39,43.28]]]}},{"type":"Feature","properties":{},"geometry":{"type":"Polygon","coordinates":[[[-80.38,40.09],[-83.42,41.01],[-84.37,42.33],[-85.98,43.24],[-85.98,43.92],[-84.07,47.28],[-82.29,48.13],[-79.87,50.63],[-79.42,51.56],[-81.39,53.19],[-81.31,53.94],[-80.59,54.45],[-79.24,54.41],[-78.76,52.63],[-77.2,50.1],[-76.79,47.32],[-77.48,44.02],[-79.82,41.91],[-80.38,40.09]]]}},{"type":"Feature","properties":{},"geometry":{"type":"Polygon","coordinates":[[[-61.33,34.1],[-62.39,34.09],[-61.43,33.83],[-61.93,33.5],[-61.5,32.73],[-62.13,33.46],[-62.54,33.09],[-63.36,33.39],[-63.92,34.2],[-64.48,34.02],[-65.92,34.84],[-67.04,34.44],[-66.68,34.56],[-67.14,34.82],[-67.1,34.46],[-68.99,33.89],[-68.51,34.05],[-69.19,34.27],[-69.01,33.94],[-69.95,33.79],[-70.41,33.1],[-70.74,33.31],[-70.54,31.73],[-71.22,30.9],[-70.97,31.24],[-71.35,31.29],[-72.28,28.02],[-71.58,25.12],[-70.45,24.07],[-70.08,22.9],[-70.71,23.12],[-72.15,24.66],[-73.43,28.7],[-73.76,32.12],[-73.44,34.24],[-66.24,36.18],[-63.52,35.5],[-61.33,34.1]]]}},{"type":"Feature","properties":{},"geometry":{"type":"Polygon","coordinates":[[[-69.83,21.03],[-70.87,21.96],[-72.46,21.54],[-73.96,22.18],[-80.42,27.02],[-80.91,28.24],[-80.4,28.31],[-80.65,28.58],[-80.11,29.15],[-80.45,30.48],[-82.13,33.3],[-83.23,34.02],[-83.01,34.95],[-84.12,35.95],[-83.94,36.5],[-85.06,37.32],[-85.88,39.8],[-82.83,36.66],[-81.1,35.55],[-76.72,32.87],[-73.76,32.12],[-73.43,28.7],[-72.56,25.62],[-72.15,24.66],[-70.08,22.9],[-68.82,21.12],[-69.83,21.03]]]}},{"type":"Feature","properties":{},"geometry":{"type":"Polygon","coordinates":[[[-68.42,23.76],[-66.03,23.37],[-64.34,25.51],[-63.77,25.62],[-60.73,25.01],[-62.15,23.58],[-61.86,23.4],[-62.68,22.2],[-62.68,22.87],[-63.17,22.49],[-62.88,22.38],[-63.38,21.08],[-64.45,20.22],[-64.19,20.03],[-67.61,20.82],[-68.8,22.69],[-68.42,23.76]]]}},{"type":"Feature","properties":{},"geometry":{"type":"Polygon","coordinates":[[[-84.38,37.84],[-84.52,36.17],[-81.96,32.29],[-81.48,29.83],[-80.33,28.77],[-80.89,28.26],[-82.96,30.54],[-82.68,31.39],[-83.58,32.8],[-84.11,32.6],[-85.38,33.8],[-84.27,33.56],[-84.56,33.85],[-84.23,34.43],[-85.7,35.88],[-86.76,39.47],[-87.85,40.51],[-90,41.3],[-89.88,41.87],[-90.99,43.19],[-90.81,43.81],[-91.38,44.5],[-88.63,41.81],[-85.97,40.32],[-84.38,37.84]]]}},{"type":"Feature","properties":{},"geometry":{"type":"Polygon","coordinates":[[[-85.88,39.8],[-85.68,40.23],[-87.46,41.26],[-88.91,43.82],[-90.69,44.85],[-90.27,45.27],[-89.31,45.54],[-86.95,45.03],[-85.34,43.36],[-83.1,42.24],[-82.17,40.93],[-79.14,39.99],[-77.35,38.72],[-76.8,37.62],[-77.25,33.34],[-82.83,36.66],[-85.88,39.8]]]}},{"type":"Feature","properties":{},"geometry":{"type":"Polygon","coordinates":[[[-143.73,79.09],[-146.89,78.54],[-147.76,78.86],[-148.3,78.78],[-147.48,78.72],[-154.46,78.65],[-156.52,79.22],[-155.31,79.33],[-159.62,79.57],[-150.4,80.77],[-149.79,80.74],[-151,80.36],[-143.58,80.46],[-144.09,80.01],[-143.73,79.09]]]}},{"type":"Feature","properties":{},"geometry":{"type":"Polygon","coordinates":[[[-143.49,80.54],[-145.49,80.5],[-147.52,81.08],[-143.96,80.77],[-145.59,80.95],[-144.72,81.23],[-150.39,81.28],[-151.95,81.77],[-160.08,82.31],[-158.85,82.45],[-159.28,82.88],[-152.2,83.24],[-151,83.54],[-150.99,84],[-147.68,84.56],[-126.5,85.55],[-126.1,85.51],[-127.27,85.5],[-123.48,85.21],[-126.1,84.89],[-121.75,85.2],[-112.84,84.65],[-114.95,84.41],[-105.47,83.99],[-91.34,82.6],[-89.37,81.84],[-85.42,81.3],[-85.5,80.98],[-83.77,80.39],[-89.48,79.75],[-105.25,79.66],[-111.7,80.79],[-136.64,81.43],[-140.37,81.35],[-143.49,80.54]]]}},{"type":"Feature","properties":{},"geometry":{"type":"Polygon","coordinates":[[[-42.51,39.97],[-43.94,38.75],[-44.39,39.56],[-44.32,38.32],[-45.69,37.28],[-45.06,38.02],[-45.41,39.03],[-44.7,39.62],[-45.48,39.48],[-45.69,38.25],[-46.48,38.88],[-45.67,38.08],[-45.89,37.84],[-46.27,38.33],[-45.86,37.78],[-46.36,37.85],[-46.07,37.26],[-46.6,37.63],[-45.81,37.11],[-45.8,35.92],[-45.87,36.9],[-45.94,36.25],[-46.87,36.37],[-46.22,36.23],[-46.33,35.9],[-46.01,36.16],[-46.05,35.81],[-47.26,35.93],[-46.89,35.64],[-47.47,35.51],[-46.89,35.26],[-52.12,34.06],[-53.21,32.9],[-53.21,28.41],[-54.13,26.94],[-54.8,27.11],[-55.15,27.98],[-54.92,28.77],[-55.27,28.67],[-55.61,29.72],[-55.16,30.1],[-55.64,30.13],[-55.05,31.06],[-56.16,32.71],[-57.51,32.47],[-57.52,33.15],[-58.41,33.45],[-58.06,33.47],[-59.97,33.65],[-59.65,33.63],[-59.74,34.21],[-60.05,33.77],[-61.2,34.04],[-63.52,35.5],[-54.92,35.58],[-51.26,36.74],[-46.11,39.31],[-42.51,39.97]]]}},{"type":"Feature","properties":{},"geometry":{"type":"Polygon","coordinates":[[[-75.39,12.5],[-75.17,9.91],[-74.39,9.27],[-72.72,9.16],[-71.6,7.99],[-71.53,7.23],[-72,6.93],[-72.56,8.32],[-73.18,8.62],[-74.21,8.44],[-74.22,7.56],[-74.54,7.7],[-75.56,9.52],[-76.25,9.68],[-76.92,12.31],[-75.39,12.5]]]}},{"type":"Feature","properties":{},"geometry":{"type":"Polygon","coordinates":[[[-72.63,6.51],[-72.58,7.22],[-72.14,7.36],[-72.01,6.92],[-72.63,6.51]]]}},{"type":"Feature","properties":{},"geometry":{"type":"Polygon","coordinates":[[[-76.62,23.5],[-73.54,21.41],[-72.74,19.48],[-75.87,16.72],[-77.44,16.67],[-77.62,17.23],[-77.78,16.63],[-78,17.56],[-77.37,17.99],[-77.76,20.66],[-77.38,20.45],[-77.19,20.88],[-78.23,21.34],[-80.04,23.77],[-80.65,26.52],[-79.65,26.2],[-78.88,25.01],[-76.62,23.5]]]}},{"type":"Feature","properties":{},"geometry":{"type":"Polygon","coordinates":[[[-149.93,74.21],[-152.83,74.88],[-152.04,75.07],[-154.72,76.01],[-153.97,75.98],[-154.67,76.1],[-153.72,76.17],[-154.09,76.38],[-152.44,76.94],[-152.6,77.27],[-151.94,77.57],[-149.39,77.45],[-144.35,78.25],[-128.51,79.26],[-115.82,79.32],[-136.77,76.94],[-149.93,74.21]]]}},{"type":"Feature","properties":{},"geometry":{"type":"Polygon","coordinates":[[[-31.79,69.82],[-32.74,69.87],[-32.87,69.28],[-34.02,68.89],[-31.08,69.22],[-31.22,68.58],[-32.86,68.11],[-33.57,67.21],[-29.51,68.04],[-28.79,67.83],[-27.43,68.89],[-25.46,67.98],[-26.35,68.13],[-25.54,67.42],[-26.57,67.35],[-26.08,67.17],[-26.37,66.97],[-27.73,67.14],[-27.4,66.91],[-27.81,67],[-28.14,66.02],[-29.01,65.72],[-31.4,65.62],[-31.02,66.21],[-32.1,66.48],[-31.52,66.38],[-32.06,65.56],[-33.02,65.99],[-32.69,66.31],[-33.84,66.57],[-33.68,66.06],[-36.09,65.72],[-37.19,66.86],[-38.64,67.24],[-37.62,66.77],[-37.51,66.13],[-35.93,65.58],[-38.22,64.94],[-39.86,65.44],[-41.47,64.98],[-43.83,66.24],[-41.59,64.91],[-46.22,64.5],[-45.94,64.16],[-47.33,64.13],[-46.91,63.95],[-49.43,63.02],[-50.58,62.27],[-50.35,61.82],[-49.11,61.55],[-49.72,60.13],[-50.4,59.82],[-48.1,59.57],[-46.74,58.78],[-46.32,57.72],[-44.57,56.44],[-42.09,55.68],[-43.64,53.66],[-42.95,51.71],[-42.48,51.41],[-41.71,51.76],[-41.62,51.19],[-41.4,51.78],[-40.49,52.19],[-40.54,52.91],[-39.84,53.79],[-40.12,54.57],[-37.87,54.67],[-35.9,55.42],[-35.05,56.97],[-35.9,57.93],[-33.57,58.78],[-33.66,59.25],[-33,59.59],[-33.66,59.71],[-32.31,60.18],[-32.57,60.46],[-32.17,60.98],[-31.2,61.08],[-29.31,59.99],[-28.25,60.13],[-27.73,59.56],[-28.16,59.35],[-27.64,59.25],[-27.97,59.01],[-27.35,58.89],[-27.83,58.5],[-26.74,57.79],[-26.19,57.94],[-27.13,57.08],[-28.26,57.4],[-27.3,57.01],[-27.87,56.43],[-27.52,56.06],[-28.93,55.99],[-27.37,55.86],[-27.17,55.39],[-28.81,54.93],[-27,55.38],[-27.25,54.72],[-25.44,55.26],[-25.57,54.69],[-25.09,55.23],[-24.41,55.19],[-24.61,55.5],[-23.94,55.45],[-24.08,55.88],[-22.75,56.08],[-23.19,55.95],[-22.75,55.84],[-23.17,55.23],[-22.74,54.9],[-23.43,54.9],[-22.67,54.73],[-22.69,54.34],[-23.59,54.13],[-22.61,54.08],[-23.61,53.79],[-22.74,53.77],[-23.1,53.6],[-22.5,53.43],[-22.66,53.16],[-23.29,53.18],[-22.58,52.55],[-23.17,52.18],[-23.81,52.53],[-23.19,52.11],[-23.72,51.9],[-23.13,51.76],[-23.43,51.59],[-22.76,51.2],[-23,50.98],[-22.56,51.11],[-23.34,50.47],[-22.37,50.59],[-22.68,50.43],[-22.18,50.35],[-22.85,50.07],[-21.91,50.36],[-22.13,49.97],[-20.8,49.36],[-24.42,48.87],[-21.12,49.03],[-21.4,48.31],[-20.23,48.1],[-20.47,47.41],[-20.81,47.5],[-20.54,47.2],[-21.21,47.35],[-20.53,47],[-21.04,47.14],[-20.77,46.69],[-22.18,46.33],[-23.65,46.75],[-24.26,46.14],[-25.54,45.89],[-30.97,47.39],[-36.99,45.32],[-33.37,46.28],[-30.21,46.05],[-29.73,45.57],[-30.11,45.63],[-30.05,45.17],[-32.44,45.34],[-30.78,44.71],[-31.43,44.06],[-36.65,42.85],[-40.57,40.34],[-41.95,40.41],[-46.11,39.31],[-53.39,36],[-59.84,35.27],[-66.91,36.13],[-73.44,34.24],[-73.76,32.12],[-77.25,33.34],[-76.8,37.62],[-79.14,40.44],[-78.56,41.79],[-75.99,44.41],[-75.47,47.18],[-75.83,49.97],[-77.59,53.1],[-79.36,60.99],[-84.31,65.37],[-85.37,69.57],[-85.19,70.11],[-82.51,71.33],[-80.82,73.7],[-83.13,75.29],[-87.58,76.65],[-87.9,76.93],[-87.05,78.2],[-83.33,79.7],[-84.07,80.32],[-83.77,80.39],[-81.71,79.8],[-80.97,80.41],[-76.58,80.49],[-76.03,80.18],[-77.8,80.07],[-67.28,79.78],[-74.46,79.53],[-71.79,79.63],[-73.3,79.19],[-70.39,79.52],[-64.28,79.17],[-65.02,79.4],[-63.82,79.61],[-65.48,78.45],[-64.57,78.08],[-64.26,78.1],[-65.01,78.22],[-60.94,78.51],[-63.71,77.86],[-59.04,77.55],[-57.19,76.02],[-55.08,75.56],[-54.49,75.23],[-54.58,74.62],[-57.78,74.7],[-54.26,73.58],[-51.66,73.38],[-51.97,73.08],[-51.29,72.91],[-51.91,72.58],[-51.11,72.75],[-51.56,72.49],[-51.2,72.31],[-52.12,72.37],[-52.33,71.39],[-52.08,71.87],[-50.64,71.99],[-50.93,72.14],[-50.2,72.71],[-46.04,72.76],[-49.88,73.26],[-45.81,73.11],[-45.64,72.78],[-46.47,72.56],[-45.85,71.92],[-46.3,71.82],[-45.09,71.87],[-45.34,71.58],[-44.92,71.18],[-41.55,70.33],[-39.49,70.83],[-38.69,70.27],[-39.56,70.12],[-38.32,70.13],[-40.57,69.41],[-39.91,69.12],[-38.41,69.86],[-35.59,69.78],[-35.98,69.86],[-35.12,70.22],[-36.41,70.17],[-34.17,70.34],[-35.38,71.37],[-33.14,71.88],[-33.59,72.12],[-29.21,72.44],[-29.92,72.21],[-29.2,72.12],[-29.66,71.67],[-30.84,71.32],[-31.15,70.5],[-33.29,70.48],[-31.79,69.82]]]}},{"type":"Feature","properties":{},"geometry":{"type":"Polygon","coordinates":[[[-132.55,73],[-135.47,72.76],[-136.08,72.91],[-134.51,73.67],[-134.85,74.25],[-138.23,74.27],[-119.59,75.96],[-99.12,76.45],[-93.61,73.43],[-91.84,71.94],[-91.73,71.24],[-100.2,72.93],[-105.5,74.62],[-111.04,75.11],[-123.64,74.9],[-132.55,73]]]}},{"type":"Feature","properties":{},"geometry":{"type":"Polygon","coordinates":[[[-99.4,64.02],[-100.23,63.72],[-99.97,64],[-100.53,64.06],[-99.57,64.36],[-100.17,64.42],[-100.39,64.96],[-100.84,64.82],[-100.39,64.67],[-100.47,64.21],[-101.44,64.2],[-101.52,65.49],[-100.61,66.14],[-100.07,67.35],[-101.49,69],[-103.23,70.17],[-107.87,71.05],[-106.41,71.09],[-108.07,71.49],[-115.56,71.49],[-117.06,71.23],[-116.37,70.78],[-127.52,70.82],[-128.4,70.46],[-128.07,70.63],[-133.76,70.99],[-133.11,71.15],[-133.41,71.22],[-137.42,71.12],[-133.22,71.52],[-131.26,70.9],[-131.46,71.13],[-130.44,71.35],[-124.4,71.34],[-120.34,72.18],[-122.76,72.38],[-122.02,72.81],[-124.15,72.47],[-123.77,73.13],[-124.76,73.38],[-117.03,73.93],[-112.23,73.88],[-104.17,72.85],[-99.65,71.59],[-96.98,69.13],[-97.55,68.73],[-97.93,66.52],[-99.4,64.02]]]}},{"type":"Feature","properties":{},"geometry":{"type":"Polygon","coordinates":[[[-112.93,70.87],[-110.24,71.38],[-108.47,71.21],[-112.93,70.87]]]}},{"type":"Feature","properties":{},"geometry":{"type":"Polygon","coordinates":[[[-144.35,78.25],[-146.04,78.86],[-144.45,79.17],[-145.65,79.29],[-146.04,80.21],[-145.3,80.86],[-142.28,81.56],[-115.57,81.11],[-110.96,80.78],[-107.83,80.03],[-111.62,79.51],[-130.4,79.19],[-144.35,78.25]]]}},{"type":"Feature","properties":{},"geometry":{"type":"Polygon","coordinates":[[[-90.84,55.59],[-90.28,55.68],[-90.83,55.61],[-90.46,56.73],[-90.8,57.35],[-93.73,60.3],[-95.38,61.1],[-95.07,61.35],[-94.06,60.61],[-94.19,61.11],[-95.04,61.36],[-94.13,61.91],[-95.71,61.33],[-96.2,62.02],[-94.88,62.15],[-96.25,62.49],[-94.11,62.91],[-95.1,62.96],[-94.03,63.23],[-94.27,63.46],[-95.24,62.97],[-94.17,63.78],[-96.13,62.91],[-96.22,63.21],[-95.3,63.37],[-96.15,63.39],[-95.51,63.37],[-95.15,63.95],[-96.27,64.26],[-96.91,63.91],[-95.52,64.41],[-96.03,64.52],[-96.25,64.9],[-95.53,64.89],[-96.78,65.85],[-96.15,65.81],[-96.61,65.91],[-96.43,66.28],[-95.79,65.9],[-96.29,66.31],[-95.67,66.32],[-96.41,66.53],[-95.62,66.58],[-96.5,66.68],[-95.52,67.02],[-96.96,67.14],[-96.27,68.26],[-96.73,68.33],[-97.09,67.54],[-97.16,69.26],[-99.38,72.24],[-99.2,72.69],[-91.73,71.24],[-90.43,70.38],[-91.97,68.82],[-90.61,66.4],[-87.98,65.02],[-87.57,61.13],[-88,59.56],[-87.29,57.77],[-87.6,56.49],[-89.48,53.66],[-91.42,54.19],[-90.84,55.59]]]}},{"type":"Feature","properties":{},"geometry":{"type":"Polygon","coordinates":[[[-90.43,70.38],[-88.59,68.71],[-87.96,65.83],[-88.31,65.23],[-90.61,66.4],[-91.85,68.44],[-91.83,69.24],[-90.43,70.38]]]}},{"type":"Feature","properties":{},"geometry":{"type":"Polygon","coordinates":[[[-89.95,78.25],[-90.59,76.97],[-90.23,76.7],[-85.59,75.37],[-83.11,73.8],[-84.63,71.42],[-87.23,70.17],[-87.38,69.64],[-86.1,65.44],[-80.99,61.09],[-79.24,54.41],[-86.55,56.05],[-87.97,57.05],[-86.49,60.51],[-86.45,61.79],[-87.72,63.53],[-87.69,65.11],[-88.37,66.93],[-90.03,69.12],[-90.34,70.48],[-92.17,72.54],[-96.43,74.66],[-97.76,74.79],[-98.53,75.47],[-102.23,76.77],[-113.36,79.19],[-109.81,79.74],[-92.7,79.78],[-87.41,80.39],[-86.5,79.77],[-89.95,78.25]]]}},{"type":"Feature","properties":{},"geometry":{"type":"Polygon","coordinates":[[[-101.4,65.58],[-101.95,66.32],[-100.79,66.49],[-101.41,66.17],[-100.68,66.18],[-101.4,65.58]]]}},{"type":"Feature","properties":{},"geometry":{"type":"Polygon","coordinates":[[[-100.66,66.19],[-100.7,66.54],[-102.05,66.59],[-102.72,67.14],[-102.15,67.31],[-104.92,68.27],[-104.44,68.3],[-105.01,68.71],[-104.47,68.74],[-105.26,68.88],[-105.56,69.2],[-104.85,69.21],[-105.51,69.42],[-104.95,69.45],[-105.69,69.64],[-104.33,69.72],[-106.58,70.15],[-105.39,70.37],[-107.46,70.43],[-107.05,70.23],[-107.78,70.16],[-107.48,69.91],[-109.01,69.77],[-110.04,70.03],[-109.63,70.26],[-113.17,70.19],[-114.13,70.6],[-108.62,71.07],[-107.64,70.56],[-107.87,71.05],[-104.13,70.5],[-101.49,69],[-100.07,67.35],[-100.66,66.19]]]}},{"type":"Feature","properties":{},"geometry":{"type":"Polygon","coordinates":[[[-90.43,70.38],[-91.73,71.24],[-90.76,71.03],[-90.43,70.38]]]}},{"type":"Feature","properties":{},"geometry":{"type":"Polygon","coordinates":[[[5.59,58.37],[6.51,57.71],[5.94,57.55],[5.3,58.14],[5.59,58.37]]]}},{"type":"Feature","properties":{},"geometry":{"type":"Polygon","coordinates":[[[6.23,58.45],[6.72,57.99],[5.42,58.42],[6.23,58.45]]]}},{"type":"Feature","properties":{},"geometry":{"type":"Polygon","coordinates":[[[59.87,66.25],[60.35,65.92],[59.63,65.93],[59.87,66.25]]]}},{"type":"Feature","properties":{},"geometry":{"type":"Polygon","coordinates":[[[-39.07,78.01],[-42.3,77.58],[-39.44,77.47],[-39.06,76.85],[-41,76.7],[-37.17,76.59],[-40.13,75.35],[-35.32,76.4],[-33.9,76],[-39.07,74.2],[-39.5,73.64],[-38.83,73.58],[-39.14,73.41],[-38.67,72.94],[-39.04,72.82],[-38.41,72.77],[-39.61,72.37],[-39.38,72.68],[-41.67,73.02],[-42.79,72.5],[-41.09,72.59],[-41.85,72.09],[-44.99,72.82],[-44.36,72.9],[-45.47,73.34],[-44.86,73.62],[-48.95,73.66],[-53.78,74.5],[-52.05,75.05],[-54.59,75.99],[-53.79,76.62],[-52.87,76.61],[-47.09,75.35],[-48.05,76.24],[-52,77.1],[-51.46,77.55],[-46.43,77.07],[-49.85,77.74],[-48.32,77.8],[-49.81,78.04],[-45.82,78.5],[-39.07,78.01]]]}},{"type":"Feature","properties":{},"geometry":{"type":"Polygon","coordinates":[[[43.7,64.59],[44.71,64.43],[43.99,63.8],[44.33,63.15],[46.44,61.99],[43.69,61.95],[43.56,62.24],[44.05,62.3],[43.37,62.69],[42.09,62.58],[41.87,63.1],[43.04,63.78],[42.21,63.92],[43.7,64.59]]]}},{"type":"Feature","properties":{},"geometry":{"type":"Polygon","coordinates":[[[5.65,58.95],[6.33,58.61],[5.35,58.89],[6.47,58.5],[4.99,58.83],[5.65,58.95]]]}},{"type":"Feature","properties":{},"geometry":{"type":"Polygon","coordinates":[[[54.35,65.69],[54.67,65.6],[53.61,65.33],[53.41,65.66],[54.35,65.69]]]}},{"type":"Feature","properties":{},"geometry":{"type":"Polygon","coordinates":[[[-31.23,76],[-34.29,75.5],[-33.44,76.28],[-31.23,76]]]}},{"type":"Feature","properties":{},"geometry":{"type":"Polygon","coordinates":[[[-16.29,70.6],[-14.95,69.76],[-15.43,69.13],[-17.91,69.71],[-17.47,70.39],[-16.29,70.6]]]}},{"type":"Feature","properties":{},"geometry":{"type":"Polygon","coordinates":[[[-26.2,62.11],[-28.82,62.28],[-29.61,62.95],[-27.82,63.52],[-24.89,62.63],[-24.8,63.44],[-21.71,63.86],[-20.99,65],[-21.48,65.19],[-20.91,65.33],[-21.53,65.33],[-21.18,65.63],[-21.67,66.01],[-22.98,65.99],[-21.44,66.2],[-21.68,66.69],[-21.17,66.67],[-21.92,66.87],[-21.19,67.1],[-22.05,67.05],[-21.34,67.41],[-21.82,67.58],[-21.36,68.08],[-22.37,67.95],[-22,67.77],[-22.64,67.41],[-24.27,68.24],[-24.4,67.75],[-24.34,68.39],[-24.82,68.67],[-24.57,68.09],[-25.12,68.07],[-27.35,69.06],[-27.44,69.4],[-26.77,69.57],[-28.41,69.72],[-28.15,70.54],[-26.26,70.05],[-27.5,70.97],[-25.13,71.71],[-20.98,72.1],[-18.86,71.55],[-22.44,71.2],[-23.76,70.64],[-24.23,69.78],[-26.15,70.01],[-24.47,69.75],[-24.72,69.55],[-23.23,69.96],[-23.72,70.17],[-23.5,70.57],[-22.18,70.28],[-21.92,70.94],[-20.67,70.83],[-20.96,71.17],[-20.63,71.21],[-20.09,70.87],[-20.06,71.27],[-17.02,70.79],[-18.34,69.84],[-20.48,69.38],[-18.54,69.58],[-18.88,69.39],[-18.46,69.23],[-19.21,69.06],[-18.59,69.14],[-18.69,68.59],[-18.51,69.19],[-17.73,68.92],[-17.78,69.31],[-16.69,69.3],[-15.73,68.63],[-17.73,68.22],[-15.93,68.13],[-17.96,67.6],[-16.02,67.76],[-17.11,67.62],[-17.39,67.44],[-16.36,67.6],[-17.21,67.09],[-15.58,67.46],[-15.31,66.87],[-17.27,66.68],[-15.44,66.47],[-17.18,66.37],[-16.45,66.31],[-17.49,65.97],[-15.1,66.31],[-16.22,66.13],[-14.96,66.15],[-14.62,65.7],[-17.04,65.32],[-14.82,65.52],[-14.73,65.03],[-17.19,65.28],[-15.27,64.36],[-16.75,64.92],[-16.28,64.61],[-17.25,64.6],[-16.46,64.58],[-17.01,64.44],[-16.65,64.19],[-17.73,64.55],[-16.98,64.17],[-17.67,64.28],[-17.27,63.91],[-16.32,63.68],[-17.38,63.79],[-16.47,63.34],[-16.95,63.06],[-16.32,63.19],[-16.92,62.84],[-15.54,62.9],[-16.29,62.72],[-15.6,62.72],[-15.74,62.2],[-16.65,62.07],[-15.16,62.02],[-16.25,61.73],[-14.71,61.57],[-14.63,61.04],[-16.09,61.12],[-15.74,60.65],[-16.44,60.96],[-16.2,60.54],[-16.71,60.42],[-16.98,60.9],[-18.04,60],[-18.37,60.43],[-17.97,60.63],[-18.6,60.38],[-18.08,60.69],[-18.69,60.81],[-18.1,60.99],[-18.61,61.15],[-17.12,61.44],[-18.67,61.4],[-17.89,61.7],[-18.57,61.57],[-18.57,62.14],[-19.4,62.43],[-19.03,62.09],[-19.58,62.33],[-19.51,61.74],[-20.35,62.04],[-20.6,61.75],[-20.25,61.67],[-20.87,61.44],[-20.02,61.47],[-20.58,60.53],[-20.17,60.78],[-20.38,60.35],[-19.8,60.51],[-20.07,60.1],[-19.57,59.97],[-20.21,59.94],[-19.71,59.44],[-20.32,58.77],[-20.4,59.42],[-20.7,58.49],[-21.1,58.74],[-21.45,58.31],[-21.2,58.67],[-22,59.04],[-21.7,59.35],[-22.1,58.99],[-22.41,59.96],[-22.57,59.57],[-23.27,60.18],[-22.31,58.15],[-22.65,57.87],[-25.85,60.11],[-26.03,60.61],[-25.15,60.53],[-26.02,61.07],[-26.09,61.74],[-25.64,61.92],[-26.66,61.82],[-26.2,62.11]]]}},{"type":"Feature","properties":{},"geometry":{"type":"Polygon","coordinates":[[[106.72,75.88],[109.49,75.58],[105.54,75.09],[106.03,75.32],[105.69,75.69],[106.72,75.88]]]}},{"type":"Feature","properties":{},"geometry":{"type":"Polygon","coordinates":[[[-27.29,74.87],[-27.57,74.62],[-25.94,74.24],[-29.24,74.02],[-28.54,73.72],[-29.48,73.46],[-28.63,73.42],[-30.83,72.85],[-32.66,73.09],[-32.06,73.27],[-34.16,73.13],[-33.3,73.61],[-32.98,74.23],[-33.51,74.34],[-32.79,74.86],[-31.46,74.94],[-31.85,74.41],[-30.32,74.48],[-30.56,74.29],[-29.33,74.65],[-30.04,74.74],[-29.8,75.04],[-27.29,74.87]]]}},{"type":"Feature","properties":{},"geometry":{"type":"Polygon","coordinates":[[[-22.8,73.61],[-21.63,72.72],[-29.74,72.6],[-25.52,73.81],[-22.8,73.61]]]}},{"type":"Feature","properties":{},"geometry":{"type":"Polygon","coordinates":[[[81.06,71.62],[81.84,71.69],[82.05,71.29],[80.73,71.28],[81.06,71.62]]]}},{"type":"Feature","properties":{},"geometry":{"type":"Polygon","coordinates":[[[-38.53,80.24],[-39.7,79.64],[-38.64,79.54],[-39.68,79.44],[-37.4,79.14],[-39.2,78.26],[-56.04,78.81],[-54.32,79.76],[-55.45,80.04],[-44.49,80.46],[-42.03,80.98],[-38.53,80.24]]]}},{"type":"Feature","properties":{},"geometry":{"type":"Polygon","coordinates":[[[10.37,60.09],[10.23,59.71],[9.66,59.92],[10.37,60.09]]]}},{"type":"Feature","properties":{},"geometry":{"type":"Polygon","coordinates":[[[106.95,77.8],[111.77,78.07],[109.72,77.59],[105.62,77.91],[106.95,77.8]]]}},{"type":"Feature","properties":{},"geometry":{"type":"Polygon","coordinates":[[[-16.69,73.3],[-18.49,72.71],[-19.79,72.91],[-19.37,73.51],[-16.69,73.3]]]}},{"type":"Feature","properties":{},"geometry":{"type":"Polygon","coordinates":[[[-17.82,75.11],[-18.69,75.38],[-17.51,75.14],[-17.82,75.11]]]}},{"type":"Feature","properties":{},"geometry":{"type":"Polygon","coordinates":[[[-20.24,78.82],[-22.83,79.03],[-19.57,78.88],[-20.24,78.82]]]}},{"type":"Feature","properties":{},"geometry":{"type":"Polygon","coordinates":[[[97.63,77.15],[100.35,76.98],[100.86,77.05],[99.48,77.5],[104.97,77.66],[104.71,77.52],[105.43,77.16],[100.87,75.91],[97.69,76.35],[97.07,76.69],[97.63,77.15]]]}},{"type":"Feature","properties":{},"geometry":{"type":"Polygon","coordinates":[[[67.14,70.94],[67.74,70.9],[66.82,70.84],[67.14,70.94]]]}},{"type":"Feature","properties":{},"geometry":{"type":"Polygon","coordinates":[[[-14.11,74.5],[-19.19,73.79],[-20.57,74.35],[-18.08,74.49],[-19.52,75.12],[-19.12,75.21],[-17.78,75.05],[-18.2,74.86],[-15.75,75.2],[-17.3,74.59],[-15.38,75.01],[-14.58,74.75],[-15.29,74.57],[-14.11,74.5]]]}},{"type":"Feature","properties":{},"geometry":{"type":"Polygon","coordinates":[[[-15.47,76.8],[-19.67,76.49],[-18.23,76.14],[-18.9,75.88],[-22.19,75.82],[-23.43,76.37],[-22.91,76.52],[-26.97,77.62],[-26.05,77.86],[-22.71,77.08],[-24.24,77.8],[-22.4,77.9],[-25.04,78.24],[-24.02,78.78],[-21.48,78.19],[-22.25,78.71],[-21.14,78.64],[-20.43,78.14],[-20.56,78.61],[-19.45,78.6],[-19.12,78.16],[-17.37,78.22],[-21.55,77.21],[-21.22,76.65],[-17.7,77.15],[-15.47,76.8]]]}},{"type":"Feature","properties":{},"geometry":{"type":"Polygon","coordinates":[[[49.12,68.92],[50.14,68.74],[50.06,68.25],[46.5,66.86],[45.88,66.45],[46.23,66.24],[45.67,66.23],[45.99,66.04],[45.47,66.15],[45.69,65.85],[45.05,65.93],[45.37,65.38],[44.63,65.39],[45.25,65.14],[44.35,65.17],[45.15,64.95],[44.3,65.01],[44.97,64.81],[44.78,64.54],[43.06,64.47],[44.09,64.88],[42.51,64.86],[44.13,65.27],[43.21,65.43],[43.81,65.73],[43.42,65.9],[44.16,65.97],[43.21,66.36],[49.12,68.92]]]}},{"type":"Feature","properties":{},"geometry":{"type":"Polygon","coordinates":[[[-12.1,73.98],[-12.13,73.52],[-13.79,73.33],[-12.27,72.96],[-12.95,72.92],[-12.86,72.34],[-13.84,72.74],[-15.32,71.9],[-14.52,71.98],[-14.95,71.77],[-14.18,71.62],[-14.65,71.34],[-11.82,70.64],[-11.93,69.8],[-13.18,69.8],[-13.05,69.51],[-15.11,69.82],[-15.36,70.12],[-14.7,70.44],[-16.01,70.4],[-17.77,71.38],[-16.84,71.54],[-18.27,71.73],[-17.57,72.09],[-18.56,72.17],[-13.81,73.21],[-14.9,73.67],[-13.57,74.18],[-12.1,73.98]]]}},{"type":"Feature","properties":{},"geometry":{"type":"Polygon","coordinates":[[[-12.26,78.54],[-16.54,78.45],[-18.78,78.76],[-15.88,78.9],[-21.26,79.47],[-19.28,79.58],[-21.01,79.98],[-19.08,80.11],[-13.21,79.17],[-12.97,78.87],[-13.48,78.69],[-12.26,78.54]]]}},{"type":"Feature","properties":{},"geometry":{"type":"Polygon","coordinates":[[[55.91,38.86],[54.89,38.6],[55.29,41.04],[53.14,45.36],[54.62,47.81],[54.81,49.07],[53.06,55.98],[53.82,57.19],[55.12,58.07],[58.85,55.9],[62.65,51.91],[66.61,49.87],[69.56,45.65],[74.41,43.03],[81.5,40.11],[73.86,36.65],[66.14,31.38],[61.16,31.7],[56.48,33.86],[54.98,35.36],[56.49,37.08],[55.58,37.63],[55.91,38.86]]]}},{"type":"Feature","properties":{},"geometry":{"type":"Polygon","coordinates":[[[80.8,36.3],[81.99,36.26],[83.44,35.39],[82.34,33.45],[76.09,29.92],[74.8,28.1],[72.14,28.13],[67.67,30.4],[65.69,30.42],[70.07,33.93],[74,36.17],[80.8,36.3]]]}},{"type":"Feature","properties":{},"geometry":{"type":"Polygon","coordinates":[[[86.61,38.37],[83.17,37.33],[75.54,37.36],[81.5,40.11],[84.48,38.75],[86.61,38.37]]]}},{"type":"Feature","properties":{},"geometry":{"type":"Polygon","coordinates":[[[89.71,31.04],[95.41,30.17],[93.54,29.41],[90.86,29.08],[87.89,29.34],[81.71,28.21],[74.07,25.21],[74.4,26.13],[79.75,30.43],[81.88,31.58],[89.71,31.04]]]}},{"type":"Feature","properties":{},"geometry":{"type":"Polygon","coordinates":[[[120.83,56.5],[121.9,56.84],[121.47,56.36],[122.22,56.48],[122.62,56.99],[122.77,56.53],[122.53,57.29],[123.68,57.5],[125.94,56.86],[125.35,56.56],[126.71,55.8],[126.24,54.75],[127.1,52],[124.17,46.6],[122.79,45.37],[121.36,45.13],[121.16,45.61],[120.66,45.52],[120.35,44.65],[116.03,44.92],[112.25,44.08],[103.3,41.94],[94.83,38.73],[91.37,38.79],[85.64,37.62],[83.53,37.96],[81.59,39.06],[86.72,39.67],[91.58,41.71],[94.31,43.9],[97.52,45.31],[99.48,47.42],[103.41,49.05],[105.02,52.19],[107.02,53.99],[113.33,54.62],[120.83,56.5]]]}},{"type":"Feature","properties":{},"geometry":{"type":"Polygon","coordinates":[[[78.35,70.03],[78.83,69.77],[78.42,69.63],[78.65,69.08],[78.7,69.59],[80.39,69.82],[79.91,69.92],[81.28,70.67],[80.11,70.81],[81.14,71.07],[82.65,71.15],[83.89,70.67],[84.15,70.86],[83.46,70.9],[84.95,71.42],[91.97,71.87],[90.78,72.53],[91.28,72.81],[96.87,72.96],[97.55,72.66],[97.18,72.44],[98.5,72.24],[97.9,71.91],[100.47,71.39],[102.16,71.26],[102.38,71.55],[101.67,72.28],[102.09,72.11],[103.96,71.15],[105.42,69.13],[106.12,68.95],[119.29,68.77],[128.07,67.9],[132.34,66.47],[134.11,64.35],[125.4,62.51],[122.98,59.32],[120.75,57.35],[122.55,57.38],[122.86,56.6],[115.21,54.87],[108.82,54.36],[106.71,52.6],[104.93,49.49],[100.89,47.94],[98.84,45.86],[95.55,44.51],[92.72,42.37],[87.75,40.41],[82.55,39.88],[74.41,43.03],[69.56,45.65],[66.61,49.87],[63.46,51.4],[61.24,53.09],[57.76,56.73],[56.4,59.28],[59.1,58.96],[60.33,60.62],[59.57,61.6],[60.58,62.03],[61.78,61.68],[62.68,60.59],[64.62,60.66],[62.33,60.98],[62.13,61.33],[62.54,61.55],[61.74,62.1],[58.81,61.96],[58.26,62.52],[58.29,63.39],[56.83,64.03],[57.67,64.96],[57.05,65.53],[57.85,65.35],[58.36,64.26],[59,64.12],[60.98,64.08],[58.58,64.77],[60.06,64.97],[59.34,65.23],[59.87,65.5],[63.76,65.37],[63.44,64.83],[63.93,63.8],[66.38,63.54],[64.73,64],[65.18,64.25],[64.21,64.8],[64.14,65.33],[61.5,65.8],[60.31,66.79],[64.43,67.78],[63.08,68.11],[63.93,68.34],[62.64,68.55],[63.52,68.45],[63.23,68.82],[63.58,68.9],[62.88,68.9],[66.52,70.46],[65.67,70.51],[67.66,70.55],[69.79,71.23],[68.7,71.47],[69.99,71.81],[69.19,72.32],[69.65,73.17],[71.69,73.15],[70.98,72.65],[73.38,72.93],[73.61,72.45],[76.58,73.31],[80.4,72.5],[80.35,71.63],[79.24,70.97],[79.65,71.05],[79.35,70.28],[77.89,69.96],[78.35,70.03]]]}},{"type":"Feature","properties":{},"geometry":{"type":"Polygon","coordinates":[[[55.45,60.65],[55.5,61.3],[53.58,61.71],[53.35,62.86],[52.74,62.95],[53.45,63.98],[53.3,65.18],[55.81,65.25],[55.97,64],[57.07,63.5],[57.89,61.77],[59.07,61.27],[59.13,60.49],[58.57,59.57],[56.39,59.3],[55.45,60.65]]]}},{"type":"Feature","properties":{},"geometry":{"type":"Polygon","coordinates":[[[76.79,12.32],[81.46,12.48],[85.26,11.58],[87.06,9.97],[89.08,6.5],[84.11,9.04],[76.52,9.2],[73.52,9.98],[70.14,11.96],[67.09,14.96],[66.4,16.42],[71.68,13.3],[76.79,12.32]]]}},{"type":"Feature","properties":{},"geometry":{"type":"Polygon","coordinates":[[[70.26,-36.35],[70.55,-35.94],[69.77,-35.46],[70.18,-36.19],[68.88,-35.2],[69.8,-35.93],[69.77,-36.55],[67.6,-37.3],[67.6,-36.82],[66.98,-37.24],[67,-36.54],[65.36,-36.99],[65.24,-37.61],[64.19,-38.05],[58.07,-39.01],[57.8,-39.42],[55.06,-39.23],[53.49,-41.31],[51.76,-42.31],[50.77,-43.59],[49.92,-43.37],[49.03,-43.73],[49.26,-44.13],[48.2,-43.76],[46.38,-44.09],[45.98,-42.83],[47.11,-40.38],[48.42,-35.29],[50.36,-31.79],[51.25,-31.2],[51.43,-30.47],[52.03,-30.49],[51.49,-30.24],[52.04,-29.89],[51.73,-29.61],[50.8,-30.38],[49.28,-30.02],[48.85,-27.73],[50.06,-28.23],[50.68,-27.97],[49.43,-27.46],[49.18,-26.55],[49.8,-26.4],[49.2,-26.38],[49.45,-26.08],[48.77,-25.64],[49.37,-24.96],[48.77,-24.46],[49.24,-23.76],[48.48,-23.54],[51.2,-20.86],[52.9,-19.93],[59.38,-18.07],[61.11,-18.34],[61.78,-19.05],[61.69,-20.65],[63.12,-24.66],[66.22,-28.51],[68.29,-29.74],[76.47,-32.41],[77.57,-33.24],[70.26,-36.35]]]}},{"type":"Feature","properties":{},"geometry":{"type":"Polygon","coordinates":[[[68.05,21.05],[70.09,19.83],[71.55,19.54],[72.58,19.64],[73.38,20.55],[78.98,21.89],[84.92,20.51],[89.09,18.47],[90.1,16.12],[90.31,13.66],[87.88,16.63],[85.74,17.76],[82.59,18.06],[77.83,17.5],[72.52,17.99],[66.37,20.73],[65.3,20.71],[64.28,22.57],[66.12,22.4],[68.05,21.05]]]}},{"type":"Feature","properties":{},"geometry":{"type":"Polygon","coordinates":[[[93.58,22.27],[93.5,21.85],[91.75,23.81],[89.74,24.34],[81.45,24.43],[87.07,26.45],[91.54,26.9],[95.34,28.02],[94.34,26.04],[93.58,22.27]]]}},{"type":"Feature","properties":{},"geometry":{"type":"Polygon","coordinates":[[[81.99,36.26],[91.11,38.39],[94.54,38.28],[85.6,34.4],[82.34,33.45],[83.44,35.39],[81.99,36.26]]]}},{"type":"Feature","properties":{},"geometry":{"type":"Polygon","coordinates":[[[38.94,33.29],[37.44,34.17],[40.62,34.03],[44.01,33.07],[45.66,32.53],[47,31.39],[46.21,31.31],[45.85,29.41],[43.57,32],[38.94,33.29]]]}},{"type":"Feature","properties":{},"geometry":{"type":"Polygon","coordinates":[[[46.76,28.6],[48.54,27.9],[50.64,28.42],[48.77,27.76],[46.76,28.6]]]}},{"type":"Feature","properties":{},"geometry":{"type":"Polygon","coordinates":[[[50.65,28.34],[50.38,30.4],[49.62,30.62],[49.65,31.09],[50.06,31.01],[49.08,31.66],[54.07,29.48],[50.65,28.34]]]}},{"type":"Feature","properties":{},"geometry":{"type":"Polygon","coordinates":[[[56.39,59.3],[57.76,56.73],[55.12,58.07],[56.08,59.81],[56.39,59.3]]]}},{"type":"Feature","properties":{},"geometry":{"type":"Polygon","coordinates":[[[49.17,32.15],[48.67,33.11],[48.82,34.08],[47.48,34.4],[46.39,35.75],[47.53,35.77],[46.9,36.04],[47.35,36.61],[48.69,36.74],[48.21,38.2],[45.27,37.56],[44.97,36.69],[44.78,37.01],[44.05,36.65],[43.31,35.52],[44.3,34.93],[44.14,34.03],[45.66,32.53],[40.62,34.03],[45.88,38.47],[52.43,40.74],[53.18,42.32],[53.14,45.36],[55.29,41.04],[54.63,38.03],[53.64,37.69],[53.34,36.63],[53.67,35.6],[54.63,35.82],[56.48,33.86],[60.18,31.95],[66.68,31.46],[64.35,29.34],[55.9,28.54],[49.08,31.66],[49.17,32.15]]]}},{"type":"Feature","properties":{},"geometry":{"type":"Polygon","coordinates":[[[48.65,4.64],[48.05,4.89],[46.71,4.38],[45.79,4.71],[43.92,6.22],[43.14,8.62],[42.65,8.52],[42.34,9.1],[42.1,8.64],[41.26,8.83],[41.39,8.28],[40.93,8.19],[41.63,6.27],[42.63,5.13],[42.38,4.51],[42.87,3.14],[43.26,4.35],[43.77,4.22],[43.27,2.64],[43.79,2.22],[46.02,2.18],[48.22,4.05],[48.1,2.18],[49.93,1],[50.73,-0.44],[49.38,-2.07],[48.74,-2.17],[48.6,-3.4],[47.63,-3.51],[47.06,-4.31],[46.18,-4.3],[45.69,-5.06],[43.16,-5.3],[42.79,-6.07],[39.17,-7.07],[36.14,-7.23],[35.41,-7.69],[33.97,-7.44],[33.58,-4.79],[34,-3.33],[32.85,-0.02],[31.69,1.64],[31.64,4.42],[30.86,5.2],[29.83,9.25],[29.29,9.44],[32.16,14.81],[32.91,17.44],[35,18.34],[38.05,18.37],[46.34,8.03],[47.25,6.22],[48.72,5.92],[48.65,4.64]]]}},{"type":"Feature","properties":{},"geometry":{"type":"Polygon","coordinates":[[[56.44,-6.32],[56.05,-9.59],[54.46,-10.59],[47.26,-9.69],[45.14,-10.03],[45.25,-6.93],[46.69,-5.17],[48.38,-5.67],[51.04,-4.15],[52.6,-4],[56.47,-5.23],[56.44,-6.32]]]}},{"type":"Feature","properties":{},"geometry":{"type":"Polygon","coordinates":[[[72.57,18.2],[62.07,22.2],[64.27,25.5],[70.08,20.34],[73.19,20.2],[72.57,18.2]]]}},{"type":"Feature","properties":{},"geometry":{"type":"Polygon","coordinates":[[[61.18,14.22],[60.81,14.61],[61.9,16.44],[63.87,18.17],[64.61,18.19],[71.85,12.53],[66.09,13.15],[63.45,12.85],[61.18,14.22]]]}},{"type":"Feature","properties":{},"geometry":{"type":"Polygon","coordinates":[[[45.56,25.88],[46,25.25],[49.33,24.81],[51.34,20.47],[55.09,18.76],[55.22,17.86],[53.68,17.59],[52.07,18.92],[39.58,25.09],[39.46,25.97],[40.27,27.35],[43.61,27.55],[45.56,25.88]]]}},{"type":"Feature","properties":{},"geometry":{"type":"Polygon","coordinates":[[[174.57,77.31],[167.36,76.45],[171.19,76.9],[173.45,76.52],[172.95,76.76],[178.14,75.3],[177.82,74.91],[174.15,74.81],[169.66,73.43],[168.48,72.63],[168.94,72.58],[168.22,72.55],[168.6,72.33],[167.08,71.66],[167.15,71.15],[163.59,71.38],[162.01,70.93],[161.68,70.24],[160.85,70.83],[159.67,70.23],[160.08,70.18],[159.83,69.91],[158.89,70.12],[157.94,69.72],[158.59,68.91],[158.06,68.95],[158.44,68.8],[157.95,68.29],[158.15,67.69],[160.16,67.7],[159.85,67.24],[160.41,66.72],[161.72,66.3],[160.19,65.93],[160.35,65.23],[161.41,64.7],[159.31,63.72],[160,62.86],[158.26,62.29],[158.95,61.64],[157.81,60.01],[157,60.64],[156.84,63.05],[152.26,66.43],[154.03,67.43],[155.34,69.94],[157.07,70.63],[156.46,70.72],[156.71,71.11],[155.5,71.99],[157.8,73.39],[161.82,78.02],[173.27,78.14],[174.57,77.31]]]}},{"type":"Feature","properties":{},"geometry":{"type":"Polygon","coordinates":[[[154.59,71.48],[155.32,71.26],[154.08,71.05],[153.38,69.86],[152.66,69.66],[154.59,71.48]]]}},{"type":"Feature","properties":{},"geometry":{"type":"Polygon","coordinates":[[[138.28,77.04],[140.61,78.01],[145.16,78.5],[145.25,78.92],[151.3,78.61],[152.25,79.14],[147.55,79.81],[157.12,80.9],[163.81,81.08],[166.27,81.02],[175.74,78.02],[163.2,77.97],[149.96,76.86],[138.28,77.04]]]}},{"type":"Feature","properties":{},"geometry":{"type":"Polygon","coordinates":[[[135.43,77.04],[147.41,76.89],[161.82,78.02],[157.8,73.39],[155.88,72.37],[153.96,72],[154.59,71.48],[152.64,69.76],[151.4,70.09],[151.57,70.47],[151.07,70.83],[150.66,70.44],[136.06,73.61],[134.59,74.96],[134.71,77.04],[135.43,77.04]]]}},{"type":"Feature","properties":{},"geometry":{"type":"Polygon","coordinates":[[[102.29,72.39],[102.52,72.79],[104.59,72.47],[105.61,72.97],[108.31,72.96],[107.79,73.3],[109.73,73.57],[108.21,73.82],[108.63,74.16],[107.38,74.06],[108.74,74.68],[107.7,74.84],[117.48,75.7],[119.01,75.55],[118.3,75.22],[123.8,75.07],[128.7,76.07],[132.12,76.11],[133.83,75.39],[135.55,75.36],[133.11,73.3],[133.16,71.89],[135.91,70.4],[142.91,68.46],[143.78,67.79],[142.79,67.93],[140.36,67.2],[140.58,66.89],[138.77,65.27],[138.92,64.8],[140.35,64.74],[136.26,63.83],[135.81,64.05],[137.07,64.35],[134.89,64.32],[133.09,66.56],[129.65,67.79],[120,68.87],[106.75,69.06],[106.06,69.24],[104.59,71.27],[102.29,72.39]]]}},{"type":"Feature","properties":{},"geometry":{"type":"Polygon","coordinates":[[[119.74,43.98],[118.77,42.9],[118.91,41.93],[117.12,40.17],[118.35,39.65],[120.04,37.83],[117.24,36.83],[116.72,37.51],[117.56,37.77],[116.93,38.52],[115.81,38.53],[115.68,38.13],[114.87,38.45],[115.59,39.17],[115.11,39.25],[115.22,39.98],[114.04,40.2],[111.28,38.4],[111.85,39.2],[111.19,39.06],[111.28,39.5],[111.86,40.3],[111.25,40.69],[110.48,40.41],[109.06,38.47],[107.94,38.24],[108.01,37.49],[109.2,37.49],[109.75,36.56],[111.14,37.47],[113.18,37.38],[113.13,36.87],[110.99,35.76],[110.42,34.35],[111.59,33.96],[109.39,30.61],[104.69,31.39],[98.05,30.96],[85.6,34.4],[103.02,41.39],[115.68,44.24],[119.74,43.98]]]}},{"type":"Feature","properties":{},"geometry":{"type":"Polygon","coordinates":[[[116.56,40.74],[117.35,39.43],[116.04,38.53],[116.31,38.28],[116.01,38.45],[116.16,37.99],[115.85,38.23],[115.53,37.5],[114.74,38.09],[114.78,39.05],[114.35,39.05],[116.56,40.74]]]}},{"type":"Feature","properties":{},"geometry":{"type":"Polygon","coordinates":[[[110,34.83],[111.59,33.62],[113.06,33.28],[111.5,32.8],[113.54,32.64],[112.49,31.36],[114.37,31.82],[113.98,31.15],[114.42,31.52],[114.6,31.24],[114.15,31.01],[114.84,30.28],[114.11,29.57],[114.42,28.12],[113.85,28.02],[114.42,27.82],[114.7,26.79],[114.26,26.88],[114.23,25.66],[113.67,25.46],[113.93,25.19],[112.94,23.75],[113.14,23.3],[111.92,22.26],[111.69,22.47],[111.55,21.76],[110.37,22.13],[110.94,21.38],[110.6,21.09],[110.25,21.41],[110.54,20.81],[109.96,20.78],[110.1,20.44],[108.47,19.33],[109.01,18.25],[108.13,18.59],[108.11,19.22],[107.66,19.29],[107.46,18.8],[106.6,18.99],[106.07,17.69],[105.43,17.42],[105.75,17.16],[105.45,16.22],[97.84,18.67],[97.03,19.46],[96.05,21.76],[96.4,24.35],[97.88,27.94],[99.62,29.03],[103.47,30.32],[109.15,31.07],[110,34.83]]]}},{"type":"Feature","properties":{},"geometry":{"type":"Polygon","coordinates":[[[102.56,15.65],[102.86,14.64],[103.43,14.35],[107.94,14],[110.11,12.4],[110.65,11.15],[109.55,9],[109.98,8.2],[109.42,6.36],[108.48,7.59],[107.19,7],[106.7,7.46],[106.58,6.96],[105.29,7.65],[103.71,6.85],[103.25,7.55],[102.61,7.24],[100.57,9.87],[99.5,12.94],[95.16,15.82],[102.56,15.65]]]}},{"type":"Feature","properties":{},"geometry":{"type":"Polygon","coordinates":[[[101.7,6.63],[103.53,3.79],[104.44,3.18],[104.77,3.69],[107.17,2.99],[108.46,3.56],[111.9,1.24],[109.58,1.05],[106.15,2.31],[104.85,2.21],[104.7,1.8],[101.31,4.96],[99.12,5.5],[97.73,6.37],[98.05,6.44],[96.51,6.2],[92.84,8.22],[90.77,9.89],[89.18,12.31],[91.94,13.65],[96.21,12.29],[97.35,11.63],[99.02,8.84],[101.7,6.63]]]}},{"type":"Feature","properties":{},"geometry":{"type":"Polygon","coordinates":[[[107.52,3.58],[109.6,3.84],[111.12,2.75],[112.87,2.51],[112.49,1.83],[111.04,1.37],[107.52,3.58]]]}},{"type":"Feature","properties":{},"geometry":{"type":"Polygon","coordinates":[[[32.9,-2],[36.05,-5.09],[36.08,-5.59],[35.23,-6.02],[35.85,-5.95],[36.94,-7.17],[42.03,-6.35],[43.37,-5.69],[43.86,-5.84],[43.61,-7.26],[44,-7.23],[43.49,-7.37],[43.42,-8.26],[40.49,-13.23],[34.18,-18.24],[33.52,-19.33],[32.17,-20.15],[30.99,-22.03],[30.47,-23.76],[31.22,-24.4],[30.82,-25.68],[31.2,-27.36],[32.18,-28.12],[31.83,-28.75],[31.93,-32.68],[30.9,-33.83],[27.92,-34.84],[24.79,-36.84],[25.35,-32.3],[24.61,-26.02],[26.69,-24.47],[26.72,-22.21],[28.31,-16.84],[28.27,-13.43],[28.97,-11.7],[30.26,-11.7],[30.6,-10.08],[33.93,-6.65],[32.9,-2]]]}},{"type":"Feature","properties":{},"geometry":{"type":"Polygon","coordinates":[[[24.67,-36.71],[24.4,-37.5],[25.21,-39.26],[24.79,-41.17],[20.73,-42.57],[20.91,-43.02],[21.32,-42.76],[20.05,-45.07],[16.32,-47.41],[12.56,-48.89],[10,-49.25],[6.3,-48.56],[2.87,-48.79],[1.74,-47.79],[1.26,-47.97],[1.16,-46.35],[1.81,-46.22],[2.03,-45.33],[1.41,-42.52],[0.33,-40.46],[1.03,-35.45],[-0.49,-30.42],[0.1,-28.5],[1.6,-26.35],[3.35,-25.08],[3.62,-23.97],[3.21,-22.24],[3.8,-21.64],[3.2,-19.21],[3.97,-19.16],[3.24,-18.91],[3.1,-17.6],[1.42,-14.98],[0.92,-13.07],[1.53,-13],[1.82,-12.22],[2.35,-12.52],[1.82,-12.06],[3.09,-9.72],[3.07,-8.68],[2.54,-8.71],[1.85,-7.6],[0.68,-7.8],[-0.76,-7.23],[2.31,-5.89],[2.82,-4.75],[5.33,-3.84],[12.16,-6.25],[14.89,-5.58],[20.18,-5.18],[25.39,-12.77],[22,-16.98],[21.29,-20.2],[21.61,-22.17],[25.2,-26.05],[25.65,-32.36],[24.67,-36.71]]]}},{"type":"Feature","properties":{},"geometry":{"type":"Polygon","coordinates":[[[-7.76,21.51],[-7.62,22.53],[-6.73,23.48],[-4.1,24.26],[-2.69,25.71],[-2.13,25.65],[-1.65,24.72],[-0.3,24.64],[0.44,24.04],[3.73,24.68],[6.01,24.46],[7.15,23.88],[8.21,24.08],[9.39,23.53],[11.14,23.62],[1.4,21.51],[-4.14,22.13],[-7.76,21.51]]]}},{"type":"Feature","properties":{},"geometry":{"type":"Polygon","coordinates":[[[5.88,32.32],[5.85,31.53],[3.35,30.72],[2.29,29.61],[2.63,28.81],[0.14,27.19],[-1.88,27.52],[-3.1,27.01],[-3.68,27.83],[-3.3,28.11],[-3.62,27.91],[-3.92,28.46],[-5.89,28.53],[-5.23,29.83],[-5.74,30.19],[-5.15,30.54],[-5.92,30.34],[-4.65,32.1],[-4.25,33.69],[-4.67,34.31],[-4.32,34.65],[-3.06,34.94],[0.85,33.77],[2.2,33.82],[5.88,32.32]]]}},{"type":"Feature","properties":{},"geometry":{"type":"Polygon","coordinates":[[[-0.76,-7.23],[-1.16,-5.7],[-2.01,-5.02],[-4.47,-4.63],[-8.25,-5.1],[-9.93,-4.09],[-13.65,-3.94],[-14.2,-3.55],[-17.46,0.37],[-17.8,3.15],[-19.11,5.02],[-18.46,5.49],[-19.4,5.54],[-19.4,6.12],[-19.97,6.43],[-19.57,6.45],[-19.91,6.58],[-19.59,7.41],[-18.52,7.08],[-19.43,7.24],[-19.95,8.87],[-18.72,9.54],[-17.63,11.28],[-17.57,12.99],[-17,13.68],[-17.25,14.87],[-17.62,14.53],[-17.16,15.44],[-11.54,20.08],[-10.14,20.04],[-7.76,21.51],[-4.99,22.06],[1.4,21.51],[11.18,23.53],[11.39,22.93],[12.06,23.15],[11.34,22.35],[11.68,21.32],[10.52,20.61],[9.57,18.88],[7.74,12.12],[7.09,7.84],[7.15,4.3],[9.18,-0.49],[5.97,-2.34],[5.33,-3.84],[2.82,-4.75],[2.31,-5.89],[-0.76,-7.23]]]}},{"type":"Feature","properties":{},"geometry":{"type":"Polygon","coordinates":[[[29.13,12.76],[29.11,11.85],[31.26,6.49],[31.13,5.53],[32.46,3.5],[32.23,1.92],[20.18,-5.18],[14.89,-5.58],[12.16,-6.25],[5.33,-3.84],[5.97,-2.34],[9.18,-0.49],[7.15,4.3],[7.09,7.84],[9.11,17.52],[10.47,20.17],[12.07,18.77],[14.47,17.78],[14.71,16.73],[17.28,15.07],[18.36,15.44],[18.66,16.74],[20.43,17.18],[21.46,16.21],[22.86,15.78],[22.96,15.31],[26.21,14.09],[27.46,14.61],[28.55,14.41],[29.13,12.76]]]}},{"type":"Feature","properties":{},"geometry":{"type":"Polygon","coordinates":[[[33.22,19.52],[32.02,20.01],[30.27,19.79],[28.8,21.19],[28.53,20.75],[27.76,20.78],[27.09,21.85],[26.15,21.97],[27.05,22.05],[26.17,22.29],[26.58,23.21],[26.02,23.74],[29.16,24.3],[30.08,24.07],[31.02,22.97],[32.44,23.15],[36.12,22.33],[38.48,20.04],[35.41,20.26],[33.22,19.52]]]}},{"type":"Feature","properties":{},"geometry":{"type":"Polygon","coordinates":[[[25.18,-25.69],[24.76,-26.15],[21.01,-22.4],[20.6,-20.44],[21.19,-17.2],[24.42,-12.88],[29.13,-11.83],[28.43,-13.56],[28.47,-16.97],[26.88,-22.34],[26.85,-24.6],[25.18,-25.69]]]}},{"type":"Feature","properties":{},"geometry":{"type":"Polygon","coordinates":[[[30.68,11.78],[29.74,10.42],[28.21,14.45],[29.45,13.8],[30.82,14.23],[32.55,16.81],[33.01,18.76],[32.8,16.87],[30.68,11.78]]]}},{"type":"Feature","properties":{},"geometry":{"type":"Polygon","coordinates":[[[32.23,1.92],[32.4,1.15],[33.34,0.36],[34.16,-2.66],[34.42,-2.34],[35.29,-7.03],[31.83,-10.33],[31.43,-11.94],[28.7,-12.01],[25.39,-12.77],[20.83,-6.09],[20.56,-4.97],[32.23,1.92]]]}},{"type":"Feature","properties":{},"geometry":{"type":"Polygon","coordinates":[[[28.25,31.14],[28.14,31.54],[29.97,31.45],[31.8,32.42],[33.27,32.54],[34.53,31.74],[37.93,31.55],[39.22,32.46],[38.94,33.29],[42.55,32.45],[44.18,31.35],[40.72,31.64],[37.49,30.65],[33.44,31.58],[28.25,31.14]]]}},{"type":"Feature","properties":{},"geometry":{"type":"Polygon","coordinates":[[[33.45,35.46],[32.25,34.81],[31.73,34.98],[33.45,35.46]]]}},{"type":"Feature","properties":{},"geometry":{"type":"Polygon","coordinates":[[[37.17,34.28],[34.49,35.67],[35.78,36.54],[35.35,37.22],[36.12,37.22],[36.61,37.86],[33.05,36.52],[33.18,36.94],[33.06,36.2],[33.56,35.74],[34.52,35.87],[34.3,35.54],[31.87,35.06],[31.58,35.89],[30.92,35.76],[32,36.33],[30.26,36.66],[30.04,36.93],[30.82,36.85],[30.44,37.23],[28.45,36.15],[28.45,35.18],[27.88,35.06],[25.7,36.64],[23.98,39.16],[18.82,42.99],[16.01,44.41],[18.94,45.15],[19.42,44.64],[20.21,44.92],[19.78,44.52],[20.64,44.97],[20.26,45.22],[21.2,46.01],[20.74,45.25],[21.3,45.21],[21.15,46.84],[21.72,47.84],[22.45,48.04],[23.27,47.24],[23.89,47.53],[24.02,48.61],[23.35,48.63],[23.17,49.51],[28.39,50.18],[27.16,50.66],[27.21,51.08],[22.71,50.08],[22.8,50.61],[21.55,50.88],[21.8,51.83],[21.36,53.08],[23.95,55.09],[24.53,55.11],[24.31,55.9],[21.88,56.04],[22.2,55.83],[21.31,55.13],[21.76,54.72],[21.04,54.08],[19.08,53.08],[18.7,53.49],[18.97,52.97],[18.46,52.8],[18.23,51.01],[19.71,50.05],[18.81,49.75],[19.2,49.48],[18.74,49.17],[18.57,49.49],[18.43,49.1],[17.38,48.98],[17.97,48.81],[17.46,48.83],[17.88,48.5],[17.44,47.01],[16.98,46.42],[15.74,46.33],[15.59,45.76],[14.47,45.79],[14.23,46.72],[14.65,46.99],[13.75,48.16],[13.96,48.79],[13.43,48.81],[13.18,50.37],[12.74,50.22],[12.72,49.52],[12.13,49.64],[11.01,48.67],[10.05,48.58],[9.02,49.19],[9,49.69],[9.54,49.47],[9.85,49.67],[9.25,49.71],[9.88,50.17],[8.77,50.17],[10.38,51.08],[9.27,50.63],[9.32,51.03],[8.85,51.03],[9.39,51.37],[8.97,51.2],[8.74,51.48],[9.25,51.52],[8.86,51.73],[10.44,51.46],[10.94,51.8],[9,51.77],[9.35,52.02],[8.91,51.99],[9.24,52.14],[8.91,52.41],[10.35,52.47],[9.05,52.85],[9.97,52.67],[9.7,52.85],[10.33,53.05],[10.66,52.68],[10,53.19],[11.46,53.23],[10.58,53.31],[10.85,53.59],[11.76,53.2],[11.31,53.58],[11.89,53.35],[11.54,53.67],[12.78,54.14],[12.83,53.8],[13.56,53.88],[14.08,54.55],[13.05,53.98],[12.64,54.21],[15.37,55.72],[14.64,55.65],[15.61,56.22],[15.27,56.49],[16.36,56.7],[15.51,56.58],[16.08,56.99],[15.69,57.12],[16.27,57.18],[15.93,57.34],[17.38,57.45],[16.55,57.63],[17.62,57.72],[17.21,57.99],[17.7,58.05],[16.94,58.2],[17.83,58.61],[18.18,58.15],[17.98,58.66],[19.22,58.73],[18.19,58.84],[19.07,58.99],[18.77,59.08],[19.46,59.78],[20.42,59.51],[20.15,60.04],[20.57,60.1],[20.5,59.71],[21,60.24],[20.68,59.56],[21.62,60.3],[22.24,60.02],[21.81,60.6],[23.15,60.25],[22.96,60.49],[23.99,60.91],[23.95,61.27],[24.81,61.15],[24.2,60.33],[25.24,61.23],[25.24,60.63],[26.01,61.09],[25.7,61.32],[26.35,61.39],[26.16,60.72],[26.88,61.19],[28.36,60.69],[26.66,60.48],[27.44,60.29],[27.33,59.97],[29.11,60.29],[29.85,60.09],[29.15,60.09],[29.25,59.76],[30.15,59.77],[29.87,59.42],[31.8,59.61],[35.7,58.29],[36.02,57.42],[34.29,56.57],[29.2,57.48],[30.62,56.79],[30.12,56.62],[31.49,56.29],[31.14,55.77],[31.59,54.92],[33.67,54.27],[34.06,54.83],[32.88,55.17],[33.04,55.6],[34.23,55.35],[34,55.08],[35.9,55.11],[35.17,55.89],[35.82,56.57],[36.84,57.16],[38.37,56.61],[38.42,57.64],[37.8,57.96],[38.06,58.76],[37.13,59.34],[39.59,58.94],[39.77,58.64],[38.56,58.06],[39.49,57.62],[40.67,57.77],[40.68,58.48],[41.54,58.57],[41.13,58.84],[43.76,59.46],[43.58,59.71],[44.59,60.17],[45.08,60.23],[44.42,60.09],[44.83,59.62],[44.32,59.31],[44.99,59.22],[48.16,60.52],[49.04,59.98],[49.01,60.33],[49.91,60.51],[48.84,61.17],[49.18,61.53],[51.86,61.43],[55.7,60.51],[55.85,59.22],[53.06,55.98],[54.81,49.07],[54.62,47.81],[53.27,45.97],[52.78,41.16],[51.39,40.08],[45.88,38.47],[40.62,34.03],[37.17,34.28]]]}},{"type":"Feature","properties":{},"geometry":{"type":"Polygon","coordinates":[[[11.06,45.67],[10.63,46.13],[10.86,47.31],[12.91,48.21],[12.44,47.19],[13.04,46.9],[11.83,46.22],[11.94,45.44],[11.06,45.67]]]}},{"type":"Feature","properties":{},"geometry":{"type":"Polygon","coordinates":[[[26.1,28.87],[26.22,29.85],[25.43,29.76],[25.53,30.28],[28.85,31.08],[28.25,31.14],[33.44,31.58],[36.24,30.82],[32.23,30.3],[30.92,29.63],[29.52,30.3],[28.52,30.18],[26.1,28.87]]]}},{"type":"Feature","properties":{},"geometry":{"type":"Polygon","coordinates":[[[22.09,24.63],[22.31,23.21],[22.01,23.44],[21.55,23.02],[22.61,22.22],[22.61,21.72],[21.74,22.03],[22.06,21.48],[21.42,21.72],[21.54,21.03],[20.91,20.85],[20.81,21.29],[20.4,21.17],[20.18,22.36],[20.87,22.63],[21.97,22.22],[20.25,22.76],[20.07,23.32],[20.43,23.44],[19.29,25.11],[19.89,26.4],[17.43,28.69],[17.03,30.46],[16.7,30.79],[16.18,30.31],[16.22,31.36],[15.29,31.34],[14.8,30.08],[15.58,29.19],[15.59,28.33],[16.28,27.34],[17.12,27.12],[16.84,26.72],[18.55,24.94],[18.26,24.73],[17.32,25.55],[16.81,24.99],[17.15,24.08],[15.72,23.32],[16.34,24.15],[16.2,25.4],[13.19,28.58],[12.94,30.27],[11.99,31.02],[10.85,30.65],[10.46,31.22],[10.7,32.86],[14.49,33.74],[19.47,33.13],[18.21,31.28],[20.6,27.9],[22.09,24.63]]]}},{"type":"Feature","properties":{},"geometry":{"type":"Polygon","coordinates":[[[9.3,34.39],[7.96,33.7],[6.18,34.33],[5.21,33.5],[1.32,34.67],[1.83,36.56],[2.28,36.05],[1.76,36.74],[1.93,37.34],[0.72,38.78],[-0.69,39.04],[-0.98,39.32],[-0.47,39.54],[-0.94,39.81],[1.99,39.69],[1.63,40.81],[3.03,40.25],[3.89,40.77],[6.06,39.67],[8.29,39.42],[12.54,41.76],[15.52,42.36],[20.03,41.94],[22.46,40.01],[19.65,39.62],[17.38,38.58],[12.61,38.24],[10.2,37.59],[8.47,36.5],[8.73,34.86],[9.3,34.39]]]}},{"type":"Feature","properties":{},"geometry":{"type":"Polygon","coordinates":[[[3.89,40.77],[4.75,41.06],[4.76,41.75],[7.04,42.09],[6.39,42.31],[7.41,42.43],[6.91,42.71],[7.62,43.67],[8.07,43.39],[7.6,43.11],[7.89,43.02],[8.38,43.98],[9.7,43.84],[9.64,44.2],[10.28,44.29],[10.78,43.92],[10.96,44.44],[11.89,44.04],[10.92,44.86],[11.32,45.01],[10.72,45.31],[11.06,45.67],[11.94,45.44],[12.2,44.81],[13.03,44.85],[12.7,44.37],[14.18,44.91],[15.81,43.96],[16.01,44.41],[16.79,44.09],[20.03,41.94],[14.18,42.21],[8.29,39.42],[6.06,39.67],[3.89,40.77]]]}},{"type":"Feature","properties":{},"geometry":{"type":"Polygon","coordinates":[[[27.81,34.85],[27.59,33.87],[27,33.43],[22.93,33.47],[22.26,34.43],[22.48,35.12],[25.13,35.82],[25.7,36.64],[27.81,34.85]]]}},{"type":"Feature","properties":{},"geometry":{"type":"Polygon","coordinates":[[[-11.92,76.1],[-13.66,75.97],[-11.14,76.26],[-11.92,76.1]]]}},{"type":"Feature","properties":{},"geometry":{"type":"Polygon","coordinates":[[[-9.52,74.13],[-9.19,73.77],[-9.5,73.61],[-10.75,74.13],[-9.52,74.13]]]}},{"type":"Feature","properties":{},"geometry":{"type":"Polygon","coordinates":[[[-9.76,77.17],[-13.4,77.6],[-10.59,77.84],[-9.76,77.17]]]}},{"type":"Feature","properties":{},"geometry":{"type":"Polygon","coordinates":[[[22.91,68.51],[23.57,67.85],[21.67,67.73],[22.1,68.19],[21.71,68.4],[22.91,68.51]]]}},{"type":"Feature","properties":{},"geometry":{"type":"Polygon","coordinates":[[[22.05,68.87],[22.48,68.64],[21.36,68.77],[22.05,68.87]]]}},{"type":"Feature","properties":{},"geometry":{"type":"Polygon","coordinates":[[[-6.83,77.24],[-8.87,77.05],[-8.49,77.41],[-9.03,77.48],[-8.63,77.85],[-6.83,77.24]]]}},{"type":"Feature","properties":{},"geometry":{"type":"Polygon","coordinates":[[[-6.46,74.61],[-8.46,74.09],[-9.77,74.48],[-6.17,74.88],[-6.46,74.61]]]}},{"type":"Feature","properties":{},"geometry":{"type":"Polygon","coordinates":[[[-4.3,76],[-6.32,75.73],[-5.37,75.6],[-7.18,75.1],[-10.32,75.05],[-8.31,75.71],[-8.9,76.05],[-6.91,75.86],[-5.26,76.32],[-4.3,76]]]}},{"type":"Feature","properties":{},"geometry":{"type":"Polygon","coordinates":[[[65.23,74.32],[66.51,73.82],[66.48,74.29],[68.04,74.16],[68.87,73.72],[66.62,72.81],[65.03,74.04],[65.59,74.13],[65.23,74.32]]]}},{"type":"Feature","properties":{},"geometry":{"type":"Polygon","coordinates":[[[19.51,70.38],[20.36,70.03],[20.11,69.67],[20.48,69.92],[22.12,69.04],[20.7,68.77],[19.98,67.82],[19.11,70.02],[19.51,70.38]]]}},{"type":"Feature","properties":{},"geometry":{"type":"Polygon","coordinates":[[[19.98,67.82],[18.93,66.89],[18.52,67.21],[19.12,67.33],[17.73,67.88],[19.03,67.75],[18.22,68],[19.55,68.24],[17.79,68.07],[17.65,68.41],[19.57,68.68],[19.98,67.82]]]}},{"type":"Feature","properties":{},"geometry":{"type":"Polygon","coordinates":[[[19.4,69.04],[17.34,68.57],[17.07,68.87],[17.55,68.91],[16.64,69.36],[17.25,69.29],[16.84,69.46],[17.15,69.68],[16.6,69.51],[16.45,69.94],[18.18,70.23],[17.37,69.95],[18.18,69.62],[18.62,70.13],[19.4,69.04]]]}},{"type":"Feature","properties":{},"geometry":{"type":"Polygon","coordinates":[[[58.23,73.76],[59.58,73.68],[57.76,73.66],[58.23,73.76]]]}},{"type":"Feature","properties":{},"geometry":{"type":"Polygon","coordinates":[[[60.76,74.36],[61.95,73.9],[61.64,74.4],[63.08,74.37],[64.83,73.52],[59.73,73.45],[60.27,73.79],[59.72,74.09],[60.76,74.36]]]}},{"type":"Feature","properties":{},"geometry":{"type":"Polygon","coordinates":[[[40.12,71.45],[40.41,71.18],[39.63,71.35],[40.12,71.45]]]}},{"type":"Feature","properties":{},"geometry":{"type":"Polygon","coordinates":[[[38.27,71.31],[38.68,71.19],[37.79,71.13],[38.27,71.31]]]}},{"type":"Feature","properties":{},"geometry":{"type":"Polygon","coordinates":[[[40.54,71.62],[41.31,71.54],[40.03,71.54],[40.54,71.62]]]}},{"type":"Feature","properties":{},"geometry":{"type":"Polygon","coordinates":[[[22.93,70.71],[23.03,70.39],[25.12,70.34],[23.27,69.5],[21.4,69.75],[22.27,70.06],[20.74,70.01],[20.41,70.21],[20.86,70.34],[20.24,70.43],[21.21,70.43],[20.93,70.64],[21.28,70.79],[22.54,70.26],[22.93,70.71]]]}},{"type":"Feature","properties":{},"geometry":{"type":"Polygon","coordinates":[[[35.09,71.53],[35.77,71.39],[33.87,71.2],[35.09,71.53]]]}},{"type":"Feature","properties":{},"geometry":{"type":"Polygon","coordinates":[[[42.19,72.17],[42.2,71.68],[40.99,71.99],[42.19,72.17]]]}},{"type":"Feature","properties":{},"geometry":{"type":"Polygon","coordinates":[[[36.6,71.73],[37.21,71.56],[35.94,70.81],[34.97,70.97],[36.6,71.73]]]}},{"type":"Feature","properties":{},"geometry":{"type":"Polygon","coordinates":[[[43.09,72.64],[43.67,72.43],[42.42,72.14],[43.09,72.64]]]}},{"type":"Feature","properties":{},"geometry":{"type":"Polygon","coordinates":[[[55.43,74.61],[55.92,74.59],[55.07,74.51],[55.43,74.61]]]}},{"type":"Feature","properties":{},"geometry":{"type":"Polygon","coordinates":[[[57.69,75.07],[60.62,74.42],[57.61,73.87],[58.11,74.05],[57.01,74.58],[57.69,75.07]]]}},{"type":"Feature","properties":{},"geometry":{"type":"Polygon","coordinates":[[[3.72,74.33],[-0.38,73.3],[0.74,73.29],[-2.16,73.05],[-1.59,72.76],[-2.55,72.52],[-5.11,72.83],[-4.05,73.03],[-6.96,72.91],[-5.65,73.27],[-7.04,73.03],[-6.65,73.24],[-7.44,73.56],[-6.21,73.56],[-6.35,73.89],[-5.06,74.17],[-3.73,73.56],[-3.9,73.92],[-3.12,73.91],[-4.08,74.39],[-2.48,74.29],[-2.8,74.57],[-1.99,74.73],[-1.01,74.77],[-1.38,74.35],[-0.29,74.77],[0.68,74.68],[0.57,74.31],[1.58,74.62],[3.72,74.33]]]}},{"type":"Feature","properties":{},"geometry":{"type":"Polygon","coordinates":[[[38.93,72.44],[39.67,72.39],[38.51,72.25],[38.93,72.44]]]}},{"type":"Feature","properties":{},"geometry":{"type":"Polygon","coordinates":[[[5.64,69.08],[5.31,69.27],[5.76,69.4],[5.64,69.08]]]}},{"type":"Feature","properties":{},"geometry":{"type":"Polygon","coordinates":[[[8.21,68.95],[7.38,68.43],[7.75,69.09],[8.21,68.95]]]}},{"type":"Feature","properties":{},"geometry":{"type":"Polygon","coordinates":[[[11.54,71.57],[11.16,71.39],[11.51,71.1],[10.29,71.25],[11.68,70.92],[10.48,70.19],[8.52,70.34],[7.35,70.78],[7.59,70.98],[7.15,70.8],[7.53,70.54],[5.69,70.82],[8.05,70.28],[3.26,70.44],[2.79,70.8],[2.39,70.72],[2.9,70.45],[1.72,70.44],[1.26,70.61],[1.49,70.95],[0.82,70.63],[-0.88,71.37],[-0.39,70.7],[-0.84,70.62],[-1.24,71.26],[-1.12,70.92],[-2.04,71.18],[-1.48,71],[-1.54,70.58],[-3.87,70.37],[-4.95,70.82],[-6.44,70.56],[-7.23,70.85],[-7.05,71.27],[-7.82,71.29],[-7.14,70.67],[-8.02,70.38],[-7.29,70.35],[-8.84,70.12],[-10.6,70.52],[-9.75,70.59],[-9.94,70.91],[-9.5,71.09],[-10.54,71],[-9.93,71.24],[-11.51,71.4],[-11.45,71.83],[-11.93,71.91],[-11.6,72.05],[-12.31,72.17],[-11.31,72.38],[-12.42,72.3],[-11.24,72.61],[-9.43,72.13],[-7.75,72.7],[-7.37,72.34],[-8.48,71.74],[-5.62,71.63],[-7.9,71.89],[-5.41,72.21],[-6.72,72.65],[-5.84,72.74],[-3.69,72.45],[-4.18,71.82],[-2.65,71.85],[-3.25,71.98],[-3.29,72.42],[0.53,73.08],[0.77,72.65],[-0.81,71.9],[1.09,72.55],[2.69,71.81],[2.51,72.12],[3.83,71.67],[3.51,72.05],[5.56,71.9],[2.49,72.29],[1.8,72.58],[2.75,72.69],[1.35,73.06],[3.97,72.64],[1.49,73.31],[2.32,73.67],[4.07,73.01],[2.63,73.72],[4.51,73.42],[3.84,73.87],[5.05,73.89],[4.33,74.04],[4.73,74.12],[6.6,73.62],[5.91,73.42],[6.49,73.45],[6.06,73.1],[8.08,73.28],[6.77,72.93],[7.58,72.92],[6.4,72.35],[7.94,72.94],[9.44,72.87],[9.02,72.63],[10.12,72.43],[8.72,72.12],[10.34,72.4],[10.78,72.06],[9.96,71.75],[11.54,71.57]]]}},{"type":"Feature","properties":{},"geometry":{"type":"Polygon","coordinates":[[[-17.25,54.82],[-16.22,55.17],[-17.04,55.16],[-16.47,55.58],[-16.83,55.71],[-15.21,55.65],[-16.75,55.74],[-16.53,56.14],[-16.91,56.19],[-15.68,56.2],[-16.83,56.49],[-14.13,56.59],[-16.89,56.6],[-15.33,56.96],[-16.21,57.52],[-13.86,56.9],[-16.03,57.62],[-14.85,57.86],[-13.38,57.15],[-13.98,57.56],[-13.13,57.47],[-13.85,57.56],[-13.55,57.74],[-15.66,57.85],[-14.76,58.19],[-14.19,57.92],[-14.76,58.34],[-13.05,57.53],[-13.61,58.01],[-12.94,58.16],[-14.68,58.49],[-13,58.27],[-12.51,58.76],[-12.13,58.45],[-11.9,58.82],[-12.47,58.82],[-11.14,59.37],[-12.32,59.76],[-12.98,60.68],[-11.92,60.49],[-11.01,59.69],[-11.24,60.02],[-10.62,60.22],[-11.08,60.53],[-10.5,60.35],[-11.14,60.66],[-10.54,60.69],[-11.25,60.75],[-10.25,60.81],[-11.21,61.04],[-10.15,61.05],[-11.03,61.33],[-10.39,61.47],[-12.26,61.3],[-12.48,61.77],[-11.44,61.8],[-11.97,61.98],[-10.39,62.48],[-10.66,62.89],[-9.96,62.99],[-10.09,63.4],[-9.3,63.89],[-10.09,63.96],[-9.1,63.98],[-8.9,65.16],[-8.19,65.4],[-9.27,66.7],[-10.78,66.79],[-10.44,67.01],[-10.94,67.2],[-11.43,66.89],[-11.96,67.37],[-11.87,67.76],[-10.58,67.67],[-11.14,67.9],[-10.79,68.18],[-11.44,68.21],[-11.28,68.48],[-8.77,67.77],[-8.09,67.99],[-9.5,68.38],[-9.67,68.64],[-9.14,68.58],[-9.55,68.79],[-9.04,68.79],[-9.62,68.93],[-9.33,69.47],[-4.53,68.94],[-1.66,69.35],[-3.07,69.63],[-2.51,69.86],[0.41,69.83],[-0.25,69.48],[2.85,69.94],[3.28,69.72],[2.75,69.1],[3.43,69.86],[5.51,69.56],[3.97,68.95],[5.2,69.18],[5.17,68.57],[6.68,69.32],[7.06,69.13],[6.94,68.17],[7.9,68.56],[8.43,68.3],[8.52,69.02],[9.63,68.3],[9.67,68.73],[8.95,68.98],[9.46,68.94],[9.28,69.26],[10.11,69.17],[10.36,68.41],[11.47,68.59],[11.12,68.78],[11.48,68.96],[12.78,68.81],[14.67,67.97],[11.22,68.16],[14.62,67.84],[13.92,67.53],[15.07,67.11],[10.51,67.15],[13.38,66.76],[12.15,66.38],[14.51,66.63],[12.02,65.45],[16.09,66.1],[17.23,65.54],[15.11,64.95],[13.11,65.22],[14.87,64.78],[12.83,64.79],[12.68,64.39],[14,64.48],[10.6,63.03],[10.1,62.44],[10.88,62.84],[11.36,62.49],[10.41,62.41],[11.38,62.01],[11,61.48],[9.64,62.03],[10.16,61.8],[9.04,61.79],[9.22,61.23],[10,61.14],[8.88,61.05],[9.89,60.6],[9.41,60.08],[8.27,60.71],[8.95,60.15],[8.02,60.34],[8.83,60.08],[8.34,59.76],[9.28,59.4],[7.81,59.79],[8.53,59.23],[7.43,59.54],[7.29,58.87],[7.62,59.24],[8.26,58.94],[7.99,58.62],[6.75,58.55],[6.17,59.1],[7.08,58.89],[5.89,59.02],[5.54,59.53],[5.76,59.02],[3.92,58.97],[5.25,58.62],[3.88,58.68],[5.19,58.23],[4.14,58.13],[4.71,58.02],[4.31,57.71],[5.07,57.99],[5.89,57.27],[5.38,57.07],[6.11,57.06],[5.59,56.86],[6.05,56.72],[5.48,56.45],[5.86,56.41],[5.5,55.8],[5.11,55.89],[5.28,56.29],[4.56,55.99],[4.39,56.96],[2.64,58.12],[3.13,57.61],[2.4,57.58],[3.93,57.04],[2.43,57.15],[1.22,56.66],[2.83,56.24],[1.37,56.25],[1.99,55.98],[3.47,56.16],[5.11,55.56],[1.81,54.64],[-1.26,54.63],[-1.88,55.37],[-2.02,54.66],[-4.59,53.57],[-5.3,53.82],[-5.32,53.49],[-6.42,53.72],[-6.6,53.39],[-6.93,53.61],[-6.22,53.89],[-6.59,54.12],[-7.32,53.44],[-9.54,53.43],[-9.55,52.62],[-10.38,52.72],[-9.84,52.43],[-10.06,52.01],[-10.61,52.34],[-10.28,51.95],[-11.14,52.05],[-11.03,51.63],[-11.57,51.75],[-11.3,51.48],[-12.42,51.6],[-11.96,51.09],[-12.45,51.36],[-12.16,50.73],[-12.83,50.65],[-12.43,50.47],[-13.35,50.31],[-13.07,49.98],[-13.73,50.19],[-13.13,49.96],[-13.83,49.9],[-13.52,49.53],[-14.43,49.83],[-13.99,49.13],[-14.49,49.59],[-15.43,49.51],[-14.65,49.83],[-15.43,49.56],[-14.66,50.02],[-15.73,50.12],[-15.01,50.29],[-15.79,50.33],[-14.79,50.54],[-15.57,50.45],[-15.12,50.78],[-17.17,50.78],[-16.61,51.19],[-17.37,51.48],[-16.71,51.43],[-17.42,51.65],[-16.87,51.59],[-17.22,51.78],[-16.76,51.95],[-17.34,51.93],[-16.76,52.05],[-17.42,52.15],[-16.94,52.31],[-17.5,52.72],[-16.67,53.1],[-17.33,52.98],[-16.79,53.32],[-17.43,53.63],[-16.74,53.49],[-17.44,53.75],[-16.78,53.8],[-17.46,54.04],[-16.39,54.3],[-17.22,54.52],[-15.96,54.44],[-16.12,54.75],[-15.65,54.25],[-15.63,54.78],[-15.92,55.31],[-16.03,54.81],[-17.25,54.82]]]}}]}
