{"type":"FeatureCollection","features":[{"type":"Feature","properties":{},"geometry":{"type":"Polygon","coordinates":[[[123.99,-81.23],[123.64,-81.06],[124.1,-80.63],[125.83,-80.24],[129.19,-80.5],[125.71,-81.34],[123.99,-81.23]]]}},{"type":"Feature","properties":{},"geometry":{"type":"Polygon","coordinates":[[[145.31,-81.65],[144.86,-81.41],[145.65,-81.46],[145.31,-81.65]]]}},{"type":"Feature","properties":{},"geometry":{"type":"Polygon","coordinates":[[[116.5,-75.24],[117.37,-75.57],[114.79,-75.43],[116.07,-74.95],[116.5,-75.24]]]}},{"type":"Feature","properties":{},"geometry":{"type":"Polygon","coordinates":[[[147.38,-82.14],[146.77,-82.04],[148.6,-81.98],[147.38,-82.14]]]}},{"type":"Feature","properties":{},"geometry":{"type":"Polygon","coordinates":[[[-39.46,-83.27],[-30.29,-83.54],[-35.92,-84.28],[-40.59,-83.75],[-39.46,-83.27]]]}},{"type":"Feature","properties":{},"geometry":{"type":"Polygon","coordinates":[[[147.63,-81.7],[146.85,-81.48],[148.45,-81.44],[147.63,-81.7]]]}},{"type":"Feature","properties":{},"geometry":{"type":"Polygon","coordinates":[[[158.92,-81.46],[158.61,-81.35],[159.39,-81.33],[158.92,-81.46]]]}},{"type":"Feature","properties":{},"geometry":{"type":"Polygon","coordinates":[[[-173.75,-82.65],[-173.31,-82.63],[-175.81,-82.6],[-173.75,-82.65]]]}},{"type":"Feature","properties":{},"geometry":{"type":"Polygon","coordinates":[[[-167.66,-83.36],[-168.16,-83.15],[-166.05,-83.22],[-167.66,-83.36]]]}},{"type":"Feature","properties":{},"geometry":{"type":"Polygon","coordinates":[[[-140.83,-83.88],[-144.6,-83.93],[-139.36,-83.77],[-140.83,-83.88]]]}},{"type":"Feature","properties":{},"geometry":{"type":"Polygon","coordinates":[[[-154.08,-82.98],[-145.89,-83.51],[-150.91,-83.86],[-156.38,-83.57],[-154.08,-82.98]]]}},{"type":"Feature","properties":{},"geometry":{"type":"Polygon","coordinates":[[[-52.22,-79.69],[-51.67,-79.94],[-52.55,-79.74],[-52.22,-79.69]]]}},{"type":"Feature","properties":{},"geometry":{"type":"Polygon","coordinates":[[[-159.5,-82.16],[-158.28,-82.49],[-159.83,-82.86],[-157.34,-82.84],[-157.03,-83.18],[-159.76,-83.24],[-161.6,-82.84],[-161.38,-82.45],[-162.77,-82.49],[-159.5,-82.16]]]}},{"type":"Feature","properties":{},"geometry":{"type":"Polygon","coordinates":[[[-55.38,-79.67],[-53.58,-79.67],[-51.84,-80.27],[-55.69,-80.12],[-54.94,-79.93],[-55.85,-79.74],[-55.38,-79.67]]]}},{"type":"Feature","properties":{},"geometry":{"type":"Polygon","coordinates":[[[-58.92,-79.93],[-58.09,-80.11],[-60.36,-80.35],[-58.92,-79.93]]]}},{"type":"Feature","properties":{},"geometry":{"type":"Polygon","coordinates":[[[-80.93,-82.22],[-83.18,-81.74],[-81.33,-81.72],[-80.93,-82.22]]]}},{"type":"Feature","properties":{},"geometry":{"type":"Polygon","coordinates":[[[-101.27,-82.32],[-99.17,-82.35],[-101.61,-82.37],[-101.27,-82.32]]]}},{"type":"Feature","properties":{},"geometry":{"type":"Polygon","coordinates":[[[-98.41,-81.55],[-95.8,-81.83],[-95.6,-81.4],[-94.01,-81.36],[-93.47,-81.5],[-95.1,-81.78],[-91.35,-81.81],[-97.49,-82.26],[-106.57,-82.07],[-98.41,-81.55]]]}},{"type":"Feature","properties":{},"geometry":{"type":"Polygon","coordinates":[[[-62.67,-76.74],[-61.56,-77.12],[-64.11,-77.04],[-62.67,-76.74]]]}},{"type":"Feature","properties":{},"geometry":{"type":"Polygon","coordinates":[[[-57.58,-75.41],[-50.52,-77.13],[-48.14,-78.33],[-51.38,-79.04],[-52.99,-78.96],[-50.87,-78.48],[-52.74,-78.18],[-55.78,-78.48],[-54.85,-78.54],[-55.02,-78.86],[-59.77,-78.57],[-56.48,-78.32],[-58.13,-78.15],[-54.18,-77.36],[-56.54,-76.98],[-54.86,-76.6],[-58.15,-76.52],[-59.79,-75.96],[-57.58,-75.41]]]}},{"type":"Feature","properties":{},"geometry":{"type":"Polygon","coordinates":[[[-57.96,-73],[-57.11,-73.47],[-57.39,-74.17],[-58.54,-73.97],[-58.55,-73.3],[-57.96,-73]]]}},{"type":"Feature","properties":{},"geometry":{"type":"Polygon","coordinates":[[[97.82,-58.81],[98.1,-59.71],[97.16,-59.66],[97.82,-58.81]]]}},{"type":"Feature","properties":{},"geometry":{"type":"Polygon","coordinates":[[[-56.89,-71.67],[-56.6,-71.96],[-57.01,-72.05],[-56.89,-71.67]]]}},{"type":"Feature","properties":{},"geometry":{"type":"Polygon","coordinates":[[[-55.41,-70.11],[-54.48,-70.31],[-56.08,-70.66],[-55.41,-70.11]]]}},{"type":"Feature","properties":{},"geometry":{"type":"Polygon","coordinates":[[[-54.51,-69.72],[-53.99,-69.8],[-54.06,-70.15],[-54.52,-70.25],[-54.51,-69.72]]]}},{"type":"Feature","properties":{},"geometry":{"type":"Polygon","coordinates":[[[-49.47,-68.79],[-48.29,-69.24],[-49.93,-69.14],[-49.47,-68.79]]]}},{"type":"Feature","properties":{},"geometry":{"type":"Polygon","coordinates":[[[-44.47,-83.81],[-41.22,-84.19],[-46.25,-84.31],[-25.44,-85.08],[-18.41,-85.05],[-23.55,-84.83],[-20.5,-84.68],[-10.16,-84.85],[7.92,-85.86],[38.14,-84.36],[56.5,-85.62],[60.99,-86.72],[68.51,-87.09],[65.57,-87.84],[53.82,-88.3],[5.02,-88.61],[-18.75,-88.3],[-42.05,-87.17],[-47.15,-86.21],[-56.54,-85.71],[-57.41,-84.71],[-49.62,-83.88],[-48.11,-83.46],[-48.36,-83.13],[-41.66,-83.16],[-44.47,-83.81]]]}},{"type":"Feature","properties":{},"geometry":{"type":"Polygon","coordinates":[[[-49.43,-68.17],[-48.51,-68.42],[-49.95,-68.73],[-50.24,-69.12],[-49.85,-69.63],[-51.03,-69.59],[-52.84,-70.92],[-52,-71.03],[-52.28,-71.52],[-50.23,-71.22],[-50.2,-71.56],[-52.49,-71.85],[-51.52,-72.28],[-53.42,-71.9],[-53.35,-72.56],[-52.64,-72.59],[-53.92,-72.84],[-53.58,-73.22],[-54.16,-73.31],[-53.62,-73.83],[-52.11,-73.88],[-52.67,-74.19],[-51.71,-74.42],[-49.33,-73.9],[-50.11,-74.23],[-45.37,-75.14],[-45.07,-75.56],[-43.85,-75.43],[-43.78,-75.89],[-41.87,-75.92],[-42.29,-76.04],[-40.39,-76.38],[-41.22,-76.75],[-38.69,-76.88],[-39.52,-77.03],[-38.98,-77.27],[-36.41,-77.16],[-35.59,-77.45],[-36.52,-77.51],[-34.01,-78.25],[-34.31,-78.57],[-32.99,-78.58],[-33.66,-78.83],[-32.61,-79.37],[-33.62,-79.81],[-32.16,-79.6],[-31.95,-79.96],[-34.33,-81.54],[-27.75,-81.66],[-27.93,-82.3],[-29.9,-82.87],[-29.54,-83.02],[-39.8,-82.7],[-41.66,-83.16],[-48.36,-83.13],[-63.3,-82.63],[-64.26,-81.79],[-60.5,-81.33],[-62.44,-81.01],[-60.68,-80.91],[-62.15,-80.61],[-57.51,-80.89],[-55.33,-80.51],[-54.36,-80.84],[-51.47,-80.36],[-45.44,-78.44],[-47.2,-77.53],[-54.94,-75.7],[-52.98,-75.03],[-54.28,-74.96],[-53.65,-74.82],[-54.77,-74.42],[-54.19,-74.28],[-55.47,-74.15],[-54.98,-74.03],[-55.53,-73.94],[-55.17,-73.6],[-56.42,-73.82],[-57,-73.48],[-56.48,-73.15],[-55.4,-73.42],[-56.45,-72.84],[-55.4,-72.74],[-56.05,-72.23],[-54.79,-71.91],[-55.32,-71.69],[-54.36,-71.32],[-55.14,-70.91],[-54.12,-70.9],[-54.54,-70.74],[-52.88,-70.18],[-53.1,-69.9],[-52.53,-69.76],[-52.84,-69.53],[-49.43,-68.17]]]}},{"type":"Feature","properties":{},"geometry":{"type":"Polygon","coordinates":[[[14.27,-82.13],[10.81,-81.29],[9.76,-80.04],[6.98,-78.15],[7.9,-77.47],[9.76,-77.51],[6.23,-76.67],[1.15,-77.27],[-1.51,-76.44],[-0.69,-75.42],[-1.25,-75.36],[-0.78,-75.36],[-1.2,-75.27],[-0.76,-75.25],[-0.65,-74.37],[-1.19,-74.35],[0.36,-73.3],[-0.39,-72.07],[0.9,-70.52],[4.15,-68.78],[4.05,-68.04],[2.47,-67.73],[3.9,-67.87],[3.87,-67.2],[3.42,-67.12],[4.09,-66.94],[5.58,-67.55],[6.52,-67.34],[5.4,-66.63],[5.76,-66.37],[6.63,-66.23],[7.28,-66.9],[9.26,-66.37],[8.58,-66.31],[8.34,-65.47],[10.07,-66.45],[11.55,-66.41],[13.78,-64.48],[28.14,-62.61],[34.03,-61.09],[33.64,-60.21],[34.13,-59.99],[37.96,-61.13],[38.6,-60.63],[38.37,-59.98],[40.23,-58.92],[42.3,-58.47],[42.67,-57.96],[43.99,-58.22],[44.72,-57.82],[43.96,-57.58],[44.59,-57.35],[45.05,-57.78],[45.84,-57.65],[45.31,-57.23],[45.5,-56.79],[47.74,-56.21],[49.13,-56.31],[50.43,-56.87],[49.68,-57.13],[51.8,-57.67],[59.45,-57.88],[59.63,-58.8],[58.94,-59.06],[59.57,-59.03],[58.89,-59.23],[59.45,-59.36],[58.62,-59.41],[58.46,-59.73],[59,-59.95],[58.22,-60.38],[60.49,-61.56],[62.03,-59.96],[63.62,-59.87],[65.19,-59.31],[65.28,-58.8],[66.17,-58.37],[70.06,-57.43],[75.51,-57.14],[79.69,-57.58],[80.68,-57.48],[80.68,-56.8],[81.83,-56.81],[81.62,-57.23],[82.22,-57.44],[83.81,-57.18],[85.31,-57.57],[87.79,-58.7],[91.51,-57.89],[92.17,-58.73],[93.4,-58.81],[94.3,-59.57],[96.95,-59.71],[96.79,-60.03],[101.06,-59.78],[101.97,-60.7],[103.03,-60.87],[104.05,-60.21],[103.83,-59.87],[107.28,-60.7],[108.45,-59.9],[108.69,-60.34],[108.2,-60.63],[108.96,-61.17],[114.81,-63.02],[116.57,-62.98],[116.38,-63.37],[114.98,-63.51],[117.35,-64.2],[116.35,-64.63],[118.94,-65],[118.82,-65.45],[121.18,-65.45],[121.64,-65.81],[121.31,-66.24],[124.24,-67.13],[124.73,-68.35],[128.94,-69.53],[128.57,-69.55],[129.57,-69.85],[129.35,-70.22],[130.25,-71.01],[130.89,-70.77],[130.63,-71.28],[126.33,-72.32],[124.09,-72.04],[121.84,-72.22],[121.26,-72.75],[119.67,-72.73],[120.18,-72.32],[118.68,-72.52],[118.18,-72.79],[119.31,-73.25],[117.21,-73.16],[114.24,-74.13],[114.59,-74.32],[113.22,-74.88],[113.71,-75.05],[111.64,-75.29],[113.57,-75.37],[112.64,-75.71],[113.13,-75.96],[112.8,-76.09],[111.25,-75.63],[107.43,-75.56],[100.85,-77.07],[99.11,-77.95],[97.57,-77.76],[97.14,-78.13],[98.75,-78.15],[97.12,-78.85],[94.94,-79.02],[95.81,-79.16],[94.01,-79.56],[95,-79.63],[92.93,-80.52],[85.8,-80.67],[93.68,-80.59],[90.56,-81.71],[90.87,-81.78],[85.38,-82.19],[84.69,-82.39],[85.61,-82.41],[82.83,-82.86],[85.08,-83.28],[80.23,-83.9],[93.17,-83.26],[107.37,-83.22],[107.16,-83.84],[107.86,-84.65],[72.07,-84.73],[53.03,-85.8],[22.93,-83.5],[14.27,-82.13]]]}},{"type":"Feature","properties":{},"geometry":{"type":"Polygon","coordinates":[[[179.99,-82.65],[179.99,-89.99],[-179.99,-89.99],[-179.99,-82.65],[-154.13,-84.08],[-137.41,-84.43],[-137,-84.3],[-137.2,-84.02],[-134.41,-83.83],[-133.64,-83.93],[-135.59,-84.15],[-132.77,-84.04],[-134.29,-84.37],[-132.1,-84.7],[-132.72,-84.9],[-128.07,-84.78],[-129.39,-84.63],[-127.9,-84.26],[-120.91,-84.9],[-116.81,-84.65],[-114.43,-84.88],[-114.96,-85.33],[-112.74,-85.35],[-110.22,-85.19],[-110.58,-84.99],[-109.92,-84.72],[-100.17,-85.15],[-96.1,-84.9],[-101.34,-84.38],[-98.6,-84.14],[-98.97,-83.96],[-104.48,-83.5],[-99.08,-83.32],[-99.36,-83.15],[-105.67,-83.34],[-108.21,-82.95],[-107.43,-82.77],[-90.19,-82.86],[-87.37,-82.53],[-88.01,-82.29],[-85.61,-82.52],[-77.68,-81.91],[-79.16,-81.53],[-78.41,-81.45],[-76.05,-81.48],[-76.11,-81.8],[-65.43,-81.52],[-64.28,-81.61],[-63.11,-82.98],[-61.61,-83.79],[-57.41,-84.71],[-56.54,-85.71],[-47.15,-86.21],[-42.05,-87.17],[-26.23,-88.07],[5.02,-88.61],[58.64,-88.21],[65.57,-87.84],[69.29,-87.04],[94.44,-86.07],[104.62,-85.16],[107.55,-84.48],[106.1,-84.3],[107.17,-84.24],[106.39,-83.43],[106.51,-82.81],[117.76,-82.74],[124.25,-83.9],[126.93,-83.37],[125.86,-82.83],[130.41,-82.05],[132.06,-81.15],[139.8,-80.17],[140.34,-80.23],[139.76,-80.54],[142.95,-80.89],[142,-81.14],[144.01,-81.3],[143.37,-81.93],[143.67,-82.05],[149.17,-82.4],[153.37,-82.09],[153.34,-81.68],[150.94,-81.18],[151.58,-81.11],[153.8,-81.17],[154.83,-81.89],[157.24,-81.44],[172.26,-82.31],[178.02,-82.08],[179.99,-82.65]]]}},{"type":"Feature","properties":{},"geometry":{"type":"Polygon","coordinates":[[[-47.52,-67.79],[-46.85,-67.87],[-48.52,-68.18],[-47.52,-67.79]]]}},{"type":"Feature","properties":{},"geometry":{"type":"Polygon","coordinates":[[[-52.24,-68.45],[-51.86,-68.48],[-53.62,-68.61],[-52.24,-68.45]]]}},{"type":"Feature","properties":{},"geometry":{"type":"Polygon","coordinates":[[[-50,-67.63],[-49.51,-67.69],[-51.12,-68.01],[-50,-67.63]]]}},{"type":"Feature","properties":{},"geometry":{"type":"Polygon","coordinates":[[[-45.61,-62.07],[-46.32,-62.2],[-45.03,-62.83],[-47.5,-62.26],[-45.61,-62.07]]]}},{"type":"Feature","properties":{},"geometry":{"type":"Polygon","coordinates":[[[-45.12,-62.06],[-43.84,-62.31],[-45.46,-62.09],[-45.12,-62.06]]]}},{"type":"Feature","properties":{},"geometry":{"type":"Polygon","coordinates":[[[-47.04,-61.98],[-46.4,-62.1],[-47.35,-62.16],[-47.04,-61.98]]]}},{"type":"Feature","properties":{},"geometry":{"type":"Polygon","coordinates":[[[-49.25,-61.01],[-48.57,-61.39],[-49.4,-61.29],[-49.25,-61.01]]]}},{"type":"Feature","properties":{},"geometry":{"type":"Polygon","coordinates":[[[-49.66,-60.91],[-49.57,-61.41],[-50.09,-61.12],[-49.66,-60.91]]]}},{"type":"Feature","properties":{},"geometry":{"type":"Polygon","coordinates":[[[-47.91,-60.66],[-47.95,-61.35],[-48.4,-61.21],[-47.91,-60.66]]]}},{"type":"Feature","properties":{},"geometry":{"type":"Polygon","coordinates":[[[-51,-60.4],[-49.93,-60.86],[-50.83,-61.15],[-50.57,-60.89],[-51.72,-60.75],[-51,-60.4]]]}},{"type":"Feature","properties":{},"geometry":{"type":"Polygon","coordinates":[[[-49.83,-59.71],[-48.95,-59.87],[-50.42,-60.1],[-49.95,-60.23],[-50.54,-60.35],[-50.23,-60.58],[-51.3,-60.17],[-50.58,-60.33],[-50.9,-59.87],[-49.83,-59.71]]]}},{"type":"Feature","properties":{},"geometry":{"type":"Polygon","coordinates":[[[-49.24,-61.49],[-47.51,-61.66],[-48.49,-61.21],[-46.44,-61.57],[-46.65,-61.84],[-46.15,-61.61],[-47.57,-60.95],[-46.56,-60.48],[-47.87,-60.46],[-47.39,-60.04],[-47.78,-59.87],[-46.53,-59.58],[-45.58,-59.8],[-45.11,-60.28],[-45.51,-60.4],[-44.06,-61.25],[-41.44,-61.87],[-43.19,-62.25],[-49.88,-61.56],[-49.24,-61.49]]]}},{"type":"Feature","properties":{},"geometry":{"type":"Polygon","coordinates":[[[-34.44,-58.58],[-35.61,-59.42],[-36.46,-59.25],[-35.19,-58.98],[-35.95,-58.58],[-34.44,-58.58]]]}},{"type":"Feature","properties":{},"geometry":{"type":"Polygon","coordinates":[[[-33.82,-58.53],[-32.43,-58.92],[-33.9,-59.03],[-33.54,-59.38],[-34.28,-59.23],[-33.98,-59.5],[-34.34,-59.59],[-34.85,-59.37],[-33.96,-59.06],[-33.82,-58.53]]]}},{"type":"Feature","properties":{},"geometry":{"type":"Polygon","coordinates":[[[-52.58,-57.68],[-52.33,-58.07],[-53,-57.95],[-52.58,-57.68]]]}},{"type":"Feature","properties":{},"geometry":{"type":"Polygon","coordinates":[[[-53.25,-56.96],[-52.68,-57.12],[-53.39,-57.38],[-53.25,-56.96]]]}},{"type":"Feature","properties":{},"geometry":{"type":"Polygon","coordinates":[[[-52.56,-56.41],[-52.99,-56.87],[-53.42,-56.24],[-52.73,-56.35],[-52.89,-55.8],[-52.24,-55.68],[-52.22,-56.88],[-52.71,-57.02],[-52.56,-56.41]]]}},{"type":"Feature","properties":{},"geometry":{"type":"Polygon","coordinates":[[[-52.42,-55.11],[-52.18,-55.61],[-52.8,-55.55],[-52.42,-55.11]]]}},{"type":"Feature","properties":{},"geometry":{"type":"Polygon","coordinates":[[[-53.14,-55.02],[-53.06,-55.66],[-53.44,-55.33],[-53.14,-55.02]]]}},{"type":"Feature","properties":{},"geometry":{"type":"Polygon","coordinates":[[[-51.77,-54.79],[-51.3,-54.87],[-52.14,-54.88],[-51.77,-54.79]]]}},{"type":"Feature","properties":{},"geometry":{"type":"Polygon","coordinates":[[[179.4,-74.48],[177.29,-74.25],[179.7,-74.21],[179.4,-74.48]]]}},{"type":"Feature","properties":{},"geometry":{"type":"Polygon","coordinates":[[[-51.08,-52],[-50.98,-52.29],[-51.57,-52.16],[-51.08,-52]]]}},{"type":"Feature","properties":{},"geometry":{"type":"Polygon","coordinates":[[[-50.11,-51.4],[-49.94,-51.76],[-50.61,-51.84],[-50.11,-51.4]]]}},{"type":"Feature","properties":{},"geometry":{"type":"Polygon","coordinates":[[[-134.44,-79.82],[-132.93,-79.98],[-135.55,-80.19],[-134.64,-79.95],[-135.76,-79.84],[-134.44,-79.82]]]}},{"type":"Feature","properties":{},"geometry":{"type":"Polygon","coordinates":[[[136.7,-73.88],[136.49,-74.29],[135.9,-74.19],[136.7,-73.88]]]}},{"type":"Feature","properties":{},"geometry":{"type":"Polygon","coordinates":[[[-50.96,-48.78],[-50.35,-49.29],[-50.9,-49.55],[-50.58,-50.17],[-51.29,-50.41],[-51.65,-50.21],[-50.96,-48.78]]]}},{"type":"Feature","properties":{},"geometry":{"type":"Polygon","coordinates":[[[130.96,-71.26],[136.46,-72.19],[135.73,-71.82],[139.22,-71.67],[139.4,-73.02],[138.31,-73.16],[137.9,-73.7],[138.38,-74.04],[136.34,-73.51],[136.65,-73.84],[135.84,-73.83],[135.24,-74.4],[133.03,-74.27],[133.65,-74.04],[131.44,-73.28],[131.38,-72.84],[132.28,-73.03],[130.69,-72.03],[130.96,-71.26]]]}},{"type":"Feature","properties":{},"geometry":{"type":"Polygon","coordinates":[[[157.61,-73.68],[158.37,-73.81],[157.31,-73.81],[158.11,-74.11],[157.6,-74.36],[157.87,-74.59],[161.27,-74.53],[159.85,-74.71],[161.04,-74.74],[159.99,-74.9],[160.3,-75.24],[157.04,-75.8],[138.32,-75.7],[149.36,-75.31],[157.61,-73.68]]]}},{"type":"Feature","properties":{},"geometry":{"type":"Polygon","coordinates":[[[-179.99,-73.01],[-175.84,-72.87],[-159.04,-74.7],[-163.42,-75.07],[-162.68,-75.28],[-163.08,-75.44],[-167.68,-74.79],[-174,-75.3],[-173.58,-75.42],[-176.88,-75.22],[-179.52,-74.44],[-178.79,-74.33],[-179.5,-74],[-178.86,-73.81],[-179.99,-73.49],[-179.24,-73.24],[-179.99,-73.01]]]}},{"type":"Feature","properties":{},"geometry":{"type":"Polygon","coordinates":[[[138.69,-70.54],[139.55,-71.04],[138.23,-70.68],[138.69,-70.54]]]}},{"type":"Feature","properties":{},"geometry":{"type":"Polygon","coordinates":[[[129.67,-70.13],[129.9,-70.49],[129.31,-70.69],[129.67,-70.13]]]}},{"type":"Feature","properties":{},"geometry":{"type":"Polygon","coordinates":[[[118.76,-65.19],[119.55,-65.55],[116.51,-65.25],[118.76,-65.19]]]}},{"type":"Feature","properties":{},"geometry":{"type":"Polygon","coordinates":[[[163.67,-67.92],[163.82,-68.51],[166.07,-68.9],[166.23,-69.61],[165.89,-69.71],[166.54,-70.16],[166.07,-70.17],[166.1,-70.74],[167.66,-71.08],[167.72,-70.35],[168.56,-70.67],[168.11,-70.79],[168.83,-71.61],[171.46,-72.13],[174.81,-71.95],[172.78,-72.91],[172.72,-73.32],[170.14,-73.28],[169.05,-74.17],[165.58,-75.11],[163.17,-75.32],[161.77,-74.88],[164.49,-74.05],[161.59,-72.76],[164.01,-72.5],[165.65,-71.09],[164.83,-70.13],[165.38,-70.36],[165.56,-70.06],[165.16,-70.01],[165.78,-69.98],[164.62,-70.04],[162.85,-67.89],[163.67,-67.92]]]}},{"type":"Feature","properties":{},"geometry":{"type":"Polygon","coordinates":[[[161.17,-54.19],[161.31,-54.47],[160.91,-54.38],[161.17,-54.19]]]}},{"type":"Feature","properties":{},"geometry":{"type":"Polygon","coordinates":[[[160.39,-53.39],[160.38,-53.87],[159.91,-53.52],[160.39,-53.39]]]}},{"type":"Feature","properties":{},"geometry":{"type":"Polygon","coordinates":[[[155.81,-51.97],[159.3,-54.89],[156.6,-53.44],[155.81,-51.97]]]}},{"type":"Feature","properties":{},"geometry":{"type":"Polygon","coordinates":[[[124.88,-43.53],[125.08,-44.21],[124.26,-44.05],[124.88,-43.53]]]}},{"type":"Feature","properties":{},"geometry":{"type":"Polygon","coordinates":[[[33.25,-41.09],[32.78,-38.92],[33.5,-37.54],[35.59,-37.11],[36.05,-37.42],[35.95,-36.93],[36.86,-36.9],[36.72,-36.56],[37.91,-35.66],[37.72,-35.04],[38.15,-35.26],[38.81,-34.82],[38.71,-33.9],[39.4,-33.5],[40.13,-34.49],[40.77,-36.93],[40.49,-37.45],[39.76,-37.02],[40.02,-38.3],[36.49,-46.36],[33.84,-46.97],[32.48,-46.37],[31.6,-43.45],[33.25,-41.09]]]}},{"type":"Feature","properties":{},"geometry":{"type":"Polygon","coordinates":[[[117.3,-40.08],[117.49,-40.62],[116.78,-40.5],[117.3,-40.08]]]}},{"type":"Feature","properties":{},"geometry":{"type":"Polygon","coordinates":[[[117.41,-39.92],[118.76,-40.45],[117.89,-40.81],[117.41,-39.92]]]}},{"type":"Feature","properties":{},"geometry":{"type":"Polygon","coordinates":[[[126.44,-68.73],[122.81,-67.99],[121.9,-67.15],[122.4,-66.73],[122.24,-66.16],[121.15,-65.42],[122.36,-66.28],[122.15,-65.93],[119.6,-65.34],[120.92,-64.63],[120.42,-63.89],[119.26,-64.77],[117.48,-64.75],[118.8,-64.51],[119.23,-63.77],[120.49,-63.3],[120.64,-62.15],[120.42,-62.72],[116.26,-63.83],[116.02,-64.29],[114.76,-63.7],[115.46,-63.81],[115.39,-63.15],[114.92,-62.25],[114.05,-61.97],[114.53,-61.56],[113.84,-61.43],[113.8,-60.97],[111.41,-60.52],[110.06,-59.71],[101.54,-58.92],[98.27,-58.98],[96.45,-59.56],[91.18,-58.17],[87.5,-58.41],[85.21,-57.34],[84.63,-56.27],[85.16,-55.8],[86.24,-55.88],[87.61,-54.64],[87.82,-53.19],[88.68,-51.89],[88.72,-48.55],[89.25,-49.24],[89.58,-48.14],[89.37,-48.84],[89.73,-48.67],[89.62,-49.22],[89.92,-49.14],[90.29,-48.75],[90.16,-47.13],[92.62,-45.04],[92.3,-45.71],[96.65,-44.89],[97.58,-45.36],[102.45,-45.46],[104.75,-44.52],[104.89,-43.65],[106.21,-43.05],[106.48,-44.42],[107.31,-43.79],[106.81,-43.48],[107.09,-43.03],[108.74,-43.64],[108.07,-43.43],[108.86,-42.9],[108.34,-43.13],[108.42,-42.67],[108.87,-42.47],[109.5,-42.98],[109.1,-42.43],[109.95,-42.62],[109.64,-42.11],[110.41,-41.74],[110.68,-42.23],[111.04,-41.55],[111.18,-41.94],[112.18,-41.61],[112.8,-41.94],[113.56,-42.91],[112.77,-43.7],[113.26,-43.32],[113.43,-43.66],[113.92,-43],[115.13,-43.7],[115.64,-43.08],[115.14,-42.78],[116.62,-42.01],[116.91,-41.39],[117.41,-41.52],[117.28,-41.18],[117.7,-41.52],[118.28,-40.97],[120.14,-41.38],[120.23,-40.84],[119.08,-40.36],[119.4,-40.21],[121.95,-41.62],[123.29,-41.99],[124.22,-41.72],[123.83,-41.92],[124.37,-41.86],[124.25,-42.27],[125.09,-41.75],[125.53,-42.27],[124.77,-42.62],[124.98,-42.88],[123.94,-43.03],[123.71,-43.93],[122.35,-44.38],[123.23,-44.78],[122.79,-44.98],[123.28,-44.82],[124.47,-45.55],[124,-45.74],[129.32,-47.98],[131.43,-45.71],[131.24,-44.32],[132.18,-43.07],[131.58,-43.03],[132.38,-42.55],[132.49,-41.49],[133.04,-41.26],[134.15,-43.48],[134.31,-45.03],[135.35,-44.86],[136.43,-45.69],[136.39,-47.17],[137.14,-47.66],[137.44,-49.64],[141.08,-51.07],[141.32,-51.37],[140.97,-51.53],[142.16,-52.37],[142.39,-53.43],[143.06,-53.49],[143.02,-52.96],[143.94,-53.49],[143.99,-53.18],[144.35,-54.31],[143.68,-54.18],[145.79,-54.81],[147.72,-56.03],[148.26,-56.67],[148.11,-58.03],[149.31,-59.57],[148.82,-60.08],[148.53,-62.21],[147.56,-62.95],[147.92,-63.21],[146.38,-63.59],[145.92,-64.33],[144.88,-64.28],[145.74,-64.62],[144.45,-65.69],[144.93,-65.88],[143.48,-66.53],[143.3,-68.34],[138.26,-68.65],[137.8,-68.89],[138.88,-68.72],[134.96,-69.43],[135.53,-69.55],[135.28,-69.89],[133.16,-69.22],[133.49,-68.93],[131.65,-68.93],[132.7,-68.81],[132.4,-68.46],[129.06,-69.36],[126.44,-68.73]]]}},{"type":"Feature","properties":{},"geometry":{"type":"Polygon","coordinates":[[[128.7,-37.6],[129.07,-37.82],[128.64,-38.34],[127.41,-38.09],[128.7,-37.6]]]}},{"type":"Feature","properties":{},"geometry":{"type":"Polygon","coordinates":[[[127.69,9.74],[127.62,9.15],[126.87,8.7],[127.69,9.74]]]}},{"type":"Feature","properties":{},"geometry":{"type":"Polygon","coordinates":[[[123.24,-35.77],[123.6,-36.2],[123.13,-36.49],[123.24,-35.77]]]}},{"type":"Feature","properties":{},"geometry":{"type":"Polygon","coordinates":[[[123.8,-35.6],[123.76,-36],[123.38,-35.71],[123.8,-35.6]]]}},{"type":"Feature","properties":{},"geometry":{"type":"Polygon","coordinates":[[[121.34,4.87],[123.18,6.21],[123.88,6.1],[125.17,7.15],[125.14,7.94],[126.64,8.75],[127.5,8.45],[128.66,9.39],[129.31,8.82],[122.68,4.08],[122.46,4.44],[121.4,3.71],[121.34,4.87]]]}},{"type":"Feature","properties":{},"geometry":{"type":"Polygon","coordinates":[[[123.75,-35.18],[123.98,-35.63],[123.44,-35.61],[123.75,-35.18]]]}},{"type":"Feature","properties":{},"geometry":{"type":"Polygon","coordinates":[[[123.18,-30.89],[123.52,-31.55],[122.31,-30.86],[123.18,-30.89]]]}},{"type":"Feature","properties":{},"geometry":{"type":"Polygon","coordinates":[[[126.34,-31.84],[127.29,-32.55],[127.28,-33.27],[124.53,-31.48],[126.34,-31.84]]]}},{"type":"Feature","properties":{},"geometry":{"type":"Polygon","coordinates":[[[120.84,8.65],[121.4,8.84],[121.54,8.35],[121.25,8.07],[120.84,8.65]]]}},{"type":"Feature","properties":{},"geometry":{"type":"Polygon","coordinates":[[[127.71,-31.13],[127.62,-31.47],[127.05,-31.09],[127.71,-31.13]]]}},{"type":"Feature","properties":{},"geometry":{"type":"Polygon","coordinates":[[[118.84,7.74],[119.83,7.51],[120.29,7.86],[120.64,7.47],[118.86,6.78],[118.84,7.74]]]}},{"type":"Feature","properties":{},"geometry":{"type":"Polygon","coordinates":[[[128.67,-30.65],[128.54,-31.1],[128.35,-30.63],[128.67,-30.65]]]}},{"type":"Feature","properties":{},"geometry":{"type":"Polygon","coordinates":[[[142.75,-37.81],[144.34,-39.2],[144.08,-39.8],[145.93,-40.61],[146.3,-41.23],[144.49,-41.03],[137.49,-36.92],[131.4,-35.1],[131.79,-34.96],[130.5,-34.27],[131.01,-33.63],[129.94,-34.42],[128.95,-32.78],[130.54,-32.93],[130.81,-33.45],[131.51,-32.86],[129.57,-32.47],[129.61,-31.55],[128.47,-31.15],[130.37,-30.68],[132.09,-31.62],[131.62,-33.17],[132.21,-34.51],[136.19,-33.69],[142.75,-37.81]]]}},{"type":"Feature","properties":{},"geometry":{"type":"Polygon","coordinates":[[[138.94,-37.54],[141,-39.92],[141.9,-39.86],[141.81,-40.33],[142.88,-40.52],[142.63,-40.85],[143.95,-41.05],[143.26,-41.16],[143.7,-41.41],[140.02,-40.83],[137.47,-38.67],[135.87,-38.13],[135.36,-38.47],[134.69,-37.91],[135.07,-38.67],[134.24,-38.51],[134.66,-38.88],[132.81,-38.76],[134,-39.07],[134.29,-39.64],[131.39,-39.68],[130.05,-38.53],[130.33,-38.21],[128.78,-38.48],[129.1,-37.81],[128.59,-37.4],[129.81,-37.47],[128.47,-37.14],[129.3,-37.26],[128.38,-36.52],[128.54,-35.94],[128.06,-35.86],[127.67,-34.97],[124.29,-33.83],[130.58,-34.55],[138.94,-37.54]]]}},{"type":"Feature","properties":{},"geometry":{"type":"Polygon","coordinates":[[[128.97,-29.79],[129.41,-30.26],[128.25,-29.74],[128.97,-29.79]]]}},{"type":"Feature","properties":{},"geometry":{"type":"Polygon","coordinates":[[[115.84,8.31],[116.19,8.07],[115.76,7.92],[115.84,8.31]]]}},{"type":"Feature","properties":{},"geometry":{"type":"Polygon","coordinates":[[[-0.84,-11.64],[-0.92,-12.06],[-1.2,-11.88],[-0.84,-11.64]]]}},{"type":"Feature","properties":{},"geometry":{"type":"Polygon","coordinates":[[[107.71,3.63],[109.21,5],[110.52,4.78],[115.14,6.29],[118.62,3.07],[115.78,3.47],[114.17,3.22],[112.79,3.85],[108.27,3.08],[107.57,3.33],[107.71,3.63]]]}},{"type":"Feature","properties":{},"geometry":{"type":"Polygon","coordinates":[[[114.8,6.3],[115.6,6.66],[115.54,6.19],[116.1,7.06],[116.72,6.18],[117.55,6.8],[119.02,6.15],[119.4,6.98],[120.16,6.97],[122.29,4.97],[121.66,4.89],[121.88,4.58],[121.27,4.24],[121.61,4.02],[117.86,3.32],[114.8,6.3]]]}},{"type":"Feature","properties":{},"geometry":{"type":"Polygon","coordinates":[[[119.57,21.53],[119.86,21.22],[119.81,21.8],[120.67,21.82],[121.44,21.43],[122.66,22.15],[122.17,21.01],[122.89,21.06],[122.15,20.3],[122.84,19.89],[122.32,19.33],[122.84,19.68],[122.56,19.4],[124.09,19.17],[124.25,18.66],[125.77,18.81],[124.81,18.18],[126.01,16.63],[125.55,15.82],[125.68,14.93],[126.01,15.02],[125.93,14.49],[126.37,14.78],[126.72,13.19],[126.25,12.11],[125.58,12.65],[125,11.93],[124.19,11.88],[123.82,10.63],[123.13,11.04],[122.27,9.88],[120.69,11],[120.01,10.68],[120.12,10.97],[118.87,11.24],[117.97,12.65],[119.85,13.67],[119.43,13.6],[118.91,14.71],[119.7,16.18],[119.32,17.85],[120.12,19.08],[119.57,21.53]]]}},{"type":"Feature","properties":{},"geometry":{"type":"Polygon","coordinates":[[[42.18,-49.94],[42.25,-51.69],[41.42,-53.03],[39.81,-53.44],[38.24,-52.85],[39.85,-50.93],[42.18,-49.94]]]}},{"type":"Feature","properties":{},"geometry":{"type":"Polygon","coordinates":[[[-36.18,3.6],[-36.18,2.89],[-37.09,2.81],[-36.63,3.06],[-36.83,3.48],[-36.18,3.6]]]}},{"type":"Feature","properties":{},"geometry":{"type":"Polygon","coordinates":[[[-57.84,1.67],[-56.6,0.93],[-58.13,1.16],[-57.84,1.67]]]}},{"type":"Feature","properties":{},"geometry":{"type":"Polygon","coordinates":[[[-62.4,4.9],[-60,3.7],[-59.41,3.07],[-59.91,3.02],[-58.91,2.15],[-59.33,1.88],[-61.45,2.78],[-62.03,2.24],[-62.37,3.05],[-64.06,3.48],[-64.44,3.98],[-64.12,4.21],[-62.52,3.43],[-62.49,4.41],[-63.07,4.89],[-62.4,4.9]]]}},{"type":"Feature","properties":{},"geometry":{"type":"Polygon","coordinates":[[[111.5,23.49],[112.34,23.94],[112.56,22.69],[111.98,21.73],[111.02,21.65],[110.58,22.43],[111.5,23.49]]]}},{"type":"Feature","properties":{},"geometry":{"type":"Polygon","coordinates":[[[-60.38,7.19],[-58.73,5.92],[-55.4,1.03],[-58.55,2.32],[-57.75,2.86],[-58.44,3.31],[-58.51,4.35],[-60.72,6.22],[-60.53,6.7],[-63.42,7.42],[-62.8,7.24],[-62.23,7.73],[-60.38,7.19]]]}},{"type":"Feature","properties":{},"geometry":{"type":"Polygon","coordinates":[[[-46.38,19.79],[-46.11,19],[-46.44,18.86],[-46.78,19.26],[-46.38,19.79]]]}},{"type":"Feature","properties":{},"geometry":{"type":"Polygon","coordinates":[[[119.37,42.6],[119.61,42.41],[118.96,42.11],[119.37,42.6]]]}},{"type":"Feature","properties":{},"geometry":{"type":"Polygon","coordinates":[[[123.72,46.29],[124.8,46.25],[124.79,45.84],[125.6,45.66],[125.41,43.97],[124.79,43.45],[124.65,44.15],[124.64,43.59],[123.99,43.71],[124,45.14],[123.34,45.43],[123.74,44.98],[123.09,44.71],[122.78,45.19],[123.27,45.04],[122.55,45.39],[123.72,46.29]]]}},{"type":"Feature","properties":{},"geometry":{"type":"Polygon","coordinates":[[[127.37,47.54],[128.28,47.19],[127.88,46.48],[126.89,46.48],[126.31,45.69],[125.75,46.25],[125.35,46.04],[126.01,47],[127.37,47.54]]]}},{"type":"Feature","properties":{},"geometry":{"type":"Polygon","coordinates":[[[18.98,16.21],[20.88,15.35],[19.57,15.44],[18.73,16.01],[18.98,16.21]]]}},{"type":"Feature","properties":{},"geometry":{"type":"Polygon","coordinates":[[[27.56,13.88],[26.67,13.87],[25.88,14.38],[25.83,14.99],[26.58,14.89],[27.56,13.88]]]}},{"type":"Feature","properties":{},"geometry":{"type":"Polygon","coordinates":[[[13.19,20.72],[12.23,19.31],[10.49,21.09],[10.87,21.38],[13.19,20.72]]]}},{"type":"Feature","properties":{},"geometry":{"type":"Polygon","coordinates":[[[19.6,19.65],[20.25,18.41],[19.11,19.59],[19.6,19.65]]]}},{"type":"Feature","properties":{},"geometry":{"type":"Polygon","coordinates":[[[25.19,30.44],[25.48,30.11],[24.76,30.2],[25.19,30.44]]]}},{"type":"Feature","properties":{},"geometry":{"type":"Polygon","coordinates":[[[3.73,28.6],[3.76,27.9],[3.1,28.06],[3.73,28.6]]]}},{"type":"Feature","properties":{},"geometry":{"type":"Polygon","coordinates":[[[7.25,31.95],[6.87,31.5],[5.08,31.24],[4.38,31.89],[6.69,32.67],[7.25,31.95]]]}},{"type":"Feature","properties":{},"geometry":{"type":"Polygon","coordinates":[[[127.33,47.89],[125.27,47.09],[125.27,46.53],[123.84,46.29],[123.6,46.7],[125.55,48.46],[129.05,49.26],[129.07,51.04],[129.72,51.31],[129.32,50.82],[129.92,50.55],[131.93,52.42],[131.98,54.03],[131.39,54.19],[131.63,54.55],[131.24,54.87],[131.5,55.59],[132.7,55.4],[132.07,56],[132.84,56.02],[134.6,54.27],[134.21,53.37],[134.49,53],[133.81,52.64],[134.39,51.67],[134.2,50.87],[134.82,50.41],[134.43,49.78],[133.78,49.43],[133.75,50.18],[132.69,48.94],[132.49,49.37],[132.07,48.75],[130.64,48.44],[130.95,48.71],[130.07,48.83],[130.05,48.36],[130.64,48.12],[129.35,47.07],[128.63,47.31],[128.74,48.18],[127.33,47.89]]]}},{"type":"Feature","properties":{},"geometry":{"type":"Polygon","coordinates":[[[9.32,32.16],[7.37,32.01],[8.43,32.67],[9.32,32.16]]]}},{"type":"Feature","properties":{},"geometry":{"type":"Polygon","coordinates":[[[140.97,54.3],[141.32,54.35],[140.17,53.48],[140.97,54.3]]]}},{"type":"Feature","properties":{},"geometry":{"type":"Polygon","coordinates":[[[135.41,54.78],[138.79,53.58],[139.87,54.08],[139.7,53.52],[140.31,53.02],[138.63,52.45],[138.13,51.54],[134.84,51.7],[134.28,52.4],[135.55,52.55],[135.55,53.86],[135.08,54.41],[135.41,54.78]]]}},{"type":"Feature","properties":{},"geometry":{"type":"Polygon","coordinates":[[[131.11,56.92],[130.88,56.52],[132.28,56.31],[131.08,55.69],[130.08,56.76],[131.11,56.92]]]}},{"type":"Feature","properties":{},"geometry":{"type":"Polygon","coordinates":[[[-25.14,38.04],[-25.26,37.33],[-26.06,36.87],[-25.2,37.36],[-24.81,36.91],[-26.2,36.73],[-26.29,37.26],[-25.14,38.04]]]}},{"type":"Feature","properties":{},"geometry":{"type":"Polygon","coordinates":[[[-28.14,38.42],[-28.08,37.97],[-26.54,37.72],[-27.34,37.33],[-28.39,37.99],[-28.14,38.42]]]}},{"type":"Feature","properties":{},"geometry":{"type":"Polygon","coordinates":[[[-27.34,41.44],[-25.52,40.28],[-27.05,40.8],[-27.68,41.41],[-27.34,41.44]]]}},{"type":"Feature","properties":{},"geometry":{"type":"Polygon","coordinates":[[[-87.96,50.08],[-86.16,48.79],[-85.86,46.62],[-87.1,47.36],[-86.43,47.65],[-87.28,47.59],[-87.16,48.06],[-87.8,48.3],[-87.21,48.45],[-88.43,49.38],[-87.63,49.65],[-88.29,49.71],[-88.35,50.13],[-87.96,50.08]]]}},{"type":"Feature","properties":{},"geometry":{"type":"Polygon","coordinates":[[[-20.28,39.43],[-19.42,39.71],[-19.53,39.42],[-18.66,39.28],[-19.49,38.52],[-18.44,38.58],[-19.36,38.29],[-19.26,37.6],[-18.44,38.07],[-18.99,36.67],[-19.43,36.73],[-19.23,37.29],[-19.87,36.99],[-19.52,38.01],[-21.17,37.22],[-20.09,37.89],[-21.38,37.91],[-20.92,38.32],[-21.93,38.03],[-23.97,38.47],[-20.28,39.43]]]}},{"type":"Feature","properties":{},"geometry":{"type":"Polygon","coordinates":[[[-20.03,41.91],[-19.65,41.8],[-20.28,41.65],[-20.04,41.36],[-21.4,40.22],[-20.18,40.28],[-20.84,39.95],[-19.99,39.78],[-20.28,39.43],[-23.89,38.58],[-22.85,39.19],[-23.65,39.35],[-22.76,39.83],[-22.41,39.59],[-22.62,39.97],[-22.12,40.03],[-21.53,41.21],[-20.03,41.91]]]}},{"type":"Feature","properties":{},"geometry":{"type":"Polygon","coordinates":[[[-40.51,47.5],[-40.18,46.87],[-41.18,47.43],[-40.51,47.5]]]}},{"type":"Feature","properties":{},"geometry":{"type":"Polygon","coordinates":[[[-89.15,53.32],[-89.66,53.06],[-89.68,52.18],[-89.96,53.42],[-89.15,53.32]]]}},{"type":"Feature","properties":{},"geometry":{"type":"Polygon","coordinates":[[[-86.75,52.44],[-86.66,52.01],[-87.15,51.79],[-86.75,52.44]]]}},{"type":"Feature","properties":{},"geometry":{"type":"Polygon","coordinates":[[[-117.92,67.26],[-118.26,67.12],[-117.68,66.98],[-118.94,66.99],[-117.92,67.26]]]}},{"type":"Feature","properties":{},"geometry":{"type":"Polygon","coordinates":[[[-89.33,54.49],[-88.77,54.08],[-89.44,53.79],[-88.18,54.04],[-89.77,53.41],[-89.33,54.49]]]}},{"type":"Feature","properties":{},"geometry":{"type":"Polygon","coordinates":[[[132.47,63.47],[133.98,62.11],[134.17,60.99],[137.64,58.23],[136.52,58.73],[135.28,58.45],[135.29,57.08],[136.79,56.27],[137,55.47],[135.87,56.08],[135.45,55.16],[134.88,55.8],[134.81,57.22],[134.05,57.93],[133.49,60.31],[132.48,60.81],[131.86,62.3],[132.81,62.66],[131.84,63.36],[132.47,63.47]]]}},{"type":"Feature","properties":{},"geometry":{"type":"Polygon","coordinates":[[[-113.32,66.44],[-113.53,65.89],[-115.5,66.61],[-113.32,66.44]]]}},{"type":"Feature","properties":{},"geometry":{"type":"Polygon","coordinates":[[[128.28,63.49],[128.92,63.44],[128.51,62.97],[127.85,63.05],[128.28,63.49]]]}},{"type":"Feature","properties":{},"geometry":{"type":"Polygon","coordinates":[[[-6.58,41.38],[-5.59,41.66],[-6.66,41.56],[-5.8,42.23],[-6.85,42.42],[-6.33,42.8],[-6.77,43.25],[-5.49,43.22],[-5.17,43.65],[-5.72,43.7],[-4.59,44.38],[-4.22,44.23],[-4.6,43.93],[-3.54,44.19],[-3.02,43.49],[-3.75,43.16],[-3.64,42.67],[-6.58,41.38]]]}},{"type":"Feature","properties":{},"geometry":{"type":"Polygon","coordinates":[[[-5.34,40.89],[-6.54,40.45],[-6.28,40.73],[-6.86,40.62],[-6.36,40.88],[-7.05,40.85],[-6.52,41.16],[-7.1,41.19],[-3.64,42.67],[-3.74,41.18],[-5.34,40.89]]]}},{"type":"Feature","properties":{},"geometry":{"type":"Polygon","coordinates":[[[9.57,44.99],[9.88,44.49],[8.98,44.89],[9.57,44.99]]]}},{"type":"Feature","properties":{},"geometry":{"type":"Polygon","coordinates":[[[-85.98,55.36],[-86.51,54.75],[-86.82,54.89],[-86.38,55.16],[-86.96,55.14],[-85.98,55.36]]]}},{"type":"Feature","properties":{},"geometry":{"type":"Polygon","coordinates":[[[11.07,45.59],[11.03,44.48],[10.13,44.79],[10.2,45.44],[10.88,45.14],[10.65,45.44],[11.07,45.59]]]}},{"type":"Feature","properties":{},"geometry":{"type":"Polygon","coordinates":[[[-87.67,56.47],[-87.36,55.27],[-87.97,55.37],[-87.44,55.06],[-88,54.59],[-88.24,54.99],[-87.88,55.24],[-88.45,55.47],[-87.86,55.65],[-88.23,55.8],[-87.67,56.47]]]}},{"type":"Feature","properties":{},"geometry":{"type":"Polygon","coordinates":[[[-37.12,50.36],[-37.43,49.63],[-36.98,50.07],[-37.52,49.62],[-37.21,49.97],[-38.11,49.79],[-37.12,50.36]]]}},{"type":"Feature","properties":{},"geometry":{"type":"Polygon","coordinates":[[[-87.59,57.15],[-87.48,56.7],[-88.47,56.35],[-87.59,57.15]]]}},{"type":"Feature","properties":{},"geometry":{"type":"Polygon","coordinates":[[[-87.11,57.16],[-86.81,56.5],[-87.62,56.55],[-87.11,57.16]]]}},{"type":"Feature","properties":{},"geometry":{"type":"Polygon","coordinates":[[[-3.75,46.7],[-3.24,46.26],[-3.52,46.02],[-4.12,46.42],[-3.75,46.7]]]}},{"type":"Feature","properties":{},"geometry":{"type":"Polygon","coordinates":[[[15.84,47.73],[16.04,47.3],[15.49,46.73],[15.36,47.35],[15.84,47.73]]]}},{"type":"Feature","properties":{},"geometry":{"type":"Polygon","coordinates":[[[-100.26,63.09],[-100.54,62.76],[-99.97,62.68],[-100.36,62.36],[-103.14,62.84],[-102.16,62.85],[-103.07,62.96],[-102.54,63.42],[-101.46,63.34],[-101.85,62.87],[-101.02,63.29],[-100.69,63.18],[-101.11,62.98],[-100.26,63.09]]]}},{"type":"Feature","properties":{},"geometry":{"type":"Polygon","coordinates":[[[-89.84,55.52],[-90.28,55.35],[-89.73,55.02],[-90.16,54.92],[-90.31,55.41],[-90.43,54.64],[-90.59,55.24],[-91.13,55.02],[-90.49,55.68],[-89.84,55.52]]]}},{"type":"Feature","properties":{},"geometry":{"type":"Polygon","coordinates":[[[-86.56,58.46],[-86.69,57.45],[-87.79,57.33],[-86.96,57.68],[-86.56,58.46]]]}},{"type":"Feature","properties":{},"geometry":{"type":"Polygon","coordinates":[[[-98.97,63.04],[-98.99,62.62],[-99.97,62.85],[-98.97,63.04]]]}},{"type":"Feature","properties":{},"geometry":{"type":"Polygon","coordinates":[[[18.66,48.74],[19.27,48.64],[18.38,48],[18.1,48.57],[18.66,48.74]]]}},{"type":"Feature","properties":{},"geometry":{"type":"Polygon","coordinates":[[[-1.47,47.67],[-1.27,47.39],[-2.27,46.92],[-1.78,46.88],[-2.74,45.71],[-3.68,45.71],[-3.02,46.11],[-3.36,46.86],[-2.78,46.82],[-3.09,47.07],[-2.75,47.63],[-1.47,47.67]]]}},{"type":"Feature","properties":{},"geometry":{"type":"Polygon","coordinates":[[[-1.87,46.63],[-0.25,46.65],[-0.78,45.59],[-1.41,45.39],[-0.81,45.29],[-1.81,45.12],[-0.44,44.95],[0.06,44.34],[-2.56,43.64],[-2.83,43.97],[-2.3,44.93],[-2.51,45.21],[-2.95,44.86],[-2.75,45.25],[-3.33,44.3],[-3.23,45.29],[-1.87,46.63]]]}},{"type":"Feature","properties":{},"geometry":{"type":"Polygon","coordinates":[[[0.06,44.34],[0.33,43.63],[1.28,43.18],[1.49,42.67],[0.79,42.76],[1.5,42.55],[1.4,41.96],[2.78,41.83],[2.72,41.19],[1.74,40.52],[2.62,40.26],[-3.18,39.03],[-2,40.2],[-1,40.24],[-0.48,40.83],[-1.27,40.4],[-2.9,40.91],[-1.8,41.57],[-1.89,41.93],[-2.47,41.8],[-2.13,42.13],[-0.85,42.34],[-0.9,43.25],[-1.26,43.12],[-1.46,43.78],[0.06,44.34]]]}},{"type":"Feature","properties":{},"geometry":{"type":"Polygon","coordinates":[[[18.55,49.21],[18.99,49],[18.17,49.01],[18.55,49.21]]]}},{"type":"Feature","properties":{},"geometry":{"type":"Polygon","coordinates":[[[-177.71,72.47],[-179.79,71.91],[-179.09,72.39],[-179.48,72.38],[-177.71,72.47]]]}},{"type":"Feature","properties":{},"geometry":{"type":"Polygon","coordinates":[[[-127.76,72.43],[-127.25,71.94],[-128.47,71.81],[-130.06,72.42],[-127.76,72.43]]]}},{"type":"Feature","properties":{},"geometry":{"type":"Polygon","coordinates":[[[-138.65,73.46],[-137.7,73.1],[-138.98,73.37],[-138.65,73.46]]]}},{"type":"Feature","properties":{},"geometry":{"type":"Polygon","coordinates":[[[-23.42,52.89],[-23.47,52.5],[-23.81,52.88],[-23.42,52.89]]]}},{"type":"Feature","properties":{},"geometry":{"type":"Polygon","coordinates":[[[-33.99,55.79],[-34.81,55.11],[-34.86,55.59],[-33.99,55.79]]]}},{"type":"Feature","properties":{},"geometry":{"type":"Polygon","coordinates":[[[-35.72,56.85],[-35.69,56.53],[-37.45,56.31],[-36.84,56.93],[-35.72,56.85]]]}},{"type":"Feature","properties":{},"geometry":{"type":"Polygon","coordinates":[[[-32.29,56.61],[-31.97,56.23],[-32.37,56.21],[-32.6,56.62],[-32.29,56.61]]]}},{"type":"Feature","properties":{},"geometry":{"type":"Polygon","coordinates":[[[-129.12,75.27],[-124.85,74.41],[-126.78,74.2],[-129.7,74.88],[-129.12,75.27]]]}},{"type":"Feature","properties":{},"geometry":{"type":"Polygon","coordinates":[[[-35.88,60.08],[-36.04,59.34],[-35.51,59.5],[-34.26,58.2],[-34.81,57.7],[-33.89,57.65],[-33.58,57.19],[-34.5,57.05],[-35.43,57.49],[-35.49,58.07],[-38.09,57.5],[-37.82,58.15],[-39.08,58.28],[-37.91,58.54],[-35.88,60.08]]]}},{"type":"Feature","properties":{},"geometry":{"type":"Polygon","coordinates":[[[-34.85,60.04],[-34.36,59.49],[-34.87,59.54],[-34.85,60.04]]]}},{"type":"Feature","properties":{},"geometry":{"type":"Polygon","coordinates":[[[52.45,62.64],[52.74,62.44],[51.94,62.32],[52.45,62.64]]]}},{"type":"Feature","properties":{},"geometry":{"type":"Polygon","coordinates":[[[-26.09,60.22],[-25.64,59.87],[-26.51,60.05],[-26.09,60.22]]]}},{"type":"Feature","properties":{},"geometry":{"type":"Polygon","coordinates":[[[-26.99,60.72],[-26.53,60.43],[-27.23,59.79],[-28.66,59.89],[-27.93,60.65],[-26.99,60.72]]]}},{"type":"Feature","properties":{},"geometry":{"type":"Polygon","coordinates":[[[11.11,58.55],[11.21,58.12],[11.47,58.54],[11.75,58.2],[10.77,57.83],[11.11,58.55]]]}},{"type":"Feature","properties":{},"geometry":{"type":"Polygon","coordinates":[[[-137.25,81.08],[-130.24,79.42],[-129.88,78.95],[-131.24,78.42],[-130.65,78.03],[-129.2,78.05],[-130.17,78.19],[-128.94,78.61],[-129.99,78.76],[-128.04,78.69],[-124.79,78.29],[-122.64,77.18],[-124.96,76.86],[-126.15,77.2],[-125.67,76.89],[-125.97,76.79],[-128.89,77.25],[-127.72,76.94],[-130.55,76.41],[-129.36,75.94],[-131.01,75.89],[-131.44,75.97],[-131.04,76.26],[-131.85,76.03],[-134.49,76.68],[-135.08,76.93],[-134.64,77.05],[-134.82,77.39],[-139.46,77.67],[-138.99,77.88],[-139.61,78.23],[-138.35,78.54],[-140.97,78.42],[-141.44,78.17],[-140.74,77.87],[-141.11,77.71],[-142.05,78],[-137.82,81.19],[-137.25,81.08]]]}},{"type":"Feature","properties":{},"geometry":{"type":"Polygon","coordinates":[[[-146.79,78.78],[-148.35,78.42],[-147.84,79.02],[-146.79,78.78]]]}},{"type":"Feature","properties":{},"geometry":{"type":"Polygon","coordinates":[[[10.69,58.58],[10.95,58.26],[10.3,58.14],[10.69,58.58]]]}},{"type":"Feature","properties":{},"geometry":{"type":"Polygon","coordinates":[[[-26.85,61.91],[-26.57,61.78],[-27.22,61.66],[-26.85,61.91]]]}},{"type":"Feature","properties":{},"geometry":{"type":"Polygon","coordinates":[[[34.33,61.89],[34.93,61.69],[33.65,61.19],[33.54,61.83],[34.33,61.89]]]}},{"type":"Feature","properties":{},"geometry":{"type":"Polygon","coordinates":[[[12.25,59.17],[12.58,58.9],[11.78,58.71],[12.25,59.17]]]}},{"type":"Feature","properties":{},"geometry":{"type":"Polygon","coordinates":[[[-40.49,65.58],[-40.18,64.98],[-40.51,64.77],[-40.14,64.91],[-40.44,64.56],[-39.98,64.42],[-41.47,64.32],[-43.02,65.24],[-40.49,65.58]]]}},{"type":"Feature","properties":{},"geometry":{"type":"Polygon","coordinates":[[[-166.11,82.76],[-163.17,82.56],[-167.65,82.55],[-166.11,82.76]]]}},{"type":"Feature","properties":{},"geometry":{"type":"Polygon","coordinates":[[[13.12,59.84],[13.46,59.77],[12.82,59.66],[13.12,59.84]]]}},{"type":"Feature","properties":{},"geometry":{"type":"Polygon","coordinates":[[[-17.5,56.25],[-16.72,55.37],[-18.27,55.48],[-17.72,55.39],[-18.46,55.85],[-17.5,56.25]]]}},{"type":"Feature","properties":{},"geometry":{"type":"Polygon","coordinates":[[[40.01,64.09],[41.7,63.59],[40.03,63.66],[40.01,64.09]]]}},{"type":"Feature","properties":{},"geometry":{"type":"Polygon","coordinates":[[[-1.47,54.25],[-1.36,53.85],[-3.01,53.83],[-1.47,54.25]]]}},{"type":"Feature","properties":{},"geometry":{"type":"Polygon","coordinates":[[[34.84,64.13],[35.5,63.78],[34.57,63.98],[34.84,64.13]]]}},{"type":"Feature","properties":{},"geometry":{"type":"Polygon","coordinates":[[[-134.75,83.07],[-137.08,83.04],[-133.39,83.54],[-134.75,83.07]]]}},{"type":"Feature","properties":{},"geometry":{"type":"Polygon","coordinates":[[[-129.07,83.55],[-126.27,83.01],[-133.35,83.09],[-131.65,83.61],[-129.07,83.55]]]}},{"type":"Feature","properties":{},"geometry":{"type":"Polygon","coordinates":[[[110.45,79.11],[111.38,79.14],[109.89,78.97],[110.45,79.11]]]}},{"type":"Feature","properties":{},"geometry":{"type":"Polygon","coordinates":[[[-29.05,38.77],[-28.8,37.87],[-28.17,37.68],[-28.47,37.61],[-27.22,36.95],[-26.65,37.16],[-25.98,36.46],[-29.05,36.23],[-30.36,35.33],[-30.84,35.71],[-30.38,36.48],[-30.7,36.39],[-29,37],[-28.85,36.58],[-28,36.86],[-29.39,37.07],[-28.87,37.64],[-32.63,36.54],[-33.19,36.88],[-33.47,36.42],[-34.45,36.38],[-35.55,35.14],[-35.09,34.44],[-34.77,34.72],[-34.83,34.23],[-35.92,34.34],[-35.99,34.71],[-36.2,34.3],[-36.95,34.36],[-33.66,37.15],[-29.05,38.77]]]}},{"type":"Feature","properties":{},"geometry":{"type":"Polygon","coordinates":[[[-22.92,-35.22],[-25.2,-38.34],[-26.5,-39.35],[-24.92,-37.6],[-25.72,-37.15],[-25.49,-37.51],[-26.67,-38.91],[-27.09,-40.3],[-28.71,-41.88],[-30.93,-42.16],[-32.82,-41.72],[-33.46,-41.05],[-33.03,-40.15],[-33.46,-40.33],[-33.58,-41.67],[-32.07,-42.54],[-32.08,-43.42],[-40.52,-40.87],[-42.28,-40],[-43.39,-37.24],[-46.42,-32.27],[-46.48,-30.36],[-45.85,-28.56],[-46.08,-26],[-39.5,-29.77],[-34.01,-32.21],[-28.21,-34.11],[-22.92,-35.22]]]}},{"type":"Feature","properties":{},"geometry":{"type":"Polygon","coordinates":[[[-37.25,-46.22],[-37.88,-45.98],[-37.44,-46.62],[-37.79,-46.53],[-37.48,-46.68],[-37.88,-48.14],[-40.97,-48.04],[-40.91,-49.29],[-40.28,-49.66],[-39.47,-49.3],[-39.33,-49.99],[-40.87,-49.87],[-40.11,-50.19],[-41.29,-50.85],[-41.55,-52.14],[-43.28,-52.48],[-44.03,-53.27],[-43.09,-54.19],[-41.89,-54.4],[-41.95,-55.15],[-44.1,-56.2],[-44.55,-57.16],[-45.37,-57.01],[-45.1,-57.32],[-45.98,-57.7],[-45.89,-58.69],[-46.24,-58.83],[-45.27,-59.5],[-48.31,-59.82],[-48.88,-60.97],[-50.3,-60.44],[-49.47,-60.57],[-48.62,-59.97],[-49.11,-59.63],[-50.69,-59.55],[-51.07,-60.12],[-51.57,-59.81],[-50.73,-59.53],[-51.75,-59.73],[-51.43,-59.5],[-51.69,-59.04],[-50.68,-59.31],[-50.51,-58.99],[-50.25,-59.25],[-50.8,-59.48],[-50.3,-59.51],[-50.12,-58.83],[-50.8,-58.26],[-51.05,-58.51],[-50.2,-58.78],[-51.09,-58.6],[-50.67,-58.9],[-51.08,-59.12],[-51.22,-58.66],[-51.18,-59.19],[-51.29,-58.69],[-51.85,-58.62],[-51.44,-58.63],[-51.46,-58.2],[-52.13,-57.9],[-51.1,-57.7],[-51.3,-57.4],[-51.89,-57.84],[-52.16,-57.45],[-51.8,-57.37],[-52.6,-57.17],[-51.62,-57.29],[-52.18,-56.97],[-51.55,-56.83],[-52.1,-56.61],[-51.33,-56.73],[-51.82,-56.49],[-51.47,-56.39],[-51.68,-56.08],[-52.18,-56.37],[-52.15,-55.78],[-51.7,-55.74],[-52.09,-55.59],[-51.47,-55.42],[-52.33,-54.99],[-50.71,-55.05],[-51.2,-54.57],[-52.37,-54.69],[-51.7,-54.59],[-52.11,-54.39],[-51.52,-54.16],[-51.76,-53.74],[-53.42,-53.71],[-52.21,-52.79],[-51.48,-52.81],[-51.25,-53.59],[-50.38,-52.7],[-50.87,-52.8],[-50.75,-52.46],[-49.96,-52.47],[-50.77,-52.21],[-49.63,-51.55],[-50.43,-51.19],[-49.78,-49.57],[-49.45,-49.61],[-49.79,-49.34],[-49.3,-49.54],[-49.31,-49.03],[-49.81,-48.95],[-49.11,-48.56],[-50.79,-48.75],[-50.95,-48.12],[-50,-46.42],[-50.43,-44.35],[-49.83,-44.15],[-47.94,-40.62],[-47.68,-36.07],[-46.42,-32.27],[-43.39,-37.24],[-41.17,-42.53],[-37.25,-46.22]]]}},{"type":"Feature","properties":{},"geometry":{"type":"Polygon","coordinates":[[[-43.3,3.43],[-41.33,3.45],[-40.22,2.83],[-38.78,3.26],[-39.39,3.44],[-37.02,3.52],[-38.06,3.29],[-37.5,2.58],[-36.05,2.22],[-36.17,1.33],[-35.24,1.35],[-33.88,0.37],[-33.82,-0.82],[-33.5,-0.35],[-32.35,-1.41],[-30.26,-1.21],[-28.16,-1.72],[-26.44,-3.03],[-26.03,-4.67],[-25.03,-5.71],[-26.51,-7.65],[-25.83,-7.14],[-26.16,-7.83],[-25.52,-7.23],[-23.46,-7.39],[-23.91,-8.55],[-25.48,-9.07],[-24.34,-8.82],[-24.44,-9.27],[-23.38,-8.56],[-22.98,-7.63],[-21.89,-7.75],[-20.36,-8.32],[-20.36,-8.75],[-19.89,-8.41],[-19.62,-8.72],[-19.76,-9.24],[-19.35,-9.3],[-19.74,-10.29],[-19.29,-9.45],[-19.01,-9.36],[-19.18,-9.82],[-18.36,-9.26],[-17.18,-9.7],[-14.88,-9.64],[-11.93,-11.6],[-9.98,-12.04],[-9.41,-13.69],[-9.66,-15.44],[-12.71,-19.64],[-13.14,-19.35],[-13.31,-24.43],[-15.02,-28.83],[-16.02,-29.4],[-16.06,-29.86],[-18.6,-29.9],[-22.55,-32.54],[-23.12,-32.46],[-22.69,-32.66],[-23.19,-33.25],[-22.82,-33.3],[-22.92,-35.22],[-28.21,-34.11],[-34.01,-32.21],[-39.5,-29.77],[-46.08,-26],[-47.27,-24.36],[-51.79,-21.6],[-54.66,-15.09],[-55.62,-13.54],[-56.74,-12.81],[-56.45,-12.3],[-56.8,-11.02],[-55.55,-10.21],[-55.17,-9.38],[-55.4,-9.12],[-55.72,-9.53],[-56.46,-8.95],[-55.4,-6.04],[-54.29,-5.68],[-53.9,-4.78],[-49.34,-2.91],[-47.72,0.46],[-44.58,3.15],[-43.3,3.43]]]}},{"type":"Feature","properties":{},"geometry":{"type":"Polygon","coordinates":[[[-53.38,0.95],[-52.67,0.08],[-52.79,0.74],[-51.43,1.49],[-50.97,2.86],[-48.99,3.21],[-47.34,4.27],[-46.82,3.83],[-47.69,3.39],[-47.36,2.52],[-47.96,1.66],[-47.59,0.87],[-46.88,1.49],[-47.37,2.61],[-45.82,3.16],[-45.74,3.91],[-45.39,3.15],[-44.07,2.49],[-45.37,1.98],[-48.61,-0.59],[-50.37,-3.89],[-55,-5.57],[-53.21,-3.89],[-53.71,-3.55],[-53.33,-1.22],[-54.02,-0.29],[-53.38,0.95]]]}},{"type":"Feature","properties":{},"geometry":{"type":"Polygon","coordinates":[[[-32.08,-43.42],[-31.47,-44.13],[-32.44,-45.34],[-37.25,-46.22],[-40.8,-43],[-42.28,-40],[-32.08,-43.42]]]}},{"type":"Feature","properties":{},"geometry":{"type":"Polygon","coordinates":[[[-83.8,38.61],[-83.41,38.51],[-83.41,39.08],[-84.18,39.13],[-84.88,41.59],[-83.58,42.08],[-82.03,41.1],[-80.35,37.79],[-80.12,36.33],[-80.63,35.28],[-83.8,38.61]]]}},{"type":"Feature","properties":{},"geometry":{"type":"Polygon","coordinates":[[[-84.88,41.59],[-84.2,42.76],[-84.3,44.11],[-82.64,47.32],[-82.1,47.27],[-82.69,47.37],[-82.26,47.71],[-82.51,47.99],[-82.05,47.97],[-82.54,48.02],[-82.55,49.53],[-80.69,48.97],[-81.38,48.27],[-80.63,48.75],[-80.67,48.31],[-81.26,47.89],[-80.39,48.23],[-80.4,49.59],[-79.36,49.83],[-79.56,48.4],[-77.75,48.04],[-76.99,46.76],[-74.82,46.23],[-75.85,44.66],[-80.85,43.38],[-84.88,41.59]]]}},{"type":"Feature","properties":{},"geometry":{"type":"Polygon","coordinates":[[[-84.98,46.59],[-85.15,46.96],[-84.42,46.77],[-84.98,46.59]]]}},{"type":"Feature","properties":{},"geometry":{"type":"Polygon","coordinates":[[[-83.71,47.02],[-85.05,47.08],[-84.64,47.19],[-85.06,47.24],[-84.61,47.89],[-84.88,47.46],[-85.52,47.6],[-84.86,48.15],[-85.6,47.91],[-85.86,48.36],[-85.09,48.59],[-85.86,48.69],[-84.76,49],[-85.2,49.07],[-85.07,49.42],[-85.88,48.77],[-86.2,48.94],[-85.86,49.12],[-86.74,49.22],[-85.72,49.49],[-86.53,49.31],[-86.73,49.6],[-86.14,49.81],[-87.37,49.92],[-86.53,49.93],[-87.38,50.38],[-86.02,50.48],[-87.22,50.55],[-86.99,50.91],[-86.04,51.03],[-85.93,50.58],[-85.89,50.97],[-85.25,50.87],[-85.94,51.24],[-85.34,51.08],[-83.65,48.41],[-83.71,47.02]]]}},{"type":"Feature","properties":{},"geometry":{"type":"Polygon","coordinates":[[[-85.61,51.32],[-87.09,51.38],[-86.29,51.65],[-86.58,52.12],[-85.61,51.32]]]}},{"type":"Feature","properties":{},"geometry":{"type":"Polygon","coordinates":[[[-77.7,36.2],[-77.95,35.69],[-80.28,35.7],[-80.13,37.05],[-81.64,40.52],[-83.58,42.08],[-80.85,43.38],[-75.85,44.66],[-74.82,46.23],[-74.16,46.14],[-73.36,45.79],[-76.23,40.31],[-77.7,36.2]]]}},{"type":"Feature","properties":{},"geometry":{"type":"Polygon","coordinates":[[[-77.83,36.12],[-77.79,35.45],[-78.38,35.62],[-79.4,36.97],[-80.46,37.37],[-78.7,42],[-75.71,47.46],[-73.79,46.81],[-74.37,45.53],[-72.55,43.96],[-74.79,40.44],[-76.75,38.91],[-77.83,36.12]]]}},{"type":"Feature","properties":{},"geometry":{"type":"Polygon","coordinates":[[[-74.22,32.91],[-76.98,33.85],[-77.82,35.17],[-79.26,36.11],[-77.96,39.52],[-75.87,40.96],[-73.73,43.45],[-73.33,44.38],[-75.03,46.02],[-74.33,47.27],[-73.18,47.23],[-72.76,45.45],[-71.39,42.92],[-71.01,40.14],[-71.6,36.84],[-73.71,34.73],[-74.22,32.91]]]}},{"type":"Feature","properties":{},"geometry":{"type":"Polygon","coordinates":[[[-55.65,27.07],[-56.64,27.02],[-55.74,26.8],[-56.19,26.45],[-55.76,25.7],[-56.37,26.4],[-56.74,26.02],[-57.52,26.29],[-58.06,27.09],[-58.58,26.9],[-59.94,27.68],[-60.97,27.26],[-60.63,27.39],[-61.07,27.63],[-61.02,27.27],[-62.76,26.67],[-62.32,26.84],[-62.96,27.05],[-62.79,26.72],[-63.65,26.56],[-64.06,25.86],[-64.37,26.07],[-64.17,24.49],[-64.79,23.65],[-64.56,24],[-64.92,24.04],[-65.75,20.76],[-65.04,17.86],[-63.96,16.83],[-63.58,15.67],[-64.18,15.87],[-65.58,17.4],[-66.84,21.42],[-67.18,24.85],[-66.9,26.97],[-60.28,29.02],[-57.75,28.4],[-55.65,27.07]]]}},{"type":"Feature","properties":{},"geometry":{"type":"Polygon","coordinates":[[[-63.31,13.8],[-64.32,14.71],[-65.84,14.28],[-67.29,14.91],[-73.44,19.74],[-73.89,20.97],[-73.41,21.04],[-73.64,21.31],[-73.13,21.88],[-73.44,23.2],[-74.98,26.04],[-75.98,26.77],[-75.77,27.7],[-77.6,30.1],[-78.3,32.59],[-75.57,29.41],[-73.99,28.28],[-69.94,25.59],[-67.18,24.85],[-65.98,18.36],[-65.58,17.4],[-62.34,13.91],[-63.31,13.8]]]}},{"type":"Feature","properties":{},"geometry":{"type":"Polygon","coordinates":[[[-62.21,16.49],[-59.92,16.16],[-58.38,18.34],[-57.84,18.46],[-54.93,17.95],[-56.22,16.47],[-55.94,16.31],[-56.68,15.08],[-56.71,15.75],[-57.16,15.35],[-57.32,13.94],[-58.32,13.05],[-58.07,12.87],[-61.37,13.57],[-62.56,15.42],[-62.21,16.49]]]}},{"type":"Feature","properties":{},"geometry":{"type":"Polygon","coordinates":[[[-76.97,30.61],[-77.08,28.77],[-74.83,25.03],[-74.41,22.57],[-73.34,21.49],[-73.87,20.99],[-75.79,23.29],[-75.52,24.14],[-76.33,25.55],[-76.83,25.36],[-77.99,26.59],[-76.96,26.33],[-76.9,27.19],[-78.23,28.67],[-79.11,32.29],[-80.07,33.34],[-81.99,34.19],[-81.86,34.75],[-83.09,37.42],[-80.73,34.66],[-78.36,33.12],[-76.97,30.61]]]}},{"type":"Feature","properties":{},"geometry":{"type":"Polygon","coordinates":[[[-78.3,32.59],[-78.1,33.02],[-79.68,34.08],[-80.9,36.67],[-82.45,37.75],[-82.06,38.15],[-81.19,38.4],[-79.1,37.84],[-77.71,36.15],[-75.72,35],[-74.9,33.67],[-72.15,32.7],[-70.52,31.43],[-70.02,30.34],[-70.44,26.05],[-75.57,29.41],[-78.3,32.59]]]}},{"type":"Feature","properties":{},"geometry":{"type":"Polygon","coordinates":[[[-111.41,74.69],[-114.38,74.47],[-114.42,74.82],[-119.27,75.26],[-119.6,75.9],[-118.46,75.93],[-120.76,76.55],[-113.15,76.8],[-111.94,76.64],[-113.53,76.42],[-113.1,76.22],[-108.85,75.89],[-111.41,74.69]]]}},{"type":"Feature","properties":{},"geometry":{"type":"Polygon","coordinates":[[[-108.63,75.95],[-109.9,76.08],[-109.4,76.3],[-109.85,76.74],[-109.21,76.76],[-109.38,76.34],[-108.98,76.17],[-107.91,76.65],[-111.01,77.15],[-110.64,77.68],[-113.4,78.79],[-111.01,79.16],[-106.39,78.87],[-100.74,79.56],[-88.73,79.28],[-89.14,79.03],[-88.34,78.93],[-90.31,78.69],[-87.87,78.79],[-88.35,78.52],[-85.41,77.96],[-86.71,77.82],[-85.63,77.36],[-83.16,77.11],[-79.74,75.7],[-77.51,75.43],[-76.82,74.64],[-74.85,74.05],[-74.11,73.13],[-77.6,72.57],[-87.01,72.89],[-89.84,74.25],[-102.95,76.24],[-105.18,76.43],[-108.63,75.95]]]}},{"type":"Feature","properties":{},"geometry":{"type":"Polygon","coordinates":[[[-38.7,33.86],[-39.89,32.55],[-40.39,33.33],[-40.19,32.09],[-41.37,30.98],[-40.86,31.75],[-41.27,32.74],[-40.68,33.37],[-41.38,33.18],[-41.45,31.94],[-42.24,32.53],[-41.43,31.77],[-42,31.99],[-41.72,30.93],[-42.24,31.27],[-41.47,30.8],[-41.36,29.61],[-41.5,30.59],[-41.51,29.93],[-42.38,29.99],[-41.57,29.48],[-42.71,29.54],[-42.34,29.27],[-42.87,29.11],[-42.31,28.89],[-47.08,27.4],[-48.03,26.2],[-47.75,21.72],[-48.53,20.2],[-49.18,20.33],[-49.56,21.19],[-49.38,21.99],[-49.71,21.87],[-50.08,22.91],[-49.69,23.3],[-50.14,23.32],[-49.64,24.27],[-50.77,25.87],[-52.02,25.58],[-52.06,26.25],[-52.91,26.52],[-52.59,26.55],[-54.37,26.66],[-54.18,27.23],[-54.45,26.78],[-55.53,27.01],[-57.75,28.4],[-49.79,28.8],[-46.48,30.13],[-41.94,32.97],[-38.7,33.86]]]}},{"type":"Feature","properties":{},"geometry":{"type":"Polygon","coordinates":[[[-69.83,16.21],[-66.88,14.13],[-66.09,12.21],[-69.1,9.43],[-70.63,9.39],[-70.8,9.95],[-70.96,9.35],[-71.17,10.28],[-70.56,10.71],[-70.94,13.38],[-70.56,13.16],[-70.39,13.6],[-71.38,14.05],[-73.1,16.5],[-73.66,19.25],[-72.72,18.93],[-71.98,17.73],[-69.83,16.21]]]}},{"type":"Feature","properties":{},"geometry":{"type":"Polygon","coordinates":[[[-125.03,71.55],[-126.53,72.46],[-125.38,72.85],[-126.69,73.53],[-121.86,74.83],[-120.2,74.48],[-118.05,74.78],[-104.46,74.51],[-94.96,73.72],[-113.35,72.79],[-125.03,71.55]]]}},{"type":"Feature","properties":{},"geometry":{"type":"Polygon","coordinates":[[[-36.03,64.21],[-36.76,64.18],[-36.59,63.59],[-37.32,63.12],[-35.16,63.65],[-34.99,63.02],[-36.08,62.43],[-36.15,61.45],[-32.31,62.68],[-32.71,63.06],[-32.14,63.61],[-30.13,62.88],[-30.91,62.95],[-29.93,62.33],[-30.73,62.17],[-30.4,61.82],[-31.57,61.87],[-31.21,61.68],[-31.58,61.73],[-31.44,60.75],[-32.03,60.38],[-33.94,60.1],[-33.86,60.71],[-34.83,60.9],[-34.32,60.84],[-34.46,60],[-36.27,60.86],[-35.95,60.36],[-37.78,59.86],[-39.05,60.92],[-40.33,61.19],[-37.6,59.73],[-39.26,58.95],[-40.74,59.34],[-41.9,58.78],[-44.14,59.9],[-41.98,58.71],[-45.62,58.04],[-45.31,57.72],[-46.43,57.62],[-46.05,57.46],[-47.91,56.41],[-48.71,55.61],[-47.37,54.96],[-47.63,53.52],[-48.15,53.17],[-46.18,53.04],[-42.67,50.13],[-40.4,49.52],[-41.42,47.42],[-40.53,45.52],[-40.07,45.25],[-39.45,45.65],[-39.28,45.08],[-38.43,46.15],[-38.13,47.79],[-38.51,48.55],[-36.56,48.8],[-34.99,49.69],[-34.58,51.28],[-35.52,52.18],[-33.72,53.18],[-33.91,53.64],[-33.44,54.03],[-34.03,54.1],[-33.01,54.67],[-33.1,55.47],[-32.31,55.64],[-30.4,54.72],[-29.53,54.94],[-28.92,54.42],[-29.23,54.18],[-28.75,54.13],[-28.98,53.86],[-28.41,53.79],[-28.71,53.37],[-27.14,52.96],[-27.74,52.03],[-28.8,52.24],[-27.86,51.94],[-28.22,51.33],[-27.82,50.98],[-29.04,50.8],[-27.64,50.8],[-27.35,50.36],[-28.68,49.76],[-27.2,50.36],[-27.26,49.68],[-25.8,50.38],[-25.77,49.8],[-25.48,50.38],[-24.87,50.4],[-25.12,50.68],[-24.52,50.7],[-24.75,51.11],[-23.63,51.43],[-23.98,51.26],[-23.56,51.19],[-23.78,50.55],[-23.31,50.27],[-23.93,50.2],[-23.13,49.72],[-23.88,49.43],[-23,49.47],[-23.82,49.09],[-23.04,49.15],[-23.31,48.95],[-22.82,48.55],[-23.38,48.52],[-22.61,47.96],[-23.05,47.54],[-23.7,47.82],[-23.05,47.47],[-23.48,47.22],[-22.92,47.13],[-22.63,46.36],[-22.26,46.54],[-22.84,45.83],[-21.98,46.04],[-22.23,45.85],[-21.75,45.82],[-22.31,45.48],[-21.52,45.86],[-21.64,45.45],[-20.29,44.97],[-23.49,44.14],[-20.51,44.62],[-20.62,43.88],[-19.52,43.79],[-19.6,43.08],[-19.92,43.14],[-19.62,42.87],[-20.26,42.95],[-19.57,42.67],[-20.07,42.76],[-19.73,42.33],[-20.96,41.85],[-22.38,42.13],[-22.83,41.46],[-23.95,41.09],[-29.16,42.1],[-30.23,41.33],[-31.85,41.08],[-34.3,39.57],[-29.33,41.03],[-27.72,40.28],[-28.09,40.43],[-27.85,40.04],[-28.86,39.72],[-30.17,39.95],[-28.47,39.36],[-29.05,38.77],[-33.66,37.15],[-36.95,34.36],[-38.23,34.33],[-41.94,32.97],[-46.48,30.13],[-49.79,28.8],[-55.19,28.29],[-60.89,28.95],[-66.9,26.97],[-67.18,24.85],[-69.94,25.59],[-70.44,26.05],[-70.5,27.13],[-70.18,30.94],[-71.92,32.42],[-72.15,33.16],[-71.62,34.51],[-69.3,37.12],[-69,41.71],[-70.72,45.81],[-72.15,53.7],[-75.6,57.47],[-76.17,58.79],[-76.31,62.88],[-74.25,64.07],[-72.89,66.43],[-74.37,68.03],[-77.15,69.45],[-76.51,70.98],[-73.97,72.44],[-74.11,73.13],[-73,72.53],[-72.5,73.13],[-69.98,73.2],[-69.66,72.9],[-70.69,72.78],[-64.48,72.56],[-68.71,72.25],[-67.13,72.36],[-67.99,71.92],[-66.28,72.26],[-62.53,71.99],[-63.04,72.21],[-62.39,72.44],[-63.07,71.26],[-62.75,70.9],[-60.27,71.4],[-61.81,70.7],[-58.74,70.49],[-54.73,67.91],[-56.98,67.7],[-56.68,67.47],[-52.26,66.59],[-52.39,66.28],[-51.84,66.15],[-52.18,65.79],[-51.66,66],[-51.58,65.55],[-52.26,65.57],[-52.13,64.6],[-52.08,65.08],[-51.07,65.26],[-50.98,65.99],[-47.99,66.22],[-50.95,66.55],[-47.97,66.58],[-47.71,66.27],[-48.23,66.01],[-47.52,65.41],[-47.82,65.28],[-46.94,65.4],[-46.56,64.72],[-43.7,64.06],[-43.1,64.68],[-42.35,64.67],[-41.51,64.18],[-42.1,63.98],[-41.17,64.06],[-42.53,63.45],[-41.99,62.97],[-41.12,63.79],[-38.92,63.89],[-39.25,63.95],[-38.75,64.35],[-39.72,64.22],[-38.02,64.7],[-39.34,65.28],[-39.36,65.75],[-38.07,66.11],[-38.54,66.32],[-37.79,66.7],[-35.7,66.85],[-35.95,67.03],[-35.25,66.62],[-36.03,65.72],[-35.84,64.9],[-37.47,64.73],[-36.03,64.21]]]}},{"type":"Feature","properties":{},"geometry":{"type":"Polygon","coordinates":[[[-108.16,67.26],[-110.46,67.38],[-110.73,67.59],[-108.81,68.1],[-108.39,68.67],[-110.66,69.08],[-98.83,68.81],[-83.74,67.73],[-81.1,62.93],[-81.26,62.23],[-82.05,62.35],[-86.3,64.35],[-88.83,66.33],[-92.81,67.35],[-100.26,68.09],[-108.16,67.26]]]}},{"type":"Feature","properties":{},"geometry":{"type":"Polygon","coordinates":[[[-88.92,55.53],[-89.64,55.29],[-89.37,55.55],[-89.78,55.64],[-88.96,55.87],[-89.41,56.52],[-89.79,56.42],[-89.69,55.79],[-90.43,55.85],[-90.11,57.13],[-88.43,58.85],[-88.87,60.58],[-89.63,61.85],[-92.46,63.04],[-91.42,62.97],[-92.36,63.48],[-97.55,64.11],[-98.77,63.99],[-98.58,63.5],[-100.54,63.58],[-106.52,64.66],[-107.44,64.43],[-107.07,64.55],[-109.11,64.74],[-108.69,65.01],[-110.92,65.54],[-110.46,65.71],[-113.49,66.11],[-110.05,65.97],[-109.16,65.59],[-109.7,65.4],[-109.17,65.17],[-108.2,65.49],[-103.89,64.82],[-100.39,65.21],[-101.92,65.63],[-101.06,65.97],[-102.82,65.86],[-101.99,66.44],[-102.6,66.5],[-102.44,66.78],[-96.81,66.57],[-93.69,66.11],[-88.99,64.52],[-86.53,63],[-85.6,60.42],[-88.92,55.53]]]}},{"type":"Feature","properties":{},"geometry":{"type":"Polygon","coordinates":[[[-115.29,74.74],[-114.89,75.18],[-115.42,75.44],[-113.78,75.58],[-114.36,75.79],[-112.79,76.63],[-107.47,77.5],[-91.37,75.17],[-89.32,74.01],[-94.96,73.72],[-103.14,74.44],[-115.29,74.74]]]}},{"type":"Feature","properties":{},"geometry":{"type":"Polygon","coordinates":[[[-83.8,46.64],[-83.32,46.7],[-83.78,46.66],[-83.51,48.39],[-85.36,51.49],[-86.5,52.38],[-86.21,52.61],[-85.57,51.81],[-85.57,52.32],[-86.18,52.62],[-85.36,53.11],[-86.72,52.63],[-86.94,53.35],[-85.9,53.39],[-86.88,53.82],[-86.58,54.02],[-86.52,53.6],[-86.54,54.01],[-85,54.41],[-85.99,54.22],[-84.99,54.97],[-86.69,54.22],[-85.7,55.19],[-86.48,55.56],[-87.05,55.26],[-85.87,55.67],[-86.44,57.17],[-85.98,57.09],[-86.07,57.57],[-85.69,57.16],[-85.95,57.6],[-85.49,57.57],[-85.98,57.81],[-85.38,57.83],[-86,57.98],[-85.19,58.26],[-86.21,58.46],[-85.37,59.52],[-86.18,58.86],[-85.68,60.56],[-86.07,63.62],[-85.75,64.05],[-81.26,62.23],[-80.61,61.32],[-81.91,60.26],[-82.14,59.46],[-81.73,57.37],[-80.06,55.89],[-80.39,52],[-80.95,50.45],[-80.75,47.97],[-82.93,44.65],[-84.46,45.28],[-83.8,46.64]]]}},{"type":"Feature","properties":{},"geometry":{"type":"Polygon","coordinates":[[[-80.61,61.32],[-79.75,59.58],[-80.26,56.11],[-81.73,57.37],[-82.14,59.46],[-81.91,60.26],[-80.61,61.32]]]}},{"type":"Feature","properties":{},"geometry":{"type":"Polygon","coordinates":[[[-79.84,71.15],[-80.35,69.61],[-77.45,68.22],[-75.86,66.63],[-77.09,64.26],[-79.11,63.05],[-78.89,59.55],[-78.19,57.65],[-74.6,53.91],[-73.18,47.23],[-79.38,48.92],[-80.54,49.94],[-79.05,54.66],[-79.98,56.41],[-80.26,59.82],[-82.45,65.49],[-88.24,69.97],[-93.91,72.79],[-91.32,73.17],[-81.09,72.72],[-77.82,73.25],[-77.41,72.63],[-79.84,71.15]]]}},{"type":"Feature","properties":{},"geometry":{"type":"Polygon","coordinates":[[[-89.98,57.2],[-90.16,57.97],[-89.24,58.06],[-89.98,57.2]]]}},{"type":"Feature","properties":{},"geometry":{"type":"Polygon","coordinates":[[[-89.24,57.75],[-89.16,58.1],[-90.14,58.25],[-90.44,58.83],[-89.97,58.96],[-91.63,60.11],[-91.11,60.53],[-91.62,60.73],[-91.71,61.06],[-91.19,61.02],[-91.57,61.27],[-91.16,61.26],[-91.6,61.5],[-90.6,61.48],[-91.67,61.87],[-91.2,62.06],[-92,62.07],[-91.06,62.19],[-92.48,62.41],[-92.75,61.91],[-93.91,61.88],[-94.51,62.23],[-94.1,62.41],[-96.66,62.64],[-97.1,63.12],[-92.97,63.12],[-92.55,62.54],[-92.46,63.04],[-90.11,62.23],[-88.87,60.58],[-88.43,58.85],[-89.24,57.75]]]}},{"type":"Feature","properties":{},"geometry":{"type":"Polygon","coordinates":[[[-80.61,61.32],[-81.26,62.23],[-80.65,61.98],[-80.61,61.32]]]}},{"type":"Feature","properties":{},"geometry":{"type":"Polygon","coordinates":[[[-0.12,55.99],[0.93,55.43],[0.46,55.21],[-0.31,55.73],[-0.12,55.99]]]}},{"type":"Feature","properties":{},"geometry":{"type":"Polygon","coordinates":[[[0.44,56.12],[1.04,55.71],[-0.3,56.08],[0.44,56.12]]]}},{"type":"Feature","properties":{},"geometry":{"type":"Polygon","coordinates":[[[50.96,69.37],[51.71,69.08],[50.89,69.03],[50.96,69.37]]]}},{"type":"Feature","properties":{},"geometry":{"type":"Polygon","coordinates":[[[-46.2,71.72],[-47.96,71.14],[-46.02,71.17],[-45.33,70.59],[-46.51,70.35],[-43.88,70.45],[-44.13,70.06],[-43.81,70.02],[-45.07,69.07],[-42.49,70.37],[-41.22,70.07],[-41.31,69.51],[-43.67,68.01],[-43.67,67.43],[-42.43,66.64],[-42.87,66.28],[-44.93,66.71],[-45.52,66.14],[-44.31,66.32],[-44.66,66.05],[-44.37,65.9],[-45.71,65.83],[-47.26,66.34],[-46.83,66.45],[-47.82,66.83],[-47.51,67.13],[-50.44,66.98],[-54.15,67.63],[-53.15,68.23],[-55.24,69.07],[-54.96,69.73],[-54.35,69.74],[-49.87,68.74],[-50.96,69.57],[-54,70.57],[-50.34,70.45],[-53.07,71.27],[-50.84,71.88],[-46.2,71.72]]]}},{"type":"Feature","properties":{},"geometry":{"type":"Polygon","coordinates":[[[34.55,66.25],[35.69,66.2],[35.21,65.89],[35.67,65.99],[35.3,65.77],[35.67,65.52],[35.28,65.51],[35.97,64.91],[38.73,63.98],[35.88,63.67],[35.61,63.95],[36.1,64.05],[35.19,64.37],[33.93,64.14],[33.45,64.62],[34.04,64.71],[34.12,65.28],[33.68,65.26],[34.31,65.4],[33.38,65.46],[34.55,66.25]]]}},{"type":"Feature","properties":{},"geometry":{"type":"Polygon","coordinates":[[[-0.26,56.56],[0.64,56.19],[-0.82,56.37],[-0.26,56.56]]]}},{"type":"Feature","properties":{},"geometry":{"type":"Polygon","coordinates":[[[45.22,68.33],[45.62,68.27],[44.64,67.91],[44.22,68.22],[45.22,68.33]]]}},{"type":"Feature","properties":{},"geometry":{"type":"Polygon","coordinates":[[[-39.38,70.24],[-41.13,69.56],[-41.12,70.36],[-39.38,70.24]]]}},{"type":"Feature","properties":{},"geometry":{"type":"Polygon","coordinates":[[[-24.32,66.21],[-22.69,65.53],[-22.67,64.87],[-25.03,65.21],[-25.11,65.9],[-24.32,66.21]]]}},{"type":"Feature","properties":{},"geometry":{"type":"Polygon","coordinates":[[[-28.41,57.07],[-30.67,57.01],[-31.52,57.75],[-30.24,58.31],[-27.47,57.68],[-27.68,58.49],[-25.24,59.17],[-25.12,60.35],[-25.6,60.49],[-25.19,60.68],[-25.71,60.63],[-25.55,60.95],[-26.12,61.28],[-27.2,61.15],[-26.02,61.48],[-26.45,61.94],[-26.02,61.97],[-26.73,62.09],[-26.24,62.38],[-26.92,62.26],[-26.52,62.67],[-26.99,62.79],[-26.87,63.32],[-27.63,63.11],[-27.24,62.97],[-27.58,62.56],[-29.3,63.23],[-29.16,62.74],[-29.43,63.37],[-29.96,63.6],[-29.46,63.06],[-29.9,62.99],[-32.16,63.78],[-32.4,64.11],[-31.96,64.33],[-33.32,64.35],[-33.62,64.76],[-33.39,65.34],[-31.82,64.84],[-33.29,65.63],[-31.91,66.53],[-29.01,67.24],[-26.97,66.83],[-29.53,66.26],[-30.21,65.61],[-30.07,64.73],[-31.7,64.8],[-30.34,64.47],[-29.39,64.99],[-29.96,65.56],[-28.75,65.39],[-28.96,66.04],[-27.92,66.05],[-28.13,66.42],[-27.48,66.13],[-27.72,66.52],[-25.03,66.33],[-25.45,65.29],[-26.88,64.66],[-25.45,65.02],[-25.18,64.69],[-25.68,64.46],[-25.23,64.6],[-25,64.05],[-25.19,64.65],[-24.4,64.46],[-24.68,64.84],[-23.8,64.93],[-22.62,64.37],[-24.01,63.78],[-22.48,63.86],[-23.54,63.67],[-23.11,63.53],[-23.86,63.16],[-22.35,63.49],[-23.22,62.88],[-21.83,63.25],[-21.28,62.7],[-22.78,62.3],[-21.12,62.44],[-22.58,62.04],[-21.94,62.05],[-22.64,61.62],[-20.82,62.18],[-21.66,61.9],[-20.62,62.04],[-20.1,61.63],[-21.74,61.44],[-22.1,61.31],[-20.62,61.36],[-21.95,61.03],[-20.18,61.44],[-19.87,60.97],[-22.06,60.97],[-20.02,60.27],[-21.52,60.67],[-20.99,60.41],[-21.8,60.31],[-21.12,60.36],[-21.53,60.17],[-21.11,59.96],[-22.19,60.21],[-20.61,59.5],[-21.56,59.5],[-20.59,59.16],[-20.88,58.83],[-20.4,59.02],[-20.77,58.62],[-19.61,58.82],[-20.18,58.56],[-19.58,58.63],[-19.5,58.11],[-20.24,57.89],[-18.92,57.99],[-19.75,57.6],[-18.36,57.59],[-18.09,57.09],[-19.39,57.02],[-18.91,56.59],[-19.63,56.83],[-19.27,56.44],[-19.67,56.27],[-20.07,56.72],[-20.68,55.73],[-21.11,56.12],[-20.84,56.35],[-21.3,56.05],[-20.96,56.41],[-21.52,56.47],[-21.08,56.69],[-21.58,56.8],[-20.39,57.23],[-21.72,57.05],[-21.16,57.41],[-21.7,57.21],[-21.91,57.78],[-22.73,57.98],[-22.28,57.69],[-22.84,57.87],[-22.56,57.29],[-23.4,57.51],[-23.18,57.16],[-23.63,56.88],[-22.91,56.98],[-23.06,56.01],[-22.8,56.29],[-22.83,55.85],[-22.38,56.06],[-22.48,55.63],[-22,55.55],[-22.55,55.47],[-21.94,55.02],[-22.27,54.3],[-22.54,54.94],[-22.51,53.99],[-22.94,54.2],[-23.11,53.75],[-23.65,54.74],[-23.88,54.36],[-24.46,55.28],[-24.47,54.89],[-25.27,55.42],[-23.82,53.51],[-24.04,53.2],[-27.47,55.12],[-27.77,55.6],[-27,55.6],[-27.91,56.05],[-28.18,56.7],[-27.86,56.92],[-28.7,56.74],[-28.41,57.07]]]}},{"type":"Feature","properties":{},"geometry":{"type":"Polygon","coordinates":[[[109.43,81.78],[114.14,81.49],[107.63,80.99],[108.38,81.21],[107.72,81.58],[109.43,81.78]]]}},{"type":"Feature","properties":{},"geometry":{"type":"Polygon","coordinates":[[[-35.73,69.41],[-34.31,68.78],[-36.5,68.46],[-35.79,68.22],[-36.3,67.9],[-35.64,67.92],[-36.9,67.21],[-38.4,67.33],[-38.07,67.54],[-39.52,67.26],[-39.17,67.78],[-39.8,68.48],[-39.63,69.04],[-38.75,69.2],[-38.65,68.66],[-37.65,68.63],[-37.01,69.06],[-37.64,69.4],[-35.73,69.41]]]}},{"type":"Feature","properties":{},"geometry":{"type":"Polygon","coordinates":[[[-31.49,68.55],[-29.94,67.79],[-35.94,67.05],[-33.64,68.53],[-31.49,68.55]]]}},{"type":"Feature","properties":{},"geometry":{"type":"Polygon","coordinates":[[[72.38,76.24],[73.93,75.98],[71.93,76.17],[72.38,76.24]]]}},{"type":"Feature","properties":{},"geometry":{"type":"Polygon","coordinates":[[[-47.89,73.9],[-47.59,73.32],[-47.99,73.26],[-47.26,73.22],[-47.8,73.07],[-46.12,72.9],[-46.49,71.95],[-57.08,71.71],[-57.36,71.82],[-56.81,72.82],[-57.63,73.05],[-51.55,73.84],[-50.64,74.45],[-47.89,73.9]]]}},{"type":"Feature","properties":{},"geometry":{"type":"Polygon","coordinates":[[[3.69,58.14],[3.7,57.75],[3.1,57.89],[3.69,58.14]]]}},{"type":"Feature","properties":{},"geometry":{"type":"Polygon","coordinates":[[[109.45,83.7],[118.85,83.96],[114.76,83.49],[106.83,83.8],[109.45,83.7]]]}},{"type":"Feature","properties":{},"geometry":{"type":"Polygon","coordinates":[[[-25.9,68.89],[-27.42,68.1],[-28.21,68.57],[-27.57,69.02],[-25.9,68.89]]]}},{"type":"Feature","properties":{},"geometry":{"type":"Polygon","coordinates":[[[-32.61,74.06],[-34.57,74.14],[-32.19,74.07],[-32.61,74.06]]]}},{"type":"Feature","properties":{},"geometry":{"type":"Polygon","coordinates":[[[92.72,82.86],[97.74,82.78],[98.58,82.86],[95.62,83.27],[101.21,83.5],[105.72,83.55],[105.29,83.4],[106.8,83.05],[99.5,81.72],[92.32,82.38],[92.68,82.55],[92.18,82.66],[92.68,82.65],[92.22,82.74],[92.72,82.86]]]}},{"type":"Feature","properties":{},"geometry":{"type":"Polygon","coordinates":[[[55.73,74.55],[56.48,74.56],[55.44,74.42],[55.73,74.55]]]}},{"type":"Feature","properties":{},"geometry":{"type":"Polygon","coordinates":[[[-26.5,71.37],[-26.79,71.03],[-27.56,71.26],[-26.5,71.37]]]}},{"type":"Feature","properties":{},"geometry":{"type":"Polygon","coordinates":[[[-24.67,70.22],[-28.13,69.23],[-29.53,69.77],[-27.7,69.97],[-28.95,70.62],[-28.03,70.33],[-26.41,70.8],[-27.17,70.12],[-26.32,70.15],[-26.55,70.39],[-25.99,70.64],[-24.67,70.22]]]}},{"type":"Feature","properties":{},"geometry":{"type":"Polygon","coordinates":[[[-27.44,72.37],[-30.26,71.83],[-28.94,71.57],[-29.25,71.28],[-31.64,71.04],[-32.91,71.52],[-32.63,71.69],[-36.29,72.57],[-35.82,72.85],[-32.89,72.25],[-34.52,72.88],[-33.31,73.06],[-35.2,73.11],[-34.64,73.22],[-35.41,73.26],[-34.9,73.48],[-35.16,73.84],[-32.91,73.39],[-33.89,73.85],[-33.07,73.84],[-32.14,73.39],[-32.65,73.84],[-31.87,73.89],[-31.24,73.48],[-30.07,73.63],[-30.89,73.31],[-30.49,72.96],[-32.16,72.43],[-31.5,71.9],[-29.35,72.58],[-27.44,72.37]]]}},{"type":"Feature","properties":{},"geometry":{"type":"Polygon","coordinates":[[[37.33,70.97],[38.57,70.9],[38.87,70.41],[36.09,68.73],[35.71,68.27],[36.22,68.1],[35.63,68.04],[36.09,67.88],[35.47,67.94],[35.89,67.67],[35.17,67.69],[35.86,67.44],[35.06,67.12],[35.78,66.86],[34.9,66.88],[35.86,66.75],[34.94,66.72],[35.7,66.31],[33.96,66.07],[33.97,66.44],[34.79,66.58],[33.17,66.4],[33.89,66.71],[33.61,66.94],[34.61,66.96],[33.56,67.02],[34,67.38],[33.5,67.51],[34.22,67.64],[32.98,67.93],[34,68.31],[33.65,68.64],[34.83,69.24],[34.62,69.52],[37.12,70.34],[36.76,70.43],[37.33,70.97]]]}},{"type":"Feature","properties":{},"geometry":{"type":"Polygon","coordinates":[[[-22.76,69.85],[-22.47,69.4],[-23.65,69.1],[-22.22,68.84],[-22.74,68.76],[-22.32,68.2],[-23.33,68.52],[-23.18,68.24],[-23.71,68.33],[-23.21,68.15],[-23.39,67.87],[-24.04,67.61],[-20.55,66.61],[-20.21,65.78],[-21.24,65.69],[-21,65.41],[-22.84,65.58],[-23.18,65.86],[-22.79,66.21],[-23.84,66.09],[-25.73,66.94],[-25.06,67.16],[-26.3,67.26],[-26.4,67.59],[-25.92,67.65],[-26.76,67.67],[-23.59,68.98],[-24.73,69.36],[-23.88,69.6],[-24.03,69.94],[-22.76,69.85]]]}},{"type":"Feature","properties":{},"geometry":{"type":"Polygon","coordinates":[[[-26.84,74.23],[-31.19,74.03],[-31.57,74.08],[-29.72,74.37],[-33.41,74.51],[-33.93,74.69],[-32.73,74.84],[-34.31,75.14],[-32.28,75.29],[-26.84,74.23]]]}},{"type":"Feature","properties":{},"geometry":{"type":"Polygon","coordinates":[[[54.56,41.95],[53.53,41.6],[53.58,44.06],[50.59,48.17],[51.68,50.73],[51.61,52],[47.99,58.67],[48.41,59.93],[49.51,60.92],[54.21,59.1],[59.35,55.46],[64.05,53.74],[67.98,49.76],[73.56,47.47],[81.54,44.96],[73.71,41.08],[66.15,35.31],[60.92,35.25],[55.82,37.02],[54.08,38.39],[55.41,40.22],[54.38,40.7],[54.56,41.95]]]}},{"type":"Feature","properties":{},"geometry":{"type":"Polygon","coordinates":[[[81.14,41.13],[82.41,41.15],[84.02,40.36],[83,38.36],[76.69,34.5],[75.48,32.61],[72.7,32.47],[67.83,34.43],[65.77,34.32],[69.99,38.12],[73.91,40.61],[81.14,41.13]]]}},{"type":"Feature","properties":{},"geometry":{"type":"Polygon","coordinates":[[[87.19,43.48],[83.58,42.28],[75.43,41.89],[81.54,44.96],[84.87,43.76],[87.19,43.48]]]}},{"type":"Feature","properties":{},"geometry":{"type":"Polygon","coordinates":[[[90.75,36.33],[96.86,35.65],[94.91,34.84],[88.93,34.56],[82.48,33.13],[74.73,29.7],[75,30.64],[80.26,35.25],[82.41,36.51],[90.75,36.33]]]}},{"type":"Feature","properties":{},"geometry":{"type":"Polygon","coordinates":[[[125.31,62.04],[126.6,62.35],[126.05,61.88],[126.95,61.99],[127.46,62.49],[127.59,62.02],[127.38,62.79],[128.76,62.97],[131.35,62.27],[130.62,61.98],[132.12,61.18],[131.46,60.15],[132.07,59.05],[132.17,57.37],[128.21,51.78],[126.85,50.86],[125.25,50.66],[125.05,51.15],[124.48,51.06],[124.1,50.2],[119.3,50.53],[115.08,49.72],[105.21,47.52],[96.07,44.13],[92.32,44.08],[87.36,42.78],[83.92,42.92],[81.73,43.93],[87.22,44.78],[91.69,46.62],[95.2,49.29],[98.67,50.78],[100.74,52.94],[105.1,54.64],[106.82,57.8],[109.08,59.61],[116.43,60.25],[125.31,62.04]]]}},{"type":"Feature","properties":{},"geometry":{"type":"Polygon","coordinates":[[[70.71,74.49],[70.97,74.28],[70.56,74.12],[71.22,73.59],[70.94,74.1],[72.91,74.43],[72.24,74.5],[73.42,75.32],[71.81,75.39],[72.93,75.71],[76.79,75.48],[76.07,75.69],[80.56,76.71],[83.04,76.48],[86.79,77.09],[84.7,77.68],[85.42,77.75],[85.19,77.98],[93.04,78.35],[93.34,78.32],[92.73,78.25],[95.75,77.69],[95.04,77.35],[98.87,76.9],[101.29,76.8],[101.51,77.1],[100.27,77.81],[100.94,77.66],[103.84,76.74],[106.21,74.74],[107.16,74.56],[124.91,74.32],[136.22,73.2],[141.16,71.6],[142.64,69.41],[131.52,67.92],[125.28,62.89],[127.41,62.88],[127.71,62.08],[118.63,60.49],[111.17,59.99],[108.76,58.22],[106.81,55.1],[102.31,53.48],[100.11,51.36],[96.53,49.93],[92.87,47.33],[88.27,45.56],[82.69,44.79],[73.56,47.47],[67.98,49.76],[64.05,53.74],[57.55,56.51],[52.79,59.83],[50.46,62.22],[53.5,62.14],[54.23,63.88],[52.99,64.78],[53.92,65.29],[55.4,65.04],[56.83,64.05],[58.95,64.27],[56.29,64.4],[55.93,64.73],[56.3,64.98],[55.18,65.46],[52.01,65.07],[50.78,66.43],[48.85,66.93],[49.28,67.91],[48.27,68.41],[51.19,67.2],[53.41,67.34],[50.38,67.81],[51.92,68.13],[50.97,68.33],[51.41,68.63],[55.85,68.83],[56.13,68.53],[55.78,68.28],[56.85,67.31],[59.74,67.25],[57.65,67.57],[58.04,67.85],[56.29,68.83],[53.06,69.06],[51.12,69.93],[55.13,71.24],[52.53,71.84],[53.61,71.82],[53,72.16],[53.34,72.26],[52.53,72.21],[55.44,74.03],[54.41,74],[56.41,74.49],[56.72,74.21],[57.75,74.67],[57.39,74.66],[57.64,75.04],[58.62,75.04],[57.08,75.19],[58.28,75.62],[56.76,76.05],[56.32,76.9],[58.85,77.05],[58.58,76.51],[61.24,76.97],[62.07,76.52],[62.74,76.73],[62.26,77],[64.1,77.52],[69.18,77.44],[70.05,77.14],[68.02,77.12],[70.55,77.11],[71.35,76.59],[71.03,76.43],[71.45,76.2],[70.58,75.49],[71.04,75.59],[71.26,74.82],[69.66,74.41],[70.71,74.49]]]}},{"type":"Feature","properties":{},"geometry":{"type":"Polygon","coordinates":[[[128.29,62.35],[128,62.42],[128.69,62.69],[128.29,62.35]]]}},{"type":"Feature","properties":{},"geometry":{"type":"Polygon","coordinates":[[[48.9,63.49],[48.69,64.13],[46.43,64.36],[45.66,65.47],[44.96,65.5],[44.74,65.91],[45.21,66.58],[44.39,67.73],[47.08,68.03],[47.93,66.82],[49.39,66.43],[51.08,64.8],[52.58,64.41],[52.96,63.65],[52.7,62.7],[50.43,62.24],[48.9,63.49]]]}},{"type":"Feature","properties":{},"geometry":{"type":"Polygon","coordinates":[[[78.4,16.41],[83.11,17.06],[87.07,16.53],[89.06,15.1],[91.43,11.83],[86.16,13.9],[78.47,13.28],[75.36,13.73],[71.72,15.31],[68.27,17.94],[67.4,19.31],[73.11,16.82],[78.4,16.41]]]}},{"type":"Feature","properties":{},"geometry":{"type":"Polygon","coordinates":[[[64.43,-43.02],[64.76,-42.62],[63.92,-42.11],[64.34,-42.86],[62.96,-41.83],[63.94,-42.59],[63.88,-43.21],[61.43,-43.9],[61.48,-43.42],[60.78,-43.81],[60.83,-43.11],[59,-43.51],[58.83,-44.13],[57.65,-44.53],[50.83,-45.22],[50.5,-45.62],[47.49,-45.28],[46.69,-45.66],[45.53,-47.26],[43.5,-48.15],[42.24,-49.36],[41.33,-49.08],[40.3,-49.38],[40.49,-49.8],[37.11,-49.36],[37.07,-48.27],[38.66,-45.92],[40.7,-40.94],[42.89,-38.44],[42.5,-38.38],[43.14,-37.58],[44.14,-37.05],[44.41,-36.32],[45.04,-36.39],[44.49,-36.1],[45.11,-35.78],[44.8,-35.49],[43.74,-36.2],[42.16,-35.74],[41.91,-33.43],[43.15,-34],[43.83,-33.79],[42.55,-33.2],[42.36,-32.27],[43.03,-32.16],[42.4,-32.11],[42.69,-31.82],[42.01,-31.34],[42.69,-30.7],[42.11,-30.16],[42.66,-29.49],[41.88,-29.22],[44.94,-26.73],[47.58,-25.69],[53.64,-24.37],[55.44,-24.72],[56.1,-25.46],[55.93,-27.05],[57.24,-31.11],[60.37,-35.07],[62.55,-36.36],[71.34,-39.18],[72.52,-40.02],[64.43,-43.02]]]}},{"type":"Feature","properties":{},"geometry":{"type":"Polygon","coordinates":[[[68.44,24.1],[70.68,23.13],[72.2,23.01],[73.23,23.23],[73.93,24.22],[79.48,26.15],[85.77,25.39],[90.29,23.74],[91.56,21.49],[92.02,19.06],[89.23,21.81],[86.92,22.73],[83.64,22.72],[78.85,21.67],[73.38,21.58],[66.78,23.59],[65.7,23.44],[64.4,25.16],[66.29,25.21],[68.44,24.1]]]}},{"type":"Feature","properties":{},"geometry":{"type":"Polygon","coordinates":[[[94.99,27.81],[94.91,27.38],[93,29.28],[90.86,29.73],[82.19,29.42],[87.95,31.72],[92.62,32.36],[96.59,33.62],[95.62,31.6],[94.99,27.81]]]}},{"type":"Feature","properties":{},"geometry":{"type":"Polygon","coordinates":[[[82.41,41.15],[92.06,43.67],[95.78,43.68],[83,38.36],[84.02,40.36],[82.41,41.15]]]}},{"type":"Feature","properties":{},"geometry":{"type":"Polygon","coordinates":[[[37.94,34.89],[36.31,35.61],[39.54,35.78],[43.12,35.14],[44.87,34.76],[46.39,33.74],[45.59,33.59],[45.47,31.66],[42.82,34.03],[37.94,34.89]]]}},{"type":"Feature","properties":{},"geometry":{"type":"Polygon","coordinates":[[[46.5,30.95],[48.39,30.41],[50.47,31.11],[48.64,30.29],[46.5,30.95]]]}},{"type":"Feature","properties":{},"geometry":{"type":"Polygon","coordinates":[[[50.5,31.03],[49.97,33.06],[49.16,33.21],[49.14,33.68],[49.57,33.64],[48.49,34.2],[53.87,32.46],[50.5,31.03]]]}},{"type":"Feature","properties":{},"geometry":{"type":"Polygon","coordinates":[[[50.43,62.24],[52.79,59.83],[49.51,60.92],[49.91,62.72],[50.43,62.24]]]}},{"type":"Feature","properties":{},"geometry":{"type":"Polygon","coordinates":[[[48.51,34.69],[47.88,35.6],[47.9,36.58],[46.48,36.77],[45.18,38.02],[46.35,38.15],[45.66,38.35],[46.04,38.96],[47.4,39.21],[46.69,40.62],[45.43,40.55],[44.21,39.58],[43.77,39.72],[43.6,38.83],[43.35,39.12],[43.33,38.75],[42.65,38.7],[42.07,37.51],[43.16,37.01],[43.12,36.1],[44.87,34.76],[39.54,35.78],[44.26,40.68],[50.65,43.52],[51.17,45.15],[50.59,48.17],[53.58,44.06],[53.35,41.02],[52.98,41.19],[53.1,40.66],[52.37,40.59],[52.21,39.51],[52.68,38.52],[53.65,38.82],[55.82,37.02],[59.88,35.42],[66.69,35.42],[64.49,33.14],[55.85,31.68],[48.49,34.2],[48.51,34.69]]]}},{"type":"Feature","properties":{},"geometry":{"type":"Polygon","coordinates":[[[46.2,0.89],[45.61,1.13],[44.27,0.62],[43.35,0.95],[41.49,2.45],[40.71,4.85],[40.22,4.75],[39.92,5.33],[39.67,4.87],[38.84,5.06],[38.97,4.51],[38.52,4.41],[39.2,2.49],[40.2,1.35],[39.95,0.73],[40.44,-0.64],[40.83,0.58],[41.33,0.44],[40.85,-1.14],[41.36,-1.55],[43.59,-1.58],[45.78,0.29],[45.67,-1.57],[47.51,-2.74],[48.32,-4.18],[46.99,-5.81],[46.35,-5.92],[46.21,-7.15],[45.24,-7.27],[44.67,-8.07],[43.78,-8.07],[43.29,-8.83],[40.74,-9.07],[40.37,-9.85],[36.71,-10.84],[33.65,-10.98],[32.91,-11.44],[31.46,-11.17],[31.09,-8.52],[31.52,-7.07],[30.4,-3.75],[29.27,-2.07],[29.24,0.71],[28.48,1.5],[27.51,5.56],[26.97,5.76],[29.89,11.1],[30.65,13.72],[32.71,14.6],[35.7,14.6],[43.89,4.26],[44.8,2.46],[46.26,2.17],[46.2,0.89]]]}},{"type":"Feature","properties":{},"geometry":{"type":"Polygon","coordinates":[[[54.12,-9.96],[53.78,-13.23],[52.19,-14.25],[44.88,-13.42],[42.73,-13.77],[42.83,-10.68],[44.28,-8.91],[45.98,-9.4],[48.65,-7.85],[50.22,-7.69],[54.14,-8.87],[54.12,-9.96]]]}},{"type":"Feature","properties":{},"geometry":{"type":"Polygon","coordinates":[[[73.41,21.79],[62.22,24.53],[63.96,28.06],[70.6,23.63],[73.78,23.85],[73.41,21.79]]]}},{"type":"Feature","properties":{},"geometry":{"type":"Polygon","coordinates":[[[62.43,16.5],[62.01,16.84],[62.86,18.79],[64.61,20.74],[65.35,20.86],[73.38,16.08],[67.5,16.03],[64.89,15.42],[62.43,16.5]]]}},{"type":"Feature","properties":{},"geometry":{"type":"Polygon","coordinates":[[[44.59,28.73],[45.14,28.17],[48.61,28.19],[51.36,24.18],[55.44,22.98],[55.7,22.11],[54.18,21.64],[52.35,22.74],[38.7,27.1],[38.42,27.95],[38.98,29.43],[42.31,30.1],[44.59,28.73]]]}},{"type":"Feature","properties":{},"geometry":{"type":"Polygon","coordinates":[[[179.99,70.07],[179.99,69.46],[178.94,69.39],[178.61,68.93],[179.41,68.07],[176.44,67.34],[176.69,66.43],[174.42,66.06],[174.85,65.35],[172.76,63.88],[172.16,64.58],[173.27,66.95],[170.25,70.69],[173.13,71.48],[176.88,73.67],[179.89,74.21],[179.3,74.36],[179.99,74.67],[179.99,73.25],[179.44,72.91],[179.82,72.63],[179.37,72.59],[179.73,72.41],[179.18,72.51],[179.45,72.32],[178.08,71.3],[179.99,71.15],[179.62,70.68],[179.99,70.07]]]}},{"type":"Feature","properties":{},"geometry":{"type":"Polygon","coordinates":[[[179.99,75.7],[179.99,74.75],[179.52,74.83],[179.99,75.7]]]}},{"type":"Feature","properties":{},"geometry":{"type":"Polygon","coordinates":[[[-179.99,74.75],[-179.99,75.7],[-178.24,75.94],[-179.14,75.97],[-159.66,80.3],[-148.38,79.06],[-149.01,78.3],[-151.68,78.03],[-151.11,78.1],[-158.6,78.33],[-152.32,77.89],[-150.61,76.17],[-151.76,75.74],[-155.46,76.08],[-162.37,75.37],[-168.3,73.56],[-171.83,74.19],[-174.15,73.95],[-175.35,73.33],[-175.67,73.32],[-175.57,73.98],[-177.8,73.23],[-179.99,73.25],[-179.99,74.75]]]}},{"type":"Feature","properties":{},"geometry":{"type":"Polygon","coordinates":[[[-179.99,69.46],[-179.99,70.07],[-179.45,70.12],[-179.07,69.57],[-179.99,69.46]]]}},{"type":"Feature","properties":{},"geometry":{"type":"Polygon","coordinates":[[[177.94,75.12],[178.66,75],[176.93,74.93],[173.63,73.76],[177.94,75.12]]]}},{"type":"Feature","properties":{},"geometry":{"type":"Polygon","coordinates":[[[179.99,82.21],[179.99,81.42],[175.7,81.84],[179.99,82.21]]]}},{"type":"Feature","properties":{},"geometry":{"type":"Polygon","coordinates":[[[-179.99,81.42],[-179.99,82.21],[-177.38,82.36],[-167.56,82.5],[-162.53,81.51],[-159.18,81.78],[-161.24,82.33],[-160.06,82.5],[-160.33,82.86],[-145.66,82.39],[-138.48,81.36],[-142.58,77.99],[-153.48,79.5],[-170.58,80.26],[-179.99,81.42]]]}},{"type":"Feature","properties":{},"geometry":{"type":"Polygon","coordinates":[[[179.99,81.03],[179.99,76.07],[178.07,75.84],[178.09,75.28],[173.72,73.86],[173.87,74.16],[172.6,74.3],[173.25,74.65],[173.06,75.04],[172.11,74.72],[171.16,75.43],[159.2,78.21],[157.34,79.1],[157.11,79.85],[157.57,80.51],[162.91,82.44],[179.99,81.03]]]}},{"type":"Feature","properties":{},"geometry":{"type":"Polygon","coordinates":[[[-179.99,76.07],[-179.99,81.03],[-159.66,80.3],[-171.2,77.96],[-175.28,76.71],[-179.99,76.07]]]}},{"type":"Feature","properties":{},"geometry":{"type":"Polygon","coordinates":[[[103.27,78.24],[103.08,78.57],[106.67,78.35],[114.41,79.47],[112.05,79.73],[112.7,80.07],[110.73,79.96],[112.88,80.59],[111.18,80.75],[125.6,81.47],[137.2,80.65],[146.16,81.38],[151.48,81.21],[153.22,80.82],[152.85,80.41],[155.28,80.26],[149.11,78.42],[147.84,77.04],[150.34,75.41],[157.83,73.04],[158.45,72.31],[154.41,72.13],[150.98,70.17],[151.33,69.89],[150.96,69.7],[152.67,69.55],[147.34,68.9],[146.88,69.14],[148.53,69.37],[145.86,69.47],[144.51,71.79],[139.65,73.42],[128.26,74.63],[110.13,74.96],[109.16,75.14],[106.87,77.15],[103.27,78.24]]]}},{"type":"Feature","properties":{},"geometry":{"type":"Polygon","coordinates":[[[123.4,49.54],[122.29,48.47],[122.41,47.5],[120.4,45.77],[121.73,45.23],[123.52,43.38],[120.46,42.43],[119.91,43.11],[120.82,43.37],[120.35,43.46],[120.16,44.12],[118.94,44.14],[118.78,43.74],[117.91,44.07],[118.71,44.78],[118.19,44.87],[118.31,45.6],[117.02,45.83],[114,44.03],[114.62,44.84],[113.9,44.7],[114,45.14],[114.64,45.94],[113.97,46.33],[113.13,46.05],[111.58,44.11],[110.36,43.87],[110.44,43.12],[111.74,43.13],[112.34,42.2],[113.84,43.11],[116.06,43.01],[116,42.5],[113.68,41.4],[113.93,41.21],[113.07,39.99],[114.32,39.59],[111.97,36.24],[106.94,37],[99.86,36.45],[86.4,39.46],[96.69,44.05],[104.92,46.97],[118.9,49.85],[123.4,49.54]]]}},{"type":"Feature","properties":{},"geometry":{"type":"Polygon","coordinates":[[[119.8,46.34],[120.63,45.03],[119.19,44.14],[119.48,43.88],[119.15,44.06],[119.31,43.6],[118.97,43.84],[118.62,43.12],[118.08,43.36],[118.47,43.45],[117.76,43.71],[117.82,44.67],[117.36,44.68],[119.8,46.34]]]}},{"type":"Feature","properties":{},"geometry":{"type":"Polygon","coordinates":[[[112.6,40.47],[114.32,39.26],[115.9,38.91],[114.23,38.44],[116.41,38.27],[115.28,36.99],[117.3,37.45],[116.88,36.78],[117.34,37.14],[117.53,36.86],[117.05,36.64],[117.78,35.9],[116.99,35.2],[117.31,33.74],[116.71,33.65],[117.31,33.45],[117.09,33.08],[117.6,32.42],[117.13,32.5],[117.09,31.29],[116.49,31.09],[116.77,30.82],[115.72,29.38],[115.93,28.93],[114.65,27.9],[114.4,28.11],[114.26,27.39],[113.02,27.77],[113.62,27.02],[113.26,26.73],[112.9,27.04],[113.2,26.45],[112.6,26.42],[112.74,26.07],[111.04,24.96],[111.61,23.89],[110.7,24.22],[110.67,24.85],[110.2,24.92],[109.99,24.43],[109.11,24.61],[108.56,23.31],[107.9,23.03],[108.24,22.78],[107.93,21.84],[100,24.16],[99.14,24.93],[98.05,27.2],[98.34,29.8],[99.78,33.43],[101.59,34.55],[105.65,35.91],[111.71,36.71],[112.6,40.47]]]}},{"type":"Feature","properties":{},"geometry":{"type":"Polygon","coordinates":[[[104.95,21.23],[105.29,20.22],[105.87,19.94],[110.52,19.63],[112.76,18.04],[113.32,16.79],[112.19,14.63],[112.64,13.83],[112.06,11.99],[111.11,13.22],[109.79,12.63],[109.29,13.08],[109.17,12.58],[107.86,13.26],[106.26,12.44],[105.79,13.14],[105.14,12.82],[103.01,15.42],[101.86,18.46],[97.31,21.24],[104.95,21.23]]]}},{"type":"Feature","properties":{},"geometry":{"type":"Polygon","coordinates":[[[104.22,12.2],[106.11,9.38],[107.04,8.78],[107.37,9.29],[109.81,8.62],[111.1,9.19],[114.58,6.88],[112.24,6.69],[108.78,7.93],[107.47,7.82],[107.32,7.4],[103.85,10.52],[101.63,11.02],[100.19,11.86],[100.52,11.94],[98.96,11.66],[95.17,13.58],[93,15.19],[91.28,17.55],[94.07,18.98],[98.49,17.74],[99.68,17.11],[101.45,14.36],[104.22,12.2]]]}},{"type":"Feature","properties":{},"geometry":{"type":"Polygon","coordinates":[[[110.15,9.21],[112.26,9.48],[113.79,8.38],[115.55,8.15],[115.18,7.47],[113.71,7.01],[110.15,9.21]]]}},{"type":"Feature","properties":{},"geometry":{"type":"Polygon","coordinates":[[[30.43,-5.72],[33.57,-8.85],[33.6,-9.34],[32.74,-9.77],[33.37,-9.71],[34.45,-10.93],[39.6,-10.12],[40.96,-9.47],[41.45,-9.61],[41.19,-11.03],[41.59,-11.01],[41.08,-11.14],[41.01,-12.03],[38.04,-17.01],[35.96,-18.98],[31.56,-21.97],[30.87,-23.06],[29.47,-23.87],[28.23,-25.73],[27.67,-27.45],[28.43,-28.1],[28,-29.38],[28.36,-31.07],[29.37,-31.83],[28.99,-32.46],[29.03,-36.39],[27.93,-37.52],[24.78,-38.49],[21.44,-40.43],[22.16,-35.91],[21.57,-29.61],[23.75,-28.1],[23.84,-25.84],[25.57,-20.5],[25.6,-17.09],[26.34,-15.37],[27.65,-15.39],[28.02,-13.78],[31.43,-10.39],[30.43,-5.72]]]}},{"type":"Feature","properties":{},"geometry":{"type":"Polygon","coordinates":[[[21.31,-40.3],[21.01,-41.08],[21.8,-42.86],[21.28,-44.76],[16.91,-46.07],[17.08,-46.52],[17.53,-46.27],[16.06,-48.55],[11.93,-50.77],[7.78,-52.14],[5.02,-52.4],[1.14,-51.56],[-2.53,-51.65],[-3.61,-50.6],[-4.14,-50.76],[-4.08,-49.14],[-3.38,-49.03],[-3.05,-48.16],[-3.45,-45.33],[-4.4,-43.22],[-3.29,-38.25],[-4.53,-33.15],[-3.81,-31.27],[-2.14,-29.19],[-0.28,-28],[0.06,-26.9],[-0.27,-25.15],[0.36,-24.58],[-0.14,-22.12],[0.65,-22.1],[-0.08,-21.82],[-0.16,-20.52],[-1.73,-17.82],[-2.15,-15.89],[-1.53,-15.85],[-1.2,-15.09],[-0.68,-15.41],[-1.2,-14.92],[-0.9,-15],[-0.97,-14.3],[0.19,-12.64],[0.21,-11.6],[-0.32,-11.6],[-0.97,-10.47],[-2.16,-10.62],[-3.58,-9.98],[-0.43,-8.78],[0.14,-7.67],[2.7,-6.86],[9.47,-9.51],[17.58,-8.68],[22.68,-16.38],[19.13,-20.51],[18.31,-23.72],[18.59,-25.7],[22.18,-29.65],[22.47,-35.97],[21.31,-40.3]]]}},{"type":"Feature","properties":{},"geometry":{"type":"Polygon","coordinates":[[[-9.12,19.06],[-8.93,20.07],[-8,20.97],[-5.38,21.63],[-3.92,23.01],[-3.38,22.92],[-2.96,21.97],[-1.64,21.84],[-0.95,21.2],[2.3,21.7],[7.78,20.34],[9.49,20.37],[-0.13,18.64],[-5.54,19.5],[-9.12,19.06]]]}},{"type":"Feature","properties":{},"geometry":{"type":"Polygon","coordinates":[[[5.03,30.01],[4.96,29.22],[2.47,28.51],[1.38,27.45],[1.66,26.64],[-0.86,25.12],[-2.82,25.53],[-4.05,25.08],[-4.58,25.93],[-4.18,26.19],[-4.51,26],[-4.77,26.57],[-6.7,26.73],[-5.98,28],[-6.46,28.38],[-5.86,28.7],[-6.62,28.53],[-5.27,30.24],[-4.79,32.76],[-3.54,33],[0.21,31.66],[1.53,31.66],[5.03,30.01]]]}},{"type":"Feature","properties":{},"geometry":{"type":"Polygon","coordinates":[[[-3.58,-9.98],[-3.91,-8.44],[-4.73,-7.71],[-7.18,-7.21],[-11,-7.49],[-12.63,-6.4],[-16.35,-6.05],[-16.88,-5.63],[-19.92,-1.53],[-20.1,1.26],[-21.3,3.2],[-20.62,3.63],[-21.56,3.73],[-21.52,4.32],[-22.07,4.65],[-21.67,4.66],[-22,4.8],[-21.64,5.61],[-20.6,5.23],[-21.49,5.44],[-21.91,7.1],[-20.65,7.69],[-19.47,9.37],[-19.31,11.07],[-18.7,11.72],[-18.87,12.93],[-19.26,12.61],[-18.76,13.49],[-12.93,17.82],[-11.55,17.71],[-9.12,19.06],[-6.37,19.47],[-0.13,18.64],[9.53,20.28],[9.71,19.68],[10.38,19.88],[9.63,19.1],[9.93,18.06],[8.77,17.38],[7.77,15.69],[4.9,4.75],[4.83,1.21],[6.67,-3.65],[3.39,-5.38],[2.7,-6.86],[0.14,-7.67],[-0.43,-8.78],[-3.58,-9.98]]]}},{"type":"Feature","properties":{},"geometry":{"type":"Polygon","coordinates":[[[26.86,9.09],[26.83,8.17],[28.89,2.78],[28.75,1.82],[30.05,-0.22],[29.8,-1.8],[17.58,-8.68],[9.47,-9.51],[2.7,-6.86],[3.39,-5.38],[6.67,-3.65],[4.83,1.21],[4.9,4.75],[7.27,14.35],[8.71,16.95],[10.22,15.5],[12.55,14.44],[12.75,13.37],[15.23,11.64],[16.3,11.98],[16.64,13.28],[18.39,13.67],[19.38,12.67],[20.74,12.21],[20.83,11.74],[24.01,10.46],[25.25,10.96],[26.33,10.74],[26.86,9.09]]]}},{"type":"Feature","properties":{},"geometry":{"type":"Polygon","coordinates":[[[29.79,14.45],[28.64,14.99],[26.93,14.85],[25.59,16.31],[25.3,15.89],[24.56,15.96],[23.96,17.07],[23.06,17.23],[23.94,17.26],[23.09,17.55],[23.55,18.45],[23.04,19.01],[26.11,19.41],[26.98,19.13],[27.83,17.99],[29.21,18.11],[32.73,17.13],[34.93,14.76],[31.95,15.09],[29.79,14.45]]]}},{"type":"Feature","properties":{},"geometry":{"type":"Polygon","coordinates":[[[22.17,-29.3],[21.73,-29.74],[17.96,-25.91],[17.6,-23.94],[18.29,-20.71],[21.68,-16.47],[26.5,-15.5],[25.76,-17.22],[25.73,-20.63],[24,-25.97],[23.92,-28.24],[22.17,-29.3]]]}},{"type":"Feature","properties":{},"geometry":{"type":"Polygon","coordinates":[[[28.38,8.08],[27.43,6.73],[25.99,10.79],[27.2,10.11],[28.55,10.53],[30.29,13.09],[30.77,15.03],[30.33,12.54],[28.38,8.08]]]}},{"type":"Feature","properties":{},"geometry":{"type":"Polygon","coordinates":[[[29.8,-1.8],[29.96,-2.56],[30.9,-3.37],[31.69,-6.4],[31.96,-6.08],[32.79,-10.77],[29.26,-14.05],[28.83,-15.65],[26.06,-15.68],[22.68,-16.38],[18.21,-9.6],[17.97,-8.47],[29.8,-1.8]]]}},{"type":"Feature","properties":{},"geometry":{"type":"Polygon","coordinates":[[[27.49,31.71],[27.32,32.1],[29.17,32.19],[30.87,33.33],[32.33,33.59],[33.71,32.91],[37.16,33.06],[38.34,34.08],[37.94,34.89],[41.72,34.39],[43.53,33.44],[39.97,33.4],[36.83,32.12],[32.63,32.65],[27.49,31.71]]]}},{"type":"Feature","properties":{},"geometry":{"type":"Polygon","coordinates":[[[32.09,36.51],[30.98,35.74],[30.43,35.87],[32.09,36.51]]]}},{"type":"Feature","properties":{},"geometry":{"type":"Polygon","coordinates":[[[36.02,35.7],[33.11,36.82],[34.28,37.8],[33.74,38.44],[34.52,38.51],[34.91,39.19],[31.53,37.52],[31.6,37.95],[31.58,37.21],[32.16,36.79],[33.11,37.01],[32.94,36.67],[30.56,35.95],[30.15,36.75],[29.5,36.56],[30.5,37.24],[28.7,37.39],[28.44,37.63],[29.24,37.64],[28.8,37.97],[26.97,36.71],[27.12,35.75],[26.57,35.56],[24.16,36.92],[22.05,39.25],[16.29,42.54],[13.27,43.68],[16,44.69],[16.57,44.24],[17.29,44.59],[16.95,44.16],[17.7,44.68],[17.28,44.89],[17.86,45.1],[18.05,45.77],[17.75,44.97],[18.3,44.98],[17.83,46.59],[18.18,47.63],[18.86,47.9],[19.84,47.19],[20.39,47.54],[20.28,48.62],[19.61,48.57],[19.24,49.42],[24.25,50.6],[22.91,50.95],[22.86,51.37],[18.65,49.95],[18.61,50.47],[17.32,50.63],[17.32,51.58],[16.57,52.77],[18.53,55.01],[19.1,55.08],[18.65,55.84],[16.22,55.74],[16.6,55.56],[15.94,54.79],[16.5,54.43],[15.98,53.73],[14.34,52.55],[13.86,52.92],[14.26,52.44],[13.81,52.21],[14.03,50.42],[15.71,49.62],[14.9,49.24],[15.34,49],[14.96,48.65],[14.72,48.96],[14.67,48.56],[13.68,48.34],[14.29,48.22],[13.79,48.2],[14.27,47.91],[14.15,46.4],[13.82,45.76],[12.63,45.56],[12.59,44.98],[11.49,44.9],[11.08,45.79],[11.43,46.1],[10.31,47.18],[10.39,47.82],[9.86,47.79],[9.28,49.31],[9.14,48.91],[8.88,49.12],[9.02,48.43],[8.43,48.48],[7.56,47.42],[6.65,47.24],[5.53,47.75],[5.4,48.24],[5.96,48.07],[6.22,48.3],[5.63,48.29],[6.14,48.8],[5.07,48.69],[6.41,49.74],[5.45,49.19],[4.96,49.56],[5.39,49.94],[5.03,49.73],[4.75,49.99],[5.22,50.07],[4.8,50.25],[6.39,50.12],[6.78,50.5],[4.93,50.3],[5.2,50.57],[4.69,50.93],[6.05,51.11],[4.72,51.37],[5.64,51.28],[5.34,51.43],[5.89,51.69],[6.3,51.36],[5.54,51.8],[6.93,51.97],[6.06,51.97],[6.25,52.27],[7.23,51.97],[6.69,52.3],[7.31,52.13],[6.89,52.41],[7.95,53],[8.1,52.67],[8.85,52.87],[9.09,53.52],[8.26,52.86],[7.8,53.05],[10.01,54.79],[9.33,54.66],[9.84,54.93],[9.68,55.38],[10.09,55.31],[9.67,55.55],[10.66,55.86],[9.88,55.66],[10.24,55.81],[9.77,56],[10.3,56.12],[9.89,56.21],[10.43,56.32],[10.05,56.45],[11.4,56.69],[10.55,56.8],[11.55,56.98],[10.73,57.39],[11.49,57.52],[11.03,57.63],[11.45,57.87],[11.95,57.46],[11.57,57.94],[12.75,58.13],[11.72,58.14],[12.51,58.37],[12.19,58.43],[12.58,58.45],[12.28,58.68],[12.6,59.18],[13.62,59.01],[13.16,59.51],[13.62,59.22],[13.91,59.79],[13.86,59.09],[14.46,59.35],[14.05,59.61],[14.49,59.9],[15.19,59.69],[14.55,60.21],[15.99,60.01],[15.71,60.22],[16.55,60.73],[16.36,61.08],[17.25,61.05],[16.98,60.18],[17.64,61.17],[17.88,60.58],[18.45,61.11],[18.04,61.3],[18.65,61.44],[18.75,60.76],[19.26,61.28],[20.92,60.94],[19.34,60.57],[20.2,60.13],[21.82,60.62],[22.64,60.5],[21.94,60.43],[22.17,60.12],[23.07,60.21],[22.92,59.84],[24.77,60.22],[29.19,59.31],[29.82,58.49],[28.37,57.48],[22.97,57.87],[24.61,57.34],[24.17,57.12],[25.64,56.93],[25.46,56.38],[26.18,55.59],[28.46,55.16],[28.68,55.74],[27.39,55.96],[27.42,56.4],[28.7,56.27],[28.55,55.99],[30.45,56.2],[29.47,56.9],[29.91,57.63],[30.75,58.31],[32.49,57.92],[32.19,58.94],[31.44,59.19],[31.42,60],[30.25,60.48],[32.91,60.33],[33.21,60.05],[32.18,59.36],[33.29,59.01],[34.45,59.28],[34.2,59.98],[35.05,60.15],[34.53,60.38],[37.01,61.24],[36.72,61.47],[37.58,62.02],[38.08,62.12],[37.44,61.92],[38.06,61.5],[37.65,61.14],[38.38,61.12],[38.97,61.82],[41.18,62.7],[42.32,62.25],[42.16,62.59],[43.03,62.84],[41.62,63.4],[41.82,63.78],[44.72,63.93],[49.23,63.37],[49.91,62.72],[49.89,62.12],[47.99,58.67],[51.61,52],[51.68,50.73],[50.62,48.78],[51.17,45.15],[50.95,43.96],[49.68,42.77],[44.26,40.68],[39.54,35.78],[36.02,35.7]]]}},{"type":"Feature","properties":{},"geometry":{"type":"Polygon","coordinates":[[[8.21,44.45],[7.7,44.86],[7.69,46.06],[9.49,47.15],[9.25,46.09],[9.89,45.86],[8.85,45.07],[9.1,44.3],[8.21,44.45]]]}},{"type":"Feature","properties":{},"geometry":{"type":"Polygon","coordinates":[[[25.72,29.69],[25.7,30.68],[24.93,30.51],[24.95,31.04],[28.16,32.18],[27.55,32.18],[32.72,33.15],[35.66,32.69],[31.68,31.76],[30.45,30.95],[28.95,31.47],[27.96,31.26],[25.72,29.69]]]}},{"type":"Feature","properties":{},"geometry":{"type":"Polygon","coordinates":[[[19.51,21.26],[19.63,19.83],[18.88,19.69],[19.86,18.82],[19.82,18.32],[19,18.68],[19.27,18.12],[18.66,18.39],[18.73,17.7],[18.1,17.56],[18.04,18],[17.62,17.9],[17.49,19.11],[18.19,19.33],[19.23,18.86],[17.59,19.5],[17.45,20.07],[17.81,20.17],[16.81,21.9],[17.49,23.15],[15.28,25.59],[15.03,27.38],[14.74,27.73],[14.2,27.28],[14.33,28.33],[13.43,28.37],[12.84,27.14],[13.52,26.2],[13.46,25.34],[14.06,24.31],[14.86,24.04],[14.55,23.66],[16.09,21.78],[15.79,21.58],[14.93,22.46],[14.39,21.94],[14.66,21.01],[13.2,20.34],[13.87,21.12],[13.83,22.38],[11.15,25.75],[11.06,27.46],[10.19,28.26],[9.06,27.97],[8.73,28.56],[9.11,30.18],[12.86,30.81],[17.61,29.89],[16.25,28.12],[18.3,24.61],[19.51,21.26]]]}},{"type":"Feature","properties":{},"geometry":{"type":"Polygon","coordinates":[[[8.3,33.1],[7.08,32.28],[5.26,32.74],[4.42,31.83],[0.48,32.63],[0.73,34.56],[1.23,34.09],[0.63,34.73],[0.71,35.34],[-0.66,36.66],[-2.06,36.79],[-2.37,37.04],[-1.92,37.31],[-2.4,37.53],[0.44,37.68],[-0.08,38.76],[1.36,38.33],[2.1,38.92],[4.37,38.04],[6.58,38],[10.35,40.72],[13.16,41.6],[17.66,41.63],[20.39,39.95],[17.68,39.28],[15.61,38.03],[10.98,37.23],[8.72,36.36],[7.19,35.11],[7.68,33.51],[8.3,33.1]]]}},{"type":"Feature","properties":{},"geometry":{"type":"Polygon","coordinates":[[[2.1,38.92],[2.89,39.29],[2.79,39.97],[4.94,40.52],[4.27,40.69],[5.25,40.9],[4.72,41.13],[5.24,42.15],[5.61,41.53],[5.92,42.53],[7.22,42.51],[7.1,42.86],[7.71,43.02],[8.25,42.69],[8.33,43.22],[9.31,42.92],[8.22,43.63],[8.59,43.82],[7.94,44.06],[8.21,44.45],[9.1,44.3],[9.47,43.71],[10.27,43.83],[10.04,43.32],[11.38,44],[13.15,43.21],[13.27,43.68],[14.08,43.44],[17.66,41.63],[11.87,41.32],[9.53,40.21],[6.58,38],[4.37,38.04],[2.1,38.92]]]}},{"type":"Feature","properties":{},"geometry":{"type":"Polygon","coordinates":[[[26.52,35.35],[26.45,34.35],[25.92,33.87],[21.87,33.51],[21.07,34.39],[21.18,35.1],[23.71,36.05],[24.16,36.92],[26.52,35.35]]]}},{"type":"Feature","properties":{},"geometry":{"type":"Polygon","coordinates":[[[-24.23,71.91],[-25.42,71.67],[-23.79,72.11],[-24.23,71.91]]]}},{"type":"Feature","properties":{},"geometry":{"type":"Polygon","coordinates":[[[-20.85,70.16],[-20.47,69.66],[-21.82,70.08],[-20.85,70.16]]]}},{"type":"Feature","properties":{},"geometry":{"type":"Polygon","coordinates":[[[-23.62,73.08],[-26.67,73.26],[-24.91,73.67],[-23.62,73.08]]]}},{"type":"Feature","properties":{},"geometry":{"type":"Polygon","coordinates":[[[11.44,68.02],[12.51,67.45],[10.8,67.16],[10.9,67.64],[10.39,67.77],[11.44,68.02]]]}},{"type":"Feature","properties":{},"geometry":{"type":"Polygon","coordinates":[[[10.38,68.29],[10.93,68],[9.8,68.13],[10.38,68.29]]]}},{"type":"Feature","properties":{},"geometry":{"type":"Polygon","coordinates":[[[-21.55,73.34],[-22.85,73.02],[-23.7,73.75],[-21.55,73.34]]]}},{"type":"Feature","properties":{},"geometry":{"type":"Polygon","coordinates":[[[-18.84,70.84],[-19.99,70.19],[-21.31,70.48],[-19.76,71.03],[-18.84,70.84]]]}},{"type":"Feature","properties":{},"geometry":{"type":"Polygon","coordinates":[[[4.88,68.05],[5.75,67.53],[4.59,68.16],[4.88,68.05]]]}},{"type":"Feature","properties":{},"geometry":{"type":"Polygon","coordinates":[[[-18.39,72.32],[-19.68,71.92],[-18.85,71.87],[-19.79,71.26],[-22.17,71],[-21.18,71.77],[-21.93,72.05],[-20.25,72.01],[-19.65,72.24],[-20.42,72.34],[-19.44,72.56],[-18.39,72.32]]]}},{"type":"Feature","properties":{},"geometry":{"type":"Polygon","coordinates":[[[49.38,77.62],[54.64,77.36],[53.22,76.78],[53.1,76.3],[49.38,77.62]]]}},{"type":"Feature","properties":{},"geometry":{"type":"Polygon","coordinates":[[[6.86,69.5],[10.31,68.37],[9.18,68.06],[9.15,67.08],[6.78,69.11],[6.86,69.5]]]}},{"type":"Feature","properties":{},"geometry":{"type":"Polygon","coordinates":[[[9.15,67.08],[9.16,66.18],[8.74,66.08],[8.16,66.35],[8.65,66.52],[7.01,66.93],[8.29,66.92],[7.38,67.08],[8.46,67.44],[6.94,67.11],[6.59,67.43],[8.19,67.87],[9.15,67.08]]]}},{"type":"Feature","properties":{},"geometry":{"type":"Polygon","coordinates":[[[7.77,68.2],[7.34,67.9],[7.09,68.27],[6.72,68.08],[7.05,67.79],[6.2,67.55],[4.99,68.25],[5.61,68.24],[5.24,68.6],[4.4,68.8],[5.76,69.23],[5.23,68.89],[6.23,68.64],[6.24,69.18],[7.77,68.2]]]}},{"type":"Feature","properties":{},"geometry":{"type":"Polygon","coordinates":[[[42.1,76.45],[43.86,76.4],[41.7,76.32],[42.1,76.45]]]}},{"type":"Feature","properties":{},"geometry":{"type":"Polygon","coordinates":[[[44.08,77.25],[46.15,76.93],[45.04,77.37],[46.76,77.47],[50.06,76.82],[44.22,76.3],[44.36,76.67],[43.31,76.9],[44.08,77.25]]]}},{"type":"Feature","properties":{},"geometry":{"type":"Polygon","coordinates":[[[25.69,72.52],[26.25,72.29],[25.29,72.38],[25.69,72.52]]]}},{"type":"Feature","properties":{},"geometry":{"type":"Polygon","coordinates":[[[23.98,72.21],[24.5,72.13],[23.67,71.99],[23.98,72.21]]]}},{"type":"Feature","properties":{},"geometry":{"type":"Polygon","coordinates":[[[25.93,72.73],[26.8,72.72],[26.57,72.39],[25.5,72.6],[25.93,72.73]]]}},{"type":"Feature","properties":{},"geometry":{"type":"Polygon","coordinates":[[[9.76,70.15],[12.21,69.85],[11.06,69.01],[7.5,69.62],[8.39,69.71],[8.15,70.06],[9.77,69.67],[9.76,70.15]]]}},{"type":"Feature","properties":{},"geometry":{"type":"Polygon","coordinates":[[[20.6,72.1],[21.41,72.04],[19.73,71.67],[20.6,72.1]]]}},{"type":"Feature","properties":{},"geometry":{"type":"Polygon","coordinates":[[[27,73.4],[27.55,72.94],[26,73.12],[27,73.4]]]}},{"type":"Feature","properties":{},"geometry":{"type":"Polygon","coordinates":[[[21.88,72.45],[22.66,72.34],[21.87,71.8],[22.35,71.65],[21.04,71.56],[21.65,71.67],[21.11,71.75],[21.82,71.96],[21.3,72.16],[21.88,72.45]]]}},{"type":"Feature","properties":{},"geometry":{"type":"Polygon","coordinates":[[[27.38,73.94],[28.29,73.56],[27.27,73.41],[27.38,73.94]]]}},{"type":"Feature","properties":{},"geometry":{"type":"Polygon","coordinates":[[[39.46,77.63],[43.82,77.3],[43.14,76.68],[41.24,76.5],[41.54,76.72],[39.03,77.53],[39.46,77.63]]]}},{"type":"Feature","properties":{},"geometry":{"type":"Polygon","coordinates":[[[-10.52,71.34],[-13.02,70.15],[-12.03,70.11],[-14.2,69.64],[-13.53,69.42],[-14.13,69.11],[-16.42,69.21],[-15.71,69.49],[-17.96,69.16],[-17.17,69.6],[-18.12,69.27],[-18.8,69.75],[-17.83,69.84],[-18.19,70.15],[-17.39,70.52],[-15.85,70.02],[-16.27,70.36],[-15.64,70.41],[-16.79,70.8],[-15.44,70.82],[-15.94,71.06],[-15.43,71.27],[-14.69,71.39],[-14.62,70.96],[-14.05,70.99],[-14.49,71.15],[-14.14,71.45],[-13.04,71.07],[-12.51,71.44],[-10.52,71.34]]]}},{"type":"Feature","properties":{},"geometry":{"type":"Polygon","coordinates":[[[23.42,73.34],[24.21,73.37],[23.21,73.12],[23.73,73.22],[23.42,73.34]]]}},{"type":"Feature","properties":{},"geometry":{"type":"Polygon","coordinates":[[[-2.58,66.56],[-2.45,66.2],[-2.97,65.98],[-3.07,66.65],[-2.58,66.56]]]}},{"type":"Feature","properties":{},"geometry":{"type":"Polygon","coordinates":[[[-1.62,69.36],[-1.27,68.91],[-2.44,68.94],[-0.99,68.75],[-1.64,68.3],[-1.12,68.17],[-1.5,67.94],[-3.31,67.91],[-4.56,68.45],[-4.8,68.24],[-4.3,68.02],[-6.06,68.13],[-3.67,67.81],[-7.88,67.56],[-8.51,67.87],[-8.8,67.76],[-8.19,67.54],[-9.18,67.43],[-9.71,67.91],[-10.06,67.54],[-11.97,68.12],[-11.13,67.51],[-12.2,67.99],[-11.88,67.67],[-12.8,67.84],[-12.01,67.3],[-14.07,66.9],[-15,67.28],[-16.08,66.91],[-17.63,67.52],[-16.71,66.97],[-17.29,66.62],[-16.67,66.64],[-17.83,66.31],[-19.48,66.57],[-18.83,66.7],[-18.9,67.21],[-19.69,67.04],[-19.33,67.32],[-20.7,67.37],[-21.78,68.07],[-21.11,68.34],[-21.94,68.19],[-21.19,68.57],[-19.44,68.22],[-18.45,68.89],[-17.91,68.57],[-18.64,68.22],[-18.44,67.91],[-16.04,68.01],[-18.06,68.1],[-16.24,68.59],[-17.6,68.92],[-16.95,69.07],[-15.01,68.95],[-14.99,68.31],[-13.75,68.45],[-14.66,68.95],[-12.04,69.89],[-11.51,69.49],[-12.39,68.81],[-11.85,68.56],[-12.16,68.84],[-11.17,69.42],[-9.3,68.84],[-9.68,69.12],[-8.24,68.79],[-8.8,69.14],[-6.96,69.16],[-9.82,69.28],[-10.61,69.51],[-9.62,69.47],[-10.34,69.62],[-9.91,69.69],[-11.36,69.93],[-8.87,69.74],[-11.45,70.19],[-11.07,70.59],[-9.09,70.1],[-10.87,70.67],[-9.07,70.54],[-10.01,70.9],[-9.04,71.02],[-9.52,71.22],[-7.53,70.9],[-7.91,70.65],[-7.47,70.73],[-7.51,70.36],[-7.04,70.79],[-6,70.69],[-6.78,70.26],[-6.1,70.31],[-6.61,69.66],[-5.82,70.36],[-4.5,70.42],[-4.3,70.02],[-3.54,70.07],[-4.47,69.64],[-3.34,70.05],[-2.68,69.77],[-3.12,69.39],[-1.62,69.36]]]}},{"type":"Feature","properties":{},"geometry":{"type":"Polygon","coordinates":[[[-19.97,50.55],[-19.11,50.97],[-19.84,50.9],[-19.42,51.36],[-19.77,51.46],[-18.3,51.52],[-19.7,51.49],[-19.94,51.93],[-18.84,52.03],[-19.94,52.24],[-17.54,52.54],[-19.95,52.31],[-19.55,52.43],[-19.76,52.7],[-18.98,52.57],[-19.58,52.81],[-18.7,52.81],[-19.61,53.3],[-17.37,52.87],[-19.47,53.41],[-18.48,53.74],[-17,53.15],[-17.63,53.5],[-16.85,53.48],[-17.3,53.72],[-19.2,53.66],[-18.48,54.07],[-17.91,53.85],[-18.52,54.22],[-16.79,53.55],[-17.41,53.97],[-16.85,54.17],[-18.48,54.37],[-16.93,54.28],[-16.62,54.8],[-16.2,54.53],[-16.09,54.91],[-16.6,54.87],[-15.56,55.51],[-16.72,55.81],[-17.55,56.67],[-15.53,55.84],[-15.83,56.15],[-15.33,56.39],[-15.83,56.66],[-15.27,56.53],[-15.92,56.79],[-15.4,56.86],[-16.05,56.87],[-15.18,57.01],[-16.1,57.16],[-15.16,57.25],[-15.94,57.75],[-16.56,57.29],[-17.42,57.53],[-16.52,57.89],[-17.04,58.02],[-16.4,58.23],[-16.69,58.44],[-15.82,58.64],[-16.19,59.02],[-15.61,59.18],[-15.86,59.57],[-15.35,60.11],[-16.06,60.13],[-15.21,60.22],[-15.48,61.39],[-14.96,61.68],[-16.42,62.88],[-17.74,62.85],[-17.55,63.09],[-18.05,63.25],[-18.34,62.9],[-18.99,63.33],[-19.08,63.72],[-17.95,63.73],[-18.91,64.47],[-16.48,63.96],[-16,64.23],[-17.38,64.51],[-17.62,64.9],[-17.19,64.94],[-17.74,65.03],[-17.78,65.58],[-13.49,65.44],[-11.3,66.08],[-12.65,66.24],[-12.32,66.51],[-9.81,66.69],[-10.18,66.33],[-7.83,67.03],[-7.33,66.86],[-7.4,66.22],[-7.29,67.01],[-5.31,66.9],[-6.26,66.17],[-5.34,66.51],[-4.98,65.92],[-4.15,66.78],[-3.2,65.69],[-2.6,66.15],[-1.98,65.96],[-2.36,66.65],[-0.92,66.07],[-1.85,66.96],[-1.07,66.95],[-0.35,66.24],[0.52,66.52],[0.28,66.88],[1.53,66.86],[3.77,66.23],[0.57,66.08],[3.82,66.1],[3.38,65.73],[4.67,65.44],[0.56,65.03],[3.36,64.93],[2.46,64.44],[4.45,64.92],[2.85,63.53],[6.2,64.56],[7.56,64.13],[5.93,63.35],[3.96,63.41],[5.8,63.16],[3.92,62.97],[3.99,62.57],[5.15,62.78],[4.15,62.44],[3.91,61.96],[4.22,61.96],[2.72,61.03],[2.51,60.41],[3.06,60.87],[3.65,60.58],[2.81,60.41],[3.87,60.11],[3.74,59.56],[2.27,59.96],[2.84,59.79],[1.81,59.67],[2.98,58.99],[1.96,58.92],[3.06,58.59],[2.81,58.03],[1.53,58.54],[2.37,58.05],[1.44,58.15],[2.28,57.97],[1.94,57.61],[2.94,57.35],[1.44,57.59],[2.31,57.11],[1.18,57.31],[1.28,56.64],[1.46,57.03],[2.15,56.79],[2.02,56.46],[0.88,56.27],[0.17,56.75],[1.08,56.64],[-0.06,56.65],[-0.56,57.12],[-0.18,56.64],[-1.86,56.42],[-0.52,56.2],[-1.8,56.13],[-0.45,55.81],[-1.38,55.61],[-0.82,55.56],[-1.09,55.21],[-0.48,55.56],[0.5,54.93],[0.09,54.69],[0.77,54.74],[0.35,54.5],[0.82,54.4],[0.37,54.08],[0.73,54.08],[0.57,53.45],[0.22,53.9],[-0.35,53.54],[-0.79,54.48],[-2.76,55.47],[-2.15,55],[-2.82,54.91],[-1.24,54.51],[-2.66,54.49],[-3.63,53.89],[-2.03,53.62],[-3.37,53.5],[-2.73,53.29],[-1.41,53.61],[0.08,53.03],[-2.54,51.95],[-5.09,51.64],[-5.78,51.73],[-6.13,52.33],[-6.08,51.62],[-8.18,50.32],[-8.9,50.51],[-8.84,50.18],[-9.9,50.31],[-10,49.97],[-10.34,50.16],[-9.76,50.5],[-10.15,50.7],[-10.66,49.96],[-12.7,49.77],[-12.53,48.96],[-13.32,48.99],[-12.76,48.75],[-12.88,48.32],[-13.44,48.59],[-13.06,48.24],[-13.87,48.27],[-13.69,47.87],[-14.21,47.94],[-13.91,47.69],[-14.96,47.72],[-14.44,47.25],[-14.94,47.48],[-14.56,46.88],[-15.37,46.6],[-14.98,46.33],[-15.58,46.37],[-15.26,46.06],[-15.91,46.22],[-15.31,46.04],[-15.95,45.93],[-15.59,45.58],[-16.48,45.81],[-15.96,45.14],[-16.5,45.56],[-17.35,45.41],[-16.69,45.79],[-17.36,45.46],[-16.73,45.98],[-17.73,45.99],[-17.1,46.22],[-17.82,46.19],[-16.94,46.49],[-17.64,46.33],[-17.28,46.7],[-19.15,46.54],[-18.72,46.99],[-19.46,47.22],[-18.85,47.23],[-19.53,47.39],[-19.03,47.37],[-19.38,47.54],[-18.98,47.73],[-19.51,47.67],[-19.01,47.83],[-19.62,47.89],[-19.22,48.08],[-19.79,48.44],[-19.11,48.88],[-19.69,48.72],[-19.27,49.1],[-19.9,49.35],[-19.25,49.26],[-20.01,49.76],[-19.09,50.09],[-19.88,50.25],[-18.73,50.27],[-18.93,50.56],[-18.41,50.1],[-18.5,50.63],[-18.87,51.13],[-18.87,50.62],[-19.97,50.55]]]}}]}
