{"type":"FeatureCollection","features":[{"type":"Feature","properties":{},"geometry":{"type":"Polygon","coordinates":[[[173.19,-82.15],[169.76,-81.44],[171.81,-80.9],[173.77,-81.04],[175.05,-82.03],[173.19,-82.15]]]}},{"type":"Feature","properties":{},"geometry":{"type":"Polygon","coordinates":[[[141.21,-78.67],[140.69,-78.6],[141.7,-78.47],[141.21,-78.67]]]}},{"type":"Feature","properties":{},"geometry":{"type":"Polygon","coordinates":[[[142.64,-77.88],[144.25,-78.09],[141.11,-78.23],[141.51,-78.11],[140.97,-77.9],[142.03,-77.59],[142.64,-77.88]]]}},{"type":"Feature","properties":{},"geometry":{"type":"Polygon","coordinates":[[[-73.41,-79.56],[-69.83,-80.45],[-76.42,-80.41],[-75.65,-79.86],[-73.41,-79.56]]]}},{"type":"Feature","properties":{},"geometry":{"type":"Polygon","coordinates":[[[-167.45,-79.63],[-166.8,-79.73],[-168.1,-79.66],[-167.45,-79.63]]]}},{"type":"Feature","properties":{},"geometry":{"type":"Polygon","coordinates":[[[-143.34,-77.83],[-143.04,-77.89],[-144.58,-77.82],[-143.34,-77.83]]]}},{"type":"Feature","properties":{},"geometry":{"type":"Polygon","coordinates":[[[-138.61,-78.14],[-139.33,-77.78],[-138.1,-77.93],[-138.61,-78.14]]]}},{"type":"Feature","properties":{},"geometry":{"type":"Polygon","coordinates":[[[-124.52,-77.62],[-126.27,-77.78],[-123.91,-77.48],[-124.52,-77.62]]]}},{"type":"Feature","properties":{},"geometry":{"type":"Polygon","coordinates":[[[-132.31,-77.18],[-127.43,-77.4],[-131.56,-77.91],[-132.58,-77.82],[-132.09,-77.42],[-132.85,-77.32],[-132.31,-77.18]]]}},{"type":"Feature","properties":{},"geometry":{"type":"Polygon","coordinates":[[[-76.99,-76],[-77.51,-75.9],[-76.67,-75.91],[-76.99,-76]]]}},{"type":"Feature","properties":{},"geometry":{"type":"Polygon","coordinates":[[[-136.42,-76.64],[-135.07,-77.1],[-135.52,-77.3],[-133.53,-77.55],[-137.92,-76.91],[-136.42,-76.64]]]}},{"type":"Feature","properties":{},"geometry":{"type":"Polygon","coordinates":[[[-74.47,-75.3],[-73.29,-75.42],[-73,-75.97],[-75.37,-75.68],[-74.47,-75.3]]]}},{"type":"Feature","properties":{},"geometry":{"type":"Polygon","coordinates":[[[-77.13,-75.29],[-76.89,-75.52],[-78.8,-75.68],[-77.13,-75.29]]]}},{"type":"Feature","properties":{},"geometry":{"type":"Polygon","coordinates":[[[-93.26,-76.31],[-94,-75.77],[-92.93,-75.82],[-93.26,-76.31]]]}},{"type":"Feature","properties":{},"geometry":{"type":"Polygon","coordinates":[[[-102.49,-75.16],[-101.18,-75.5],[-99.87,-75.08],[-100.75,-75.46],[-98.66,-75.58],[-102.38,-75.88],[-107.28,-75.56],[-102.49,-75.16]]]}},{"type":"Feature","properties":{},"geometry":{"type":"Polygon","coordinates":[[[-75.86,-72.03],[-75.26,-72.28],[-77.16,-72.22],[-75.86,-72.03]]]}},{"type":"Feature","properties":{},"geometry":{"type":"Polygon","coordinates":[[[-73.33,-71.7],[-72.75,-71.9],[-73.62,-71.86],[-73.33,-71.7]]]}},{"type":"Feature","properties":{},"geometry":{"type":"Polygon","coordinates":[[[-70.9,-71.13],[-68.1,-72.8],[-67.19,-73.77],[-67.18,-74.4],[-70.85,-75.01],[-71.81,-74.81],[-69.6,-74.48],[-71.31,-73.96],[-73.04,-74.17],[-72.48,-74.29],[-73.04,-74.57],[-75.85,-73.97],[-73.31,-73.96],[-74.22,-73.68],[-70.5,-73.23],[-71.74,-72.7],[-70.11,-72.46],[-72.41,-72.15],[-72.4,-71.62],[-73.04,-71.49],[-70.9,-71.13]]]}},{"type":"Feature","properties":{},"geometry":{"type":"Polygon","coordinates":[[[-69.2,-68.79],[-68.9,-69.31],[-69.22,-69.74],[-70.38,-69.82],[-69.2,-68.79]]]}},{"type":"Feature","properties":{},"geometry":{"type":"Polygon","coordinates":[[[106.79,-63.76],[107.43,-64.63],[106.3,-64.65],[106.77,-64.43],[106.46,-63.68],[106.79,-63.76]]]}},{"type":"Feature","properties":{},"geometry":{"type":"Polygon","coordinates":[[[-65.23,-66.21],[-64.59,-66.48],[-66.12,-66.68],[-65.23,-66.21]]]}},{"type":"Feature","properties":{},"geometry":{"type":"Polygon","coordinates":[[[-64.25,-65.9],[-63.87,-66.02],[-64.59,-66.41],[-64.25,-65.9]]]}},{"type":"Feature","properties":{},"geometry":{"type":"Polygon","coordinates":[[[-59.49,-65.44],[-58.58,-65.77],[-59.44,-66.09],[-60.1,-65.74],[-59.49,-65.44]]]}},{"type":"Feature","properties":{},"geometry":{"type":"Polygon","coordinates":[[[-74.19,-79.31],[-77.72,-79.65],[-77.31,-79.84],[-77.56,-80.16],[-80.25,-79.93],[-74.74,-81.7],[-75.21,-81.83],[-72.55,-82.31],[-73.46,-81.89],[-71.07,-81.95],[-71.36,-82.03],[-69.58,-82.48],[-71.65,-82.52],[-68.45,-82.84],[-68.98,-83.35],[-73.49,-84.18],[-73.35,-84.53],[-53.13,-86.94],[-70.93,-87.67],[-97.46,-87.71],[-115.73,-86.33],[-110.26,-85.22],[-102.67,-84.81],[-100.79,-84.03],[-88.83,-81.5],[-88.29,-81.31],[-89.42,-80.88],[-89.4,-80.5],[-86.46,-79.64],[-77.57,-78.83],[-74.19,-79.31]]]}},{"type":"Feature","properties":{},"geometry":{"type":"Polygon","coordinates":[[[-59.09,-64.84],[-58.47,-65.18],[-59.87,-65.34],[-60.33,-66.22],[-61.29,-66.07],[-63.65,-67.2],[-63.04,-67.38],[-63.61,-67.83],[-61.73,-67.72],[-61.96,-68.05],[-64.08,-68.18],[-63.57,-68.63],[-64.81,-68.1],[-65.25,-68.74],[-64.71,-68.83],[-65.92,-68.97],[-66.52,-69.54],[-66.01,-70],[-66.36,-70.18],[-65.36,-70.1],[-66.07,-70.35],[-65.55,-70.66],[-63.2,-70.36],[-64.12,-70.61],[-61.21,-71.99],[-61.63,-72.3],[-60.46,-72.37],[-61.03,-72.72],[-59.61,-72.92],[-60.12,-73.24],[-59.08,-73.48],[-60.22,-73.75],[-58.77,-73.73],[-59.12,-73.9],[-58.5,-74.1],[-59.3,-74.42],[-57.2,-74.56],[-57.06,-74.9],[-57.85,-74.87],[-57.75,-75.63],[-57.3,-75.77],[-58.13,-76.03],[-57.18,-76.16],[-60.25,-77.17],[-58.75,-77.12],[-65.14,-78.56],[-61.48,-79.22],[-67.37,-80.13],[-71.21,-79.55],[-71.76,-79.08],[-74.19,-79.31],[-84.29,-77.5],[-83.02,-76.52],[-80.35,-76.49],[-80.98,-76.07],[-79.75,-76.08],[-80.17,-75.72],[-77.8,-76.27],[-75.52,-76.12],[-75.78,-76.43],[-65.83,-74.93],[-65.31,-74.46],[-65.72,-73.94],[-69.22,-71.61],[-67.1,-71.13],[-68.01,-70.96],[-67.4,-70.88],[-67.89,-70.41],[-67.31,-70.31],[-68.19,-70.09],[-67.5,-69.59],[-68.65,-69.7],[-68.74,-69.2],[-67.53,-69.4],[-67.9,-68.75],[-67,-68.75],[-67.14,-68.2],[-65.15,-67.46],[-65.64,-67.39],[-65.51,-67],[-64.67,-67.08],[-64.91,-66.89],[-63.2,-66.48],[-62.76,-65.86],[-59.09,-64.84]]]}},{"type":"Feature","properties":{},"geometry":{"type":"Polygon","coordinates":[[[122.72,-85.62],[134.44,-84.87],[140.91,-86.03],[139.46,-86.26],[140.63,-86.54],[137.91,-86.8],[139.9,-87.07],[170.04,-88.1],[175.56,-88.02],[164.05,-87.39],[162.38,-86.76],[171.82,-85.02],[179.99,-85.32],[179.99,-89.99],[-179.99,-89.99],[-179.99,-85.32],[-171.1,-85.56],[-174.07,-86.75],[-171.2,-87.37],[-152.54,-88.59],[-70.93,-87.67],[-49.76,-86.75],[-37.3,-84.51],[-35.54,-83.63],[-27.58,-82.05],[-22.29,-80.01],[-18.3,-79.97],[-20.09,-79.14],[-19.8,-78.85],[-25.93,-78.89],[-27.28,-78.36],[-27.11,-77.8],[-22.22,-76.03],[-22.74,-75.95],[-19.48,-75.16],[-18.57,-73.94],[-15.38,-72.62],[-10.16,-71.31],[-9.63,-70.59],[-11.06,-70.13],[-9.64,-70.42],[-9.34,-69.58],[-7.26,-70.37],[-6.36,-70.18],[-7.04,-69.38],[-6.46,-69.17],[-5.4,-69.13],[-5.19,-69.84],[-2.61,-69.53],[-3.32,-69.4],[-3,-68.57],[-2.67,-68.68],[-3.01,-68.93],[-1.87,-69.04],[-2.31,-69.24],[-1.76,-69.69],[-0.77,-69.45],[-0.09,-69.8],[3.7,-68.14],[21.32,-67.54],[28.93,-66.46],[28.75,-65.56],[29.4,-65.37],[33.66,-66.74],[34.58,-66.28],[34.48,-65.62],[36.98,-64.66],[39.56,-64.31],[40.11,-63.82],[41.65,-64.14],[42.6,-63.77],[41.73,-63.49],[42.52,-63.29],[43,-63.75],[43.97,-63.65],[43.46,-62.9],[46.46,-62.28],[48.11,-62.42],[49.6,-63.02],[48.67,-63.26],[51.17,-63.85],[60.46,-64.2],[60.66,-65.12],[59.8,-65.37],[60.58,-65.34],[59.72,-65.53],[60.41,-65.67],[59.39,-65.71],[59.17,-66.03],[59.83,-66.26],[58.83,-66.68],[61.63,-67.88],[63.25,-66.89],[62.92,-66.53],[67.51,-65.63],[67.61,-65.11],[68.69,-64.68],[76.52,-63.4],[85.05,-63.57],[86.21,-63.44],[86.1,-62.76],[87.28,-62.71],[87.45,-63.26],[89.89,-63],[94.97,-64.31],[99.16,-63.28],[100.17,-64.08],[101.63,-64.07],[102.93,-64.76],[106.08,-64.72],[106.01,-65.04],[110.88,-64.47],[112.28,-65.31],[113.57,-65.39],[114.47,-64.64],[114.09,-64.33],[118.35,-64.85],[119.34,-63.96],[119.79,-64.37],[119.37,-64.7],[120.45,-65.16],[127.9,-66.41],[129.84,-66.21],[130.08,-66.48],[128.37,-66.88],[131.39,-67.31],[131.32,-67.75],[130.55,-67.83],[133.62,-67.93],[133.79,-68.37],[136.35,-68.13],[137.09,-68.43],[136.75,-68.63],[137.05,-68.88],[140.86,-69.43],[142.39,-70.54],[147.89,-71.21],[147.52,-71.27],[150.77,-72.46],[151.01,-72.1],[151.46,-72.68],[150.35,-72.82],[149.95,-73.14],[150.44,-73.1],[150.25,-73.36],[148.34,-74.12],[145.64,-74.11],[144.49,-74.38],[144.98,-74.59],[143.48,-74.52],[143.59,-75.08],[141.84,-75.23],[142.25,-74.94],[141.82,-74.79],[140.46,-75.14],[140.31,-75.45],[142.21,-75.75],[139.78,-75.89],[140.17,-75.98],[138.03,-77.11],[138.92,-77.64],[138.24,-77.9],[139.13,-78.01],[137.25,-78.45],[139.64,-78.32],[139.3,-78.72],[140.35,-79.05],[132.87,-79.13],[130.83,-79.99],[130.77,-80.38],[129.44,-80.44],[130.58,-80.54],[128.39,-81.15],[128.88,-81.29],[128.36,-81.33],[129,-81.57],[128.63,-81.72],[129.02,-81.73],[128.86,-82.11],[126.03,-82.26],[129.1,-82.32],[128.22,-82.57],[129.66,-83.09],[127.32,-83.45],[130.37,-83.74],[128.62,-83.95],[130.41,-83.96],[129.51,-84.12],[131.36,-84.21],[131.03,-84.31],[132.88,-84.89],[122.72,-85.62]]]}},{"type":"Feature","properties":{},"geometry":{"type":"Polygon","coordinates":[[[179.99,-83.74],[179.99,-85.32],[171.82,-85.02],[174.98,-84.08],[179.99,-83.74]]]}},{"type":"Feature","properties":{},"geometry":{"type":"Polygon","coordinates":[[[179.99,-80.94],[179.99,-81.56],[178.79,-81.11],[179.99,-80.94]]]}},{"type":"Feature","properties":{},"geometry":{"type":"Polygon","coordinates":[[[179.99,-80.17],[179.99,-80.56],[178.67,-80.6],[179.99,-80.17]]]}},{"type":"Feature","properties":{},"geometry":{"type":"Polygon","coordinates":[[[-179.99,-80.56],[-179.14,-79.61],[-169.48,-80.68],[-164.71,-80.42],[-164.35,-80.13],[-164.73,-80.03],[-163.44,-79.82],[-168.13,-79.33],[-166.3,-79.06],[-163.3,-79.53],[-162.95,-79.43],[-163.91,-79.1],[-151.85,-78.46],[-149.17,-77.86],[-147.41,-78.27],[-130.61,-78.22],[-126.39,-77.83],[-122.34,-78.09],[-122.63,-77.68],[-121.44,-77.44],[-120.99,-77.52],[-121.75,-77.77],[-120.49,-77.62],[-120.95,-77.97],[-119.8,-78.47],[-117.83,-78.29],[-118.51,-78.15],[-118.04,-77.77],[-114.61,-78.36],[-112.82,-78.1],[-111.76,-78.32],[-111.85,-78.8],[-109.99,-78.65],[-109.72,-78.18],[-105.69,-78.7],[-103.71,-78.51],[-105.65,-77.92],[-104.24,-77.53],[-106.7,-77.01],[-103.91,-76.73],[-107.23,-76.84],[-108.32,-76.31],[-92.78,-76.43],[-91.09,-76.15],[-91.48,-75.73],[-90.95,-75.67],[-89.64,-75.81],[-90.07,-76.11],[-87.71,-76.31],[-86.75,-75.94],[-83.02,-76.52],[-85.93,-78.64],[-86.46,-79.64],[-89.4,-80.5],[-89.42,-80.88],[-88.29,-81.31],[-88.83,-81.5],[-100.79,-84.03],[-102.67,-84.81],[-110.26,-85.22],[-116.48,-86.38],[-138.29,-86.41],[-179.99,-85.32],[-179.99,-83.74],[-168.93,-83.66],[-175.99,-82.96],[-176.28,-82.54],[-179.99,-81.56],[-179.99,-80.94],[-179.19,-80.65],[-179.99,-80.56]]]}},{"type":"Feature","properties":{},"geometry":{"type":"Polygon","coordinates":[[[-57.25,-64.66],[-56.72,-64.79],[-58.33,-64.94],[-57.25,-64.66]]]}},{"type":"Feature","properties":{},"geometry":{"type":"Polygon","coordinates":[[[-61.63,-64.86],[-61.33,-64.93],[-62.87,-64.9],[-61.63,-64.86]]]}},{"type":"Feature","properties":{},"geometry":{"type":"Polygon","coordinates":[[[-59.27,-64.28],[-58.89,-64.37],[-60.43,-64.54],[-59.27,-64.28]]]}},{"type":"Feature","properties":{},"geometry":{"type":"Polygon","coordinates":[[[-49.72,-60.33],[-50.4,-60.45],[-49.25,-61.11],[-51.52,-60.48],[-49.72,-60.33]]]}},{"type":"Feature","properties":{},"geometry":{"type":"Polygon","coordinates":[[[-49.26,-60.33],[-48.07,-60.61],[-49.58,-60.36],[-49.26,-60.33]]]}},{"type":"Feature","properties":{},"geometry":{"type":"Polygon","coordinates":[[[-53.07,-59.2],[-52.46,-59.59],[-53.23,-59.47],[-53.07,-59.2]]]}},{"type":"Feature","properties":{},"geometry":{"type":"Polygon","coordinates":[[[-53.45,-59.09],[-53.4,-59.58],[-53.87,-59.29],[-53.45,-59.09]]]}},{"type":"Feature","properties":{},"geometry":{"type":"Polygon","coordinates":[[[-51.78,-58.87],[-51.87,-59.57],[-52.28,-59.41],[-51.78,-58.87]]]}},{"type":"Feature","properties":{},"geometry":{"type":"Polygon","coordinates":[[[-54.68,-58.55],[-53.7,-59.03],[-54.57,-59.31],[-54.31,-59.05],[-55.39,-58.89],[-54.68,-58.55]]]}},{"type":"Feature","properties":{},"geometry":{"type":"Polygon","coordinates":[[[-53.52,-57.88],[-52.7,-58.06],[-54.11,-58.27],[-53.68,-58.41],[-54.24,-58.51],[-53.96,-58.75],[-54.94,-58.31],[-54.28,-58.49],[-54.54,-58.02],[-53.52,-57.88]]]}},{"type":"Feature","properties":{},"geometry":{"type":"Polygon","coordinates":[[[-53.1,-59.67],[-51.48,-59.88],[-52.37,-59.41],[-50.46,-59.82],[-50.68,-60.08],[-50.19,-59.86],[-51.47,-59.17],[-50.48,-58.72],[-51.72,-58.67],[-51.23,-58.26],[-51.58,-58.09],[-50.38,-57.82],[-49.49,-58.06],[-49.08,-58.55],[-49.48,-58.67],[-48.18,-59.54],[-45.76,-60.22],[-47.45,-60.56],[-53.71,-59.74],[-53.1,-59.67]]]}},{"type":"Feature","properties":{},"geometry":{"type":"Polygon","coordinates":[[[-38.75,-57.12],[-39.95,-57.92],[-40.75,-57.74],[-39.51,-57.49],[-40.2,-57.08],[-38.75,-57.12]]]}},{"type":"Feature","properties":{},"geometry":{"type":"Polygon","coordinates":[[[-38.15,-57.09],[-36.85,-57.51],[-38.28,-57.58],[-37.97,-57.94],[-38.66,-57.77],[-38.4,-58.05],[-38.76,-58.13],[-39.22,-57.9],[-38.15,-57.09]]]}},{"type":"Feature","properties":{},"geometry":{"type":"Polygon","coordinates":[[[-55.99,-55.8],[-55.78,-56.2],[-56.41,-56.06],[-55.99,-55.8]]]}},{"type":"Feature","properties":{},"geometry":{"type":"Polygon","coordinates":[[[-56.6,-55.07],[-56.06,-55.24],[-56.75,-55.49],[-56.6,-55.07]]]}},{"type":"Feature","properties":{},"geometry":{"type":"Polygon","coordinates":[[[-55.9,-54.54],[-56.34,-54.99],[-56.71,-54.35],[-56.06,-54.47],[-56.19,-53.92],[-55.56,-53.82],[-55.61,-55.01],[-56.08,-55.14],[-55.9,-54.54]]]}},{"type":"Feature","properties":{},"geometry":{"type":"Polygon","coordinates":[[[60.2,-45.1],[60.12,-45.51],[60.72,-45.4],[60.5,-45.7],[61.57,-45.71],[60.7,-45.81],[61.26,-46.13],[59.91,-46.15],[60.2,-45.1]]]}},{"type":"Feature","properties":{},"geometry":{"type":"Polygon","coordinates":[[[-55.7,-53.24],[-55.49,-53.75],[-56.09,-53.67],[-55.7,-53.24]]]}},{"type":"Feature","properties":{},"geometry":{"type":"Polygon","coordinates":[[[-56.38,-53.13],[-56.34,-53.78],[-56.68,-53.44],[-56.38,-53.13]]]}},{"type":"Feature","properties":{},"geometry":{"type":"Polygon","coordinates":[[[-162.61,-68.98],[-163.01,-69.22],[-162.73,-69.44],[-164.23,-69.29],[-162.61,-68.98]]]}},{"type":"Feature","properties":{},"geometry":{"type":"Polygon","coordinates":[[[-54.26,-50.16],[-54.18,-50.45],[-54.74,-50.3],[-54.26,-50.16]]]}},{"type":"Feature","properties":{},"geometry":{"type":"Polygon","coordinates":[[[-53.29,-49.58],[-52.99,-49.75],[-53.69,-50.11],[-53.29,-49.58]]]}},{"type":"Feature","properties":{},"geometry":{"type":"Polygon","coordinates":[[[-129.71,-70.92],[-128.82,-71.03],[-130.07,-71.32],[-129.75,-71.05],[-130.4,-70.99],[-129.71,-70.92]]]}},{"type":"Feature","properties":{},"geometry":{"type":"Polygon","coordinates":[[[-53.99,-46.94],[-53.43,-47.46],[-53.97,-47.71],[-53.69,-48.33],[-54.39,-48.57],[-54.72,-48.36],[-53.99,-46.94]]]}},{"type":"Feature","properties":{},"geometry":{"type":"Polygon","coordinates":[[[145.85,-68.63],[151.18,-68.97],[150.27,-68.69],[152.99,-68.22],[154.27,-69.49],[153.65,-69.46],[153.71,-70.27],[154.41,-70.54],[152.29,-70.24],[152.87,-70.52],[152.21,-70.58],[152.34,-71.17],[150.46,-71.27],[150.08,-71.1],[150.71,-70.99],[148.14,-70.48],[147.65,-70.08],[148.57,-70.17],[146.31,-69.38],[145.85,-68.63]]]}},{"type":"Feature","properties":{},"geometry":{"type":"Polygon","coordinates":[[[175.03,-69.19],[174.25,-69.3],[175.49,-69.96],[177.86,-69.58],[177.04,-69.88],[177.92,-69.8],[177.34,-70.04],[177.93,-70.33],[176.32,-71.17],[162.72,-73.11],[170.24,-71.51],[173.01,-70.04],[173.09,-69.54],[175.03,-69.19]]]}},{"type":"Feature","properties":{},"geometry":{"type":"Polygon","coordinates":[[[-148.02,-67.45],[-150.44,-68.07],[-149.89,-68.39],[-153.49,-68.2],[-157.11,-69.29],[-156.71,-69.36],[-159.71,-69.54],[-161.81,-69.1],[-161.44,-68.91],[-163.77,-67.84],[-157.36,-67.12],[-148.02,-67.45]]]}},{"type":"Feature","properties":{},"geometry":{"type":"Polygon","coordinates":[[[151.7,-67.18],[152.77,-67.58],[151.42,-67.37],[151.7,-67.18]]]}},{"type":"Feature","properties":{},"geometry":{"type":"Polygon","coordinates":[[[143.83,-67.69],[144.31,-68.01],[143.97,-68.25],[143.83,-67.69]]]}},{"type":"Feature","properties":{},"geometry":{"type":"Polygon","coordinates":[[[130.62,-64.14],[131.57,-64.4],[128.57,-64.46],[130.62,-64.14]]]}},{"type":"Feature","properties":{},"geometry":{"type":"Polygon","coordinates":[[[179.99,-65.37],[179.99,-70.1],[178.58,-69.85],[179.75,-69.03],[179.36,-68.57],[176.41,-67.88],[177.99,-67.41],[178.3,-66.65],[178.14,-65.91],[176.84,-65.07],[177.42,-65.23],[177.01,-64.92],[177.47,-64.83],[176.46,-64.72],[176.61,-65],[173.85,-63.12],[177.01,-63.76],[178.23,-65.53],[179.65,-65.71],[179.21,-65],[179.99,-65.37]]]}},{"type":"Feature","properties":{},"geometry":{"type":"Polygon","coordinates":[[[-179.99,-70.1],[-179.99,-65.37],[-178.12,-66.28],[-174.45,-65.93],[-175.23,-67.58],[-176.9,-67.59],[-177.16,-67.85],[-176.66,-68.03],[-177.35,-68.92],[-179.99,-70.1]]]}},{"type":"Feature","properties":{},"geometry":{"type":"Polygon","coordinates":[[[165.69,-49.27],[165.82,-49.74],[165.3,-49.45],[165.69,-49.27]]]}},{"type":"Feature","properties":{},"geometry":{"type":"Polygon","coordinates":[[[161.13,-48.42],[165.17,-50.86],[162.29,-49.76],[161.13,-48.42]]]}},{"type":"Feature","properties":{},"geometry":{"type":"Polygon","coordinates":[[[128.74,-42.24],[129.07,-42.89],[128.25,-42.82],[128.74,-42.24]]]}},{"type":"Feature","properties":{},"geometry":{"type":"Polygon","coordinates":[[[34.8,-38.54],[34.3,-36.37],[34.96,-34.99],[36.97,-34.52],[37.43,-34.82],[37.32,-34.34],[38.2,-34.3],[38.06,-33.96],[39.19,-33.05],[39,-32.42],[39.42,-32.65],[40.05,-32.2],[39.94,-31.27],[40.61,-30.87],[41.33,-31.86],[41.98,-34.29],[41.72,-34.8],[41.01,-34.38],[41.28,-35.66],[38.04,-43.76],[35.53,-44.41],[34.22,-43.83],[33.28,-40.92],[34.8,-38.54]]]}},{"type":"Feature","properties":{},"geometry":{"type":"Polygon","coordinates":[[[120.63,-39.71],[120.92,-40.22],[120.2,-40.18],[120.63,-39.71]]]}},{"type":"Feature","properties":{},"geometry":{"type":"Polygon","coordinates":[[[120.71,-39.54],[122.14,-39.91],[121.36,-40.36],[120.71,-39.54]]]}},{"type":"Feature","properties":{},"geometry":{"type":"Polygon","coordinates":[[[139.95,-66.69],[136.19,-66.37],[134.78,-65.67],[134.95,-65.21],[134.42,-64.68],[132.97,-64.09],[134.61,-64.78],[134.19,-64.47],[131.49,-64.19],[132.28,-63.36],[131.39,-62.7],[130.83,-63.68],[129.15,-63.86],[130.25,-63.48],[130.21,-62.71],[131.13,-62.12],[130.68,-60.99],[130.77,-61.57],[127.47,-63.11],[127.51,-63.59],[125.97,-63.16],[126.71,-63.19],[123.61,-60.63],[121.09,-60.48],[119.39,-59.85],[110.57,-60.08],[107.29,-60.53],[105.69,-61.3],[99.59,-60.55],[95.95,-61.2],[93.76,-60.78],[91.87,-59.43],[92.26,-58.9],[93.44,-58.86],[94.43,-57.49],[94.16,-56.05],[94.65,-54.68],[93.74,-51.39],[94.46,-52],[94.52,-50.88],[94.49,-51.59],[94.82,-51.39],[94.85,-51.94],[95.15,-51.83],[95.42,-51.4],[94.87,-49.82],[96.9,-47.48],[97,-48.2],[97.63,-47.65],[101.01,-46.88],[102.07,-47.24],[107.04,-46.77],[109.13,-45.57],[109.07,-44.7],[110.25,-43.95],[110.84,-45.27],[111.53,-44.55],[110.96,-44.3],[111.13,-43.83],[112.92,-44.23],[112.2,-44.11],[112.87,-43.49],[112.4,-43.78],[112.39,-43.32],[112.79,-43.06],[113.53,-43.49],[113.01,-42.99],[113.89,-43.08],[113.48,-42.62],[114.17,-42.16],[114.53,-42.61],[114.75,-41.9],[114.97,-42.27],[115.89,-41.82],[116.58,-42.08],[117.53,-42.94],[116.93,-43.82],[117.33,-43.38],[117.58,-43.7],[117.45,-43.26],[117.91,-43],[119.26,-43.54],[119.63,-42.86],[119.06,-42.63],[120.36,-41.7],[120.51,-41.04],[121.03,-41.12],[120.84,-40.79],[121.31,-41.09],[121.14,-40.81],[121.77,-40.48],[123.68,-40.67],[123.65,-40.11],[122.44,-39.78],[122.72,-39.59],[125.49,-40.69],[126.87,-40.9],[127.72,-40.53],[127.38,-40.77],[127.89,-40.64],[127.86,-41.07],[128.56,-40.45],[129.09,-40.92],[128.43,-41.36],[128.69,-41.58],[127.71,-41.85],[127.69,-42.77],[126.46,-43.37],[128.78,-44.27],[128.37,-44.52],[134,-46.12],[135.49,-43.65],[135.01,-42.3],[135.39,-41.79],[135.11,-41.39],[135.65,-40.96],[135.07,-40.99],[135.75,-40.42],[135.64,-39.37],[136.13,-39.07],[137.62,-41.15],[138.08,-42.67],[139.04,-42.39],[140.23,-43.09],[140.51,-44.56],[141.33,-44.96],[142.06,-46.89],[145.79,-47.92],[147.58,-50.12],[148.21,-50.11],[148.04,-49.6],[149.02,-50.03],[148.98,-49.71],[149.6,-50.79],[148.95,-50.73],[153.11,-52.18],[153.77,-52.75],[154.02,-54.11],[155.55,-55.52],[155.28,-56.06],[155.76,-58.19],[155.19,-59],[155.6,-59.21],[154.41,-59.72],[154.33,-60.49],[153.41,-60.54],[154.3,-60.79],[153.9,-60.86],[154.3,-60.98],[153.88,-61.02],[154.28,-61],[153.68,-61.96],[154.18,-62.1],[153.26,-62.86],[154.09,-64.63],[150.05,-65.41],[149.81,-65.68],[150.61,-65.41],[147.79,-66.48],[148.38,-66.89],[146.1,-66.46],[146.18,-66.15],[144.61,-66.33],[145.43,-66.11],[144.93,-65.8],[142.69,-67.01],[139.95,-66.69]]]}},{"type":"Feature","properties":{},"geometry":{"type":"Polygon","coordinates":[[[131.28,-35.94],[131.68,-36.11],[131.36,-36.68],[130.12,-36.57],[131.28,-35.94]]]}},{"type":"Feature","properties":{},"geometry":{"type":"Polygon","coordinates":[[[126.06,7.39],[126,6.81],[125.26,6.35],[126.06,7.39]]]}},{"type":"Feature","properties":{},"geometry":{"type":"Polygon","coordinates":[[[125.65,-34.76],[126.08,-35.14],[125.67,-35.48],[125.65,-34.76]]]}},{"type":"Feature","properties":{},"geometry":{"type":"Polygon","coordinates":[[[126.16,-34.52],[126.19,-34.93],[125.77,-34.68],[126.16,-34.52]]]}},{"type":"Feature","properties":{},"geometry":{"type":"Polygon","coordinates":[[[119.77,2.49],[121.59,3.84],[122.29,3.73],[123.57,4.79],[123.54,5.58],[125.03,6.4],[125.88,6.1],[127.03,7.05],[127.68,6.49],[121.1,1.71],[120.88,2.07],[119.83,1.33],[119.77,2.49]]]}},{"type":"Feature","properties":{},"geometry":{"type":"Polygon","coordinates":[[[126.04,-34.11],[126.35,-34.53],[125.82,-34.57],[126.04,-34.11]]]}},{"type":"Feature","properties":{},"geometry":{"type":"Polygon","coordinates":[[[124.79,-29.92],[125.22,-30.55],[123.93,-30],[124.79,-29.92]]]}},{"type":"Feature","properties":{},"geometry":{"type":"Polygon","coordinates":[[[128.02,-30.5],[129.07,-31.1],[129.17,-31.81],[126.2,-30.36],[128.02,-30.5]]]}},{"type":"Feature","properties":{},"geometry":{"type":"Polygon","coordinates":[[[119.26,6.27],[119.81,6.46],[119.95,5.97],[119.66,5.69],[119.26,6.27]]]}},{"type":"Feature","properties":{},"geometry":{"type":"Polygon","coordinates":[[[129.26,-29.65],[129.22,-29.99],[128.61,-29.68],[129.26,-29.65]]]}},{"type":"Feature","properties":{},"geometry":{"type":"Polygon","coordinates":[[[117.27,5.36],[118.25,5.13],[118.71,5.48],[119.06,5.09],[117.29,4.4],[117.27,5.36]]]}},{"type":"Feature","properties":{},"geometry":{"type":"Polygon","coordinates":[[[130.12,-29.06],[130.06,-29.52],[129.81,-29.07],[130.12,-29.06]]]}},{"type":"Feature","properties":{},"geometry":{"type":"Polygon","coordinates":[[[144.81,-34.63],[146.54,-35.85],[146.39,-36.47],[148.26,-37.09],[148.72,-37.67],[146.98,-37.65],[139.63,-34.3],[133.47,-33.16],[133.82,-32.98],[132.46,-32.44],[132.86,-31.75],[131.95,-32.65],[130.72,-31.14],[132.29,-31.11],[132.64,-31.59],[133.22,-30.93],[131.27,-30.76],[131.17,-29.84],[130,-29.58],[131.78,-28.9],[133.59,-29.64],[133.38,-31.23],[134.17,-32.49],[137.88,-31.24],[144.81,-34.63]]]}},{"type":"Feature","properties":{},"geometry":{"type":"Polygon","coordinates":[[[141.13,-34.76],[143.48,-36.9],[144.32,-36.75],[144.32,-37.23],[145.36,-37.3],[145.18,-37.66],[146.47,-37.72],[145.84,-37.9],[146.29,-38.1],[142.71,-37.9],[139.91,-36.03],[138.28,-35.68],[138.32,-36.05],[137.85,-36.06],[137.11,-35.58],[137.61,-36.29],[136.78,-36.22],[137.25,-36.55],[135.46,-36.63],[136.65,-36.8],[137.03,-37.33],[134.25,-37.69],[132.76,-36.71],[132.97,-36.36],[131.51,-36.81],[131.71,-36.11],[131.14,-35.76],[132.33,-35.69],[130.98,-35.51],[131.8,-35.53],[130.79,-34.9],[130.84,-34.32],[129.84,-33.46],[126.35,-32.72],[132.59,-32.7],[141.13,-34.76]]]}},{"type":"Feature","properties":{},"geometry":{"type":"Polygon","coordinates":[[[130.28,-28.17],[130.78,-28.59],[129.58,-28.21],[130.28,-28.17]]]}},{"type":"Feature","properties":{},"geometry":{"type":"Polygon","coordinates":[[[114.29,5.93],[114.64,5.69],[114.21,5.54],[114.29,5.93]]]}},{"type":"Feature","properties":{},"geometry":{"type":"Polygon","coordinates":[[[0.39,-10.03],[0.33,-10.45],[0.05,-10.28],[0.39,-10.03]]]}},{"type":"Feature","properties":{},"geometry":{"type":"Polygon","coordinates":[[[106.16,1.28],[107.67,2.64],[108.98,2.42],[113.59,3.91],[117.05,0.68],[114.22,1.09],[112.61,0.84],[111.24,1.48],[110.2,1],[108.5,1.17],[106.72,0.72],[106.02,0.99],[106.16,1.28]]]}},{"type":"Feature","properties":{},"geometry":{"type":"Polygon","coordinates":[[[113.24,3.92],[114.04,4.28],[113.99,3.81],[114.54,4.68],[115.16,3.8],[115.99,4.42],[117.45,3.77],[117.83,4.6],[118.58,4.59],[120.71,2.6],[120.08,2.52],[120.3,2.2],[119.69,1.86],[120.03,1.64],[116.3,0.94],[113.24,3.92]]]}},{"type":"Feature","properties":{},"geometry":{"type":"Polygon","coordinates":[[[117.97,19.15],[118.26,18.84],[118.21,19.42],[119.05,19.44],[119.82,19.05],[121.01,19.78],[120.54,18.64],[121.24,18.69],[120.52,17.92],[121.2,17.52],[120.69,16.95],[121.21,17.31],[120.92,17.02],[122.44,16.81],[122.6,16.29],[124.09,16.46],[123.16,15.82],[124.35,14.28],[124.03,12.57],[124.36,12.66],[124.28,12.14],[124.72,12.43],[125.07,10.84],[124.61,9.76],[123.95,10.29],[123.38,9.57],[122.57,9.52],[122.21,8.26],[121.53,8.67],[120.68,7.51],[119.11,8.63],[118.43,8.3],[118.54,8.59],[117.3,8.86],[116.4,10.27],[118.26,11.29],[117.85,11.22],[117.33,12.32],[118.11,13.79],[117.74,15.47],[118.52,16.7],[117.97,19.15]]]}},{"type":"Feature","properties":{},"geometry":{"type":"Polygon","coordinates":[[[46.01,-46.71],[46.14,-48.46],[45.44,-49.82],[43.96,-50.26],[42.46,-49.69],[43.86,-47.75],[46.01,-46.71]]]}},{"type":"Feature","properties":{},"geometry":{"type":"Polygon","coordinates":[[[-37.85,5.07],[-37.87,4.37],[-38.79,4.31],[-38.32,4.55],[-38.51,4.97],[-37.85,5.07]]]}},{"type":"Feature","properties":{},"geometry":{"type":"Polygon","coordinates":[[[-56.01,8.59],[-54.68,7.98],[-56.24,8.05],[-56.01,8.59]]]}},{"type":"Feature","properties":{},"geometry":{"type":"Polygon","coordinates":[[[-60.96,11.31],[-58.4,10.38],[-57.74,9.82],[-58.23,9.72],[-57.14,8.96],[-57.53,8.65],[-59.75,9.31],[-60.27,8.71],[-60.71,9.47],[-62.46,9.7],[-62.9,10.16],[-62.61,10.42],[-60.9,9.83],[-60.99,10.81],[-61.63,11.22],[-60.96,11.31]]]}},{"type":"Feature","properties":{},"geometry":{"type":"Polygon","coordinates":[[[110.04,21.12],[110.86,21.57],[111.07,20.32],[110.5,19.35],[109.55,19.29],[109.12,20.06],[110.04,21.12]]]}},{"type":"Feature","properties":{},"geometry":{"type":"Polygon","coordinates":[[[-59.18,13.81],[-57.36,12.72],[-53.49,8.2],[-56.79,9.16],[-56.04,9.78],[-56.78,10.16],[-56.96,11.19],[-59.41,12.81],[-59.27,13.3],[-62.29,13.7],[-61.64,13.59],[-61.12,14.13],[-59.18,13.81]]]}},{"type":"Feature","properties":{},"geometry":{"type":"Polygon","coordinates":[[[-49.18,22.73],[-48.93,21.94],[-49.27,21.8],[-49.6,22.21],[-49.18,22.73]]]}},{"type":"Feature","properties":{},"geometry":{"type":"Polygon","coordinates":[[[117.73,40.22],[117.96,40.02],[117.34,39.72],[117.73,40.22]]]}},{"type":"Feature","properties":{},"geometry":{"type":"Polygon","coordinates":[[[121.89,43.92],[122.93,43.89],[122.93,43.48],[123.71,43.3],[123.55,41.61],[122.95,41.08],[122.81,41.79],[122.81,41.22],[122.18,41.34],[122.18,42.77],[121.54,43.06],[121.92,42.61],[121.3,42.34],[121.01,42.82],[121.48,42.67],[120.78,43.01],[121.89,43.92]]]}},{"type":"Feature","properties":{},"geometry":{"type":"Polygon","coordinates":[[[125.38,45.19],[126.26,44.85],[125.89,44.13],[124.93,44.13],[124.39,43.34],[123.85,43.89],[123.46,43.68],[124.08,44.64],[125.38,45.19]]]}},{"type":"Feature","properties":{},"geometry":{"type":"Polygon","coordinates":[[[19.76,18.37],[21.72,17.59],[20.4,17.62],[19.52,18.16],[19.76,18.37]]]}},{"type":"Feature","properties":{},"geometry":{"type":"Polygon","coordinates":[[[28.64,16.93],[27.74,16.88],[26.91,17.37],[26.84,17.97],[27.6,17.9],[28.64,16.93]]]}},{"type":"Feature","properties":{},"geometry":{"type":"Polygon","coordinates":[[[13.68,22.61],[12.78,21.16],[10.92,22.85],[11.29,23.15],[13.68,22.61]]]}},{"type":"Feature","properties":{},"geometry":{"type":"Polygon","coordinates":[[[20.22,21.83],[20.94,20.62],[19.73,21.75],[20.22,21.83]]]}},{"type":"Feature","properties":{},"geometry":{"type":"Polygon","coordinates":[[[24.94,30.06],[25.19,29.71],[24.49,29.84],[24.94,30.06]]]}},{"type":"Feature","properties":{},"geometry":{"type":"Polygon","coordinates":[[[3.66,29.67],[3.73,28.98],[3.06,29.11],[3.66,29.67]]]}},{"type":"Feature","properties":{},"geometry":{"type":"Polygon","coordinates":[[[7.11,32.75],[6.7,32.31],[4.89,32.11],[4.21,32.79],[6.58,33.48],[7.11,32.75]]]}},{"type":"Feature","properties":{},"geometry":{"type":"Polygon","coordinates":[[[125.33,45.54],[123.38,44.73],[123.38,44.17],[122.01,43.93],[121.78,44.33],[123.63,46.1],[126.96,46.92],[126.95,48.7],[127.56,48.98],[127.19,48.49],[127.77,48.22],[129.64,50.11],[129.65,51.72],[129.08,51.88],[128.92,52.55],[129.15,53.28],[130.29,53.1],[129.67,53.69],[130.4,53.71],[132.12,51.99],[132.06,50.72],[131.42,50.35],[132,49.38],[131.84,48.58],[132.45,48.13],[132.09,47.5],[131.48,47.14],[131.43,47.89],[130.44,46.63],[130.24,47.06],[129.86,46.44],[128.5,46.12],[128.79,46.39],[127.94,46.5],[127.93,46.03],[128.5,45.8],[127.29,44.73],[126.6,44.97],[126.69,45.85],[125.33,45.54]]]}},{"type":"Feature","properties":{},"geometry":{"type":"Polygon","coordinates":[[[9.2,32.87],[7.23,32.8],[8.34,33.42],[9.2,32.87]]]}},{"type":"Feature","properties":{},"geometry":{"type":"Polygon","coordinates":[[[138.16,52.1],[138.49,52.16],[137.44,51.27],[138.16,52.1]]]}},{"type":"Feature","properties":{},"geometry":{"type":"Polygon","coordinates":[[[132.87,52.5],[136.13,51.35],[137.13,51.87],[136.99,51.3],[137.59,50.82],[136.01,50.22],[135.56,49.3],[132.43,49.42],[131.87,50.11],[133.07,50.28],[133.04,51.59],[132.57,52.14],[132.87,52.5]]]}},{"type":"Feature","properties":{},"geometry":{"type":"Polygon","coordinates":[[[128.74,54.6],[128.54,54.2],[129.87,54],[128.75,53.37],[127.77,54.43],[128.74,54.6]]]}},{"type":"Feature","properties":{},"geometry":{"type":"Polygon","coordinates":[[[-26.59,40.3],[-26.76,39.6],[-27.61,39.17],[-26.7,39.62],[-26.33,39.15],[-27.77,39.03],[-27.82,39.56],[-26.59,40.3]]]}},{"type":"Feature","properties":{},"geometry":{"type":"Polygon","coordinates":[[[-29.66,40.8],[-29.63,40.34],[-28.05,40.03],[-28.9,39.68],[-29.95,40.37],[-29.66,40.8]]]}},{"type":"Feature","properties":{},"geometry":{"type":"Polygon","coordinates":[[[-28.63,43.78],[-26.82,42.55],[-28.37,43.13],[-28.98,43.76],[-28.63,43.78]]]}},{"type":"Feature","properties":{},"geometry":{"type":"Polygon","coordinates":[[[-84.92,52.58],[-84.65,52.45],[-85.75,52.66],[-84.92,52.58]]]}},{"type":"Feature","properties":{},"geometry":{"type":"Polygon","coordinates":[[[-91.91,53.91],[-89.84,52.68],[-89.34,50.52],[-90.73,51.22],[-90.03,51.53],[-90.95,51.44],[-90.86,51.91],[-91.57,52.13],[-90.95,52.3],[-92.36,53.19],[-91.51,53.49],[-92.23,53.52],[-92.34,53.94],[-91.91,53.91]]]}},{"type":"Feature","properties":{},"geometry":{"type":"Polygon","coordinates":[[[-21.48,41.48],[-20.58,41.72],[-20.71,41.44],[-19.83,41.26],[-20.74,40.54],[-19.66,40.56],[-20.61,40.31],[-20.57,39.61],[-19.69,40.05],[-20.35,38.67],[-20.81,38.75],[-20.56,39.3],[-21.24,39.03],[-20.8,40.03],[-22.56,39.31],[-21.4,39.94],[-22.73,40.01],[-22.22,40.4],[-23.28,40.16],[-25.35,40.68],[-21.48,41.48]]]}},{"type":"Feature","properties":{},"geometry":{"type":"Polygon","coordinates":[[[-21.03,43.95],[-20.65,43.82],[-21.31,43.7],[-21.09,43.4],[-22.58,42.32],[-21.31,42.33],[-22.02,42.02],[-21.16,41.82],[-21.48,41.48],[-25.27,40.79],[-24.15,41.35],[-24.96,41.54],[-24.01,41.98],[-23.67,41.73],[-23.86,42.13],[-23.34,42.17],[-22.64,43.32],[-21.03,43.95]]]}},{"type":"Feature","properties":{},"geometry":{"type":"Polygon","coordinates":[[[-41.98,50.28],[-41.68,49.63],[-42.7,50.22],[-41.98,50.28]]]}},{"type":"Feature","properties":{},"geometry":{"type":"Polygon","coordinates":[[[-93.55,57.1],[-94.08,56.82],[-93.71,56.07],[-94,55.93],[-94.44,57.16],[-93.55,57.1]]]}},{"type":"Feature","properties":{},"geometry":{"type":"Polygon","coordinates":[[[-90.82,56.31],[-90.68,55.87],[-91.19,55.64],[-90.79,55.94],[-91.28,55.72],[-90.91,56.03],[-91.31,56.07],[-90.82,56.31]]]}},{"type":"Feature","properties":{},"geometry":{"type":"Polygon","coordinates":[[[-128.79,69.37],[-129.09,69.21],[-128.4,69.12],[-129.76,69.04],[-128.79,69.37]]]}},{"type":"Feature","properties":{},"geometry":{"type":"Polygon","coordinates":[[[-93.89,58.25],[-93.22,57.87],[-93.93,57.56],[-92.57,57.85],[-94.24,57.16],[-94.42,57.7],[-93.89,58.25]]]}},{"type":"Feature","properties":{},"geometry":{"type":"Polygon","coordinates":[[[129.76,61.17],[131.24,59.82],[131.46,58.7],[134.84,55.99],[133.76,56.47],[132.61,56.17],[132.67,54.8],[134.12,54.01],[134.35,53.22],[133.26,53.82],[132.9,52.88],[132.33,53.52],[132.22,54.94],[131.47,55.65],[130.85,58.01],[129.89,58.5],[129.25,59.99],[130.12,60.36],[129.19,61.05],[129.76,61.17]]]}},{"type":"Feature","properties":{},"geometry":{"type":"Polygon","coordinates":[[[-123.4,68.87],[-123.09,68.75],[-123.39,68.32],[-125.86,68.9],[-123.4,68.87]]]}},{"type":"Feature","properties":{},"geometry":{"type":"Polygon","coordinates":[[[125.89,61.15],[126.49,61.11],[126.12,60.63],[125.5,60.71],[125.89,61.15]]]}},{"type":"Feature","properties":{},"geometry":{"type":"Polygon","coordinates":[[[-6.34,42.69],[-5.32,42.93],[-6.42,42.87],[-5.49,43.5],[-6.55,43.72],[-5.99,44.09],[-6.42,44.56],[-5.11,44.48],[-4.76,44.9],[-5.31,44.97],[-4.11,45.6],[-3.74,45.44],[-4.15,45.16],[-3.05,45.38],[-2.58,44.66],[-3.34,44.36],[-3.26,43.86],[-6.34,42.69]]]}},{"type":"Feature","properties":{},"geometry":{"type":"Polygon","coordinates":[[[-5.12,42.14],[-6.37,41.75],[-6.08,42.03],[-6.67,41.93],[-6.16,42.18],[-6.85,42.17],[-6.29,42.45],[-6.89,42.51],[-3.26,43.86],[-3.47,42.38],[-5.12,42.14]]]}},{"type":"Feature","properties":{},"geometry":{"type":"Polygon","coordinates":[[[10.31,45.68],[10.59,45.16],[9.71,45.6],[10.31,45.68]]]}},{"type":"Feature","properties":{},"geometry":{"type":"Polygon","coordinates":[[[-90.29,59.25],[-90.81,58.61],[-91.16,58.75],[-90.7,59.03],[-91.35,58.99],[-90.29,59.25]]]}},{"type":"Feature","properties":{},"geometry":{"type":"Polygon","coordinates":[[[11.88,46.22],[11.75,45.11],[10.86,45.45],[10.99,46.1],[11.65,45.77],[11.44,46.08],[11.88,46.22]]]}},{"type":"Feature","properties":{},"geometry":{"type":"Polygon","coordinates":[[[-92.3,60.3],[-91.81,59.11],[-92.49,59.18],[-91.87,58.9],[-92.44,58.4],[-92.74,58.8],[-92.38,59.06],[-93.04,59.27],[-92.41,59.47],[-92.84,59.61],[-92.33,59.75],[-92.3,60.3]]]}},{"type":"Feature","properties":{},"geometry":{"type":"Polygon","coordinates":[[[-38.19,53.03],[-38.57,52.32],[-38.06,52.74],[-38.68,52.31],[-38.32,52.64],[-39.29,52.5],[-38.19,53.03]]]}},{"type":"Feature","properties":{},"geometry":{"type":"Polygon","coordinates":[[[-92.3,60.98],[-92.13,60.53],[-93.17,60.14],[-92.3,60.98]]]}},{"type":"Feature","properties":{},"geometry":{"type":"Polygon","coordinates":[[[-91.77,61],[-91.35,60.36],[-92.26,60.38],[-91.77,61]]]}},{"type":"Feature","properties":{},"geometry":{"type":"Polygon","coordinates":[[[-3.08,47.9],[-2.59,47.44],[-2.89,47.2],[-3.48,47.62],[-3.08,47.9]]]}},{"type":"Feature","properties":{},"geometry":{"type":"Polygon","coordinates":[[[16.88,48.15],[17.04,47.72],[16.44,47.18],[16.36,47.8],[16.88,48.15]]]}},{"type":"Feature","properties":{},"geometry":{"type":"Polygon","coordinates":[[[-107.7,66.32],[-107.49,66.07],[-107.92,65.98],[-107.26,65.93],[-107.6,65.6],[-110.84,65.92],[-109.75,65.99],[-110.8,66.05],[-110.35,66.53],[-109.11,66.51],[-109.41,66.03],[-108.6,66.49],[-108.2,66.4],[-108.62,66.18],[-107.7,66.32]]]}},{"type":"Feature","properties":{},"geometry":{"type":"Polygon","coordinates":[[[-94.58,59.26],[-95.05,59.07],[-94.4,58.77],[-94.85,58.65],[-95.09,59.13],[-94.79,58.59],[-95.12,58.37],[-95.38,58.96],[-95.94,58.71],[-95.32,59.4],[-94.58,59.26]]]}},{"type":"Feature","properties":{},"geometry":{"type":"Polygon","coordinates":[[[-91.33,62.32],[-91.34,61.31],[-92.55,61.15],[-91.68,61.52],[-91.99,61.55],[-91.33,62.32]]]}},{"type":"Feature","properties":{},"geometry":{"type":"Polygon","coordinates":[[[-106.24,66.35],[-106.37,65.98],[-105.99,65.99],[-107.31,66.11],[-106.24,66.35]]]}},{"type":"Feature","properties":{},"geometry":{"type":"Polygon","coordinates":[[[19.81,49.05],[20.41,48.93],[19.46,48.32],[19.23,48.9],[19.81,49.05]]]}},{"type":"Feature","properties":{},"geometry":{"type":"Polygon","coordinates":[[[-0.67,48.77],[-0.49,48.49],[-1.55,48.06],[-1.05,48],[-2.13,46.87],[-3.08,46.9],[-2.38,47.27],[-2.67,48.03],[-2.08,47.98],[-2.37,48.24],[-1.98,48.78],[-0.67,48.77]]]}},{"type":"Feature","properties":{},"geometry":{"type":"Polygon","coordinates":[[[-1.16,47.75],[0.49,47.71],[-0.13,46.68],[-0.8,46.5],[-0.19,46.38],[-1.22,46.24],[0.16,46.02],[0.63,45.4],[-2.1,44.79],[-2.35,45.14],[-1.73,46.07],[-1.93,46.36],[-2.4,46.02],[-2.17,46.41],[-2.83,45.48],[-2.65,46.47],[-1.16,47.75]]]}},{"type":"Feature","properties":{},"geometry":{"type":"Polygon","coordinates":[[[0.63,45.4],[0.84,44.68],[1.78,44.19],[1.95,43.67],[1.25,43.79],[1.96,43.55],[1.81,42.97],[3.2,42.79],[3.09,42.15],[2.06,41.52],[2.93,41.22],[-3.03,40.21],[-1.76,41.34],[-0.74,41.34],[-0.17,41.91],[-1.01,41.51],[-2.63,42.08],[-1.46,42.7],[-1.54,43.06],[-2.13,42.95],[-1.76,43.27],[-0.44,43.43],[-0.44,44.34],[-0.81,44.23],[-0.96,44.89],[0.63,45.4]]]}},{"type":"Feature","properties":{},"geometry":{"type":"Polygon","coordinates":[[[19.74,49.52],[20.16,49.29],[19.33,49.33],[19.74,49.52]]]}},{"type":"Feature","properties":{},"geometry":{"type":"Polygon","coordinates":[[[171.52,71.37],[171.89,71.17],[170.22,70.55],[170.66,71.05],[170.31,71.02],[171.52,71.37]]]}},{"type":"Feature","properties":{},"geometry":{"type":"Polygon","coordinates":[[[-138.92,73.6],[-138.1,73.14],[-139.33,72.95],[-141.33,73.48],[-138.92,73.6]]]}},{"type":"Feature","properties":{},"geometry":{"type":"Polygon","coordinates":[[[-23.47,55.05],[-23.57,54.67],[-23.88,55.06],[-23.47,55.05]]]}},{"type":"Feature","properties":{},"geometry":{"type":"Polygon","coordinates":[[[-34.33,58.35],[-35.28,57.7],[-35.28,58.18],[-34.33,58.35]]]}},{"type":"Feature","properties":{},"geometry":{"type":"Polygon","coordinates":[[[-36.05,59.46],[-36.06,59.15],[-37.97,58.99],[-37.25,59.58],[-36.05,59.46]]]}},{"type":"Feature","properties":{},"geometry":{"type":"Polygon","coordinates":[[[-32.4,59.11],[-32.11,58.72],[-32.55,58.71],[-32.73,59.13],[-32.4,59.11]]]}},{"type":"Feature","properties":{},"geometry":{"type":"Polygon","coordinates":[[[-144.06,76.6],[-138.72,75.97],[-140.65,75.67],[-144.34,76.18],[-144.06,76.6]]]}},{"type":"Feature","properties":{},"geometry":{"type":"Polygon","coordinates":[[[-35.81,62.7],[-36.08,61.97],[-35.48,62.11],[-34.32,60.77],[-34.97,60.29],[-33.99,60.21],[-33.71,59.73],[-34.72,59.62],[-35.66,60.1],[-35.35,60.29],[-35.9,60.51],[-35.66,60.68],[-38.53,60.19],[-38.16,60.83],[-39.5,61],[-38.21,61.22],[-35.81,62.7]]]}},{"type":"Feature","properties":{},"geometry":{"type":"Polygon","coordinates":[[[-34.69,62.62],[-34.24,62.06],[-34.79,62.12],[-34.69,62.62]]]}},{"type":"Feature","properties":{},"geometry":{"type":"Polygon","coordinates":[[[54.9,61.56],[55.14,61.34],[54.35,61.26],[54.9,61.56]]]}},{"type":"Feature","properties":{},"geometry":{"type":"Polygon","coordinates":[[[-25.22,62.47],[-24.8,62.11],[-25.7,62.32],[-25.22,62.47]]]}},{"type":"Feature","properties":{},"geometry":{"type":"Polygon","coordinates":[[[-26.1,63.01],[-25.66,62.69],[-26.52,62.09],[-28.04,62.25],[-27.13,62.98],[-26.1,63.01]]]}},{"type":"Feature","properties":{},"geometry":{"type":"Polygon","coordinates":[[[13.37,59.14],[13.4,58.71],[13.73,59.11],[13.96,58.77],[12.91,58.44],[13.37,59.14]]]}},{"type":"Feature","properties":{},"geometry":{"type":"Polygon","coordinates":[[[-161.39,81.73],[-150.55,80.55],[-149.35,80.12],[-149.8,79.96],[-149.41,79.61],[-149.98,79.54],[-148.79,79.2],[-147.27,79.3],[-148.49,79.37],[-147.72,79.53],[-147.81,79.85],[-149.16,79.94],[-146.95,79.98],[-142.79,79.76],[-138.95,78.79],[-141.15,78.36],[-142.85,78.63],[-142.17,78.24],[-145.88,78.54],[-144.26,78.3],[-144.4,77.91],[-146.7,77.63],[-144.94,77.23],[-146.66,77.1],[-147.19,77.15],[-146.75,77.29],[-147.07,77.46],[-147.69,77.19],[-151.16,77.68],[-152.34,78.35],[-157.5,78.36],[-157.29,78.59],[-158.42,78.9],[-157.58,79.26],[-160.07,79.01],[-159.24,78.32],[-160.56,78.54],[-162.23,81.8],[-161.39,81.73]]]}},{"type":"Feature","properties":{},"geometry":{"type":"Polygon","coordinates":[[[-163.98,78.86],[-165.02,78.43],[-165.32,79.03],[-163.98,78.86]]]}},{"type":"Feature","properties":{},"geometry":{"type":"Polygon","coordinates":[[[12.95,59.19],[13.16,58.86],[12.48,58.76],[12.95,59.19]]]}},{"type":"Feature","properties":{},"geometry":{"type":"Polygon","coordinates":[[[-25.72,64.19],[-25.45,64.05],[-26.17,63.95],[-25.72,64.19]]]}},{"type":"Feature","properties":{},"geometry":{"type":"Polygon","coordinates":[[[37.14,61.51],[37.7,61.29],[36.35,60.85],[36.35,61.49],[37.14,61.51]]]}},{"type":"Feature","properties":{},"geometry":{"type":"Polygon","coordinates":[[[14.61,59.72],[14.91,59.43],[14.07,59.28],[14.61,59.72]]]}},{"type":"Feature","properties":{},"geometry":{"type":"Polygon","coordinates":[[[-39.94,68.33],[-39.71,67.72],[-40.12,67.52],[-39.68,67.65],[-40.08,67.31],[-39.6,67.16],[-40.16,67.08],[-41.27,67.11],[-42.83,68.07],[-39.94,68.33]]]}},{"type":"Feature","properties":{},"geometry":{"type":"Polygon","coordinates":[[[168.11,81.75],[171.15,81.53],[167.41,81.48],[168.11,81.75]]]}},{"type":"Feature","properties":{},"geometry":{"type":"Polygon","coordinates":[[[15.6,60.35],[15.93,60.26],[15.27,60.18],[15.6,60.35]]]}},{"type":"Feature","properties":{},"geometry":{"type":"Polygon","coordinates":[[[-16.48,58.2],[-15.77,57.28],[-17.11,57.19],[-17.39,57.46],[-16.7,57.46],[-17.54,57.83],[-16.48,58.2]]]}},{"type":"Feature","properties":{},"geometry":{"type":"Polygon","coordinates":[[[43.12,63.48],[44.67,62.91],[42.81,63.19],[43.12,63.48]]]}},{"type":"Feature","properties":{},"geometry":{"type":"Polygon","coordinates":[[[-0.11,55.49],[-0.05,55.08],[-1.75,55.14],[-0.11,55.49]]]}},{"type":"Feature","properties":{},"geometry":{"type":"Polygon","coordinates":[[[38.08,63.73],[38.65,63.35],[37.78,63.59],[38.08,63.73]]]}},{"type":"Feature","properties":{},"geometry":{"type":"Polygon","coordinates":[[[-165.38,83.69],[-168.25,83.76],[-166.14,84.18],[-165.38,83.69]]]}},{"type":"Feature","properties":{},"geometry":{"type":"Polygon","coordinates":[[[-161.99,84.43],[-156.5,84.11],[-162.65,83.69],[-164.08,83.79],[-164.81,84.34],[-161.99,84.43]]]}},{"type":"Feature","properties":{},"geometry":{"type":"Polygon","coordinates":[[[109.17,76.61],[109.93,76.64],[108.7,76.48],[109.17,76.61]]]}},{"type":"Feature","properties":{},"geometry":{"type":"Polygon","coordinates":[[[-30.58,41.17],[-30.38,40.27],[-29.74,40.05],[-30.05,40],[-28.81,39.29],[-28.2,39.47],[-27.55,38.75],[-30.73,38.64],[-32.14,37.79],[-32.62,38.19],[-32.09,38.94],[-32.43,38.87],[-30.64,39.41],[-30.51,38.99],[-29.61,39.23],[-31.03,39.49],[-30.46,40.04],[-34.41,39.08],[-34.97,39.44],[-35.29,38.98],[-36.31,38.98],[-37.51,37.78],[-37.07,37.06],[-36.72,37.34],[-36.81,36.85],[-37.93,36.99],[-37.98,37.36],[-38.22,36.96],[-38.99,37.04],[-35.45,39.72],[-30.58,41.17]]]}},{"type":"Feature","properties":{},"geometry":{"type":"Polygon","coordinates":[[[-25.99,-34.13],[-28.39,-37.17],[-29.72,-38.14],[-28.08,-36.44],[-28.85,-35.97],[-28.64,-36.33],[-29.87,-37.69],[-30.35,-39.07],[-32.02,-40.6],[-34.21,-40.81],[-36.03,-40.32],[-36.63,-39.63],[-36.16,-38.75],[-36.6,-38.91],[-36.78,-40.25],[-35.35,-41.16],[-35.4,-42.04],[-43.52,-39.27],[-45.2,-38.35],[-46.18,-35.56],[-48.99,-30.53],[-48.99,-28.61],[-48.32,-26.83],[-48.48,-24.27],[-42.1,-28.19],[-36.79,-30.78],[-31.16,-32.85],[-25.99,-34.13]]]}},{"type":"Feature","properties":{},"geometry":{"type":"Polygon","coordinates":[[[-40.59,-44.69],[-41.19,-44.44],[-40.8,-45.09],[-41.13,-44.99],[-40.84,-45.15],[-41.31,-46.6],[-44.3,-46.42],[-44.31,-47.67],[-43.72,-48.05],[-42.91,-47.71],[-42.82,-48.41],[-44.3,-48.25],[-43.59,-48.59],[-44.76,-49.22],[-45.09,-50.5],[-46.78,-50.8],[-47.55,-51.58],[-46.71,-52.52],[-45.56,-52.76],[-45.67,-53.5],[-49.72,-55.95],[-50.04,-57.08],[-49.17,-57.77],[-52.08,-58.03],[-52.72,-59.16],[-54.02,-58.6],[-53.24,-58.75],[-52.39,-58.17],[-52.83,-57.82],[-54.32,-57.71],[-54.73,-58.27],[-55.17,-57.95],[-54.36,-57.69],[-55.34,-57.87],[-55.24,-57.18],[-54.29,-57.47],[-54.11,-57.15],[-53.89,-57.42],[-54.43,-57.64],[-53.95,-57.68],[-53.73,-57],[-54.34,-56.42],[-54.59,-56.67],[-53.81,-56.95],[-54.64,-56.75],[-54.26,-57.06],[-54.67,-57.27],[-54.77,-56.8],[-54.76,-57.34],[-54.84,-56.84],[-55.36,-56.76],[-54.97,-56.34],[-55.58,-56.03],[-54.59,-55.85],[-54.76,-55.54],[-55.35,-55.98],[-55.59,-55.59],[-55.23,-55.51],[-55.99,-55.3],[-55.06,-55.44],[-55.57,-55.11],[-54.97,-54.97],[-55.48,-54.75],[-54.75,-54.88],[-55.21,-54.63],[-55.05,-54.22],[-55.54,-54.5],[-55.48,-53.91],[-55.05,-53.88],[-55.41,-53.72],[-54.8,-53.57],[-55.6,-53.12],[-54.06,-53.21],[-54.51,-52.72],[-55.63,-52.82],[-54.98,-52.73],[-55.36,-52.53],[-54.79,-52.3],[-55,-51.88],[-56.58,-51.83],[-55.38,-50.92],[-54.68,-50.96],[-54.5,-51.75],[-53.62,-50.87],[-54.1,-50.96],[-53.96,-50.62],[-53.2,-50.64],[-53.97,-50.37],[-52.84,-49.73],[-53.59,-49.36],[-52.58,-47.8],[-52.89,-47.52],[-52.42,-47.73],[-52.41,-47.22],[-52.89,-47.13],[-52.2,-46.76],[-53.83,-46.92],[-53.95,-46.28],[-52.97,-44.6],[-53.3,-42.52],[-52.72,-42.33],[-50.75,-38.84],[-50.34,-34.3],[-48.99,-30.53],[-46.18,-35.56],[-44.22,-40.91],[-40.59,-44.69]]]}},{"type":"Feature","properties":{},"geometry":{"type":"Polygon","coordinates":[[[-44.98,5.08],[-43.01,5.06],[-41.91,4.41],[-40.47,4.81],[-41.07,5],[-38.69,5.02],[-39.74,4.81],[-39.2,4.09],[-37.76,3.69],[-37.9,2.81],[-36.97,2.8],[-35.64,1.78],[-35.61,0.59],[-35.28,1.05],[-34.16,-0.05],[-32.06,0.1],[-29.98,-0.48],[-28.3,-1.84],[-27.95,-3.49],[-26.98,-4.56],[-28.52,-6.45],[-27.82,-5.97],[-28.18,-6.65],[-27.53,-6.07],[-25.47,-6.29],[-25.96,-7.44],[-27.54,-7.91],[-26.4,-7.69],[-26.51,-8.14],[-25.43,-7.47],[-25,-6.55],[-23.92,-6.71],[-22.41,-7.32],[-22.43,-7.76],[-21.95,-7.43],[-21.69,-7.75],[-21.85,-8.27],[-21.44,-8.34],[-21.86,-9.32],[-21.39,-8.49],[-21.1,-8.41],[-21.29,-8.86],[-20.45,-8.33],[-19.29,-8.82],[-17,-8.84],[-14.12,-10.89],[-12.19,-11.4],[-11.69,-13.07],[-12.01,-14.81],[-15.21,-18.9],[-15.63,-18.6],[-16,-23.67],[-17.89,-28],[-18.91,-28.53],[-18.96,-28.99],[-21.48,-28.95],[-25.5,-31.46],[-26.06,-31.36],[-25.65,-31.57],[-26.17,-32.14],[-25.81,-32.21],[-25.99,-34.13],[-31.16,-32.85],[-36.79,-30.78],[-42.1,-28.19],[-48.48,-24.27],[-49.6,-22.6],[-54,-19.75],[-56.7,-13.19],[-57.63,-11.63],[-58.73,-10.87],[-58.43,-10.37],[-58.76,-9.08],[-57.5,-8.3],[-57.1,-7.47],[-57.33,-7.2],[-57.66,-7.61],[-58.38,-7.02],[-57.28,-4.13],[-56.17,-3.79],[-55.76,-2.89],[-51.17,-1.12],[-49.48,2.22],[-46.27,4.84],[-44.98,5.08]]]}},{"type":"Feature","properties":{},"geometry":{"type":"Polygon","coordinates":[[[-55,2.95],[-54.3,2.08],[-54.41,2.73],[-53.04,3.47],[-52.56,4.83],[-50.57,5.15],[-48.89,6.19],[-48.39,5.74],[-49.26,5.32],[-48.95,4.43],[-49.56,3.59],[-49.21,2.79],[-48.48,3.4],[-48.95,4.53],[-47.39,5.05],[-47.3,5.81],[-46.96,5.04],[-45.65,4.35],[-46.96,3.87],[-50.25,1.35],[-52.05,-1.93],[-56.69,-3.55],[-54.89,-1.89],[-55.38,-1.54],[-54.98,0.78],[-55.65,1.72],[-55,2.95]]]}},{"type":"Feature","properties":{},"geometry":{"type":"Polygon","coordinates":[[[-35.4,-42.04],[-34.85,-42.77],[-35.86,-43.95],[-40.59,-44.69],[-43.88,-41.39],[-45.2,-38.35],[-35.4,-42.04]]]}},{"type":"Feature","properties":{},"geometry":{"type":"Polygon","coordinates":[[[-87.29,41.69],[-86.88,41.59],[-86.89,42.15],[-87.7,42.2],[-88.49,44.65],[-87.14,45.16],[-85.49,44.19],[-83.67,40.89],[-83.4,39.44],[-83.92,38.38],[-87.29,41.69]]]}},{"type":"Feature","properties":{},"geometry":{"type":"Polygon","coordinates":[[[-88.49,44.65],[-87.81,45.83],[-87.95,47.18],[-86.27,50.4],[-85.7,50.36],[-86.32,50.45],[-85.87,50.8],[-86.15,51.08],[-85.66,51.06],[-86.18,51.11],[-86.23,52.61],[-84.23,52.07],[-84.95,51.37],[-84.16,51.86],[-84.19,51.41],[-84.81,50.99],[-83.89,51.33],[-83.94,52.7],[-82.83,52.94],[-83.01,51.51],[-81.08,51.17],[-80.25,49.89],[-77.94,49.37],[-79.02,47.8],[-84.28,46.49],[-88.49,44.65]]]}},{"type":"Feature","properties":{},"geometry":{"type":"Polygon","coordinates":[[[-88.38,50.52],[-88.61,50.88],[-87.8,50.72],[-88.38,50.52]]]}},{"type":"Feature","properties":{},"geometry":{"type":"Polygon","coordinates":[[[-87.05,50.99],[-88.5,51],[-88.07,51.13],[-88.52,51.16],[-88.09,51.83],[-88.35,51.39],[-89.04,51.51],[-88.51,51.57],[-88.84,51.75],[-88.37,52.08],[-89.16,51.81],[-89.48,52.26],[-88.66,52.51],[-89.5,52.59],[-88.34,52.94],[-88.81,52.99],[-88.71,53.34],[-89.53,52.67],[-89.9,52.82],[-89.54,53.02],[-90.5,53.09],[-89.42,53.39],[-90.29,53.19],[-90.53,53.47],[-89.9,53.7],[-91.25,53.76],[-90.34,53.8],[-91.3,54.22],[-89.84,54.37],[-91.15,54.4],[-90.93,54.77],[-89.91,54.92],[-89.75,54.48],[-89.74,54.87],[-89.03,54.79],[-89.82,55.14],[-89.14,54.99],[-87.09,52.38],[-87.05,50.99]]]}},{"type":"Feature","properties":{},"geometry":{"type":"Polygon","coordinates":[[[-89.46,55.22],[-91.09,55.23],[-90.24,55.53],[-90.6,55.99],[-89.46,55.22]]]}},{"type":"Feature","properties":{},"geometry":{"type":"Polygon","coordinates":[[[-80.89,39.33],[-81.13,38.81],[-83.56,38.81],[-83.42,40.16],[-85.07,43.61],[-87.14,45.16],[-84.28,46.49],[-79.02,47.8],[-77.94,49.37],[-76.39,48.93],[-79.38,43.45],[-80.89,39.33]]]}},{"type":"Feature","properties":{},"geometry":{"type":"Polygon","coordinates":[[[-81.01,39.25],[-80.97,38.58],[-81.59,38.74],[-82.67,40.09],[-83.78,40.48],[-81.99,45.12],[-78.9,50.6],[-76.85,49.95],[-77.45,49.41],[-77.46,48.67],[-75.52,47.11],[-77.87,43.58],[-79.91,42.04],[-81.01,39.25]]]}},{"type":"Feature","properties":{},"geometry":{"type":"Polygon","coordinates":[[[-77.24,36.06],[-80.12,36.98],[-81,38.3],[-82.51,39.23],[-82.38,40.4],[-81.19,42.64],[-79.01,44.1],[-76.77,46.6],[-76.35,47.52],[-78.16,49.16],[-78.08,49.9],[-77.42,50.41],[-76.2,50.37],[-75.75,48.59],[-74.29,46.06],[-73.9,43.29],[-74.52,39.99],[-76.72,37.87],[-77.24,36.06]]]}},{"type":"Feature","properties":{},"geometry":{"type":"Polygon","coordinates":[[[-58.53,30.17],[-59.55,30.14],[-58.62,29.9],[-59.09,29.56],[-58.66,28.8],[-59.28,29.52],[-59.66,29.14],[-60.46,29.42],[-61.01,30.23],[-61.54,30.04],[-62.94,30.83],[-64,30.42],[-63.66,30.54],[-64.11,30.8],[-64.06,30.43],[-65.86,29.85],[-65.4,30.01],[-66.05,30.23],[-65.88,29.89],[-66.78,29.74],[-67.2,29.04],[-67.52,29.25],[-67.32,27.67],[-67.96,26.83],[-67.72,27.18],[-68.09,27.23],[-68.96,23.95],[-68.25,21.05],[-67.15,20.01],[-66.77,18.85],[-67.38,19.06],[-68.8,20.59],[-70.07,24.62],[-70.41,28.04],[-70.12,30.16],[-63.27,32.17],[-60.66,31.53],[-58.53,30.17]]]}},{"type":"Feature","properties":{},"geometry":{"type":"Polygon","coordinates":[[[-66.51,16.97],[-67.53,17.9],[-69.08,17.47],[-70.55,18.1],[-76.82,22.93],[-77.29,24.15],[-76.8,24.22],[-77.03,24.5],[-76.51,25.07],[-76.84,26.39],[-78.44,29.22],[-79.47,29.95],[-79.26,30.88],[-81.18,33.27],[-81.94,35.75],[-79.07,32.59],[-77.43,31.47],[-73.25,28.79],[-70.41,28.04],[-69.2,21.55],[-68.8,20.59],[-65.52,17.08],[-66.51,16.97]]]}},{"type":"Feature","properties":{},"geometry":{"type":"Polygon","coordinates":[[[-65.28,19.69],[-62.95,19.34],[-61.35,21.5],[-60.8,21.62],[-57.83,21.07],[-59.18,19.61],[-58.89,19.44],[-59.66,18.22],[-59.68,18.89],[-60.15,18.5],[-60.33,17.09],[-61.35,16.21],[-61.1,16.03],[-64.45,16.77],[-65.63,18.62],[-65.28,19.69]]]}},{"type":"Feature","properties":{},"geometry":{"type":"Polygon","coordinates":[[[-80.53,33.78],[-80.63,31.94],[-78.28,28.21],[-77.83,25.75],[-76.73,24.68],[-77.27,24.18],[-79.25,26.47],[-78.98,27.31],[-79.82,28.73],[-80.33,28.53],[-81.54,29.74],[-80.48,29.5],[-80.43,30.36],[-81.82,31.83],[-82.77,35.43],[-83.78,36.48],[-85.8,37.3],[-85.67,37.87],[-87.01,40.51],[-84.5,37.79],[-82.01,36.27],[-80.53,33.78]]]}},{"type":"Feature","properties":{},"geometry":{"type":"Polygon","coordinates":[[[-81.94,35.75],[-81.74,36.18],[-83.4,37.23],[-84.71,39.8],[-86.35,40.86],[-85.95,41.27],[-85.05,41.52],[-82.85,40.99],[-81.37,39.31],[-79.28,38.17],[-78.41,36.85],[-75.56,35.9],[-73.86,34.63],[-73.34,33.53],[-73.76,29.25],[-79.07,32.59],[-81.94,35.75]]]}},{"type":"Feature","properties":{},"geometry":{"type":"Polygon","coordinates":[[[-123.9,76.89],[-127.13,76.54],[-127.45,76.89],[-133.26,77.08],[-134.2,77.69],[-132.96,77.79],[-136.16,78.27],[-127.75,78.89],[-126.18,78.79],[-127.81,78.49],[-127.12,78.32],[-121.87,78.18],[-123.9,76.89]]]}},{"type":"Feature","properties":{},"geometry":{"type":"Polygon","coordinates":[[[-121.67,78.25],[-123.27,78.32],[-122.88,78.56],[-123.83,78.98],[-122.28,78.45],[-121.66,78.5],[-122.59,78.76],[-121.45,78.97],[-125.63,79.33],[-125.79,79.86],[-130.55,80.82],[-128.28,81.29],[-122.22,81.21],[-116.12,82.11],[-99.81,82.22],[-100.35,82.2],[-98.95,81.88],[-101.36,81.6],[-98.18,81.75],[-97.79,81.54],[-98.6,81.48],[-94.29,80.99],[-95.91,80.82],[-94.22,80.39],[-90.87,80.18],[-85.96,78.83],[-83.06,78.59],[-82.04,77.81],[-79.5,77.23],[-79.62,76.91],[-78.5,76.32],[-82.69,75.73],[-92.31,75.82],[-95.07,76.11],[-98.04,77.19],[-113.15,78.6],[-118,78.86],[-121.67,78.25]]]}},{"type":"Feature","properties":{},"geometry":{"type":"Polygon","coordinates":[[[-40.82,36.59],[-42.11,35.32],[-42.59,36.11],[-42.44,34.87],[-43.69,33.79],[-43.14,34.55],[-43.53,35.55],[-42.89,36.16],[-43.62,35.99],[-43.75,34.76],[-44.54,35.36],[-43.72,34.58],[-44.3,34.82],[-44.06,33.75],[-44.58,34.1],[-43.8,33.61],[-43.73,32.43],[-43.85,33.4],[-43.88,32.75],[-44.78,32.83],[-44.15,32.72],[-44.24,32.39],[-43.95,32.65],[-43.96,32.3],[-45.13,32.38],[-44.76,32.11],[-45.31,31.96],[-44.74,31.72],[-49.7,30.35],[-50.7,29.17],[-50.53,24.68],[-51.37,23.19],[-52.03,23.33],[-52.39,24.19],[-52.2,24.99],[-52.53,24.88],[-52.89,25.92],[-52.48,26.31],[-52.94,26.34],[-52.4,27.28],[-53.53,28.89],[-54.82,28.62],[-54.84,29.3],[-55.71,29.58],[-55.38,29.61],[-57.22,29.75],[-57.01,30.32],[-57.3,29.86],[-58.4,30.11],[-60.66,31.53],[-52.45,31.8],[-48.99,33.07],[-44.21,35.8],[-40.82,36.59]]]}},{"type":"Feature","properties":{},"geometry":{"type":"Polygon","coordinates":[[[-73.13,19.41],[-70.13,17.33],[-69.33,15.41],[-72.39,12.63],[-73.94,12.58],[-74.1,13.14],[-74.27,12.54],[-74.48,13.47],[-73.87,13.9],[-74.25,16.58],[-73.87,16.36],[-73.69,16.79],[-74.7,17.25],[-76.47,19.69],[-77.04,22.44],[-76.08,22.12],[-75.33,20.92],[-73.13,19.41]]]}},{"type":"Feature","properties":{},"geometry":{"type":"Polygon","coordinates":[[[-135.55,72.86],[-137.63,73.69],[-136.63,74.13],[-138.44,74.74],[-134.17,76.24],[-132.11,75.97],[-129.97,76.37],[-114.54,76.66],[-103.13,76.19],[-121.89,74.78],[-135.55,72.86]]]}},{"type":"Feature","properties":{},"geometry":{"type":"Polygon","coordinates":[[[-35.24,66.81],[-36.08,66.81],[-36,66.22],[-36.89,65.78],[-34.42,66.23],[-34.35,65.6],[-35.65,65.05],[-35.88,64.08],[-31.49,65.17],[-31.85,65.56],[-31.12,66.08],[-29.07,65.28],[-29.91,65.38],[-28.97,64.72],[-29.86,64.6],[-29.57,64.24],[-30.83,64.33],[-30.48,64.13],[-30.87,64.19],[-30.89,63.21],[-31.59,62.86],[-33.7,62.65],[-33.51,63.26],[-34.54,63.47],[-34,63.4],[-34.27,62.57],[-35.23,62.95],[-35.02,63.28],[-36.11,63.49],[-35.84,62.98],[-37.9,62.54],[-39.13,63.63],[-40.49,63.94],[-39.48,63.52],[-39.25,62.89],[-37.72,62.41],[-39.62,61.68],[-41.18,62.11],[-42.51,61.59],[-44.82,62.76],[-42.61,61.51],[-46.63,60.95],[-46.33,60.61],[-47.56,60.54],[-47.16,60.37],[-49.27,59.37],[-50.19,58.58],[-48.79,57.91],[-49.17,56.48],[-49.76,56.14],[-47.65,55.96],[-44.09,52.96],[-41.74,52.29],[-42.95,50.22],[-42.13,48.3],[-41.66,48.02],[-40.98,48.4],[-40.84,47.83],[-40.7,48.43],[-39.89,48.87],[-40.01,49.59],[-39.45,50.5],[-39.8,51.27],[-37.72,51.46],[-35.99,52.3],[-35.42,53.87],[-36.33,54.8],[-34.32,55.74],[-34.48,56.21],[-33.94,56.57],[-34.55,56.66],[-33.4,57.2],[-33.41,58],[-32.55,58.15],[-30.62,57.16],[-29.68,57.35],[-29.09,56.8],[-29.45,56.57],[-28.95,56.5],[-29.22,56.24],[-28.62,56.15],[-28.99,55.74],[-27.87,55.1],[-27.38,55.27],[-28.11,54.37],[-29.21,54.62],[-28.25,54.29],[-28.69,53.68],[-28.31,53.33],[-29.61,53.19],[-28.14,53.14],[-27.88,52.68],[-29.34,52.14],[-27.72,52.68],[-27.86,52.01],[-26.25,52.64],[-26.28,52.06],[-25.91,52.63],[-25.27,52.62],[-25.51,52.92],[-24.87,52.91],[-25.07,53.33],[-23.86,53.6],[-24.25,53.44],[-23.82,53.37],[-24.11,52.73],[-23.66,52.43],[-24.31,52.39],[-23.57,52.26],[-23.53,51.88],[-24.34,51.62],[-23.42,51.62],[-24.31,51.28],[-23.49,51.31],[-23.8,51.11],[-23.32,50.7],[-23.91,50.69],[-23.16,50.1],[-23.66,49.7],[-24.31,50.01],[-23.67,49.63],[-24.14,49.39],[-23.56,49.28],[-23.82,49.09],[-23.14,48.75],[-23.34,48.51],[-22.94,48.67],[-23.6,47.98],[-22.69,48.16],[-22.96,47.98],[-22.48,47.93],[-23.08,47.61],[-22.23,47.95],[-22.39,47.55],[-21.04,47.02],[-24.42,46.33],[-21.3,46.68],[-21.48,45.94],[-20.34,45.8],[-20.49,45.1],[-20.82,45.17],[-20.52,44.89],[-21.18,44.99],[-20.49,44.69],[-21,44.8],[-20.68,44.36],[-21.99,43.93],[-23.44,44.26],[-23.95,43.62],[-25.14,43.3],[-30.47,44.51],[-31.64,43.78],[-33.34,43.59],[-35.97,42.17],[-30.72,43.45],[-29.11,42.63],[-30.32,42.12],[-31.66,42.4],[-29.94,41.75],[-30.58,41.17],[-35.45,39.72],[-38.99,37.04],[-40.31,37.05],[-44.21,35.8],[-48.99,33.07],[-52.45,31.8],[-58.03,31.39],[-63.9,32.12],[-70.12,30.16],[-70.41,28.04],[-73.76,29.25],[-73.34,33.53],[-75.55,36.35],[-75.01,37.71],[-72.59,40.32],[-72.28,44.91],[-74.1,49.01],[-75.68,56.9],[-79.51,60.65],[-80.17,61.96],[-80.48,66.05],[-78.19,67.26],[-76.72,69.62],[-78.49,71.21],[-81.83,72.61],[-81.21,74.15],[-78.27,75.62],[-78.5,76.32],[-77.1,75.72],[-76.52,76.32],[-73.44,76.4],[-73.04,76.09],[-74.29,75.98],[-66.73,75.74],[-71.87,75.45],[-69.96,75.56],[-71.01,75.11],[-68.93,75.46],[-64.42,75.16],[-65.01,75.39],[-64.2,75.61],[-65.13,74.43],[-64.78,74.07],[-61.77,74.55],[-63.68,73.86],[-60.05,73.63],[-58.2,72.14],[-56.41,71.72],[-55.71,70.99],[-58.34,70.81],[-58.02,70.58],[-53.06,69.63],[-53.24,69.32],[-52.64,69.18],[-53.07,68.83],[-52.45,69.02],[-52.76,68.75],[-52.42,68.58],[-53.19,68.61],[-53.15,67.63],[-53.05,68.12],[-51.88,68.27],[-52.15,68.42],[-51.69,69],[-48.26,69.17],[-51.58,69.56],[-48.18,69.53],[-47.94,69.21],[-48.56,68.97],[-47.86,68.34],[-48.21,68.23],[-47.21,68.32],[-46.88,67.64],[-43.79,66.91],[-43.02,67.51],[-42.18,67.48],[-41.33,66.96],[-42.03,66.78],[-40.97,66.83],[-42.58,66.26],[-42.06,65.77],[-40.97,66.56],[-38.51,66.6],[-38.87,66.66],[-38.25,67.05],[-39.34,66.95],[-37.47,67.21],[-38.85,68.18],[-37.13,68.78],[-37.61,69],[-34.01,69.51],[-34.5,69.35],[-33.87,69.19],[-34.95,68.33],[-34.91,67.51],[-36.76,67.39],[-35.24,66.81]]]}},{"type":"Feature","properties":{},"geometry":{"type":"Polygon","coordinates":[[[-118.08,70.01],[-120.69,69.98],[-121.09,70.17],[-119.21,70.79],[-119.03,71.38],[-121.8,71.64],[-108.18,72.07],[-89.92,71.66],[-86.82,68.48],[-85.8,66.95],[-85.86,66.25],[-92.1,68.2],[-95.55,70.08],[-100.55,70.92],[-109.5,71.28],[-118.08,70.01]]]}},{"type":"Feature","properties":{},"geometry":{"type":"Polygon","coordinates":[[[-93.57,59.31],[-94.34,59.04],[-94.06,59.31],[-94.53,59.39],[-93.66,59.65],[-94.16,59.74],[-94.25,60.28],[-94.65,60.16],[-94.45,59.54],[-95.28,59.57],[-95.11,60.86],[-93.5,62.64],[-94.29,64.35],[-95.39,65.58],[-98.87,66.65],[-97.67,66.63],[-98.88,67.09],[-104.95,67.47],[-106.29,67.3],[-105.93,66.82],[-108.16,66.8],[-115.19,67.54],[-116.12,67.25],[-115.76,67.39],[-118.08,67.46],[-117.6,67.62],[-120.38,68.14],[-119.95,68.34],[-123.44,68.53],[-119.61,68.61],[-118.31,67.88],[-117.36,68.25],[-112.31,67.84],[-108.52,68.43],[-110.4,68.76],[-109.55,69.14],[-111.49,68.93],[-110.78,69.56],[-111.43,69.87],[-104.9,69.95],[-101.15,69.65],[-95.25,68.27],[-92.08,66.85],[-90.55,64.31],[-93.57,59.31]]]}},{"type":"Feature","properties":{},"geometry":{"type":"Polygon","coordinates":[[[-126.91,76.46],[-126.77,76.9],[-127.57,77.14],[-125.85,77.35],[-126.67,77.53],[-125.63,78.42],[-120.35,79.5],[-99.55,77.73],[-96.6,76.64],[-103.13,76.19],[-112.98,76.64],[-126.91,76.46]]]}},{"type":"Feature","properties":{},"geometry":{"type":"Polygon","coordinates":[[[-87.12,50.6],[-86.6,50.68],[-87.1,50.63],[-86.68,51.74],[-86.93,52.36],[-89.2,55.4],[-90.54,56.25],[-90.24,56.49],[-89.46,55.72],[-89.51,56.22],[-90.21,56.5],[-89.35,57.02],[-90.8,56.49],[-91.13,57.2],[-89.98,57.28],[-91.11,57.67],[-90.8,57.89],[-90.69,57.47],[-90.76,57.88],[-89.1,58.33],[-90.17,58.11],[-89.15,58.88],[-90.95,58.08],[-89.95,59.09],[-90.86,59.43],[-91.46,59.1],[-90.2,59.56],[-90.62,59.68],[-90.74,60.07],[-90.14,60.03],[-91.03,61.04],[-90.51,60.97],[-90.88,61.09],[-90.66,61.45],[-90.19,61.06],[-90.54,61.48],[-90.01,61.47],[-90.6,61.7],[-89.93,61.73],[-90.65,61.86],[-89.77,62.16],[-90.94,62.33],[-90.15,63.41],[-90.52,63.51],[-90.97,62.73],[-90.67,64.45],[-91.67,67.48],[-91.4,67.93],[-85.86,66.25],[-85.72,65.67],[-84.99,65.36],[-86.52,63.84],[-85.77,61.39],[-83.74,59.95],[-83.78,56.05],[-84.29,54.5],[-83.9,52.02],[-86.05,48.64],[-87.74,49.23],[-87.12,50.6]]]}},{"type":"Feature","properties":{},"geometry":{"type":"Polygon","coordinates":[[[-84.99,65.36],[-83.78,63.65],[-83.64,60.76],[-84,60.17],[-85.77,61.39],[-86.49,63.46],[-86.33,64.26],[-84.99,65.36]]]}},{"type":"Feature","properties":{},"geometry":{"type":"Polygon","coordinates":[[[-84.33,74.26],[-85.02,72.98],[-84.78,72.71],[-81.3,71.34],[-79.39,69.76],[-80.72,67.39],[-82.95,66.16],[-83.1,65.63],[-82.18,61.43],[-77.76,57.05],[-76.2,50.37],[-82.83,52.04],[-84.09,53.05],[-82.67,56.49],[-82.6,57.78],[-83.66,59.52],[-84.09,62.93],[-86.86,68.57],[-94.07,72.97],[-101.46,75.65],[-98.49,76.09],[-86.03,75.82],[-82.12,76.37],[-81.57,75.75],[-84.33,74.26]]]}},{"type":"Feature","properties":{},"geometry":{"type":"Polygon","coordinates":[[[-94.98,60.94],[-95.29,61.69],[-94.28,61.82],[-94.98,60.94]]]}},{"type":"Feature","properties":{},"geometry":{"type":"Polygon","coordinates":[[[-94.24,61.51],[-94.2,61.87],[-95.32,61.97],[-95.75,62.55],[-95.24,62.69],[-97.31,63.77],[-96.81,64.21],[-97.42,64.39],[-97.59,64.71],[-96.99,64.69],[-97.48,64.93],[-97.01,64.93],[-97.56,65.16],[-96.42,65.18],[-98.13,65.7],[-97.09,65.87],[-98.75,66.02],[-98.48,65.81],[-99.11,65.77],[-98.94,65.51],[-100.25,65.44],[-101,65.75],[-100.59,65.95],[-103.53,66.06],[-104.16,66.52],[-99.47,66.71],[-98.86,66.15],[-98.87,66.65],[-96.02,65.95],[-94.29,64.35],[-93.5,62.64],[-94.24,61.51]]]}},{"type":"Feature","properties":{},"geometry":{"type":"Polygon","coordinates":[[[-84.99,65.36],[-85.72,65.67],[-85.86,66.25],[-85.13,66.02],[-84.99,65.36]]]}},{"type":"Feature","properties":{},"geometry":{"type":"Polygon","coordinates":[[[1.55,57.15],[2.54,56.54],[2.02,56.35],[1.31,56.9],[1.55,57.15]]]}},{"type":"Feature","properties":{},"geometry":{"type":"Polygon","coordinates":[[[2.15,57.25],[2.7,56.82],[1.37,57.18],[2.15,57.25]]]}},{"type":"Feature","properties":{},"geometry":{"type":"Polygon","coordinates":[[[54.92,68.31],[55.55,68],[54.76,67.98],[54.92,68.31]]]}},{"type":"Feature","properties":{},"geometry":{"type":"Polygon","coordinates":[[[-44.97,74.61],[-47.21,74.07],[-44.92,74.06],[-44.28,73.46],[-45.73,73.25],[-42.63,73.28],[-43.03,72.9],[-42.68,72.86],[-44.38,71.94],[-41.05,73.16],[-39.68,72.83],[-39.94,72.28],[-43.02,70.85],[-43.15,70.27],[-41.91,69.45],[-42.47,69.1],[-44.72,69.58],[-45.48,69.03],[-44.09,69.17],[-44.53,68.91],[-44.23,68.76],[-45.76,68.72],[-47.41,69.27],[-46.91,69.37],[-47.97,69.77],[-47.56,70.06],[-50.93,69.98],[-55.08,70.7],[-53.85,71.28],[-56.14,72.16],[-55.72,72.81],[-55,72.81],[-49.97,71.72],[-51.08,72.58],[-54.5,73.32],[-54.44,73.63],[-50.17,73.44],[-53.21,74.32],[-50.42,74.88],[-44.97,74.61]]]}},{"type":"Feature","properties":{},"geometry":{"type":"Polygon","coordinates":[[[38.28,65.84],[39.38,65.75],[38.81,65.08],[39.35,64.45],[41.85,63.42],[39.01,63.23],[38.79,63.51],[39.29,63.59],[38.48,63.95],[37.18,63.77],[36.82,64.27],[37.42,64.33],[37.62,64.9],[37.19,64.9],[37.84,65.01],[36.93,65.1],[38.28,65.84]]]}},{"type":"Feature","properties":{},"geometry":{"type":"Polygon","coordinates":[[[1.5,57.73],[2.36,57.32],[0.89,57.57],[1.5,57.73]]]}},{"type":"Feature","properties":{},"geometry":{"type":"Polygon","coordinates":[[[49.16,67.49],[49.53,67.42],[48.48,67.09],[48.17,67.42],[49.16,67.49]]]}},{"type":"Feature","properties":{},"geometry":{"type":"Polygon","coordinates":[[[-37.52,72.94],[-39.72,72.31],[-39.47,73.11],[-37.52,72.94]]]}},{"type":"Feature","properties":{},"geometry":{"type":"Polygon","coordinates":[[[-21.95,68.36],[-20.38,67.61],[-20.54,66.96],[-22.99,67.4],[-22.62,67.88],[-22.9,68.09],[-21.95,68.36]]]}},{"type":"Feature","properties":{},"geometry":{"type":"Polygon","coordinates":[[[-28.2,59.42],[-30.62,59.45],[-31.47,60.08],[-29.98,60.73],[-27.11,60],[-27.22,60.81],[-24.5,61.39],[-24.16,62.56],[-24.65,62.72],[-24.18,62.89],[-24.74,62.86],[-24.51,63.18],[-25.06,63.53],[-26.24,63.44],[-24.92,63.72],[-25.28,64.2],[-24.82,64.21],[-25.55,64.37],[-24.97,64.63],[-25.73,64.54],[-25.21,64.93],[-25.69,65.07],[-25.45,65.59],[-26.32,65.42],[-25.92,65.26],[-26.38,64.86],[-28.1,65.6],[-28.05,65.1],[-28.22,65.74],[-28.74,65.99],[-28.32,65.43],[-28.8,65.39],[-31.1,66.26],[-31.3,66.59],[-30.77,66.79],[-32.26,66.86],[-32.5,67.28],[-32.12,67.86],[-30.5,67.3],[-31.94,68.14],[-31.15,68.64],[-26.78,69.58],[-24.66,69.09],[-27.63,68.62],[-28.55,68],[-28.62,67.12],[-30.38,67.26],[-28.96,66.87],[-27.81,67.35],[-28.29,67.95],[-27.01,67.73],[-27.06,68.39],[-25.92,68.35],[-26.06,68.72],[-25.42,68.42],[-25.58,68.81],[-22.69,68.51],[-23.43,67.49],[-25.15,66.92],[-23.5,67.23],[-23.73,67.02],[-23.29,66.89],[-23.89,66.68],[-23.37,66.8],[-23.25,66.24],[-23.32,66.85],[-22.51,66.62],[-22.72,67.01],[-21.74,67.06],[-20.61,66.45],[-22.25,65.93],[-20.59,65.95],[-22.23,65.31],[-20.53,65.57],[-21.62,65],[-20.03,65.3],[-19.58,64.73],[-21.27,64.4],[-19.46,64.47],[-21.11,64.14],[-20.42,64.12],[-21.26,63.72],[-19.2,64.2],[-20.16,63.95],[-19.01,64.05],[-18.55,63.62],[-20.34,63.5],[-20.74,63.39],[-19.16,63.37],[-20.65,63.1],[-18.68,63.43],[-18.44,62.95],[-20.77,63.05],[-18.74,62.26],[-20.26,62.72],[-19.74,62.44],[-20.63,62.38],[-19.89,62.4],[-20.36,62.23],[-19.96,62],[-21.06,62.3],[-19.52,61.52],[-20.52,61.56],[-19.56,61.18],[-19.93,60.87],[-19.38,61.03],[-19.84,60.65],[-18.58,60.79],[-19.23,60.57],[-18.59,60.6],[-18.59,60.09],[-19.4,59.9],[-18,59.94],[-18.94,59.59],[-17.47,59.52],[-17.27,59],[-18.65,59],[-18.21,58.54],[-18.94,58.82],[-18.62,58.41],[-19.06,58.26],[-19.42,58.73],[-20.21,57.77],[-20.61,58.17],[-20.28,58.39],[-20.81,58.11],[-20.4,58.45],[-20.99,58.54],[-20.49,58.74],[-20.99,58.88],[-19.68,59.25],[-21.11,59.12],[-20.46,59.46],[-21.06,59.29],[-21.19,59.86],[-22.03,60.1],[-21.6,59.79],[-22.16,59.99],[-21.96,59.41],[-22.81,59.66],[-22.63,59.3],[-23.15,59.04],[-22.37,59.11],[-22.68,58.15],[-22.36,58.42],[-22.45,57.98],[-21.95,58.17],[-22.12,57.75],[-21.63,57.65],[-22.22,57.59],[-21.64,57.11],[-22.08,56.41],[-22.28,57.06],[-22.37,56.11],[-22.8,56.34],[-23.04,55.9],[-22.88,56.27],[-23.69,56.59],[-23.48,56.91],[-23.77,56.54],[-24.26,57.48],[-24.32,57.09],[-25.09,57.65],[-23.82,55.69],[-24.08,55.39],[-27.47,57.44],[-27.73,57.93],[-26.9,57.9],[-27.81,58.39],[-28.01,59.05],[-27.64,59.25],[-28.55,59.1],[-28.2,59.42]]]}},{"type":"Feature","properties":{},"geometry":{"type":"Polygon","coordinates":[[[108.63,79.29],[112.24,78.98],[107.11,78.5],[107.73,78.73],[107.28,79.1],[108.63,79.29]]]}},{"type":"Feature","properties":{},"geometry":{"type":"Polygon","coordinates":[[[-33.62,72],[-32.13,71.44],[-34.78,71.07],[-34.05,70.81],[-34.71,70.51],[-33.97,70.51],[-35.56,69.84],[-37.22,70.01],[-36.79,70.21],[-38.5,69.98],[-37.98,70.48],[-38.01,71.11],[-38.5,71.2],[-38.16,71.75],[-37.11,71.88],[-37.15,71.34],[-36.02,71.28],[-35.18,71.68],[-35.79,72.05],[-33.62,72]]]}},{"type":"Feature","properties":{},"geometry":{"type":"Polygon","coordinates":[[[-29.13,70.98],[-27.65,70.16],[-34.53,69.65],[-31.54,71.04],[-29.13,70.98]]]}},{"type":"Feature","properties":{},"geometry":{"type":"Polygon","coordinates":[[[76.92,74.47],[78.18,74.17],[76.65,74.12],[76.92,74.47]]]}},{"type":"Feature","properties":{},"geometry":{"type":"Polygon","coordinates":[[[-46.22,76.82],[-46.09,76.24],[-46.59,76.2],[-45.72,76.13],[-46.42,76],[-44.48,75.78],[-44.91,75.04],[-52.57,75.06],[-54.78,74.64],[-58.22,74.94],[-57.37,75.92],[-58.32,76.17],[-50.7,76.85],[-49.38,77.43],[-46.22,76.82]]]}},{"type":"Feature","properties":{},"geometry":{"type":"Polygon","coordinates":[[[5.83,59.1],[5.77,58.72],[5.18,58.89],[5.83,59.1]]]}},{"type":"Feature","properties":{},"geometry":{"type":"Polygon","coordinates":[[[108.96,81.21],[115.67,81.46],[112.76,80.99],[107.11,81.32],[108.96,81.21]]]}},{"type":"Feature","properties":{},"geometry":{"type":"Polygon","coordinates":[[[-22.91,71.08],[-24.8,70.34],[-25.56,70.83],[-24.72,71.26],[-22.91,71.08]]]}},{"type":"Feature","properties":{},"geometry":{"type":"Polygon","coordinates":[[[-28.57,76.43],[-30.82,76.57],[-28.07,76.51],[-28.57,76.43]]]}},{"type":"Feature","properties":{},"geometry":{"type":"Polygon","coordinates":[[[96.33,80.5],[100.05,80.36],[100.71,80.43],[98.74,80.87],[102.94,81.05],[106.23,81.07],[105.88,80.93],[106.88,80.57],[100.95,79.29],[95.75,80.03],[96.33,80.5]]]}},{"type":"Feature","properties":{},"geometry":{"type":"Polygon","coordinates":[[[61.19,73.29],[61.89,73.27],[60.87,73.18],[61.19,73.29]]]}},{"type":"Feature","properties":{},"geometry":{"type":"Polygon","coordinates":[[[-21.11,72.35],[-24.45,71.53],[-24.13,71.72],[-25.77,71.52],[-26.68,71.99],[-24.57,72.21],[-26.07,72.79],[-25.76,72.89],[-24.54,72.78],[-24.83,72.58],[-22.85,72.99],[-23.93,72.34],[-22.44,72.81],[-21.63,72.59],[-22.17,72.38],[-21.11,72.35]]]}},{"type":"Feature","properties":{},"geometry":{"type":"Polygon","coordinates":[[[-23.39,74.58],[-26.81,74.15],[-25.41,73.84],[-25.86,73.56],[-28.65,73.4],[-29.93,73.92],[-29.55,74.08],[-33.45,75.06],[-32.81,75.33],[-29.65,74.64],[-31.28,75.31],[-29.81,75.46],[-32.16,75.72],[-31.49,75.92],[-31.88,76.02],[-31.63,76.29],[-29.21,75.78],[-30.15,76.26],[-29.2,76.23],[-28.32,75.76],[-28.71,76.22],[-27.79,76.24],[-27.24,75.81],[-25.83,75.92],[-26.92,75.63],[-26.62,75.27],[-28.74,74.8],[-28.19,74.25],[-25.48,74.86],[-23.39,74.58]]]}},{"type":"Feature","properties":{},"geometry":{"type":"Polygon","coordinates":[[[42.4,70.42],[43.56,70.3],[43.68,69.81],[40.45,68.25],[39.95,67.81],[40.39,67.62],[39.8,67.58],[40.21,67.41],[39.62,67.48],[39.95,67.21],[39.25,67.25],[39.78,66.72],[39,66.69],[39.73,66.47],[38.77,66.45],[39.68,66.29],[38.78,66.3],[39.42,65.86],[37.65,65.69],[38.59,66.16],[36.96,66.05],[37.75,66.33],[37.53,66.57],[38.51,66.55],[37.5,66.65],[38.02,66.99],[37.57,67.14],[38.31,67.24],[37.18,67.58],[38.29,67.92],[38.05,68.26],[39.39,68.81],[39.26,69.09],[41.96,69.8],[41.65,69.91],[42.4,70.42]]]}},{"type":"Feature","properties":{},"geometry":{"type":"Polygon","coordinates":[[[-19.13,71.91],[-18.97,71.46],[-20.36,71.21],[-18.87,70.89],[-19.46,70.83],[-19.17,70.26],[-20.18,70.62],[-20.1,70.32],[-20.66,70.43],[-20.16,70.24],[-20.44,69.97],[-21.21,69.73],[-20.53,69.84],[-20.85,69.62],[-20.11,69.49],[-20.43,69.2],[-17.68,68.61],[-17.53,67.77],[-18.66,67.72],[-18.46,67.43],[-20.42,67.67],[-20.72,67.96],[-20.21,68.3],[-21.38,68.21],[-23.24,69.13],[-22.46,69.32],[-23.79,69.46],[-23.27,69.84],[-24.18,69.89],[-20.33,71.08],[-21.46,71.5],[-20.45,71.71],[-20.5,72.05],[-19.13,71.91]]]}},{"type":"Feature","properties":{},"geometry":{"type":"Polygon","coordinates":[[[-21.8,76.42],[-26.93,76.36],[-27.34,76.42],[-25.06,76.64],[-29.28,76.91],[-29.84,77.05],[-28.32,77.21],[-30.01,77.56],[-27.53,77.64],[-23.06,77],[-22.64,76.72],[-22.93,76.52],[-21.8,76.42]]]}},{"type":"Feature","properties":{},"geometry":{"type":"Polygon","coordinates":[[[54.85,40.82],[53.82,40.52],[54.03,42.97],[51.41,47.18],[52.69,49.7],[52.75,50.97],[49.98,57.76],[50.57,59.01],[51.78,59.95],[56.07,57.96],[60.6,54.15],[64.98,52.28],[68.46,48.18],[73.72,45.72],[81.3,43.02],[73.52,39.34],[65.85,33.8],[60.72,33.91],[55.79,35.86],[54.16,37.29],[55.58,39.07],[54.6,39.58],[54.85,40.82]]]}},{"type":"Feature","properties":{},"geometry":{"type":"Polygon","coordinates":[[[80.74,39.19],[81.98,39.18],[83.52,38.36],[82.45,36.38],[76.14,32.68],[74.89,30.82],[72.16,30.76],[67.47,32.87],[65.44,32.82],[69.75,36.49],[73.69,38.86],[80.74,39.19]]]}},{"type":"Feature","properties":{},"geometry":{"type":"Polygon","coordinates":[[[86.71,41.41],[83.16,40.29],[75.23,40.1],[81.3,43.02],[84.48,41.73],[86.71,41.41]]]}},{"type":"Feature","properties":{},"geometry":{"type":"Polygon","coordinates":[[[90.04,34.17],[95.96,33.39],[94.05,32.61],[88.21,32.44],[81.87,31.15],[74.15,27.92],[74.45,28.85],[79.77,33.32],[81.92,34.53],[90.04,34.17]]]}},{"type":"Feature","properties":{},"geometry":{"type":"Polygon","coordinates":[[[123.18,59.68],[124.37,59.99],[123.87,59.52],[124.7,59.64],[125.16,60.14],[125.3,59.67],[125.08,60.44],[126.35,60.63],[128.78,59.95],[128.11,59.65],[129.55,58.87],[128.96,57.83],[129.73,55.06],[126.12,49.43],[124.84,48.51],[123.31,48.3],[123.11,48.78],[122.57,48.69],[122.23,47.83],[117.65,48.15],[113.62,47.34],[104.16,45.19],[95.3,41.9],[91.68,41.91],[85.73,40.63],[83.52,40.92],[81.44,41.98],[86.78,42.71],[91.16,44.46],[94.62,47.07],[97.99,48.51],[100.02,50.65],[104.2,52.3],[105.9,55.45],[108.06,57.25],[114.93,57.87],[123.18,59.68]]]}},{"type":"Feature","properties":{},"geometry":{"type":"Polygon","coordinates":[[[74.31,72.8],[74.94,72.56],[74.51,72.41],[74.94,71.87],[74.84,72.37],[76.72,72.65],[76.14,72.74],[77.49,73.53],[76.08,73.63],[77.19,73.93],[80.53,73.6],[80.78,73.8],[79.96,73.82],[81.56,74.38],[89.78,74.99],[88.18,75.62],[88.72,75.91],[95.49,76.15],[95.19,76.05],[96.37,75.86],[95.96,75.64],[97.59,75.45],[96.91,75.12],[100.08,74.62],[102.12,74.5],[102.36,74.79],[101.44,75.52],[101.97,75.35],[104.29,74.41],[106.11,72.39],[106.93,72.21],[122.38,71.96],[132.42,70.93],[137.03,69.4],[138.63,67.23],[128.66,65.6],[125.7,62.46],[123.13,60.52],[125.11,60.53],[125.41,59.74],[116.99,58.1],[110.02,57.62],[107.73,55.86],[105.83,52.75],[101.53,51.18],[99.37,49.08],[95.92,47.7],[92.31,45.15],[87.83,43.47],[82.4,42.82],[73.72,45.72],[68.46,48.18],[64.98,52.28],[58.98,55.26],[54.79,58.74],[52.9,61.21],[55.82,61.02],[56.82,62.73],[55.8,63.67],[56.78,64.14],[58.15,63.85],[59.33,62.8],[61.39,62.96],[58.88,63.18],[58.59,63.52],[58.99,63.75],[58.02,64.27],[54.91,63.99],[54.19,64.52],[54.01,65.39],[52.28,65.96],[52.94,66.92],[52.1,67.46],[53.01,67.32],[53.87,66.26],[54.59,66.15],[56.73,66.2],[53.96,66.78],[55.5,67.04],[54.65,67.27],[55.14,67.56],[59.4,67.61],[59.2,67.05],[59.98,66.05],[62.7,65.9],[60.8,66.29],[61.23,66.55],[59.82,67.59],[56.83,67.93],[55.23,68.87],[59.4,70.03],[57.16,70.71],[58.17,70.66],[57.71,71.02],[58.07,71.1],[57.3,71.08],[60.71,72.78],[59.74,72.79],[61.95,72.91],[63.16,73.71],[64.06,73.68],[62.72,73.88],[64.02,74.27],[62.86,74.74],[62.93,75.6],[65.29,75.66],[64.74,75.14],[67.38,75.51],[67.88,75.04],[68.59,75.22],[68.31,75.5],[70.93,76],[74.65,75.74],[75.27,75.42],[73.48,75.46],[76.07,75.17],[76.08,74.45],[75.02,73.77],[75.47,73.85],[75.38,73.08],[73.8,72.72],[74.31,72.8]]]}},{"type":"Feature","properties":{},"geometry":{"type":"Polygon","coordinates":[[[51.62,62.53],[51.54,63.18],[49.41,63.49],[48.89,64.63],[48.22,64.69],[48.7,65.75],[48.2,66.93],[50.86,67.12],[51.38,65.89],[52.68,65.44],[53.97,63.76],[55.33,63.32],[55.56,62.55],[55.15,61.61],[52.89,61.23],[51.62,62.53]]]}},{"type":"Feature","properties":{},"geometry":{"type":"Polygon","coordinates":[[[77.36,14.82],[82.06,15.24],[85.95,14.53],[87.85,13],[90.05,9.64],[84.92,11.94],[77.27,11.69],[74.2,12.29],[70.68,14.06],[67.4,16.87],[66.61,18.28],[72.14,15.49],[77.36,14.82]]]}},{"type":"Feature","properties":{},"geometry":{"type":"Polygon","coordinates":[[[66.9,-39.63],[67.22,-39.23],[66.42,-38.73],[66.82,-39.47],[65.51,-38.44],[66.44,-39.2],[66.38,-39.82],[64.08,-40.5],[64.1,-40.03],[63.43,-40.42],[63.48,-39.72],[61.75,-40.12],[61.59,-40.74],[60.47,-41.14],[54.02,-41.88],[53.72,-42.27],[50.87,-41.97],[49.07,-43.98],[47.18,-44.9],[46.04,-46.13],[45.37,-45.82],[44.22,-46.19],[44.42,-46.6],[43.35,-46.18],[41.43,-46.42],[41.11,-45.81],[44.54,-37.28],[47.52,-33.24],[48.32,-33.12],[47.78,-32.83],[48.38,-32.51],[48.07,-32.22],[47.07,-32.95],[45.53,-32.52],[45.24,-30.21],[46.45,-30.76],[47.09,-30.54],[45.85,-29.97],[45.64,-29.04],[46.28,-28.92],[45.68,-28.88],[45.94,-28.59],[45.28,-28.12],[45.93,-27.46],[45.34,-26.94],[45.86,-26.26],[45.1,-26.01],[48.02,-23.46],[50.58,-22.38],[56.47,-21],[58.22,-21.34],[58.88,-22.08],[58.72,-23.67],[60.02,-27.73],[63.04,-31.68],[65.13,-32.97],[73.52,-35.84],[74.64,-36.7],[66.9,-39.63]]]}},{"type":"Feature","properties":{},"geometry":{"type":"Polygon","coordinates":[[[67.95,23],[70.1,21.92],[71.59,21.72],[72.63,21.88],[73.38,22.83],[78.97,24.49],[85.12,23.43],[89.48,21.59],[90.62,19.29],[90.96,16.84],[88.34,19.7],[86.11,20.72],[82.88,20.87],[78.09,20.05],[72.68,20.23],[66.27,22.58],[65.19,22.49],[64.02,24.28],[65.89,24.23],[67.95,23]]]}},{"type":"Feature","properties":{},"geometry":{"type":"Polygon","coordinates":[[[94.09,25.53],[94.01,25.1],[92.18,27.03],[90.1,27.52],[81.59,27.41],[87.3,29.57],[91.89,30.12],[95.79,31.3],[94.79,29.3],[94.09,25.53]]]}},{"type":"Feature","properties":{},"geometry":{"type":"Polygon","coordinates":[[[81.98,39.18],[91.42,41.51],[95.01,41.46],[85.8,37.41],[82.45,36.38],[83.52,38.36],[81.98,39.18]]]}},{"type":"Feature","properties":{},"geometry":{"type":"Polygon","coordinates":[[[38,34.42],[36.41,35.21],[39.63,35.24],[43.14,34.46],[44.86,34.01],[46.3,32.94],[45.5,32.82],[45.27,30.9],[42.78,33.37],[38,34.42]]]}},{"type":"Feature","properties":{},"geometry":{"type":"Polygon","coordinates":[[[46.26,30.14],[48.11,29.53],[50.2,30.15],[48.34,29.41],[46.26,30.14]]]}},{"type":"Feature","properties":{},"geometry":{"type":"Polygon","coordinates":[[[50.22,30.07],[49.81,32.12],[49.02,32.3],[49.02,32.77],[49.44,32.71],[48.4,33.31],[53.62,31.38],[50.22,30.07]]]}},{"type":"Feature","properties":{},"geometry":{"type":"Polygon","coordinates":[[[52.89,61.23],[54.79,58.74],[51.78,59.95],[52.47,61.73],[52.89,61.23]]]}},{"type":"Feature","properties":{},"geometry":{"type":"Polygon","coordinates":[[[48.45,33.81],[47.88,34.73],[47.96,35.71],[46.57,35.96],[45.36,37.26],[46.52,37.34],[45.86,37.57],[46.26,38.16],[47.62,38.36],[47.01,39.79],[45.77,39.77],[44.5,38.86],[44.07,39.01],[43.84,38.13],[43.62,38.43],[43.58,38.06],[42.9,38.03],[42.25,36.87],[43.29,36.33],[43.21,35.43],[44.86,34.01],[39.63,35.24],[44.62,39.95],[51.12,42.54],[51.74,44.15],[51.41,47.18],[54.03,42.97],[53.6,39.94],[52.61,39.55],[52.38,38.48],[52.79,37.47],[53.76,37.73],[55.79,35.86],[59.7,34.12],[66.39,33.9],[64.12,31.68],[55.54,30.52],[48.4,33.31],[48.45,33.81]]]}},{"type":"Feature","properties":{},"geometry":{"type":"Polygon","coordinates":[[[47.01,3.57],[46.41,3.81],[45.08,3.29],[44.15,3.61],[42.27,5.1],[41.47,7.49],[40.98,7.39],[40.67,7.96],[40.43,7.5],[39.59,7.68],[39.72,7.13],[39.27,7.03],[39.98,5.12],[40.99,3.99],[40.75,3.37],[41.25,2],[41.63,3.22],[42.14,3.09],[41.67,1.51],[42.18,1.1],[44.42,1.08],[46.59,2.98],[46.49,1.11],[48.34,-0.05],[49.15,-1.48],[47.83,-3.12],[47.19,-3.23],[47.06,-4.47],[46.09,-4.59],[45.54,-5.4],[44.65,-5.4],[44.17,-6.16],[41.64,-6.43],[41.28,-7.21],[37.66,-8.24],[34.62,-8.42],[33.89,-8.9],[32.45,-8.65],[32.03,-6],[32.44,-4.55],[31.27,-1.25],[30.1,0.41],[30.03,3.19],[29.25,3.96],[28.2,8.01],[27.65,8.19],[30.48,13.59],[31.2,16.22],[33.27,17.13],[36.3,17.19],[44.67,6.93],[45.6,5.13],[47.07,4.86],[47.01,3.57]]]}},{"type":"Feature","properties":{},"geometry":{"type":"Polygon","coordinates":[[[54.96,-7.28],[54.61,-10.56],[53.04,-11.58],[45.8,-10.77],[43.68,-11.14],[43.75,-8.04],[45.17,-6.26],[46.87,-6.74],[49.52,-5.18],[51.08,-5.02],[54.97,-6.19],[54.96,-7.28]]]}},{"type":"Feature","properties":{},"geometry":{"type":"Polygon","coordinates":[[[72.72,20.44],[61.81,23.77],[63.77,27.2],[70.05,22.42],[73.21,22.48],[72.72,20.44]]]}},{"type":"Feature","properties":{},"geometry":{"type":"Polygon","coordinates":[[[61.51,15.75],[61.11,16.11],[62.08,18.01],[63.94,19.86],[64.68,19.94],[72.36,14.74],[66.52,15],[63.89,14.53],[61.51,15.75]]]}},{"type":"Feature","properties":{},"geometry":{"type":"Polygon","coordinates":[[[44.71,27.7],[45.21,27.11],[48.64,26.92],[51.05,22.76],[55,21.32],[55.19,20.43],[53.66,20.05],[51.93,21.26],[38.75,26.45],[38.54,27.31],[39.22,28.75],[42.57,29.22],[44.71,27.7]]]}},{"type":"Feature","properties":{},"geometry":{"type":"Polygon","coordinates":[[[179.99,79.09],[179.99,72.71],[176.46,73.15],[174.45,72.81],[173.66,72.15],[173.12,72.78],[171.46,71.93],[169.28,71.86],[169.07,71.5],[169.55,71.25],[169.16,71.19],[169.56,71.02],[169.01,71.1],[169.35,70.92],[168.57,70.45],[168.5,69.84],[170.69,69.74],[170.16,69.3],[170.53,68.76],[171.77,68.25],[169.98,67.99],[169.89,67.28],[170.83,66.7],[168.25,65.85],[168.72,64.95],[166.68,64.49],[167.24,63.81],[165.55,62.28],[164.89,62.93],[165.39,65.33],[161.53,68.93],[163.88,69.82],[166.54,72.23],[168.85,72.81],[168.23,72.93],[168.75,73.3],[168.17,73.4],[168.44,73.65],[167.98,74.23],[179.99,79.09]]]}},{"type":"Feature","properties":{},"geometry":{"type":"Polygon","coordinates":[[[-179.99,72.71],[-179.99,79.09],[-178.28,79.69],[-165.9,79.05],[-165.52,78.29],[-167.77,77.89],[-167.3,77.99],[-174.65,77.84],[-170,78.01],[-168.17,77.5],[-168.37,77.75],[-164.85,76.12],[-165.61,75.65],[-169.47,75.8],[-175.48,74.76],[-179.99,72.71]]]}},{"type":"Feature","properties":{},"geometry":{"type":"Polygon","coordinates":[[[166.62,73.79],[167.3,73.53],[165.78,73.4],[163.4,72.1],[166.62,73.79]]]}},{"type":"Feature","properties":{},"geometry":{"type":"Polygon","coordinates":[[[179.99,82.26],[179.99,79.2],[169.47,79.18],[155.51,80.11],[167.6,81.44],[174.13,80.76],[176.4,81.19],[173.27,81.6],[173.82,81.81],[172.55,82.13],[179.99,82.26]]]}},{"type":"Feature","properties":{},"geometry":{"type":"Polygon","coordinates":[[[-179.99,79.2],[-179.99,82.26],[-173.17,82.47],[-163.33,81.93],[-161.09,78.5],[-173.94,79.35],[-179.99,79.2]]]}},{"type":"Feature","properties":{},"geometry":{"type":"Polygon","coordinates":[[[179.99,79.78],[179.99,79.09],[171.63,75.48],[166.26,74.34],[166.62,73.79],[163.44,72.2],[162.22,72.6],[162.63,72.97],[162.26,73.34],[161.58,72.99],[160.36,73.65],[148.48,76],[146.37,76.82],[145.5,78.22],[147.61,80.27],[163.34,79.49],[179.99,79.78]]]}},{"type":"Feature","properties":{},"geometry":{"type":"Polygon","coordinates":[[[-179.99,79.09],[-179.99,79.78],[-178.28,79.69],[-179.99,79.09]]]}},{"type":"Feature","properties":{},"geometry":{"type":"Polygon","coordinates":[[[103.16,75.79],[103.42,76.19],[105.99,75.87],[107.24,76.38],[110.6,76.37],[109.95,76.71],[112.4,76.97],[110.51,77.23],[111.04,77.56],[109.45,77.47],[111.21,78.08],[109.88,78.25],[122.65,79.03],[124.58,78.85],[123.57,78.54],[130.5,78.28],[137.25,79.15],[141.59,79.08],[143.26,78.73],[143.23,78.32],[145.32,78.23],[141.18,76.27],[140.63,74.86],[143.31,73.3],[150.64,71.11],[151.4,70.4],[147.8,70.11],[145.11,68.08],[145.48,67.81],[145.17,67.61],[146.76,67.5],[142.01,66.74],[141.56,66.97],[143.02,67.23],[140.58,67.27],[139,69.56],[134.41,71.11],[124.3,72.17],[108.66,72.47],[107.83,72.65],[106.03,74.67],[103.16,75.79]]]}},{"type":"Feature","properties":{},"geometry":{"type":"Polygon","coordinates":[[[121.56,47.17],[120.51,46.1],[120.64,45.13],[118.72,43.39],[119.99,42.86],[121.73,41.01],[118.78,40.05],[118.25,40.73],[119.13,40.99],[118.49,41.74],[117.31,41.76],[117.17,41.36],[116.33,41.69],[117.09,42.4],[116.59,42.49],[116.71,43.22],[115.47,43.45],[112.56,41.66],[113.16,42.46],[112.47,42.32],[112.57,42.76],[113.18,43.56],[112.54,43.95],[111.73,43.67],[110.23,41.74],[109.06,41.51],[109.13,40.75],[110.38,40.75],[110.95,39.82],[112.41,40.73],[114.54,40.63],[114.49,40.12],[112.25,39.02],[111.64,37.61],[112.86,37.21],[110.56,33.87],[105.68,34.65],[98.8,34.17],[85.8,37.41],[95.9,41.81],[103.87,44.64],[117.26,47.47],[121.56,47.17]]]}},{"type":"Feature","properties":{},"geometry":{"type":"Polygon","coordinates":[[[118.14,43.96],[118.94,42.65],[117.56,41.75],[117.83,41.5],[117.52,41.67],[117.67,41.21],[117.35,41.46],[117.01,40.74],[116.19,41.33],[116.24,42.28],[115.79,42.3],[118.14,43.96]]]}},{"type":"Feature","properties":{},"geometry":{"type":"Polygon","coordinates":[[[111.2,38.1],[112.86,36.88],[114.39,36.53],[112.76,36.06],[114.88,35.89],[113.78,34.61],[115.74,35.06],[115.33,34.4],[115.78,34.76],[115.97,34.48],[115.49,34.25],[116.21,33.52],[115.44,32.82],[115.75,31.36],[115.16,31.27],[115.75,31.06],[115.54,30.69],[116.03,30.04],[115.57,30.12],[115.54,28.91],[114.95,28.7],[115.22,28.44],[114.19,27],[114.4,26.55],[113.14,25.52],[112.9,25.73],[112.76,25.01],[111.55,25.39],[112.13,24.64],[111.78,24.35],[111.43,24.67],[111.71,24.07],[111.13,24.04],[111.27,23.7],[109.59,22.59],[110.14,21.51],[109.25,21.85],[109.23,22.48],[108.76,22.56],[108.56,22.07],[107.69,22.25],[107.15,20.95],[106.49,20.68],[106.82,20.43],[106.52,19.49],[98.74,21.88],[97.9,22.67],[96.87,24.95],[97.19,27.55],[98.66,31.15],[100.45,32.26],[104.42,33.58],[110.31,34.33],[111.2,38.1]]]}},{"type":"Feature","properties":{},"geometry":{"type":"Polygon","coordinates":[[[103.58,18.9],[103.89,17.89],[104.47,17.6],[109.05,17.26],[111.25,15.66],[111.8,14.41],[110.68,12.26],[111.12,11.46],[110.54,9.62],[109.6,10.85],[108.29,10.27],[107.8,10.72],[107.68,10.23],[106.38,10.91],[104.79,10.1],[104.32,10.81],[103.68,10.49],[101.59,13.11],[100.49,16.17],[96.04,19],[103.58,18.9]]]}},{"type":"Feature","properties":{},"geometry":{"type":"Polygon","coordinates":[[[102.76,9.88],[104.61,7.04],[105.53,6.43],[105.87,6.95],[108.28,6.26],[109.57,6.82],[113.03,4.5],[110.69,4.31],[107.25,5.58],[105.95,5.47],[105.8,5.06],[102.38,8.2],[100.17,8.73],[98.76,9.58],[99.09,9.66],[97.53,9.4],[93.8,11.38],[91.69,13.01],[90.03,15.4],[92.81,16.79],[97.15,15.48],[98.32,14.84],[100.04,12.06],[102.76,9.88]]]}},{"type":"Feature","properties":{},"geometry":{"type":"Polygon","coordinates":[[[108.63,6.85],[110.73,7.11],[112.25,6.01],[114,5.76],[113.62,5.09],[112.16,4.63],[108.63,6.85]]]}},{"type":"Feature","properties":{},"geometry":{"type":"Polygon","coordinates":[[[31.33,-3.22],[34.51,-6.29],[34.55,-6.79],[33.7,-7.23],[34.32,-7.15],[35.42,-8.36],[40.51,-7.49],[41.86,-6.82],[42.34,-6.96],[42.11,-8.38],[42.5,-8.36],[41.99,-8.49],[41.93,-9.39],[39.05,-14.39],[37.03,-16.4],[32.74,-19.45],[32.09,-20.55],[30.73,-21.38],[29.56,-23.27],[29.05,-25],[29.81,-25.64],[29.42,-26.92],[29.81,-28.6],[30.81,-29.35],[30.46,-29.98],[30.6,-33.91],[29.57,-35.06],[26.55,-36.09],[23.39,-38.11],[23.92,-33.57],[23.13,-27.28],[25.23,-25.73],[25.25,-23.47],[26.82,-18.09],[26.77,-14.68],[27.46,-12.95],[28.75,-12.94],[29.09,-11.32],[32.4,-7.87],[31.33,-3.22]]]}},{"type":"Feature","properties":{},"geometry":{"type":"Polygon","coordinates":[[[23.26,-37.98],[22.99,-38.77],[23.83,-40.52],[23.41,-42.44],[19.28,-43.85],[19.46,-44.3],[19.88,-44.04],[18.6,-46.35],[14.79,-48.69],[10.92,-50.18],[8.3,-50.54],[4.5,-49.83],[0.97,-50.06],[-0.17,-49.04],[-0.67,-49.23],[-0.75,-47.61],[-0.08,-47.47],[0.16,-46.59],[-0.45,-43.78],[-1.53,-41.71],[-0.77,-36.71],[-2.28,-31.66],[-1.67,-29.75],[-0.13,-27.61],[1.64,-26.35],[1.93,-25.24],[1.52,-23.51],[2.11,-22.91],[1.52,-20.48],[2.3,-20.42],[1.56,-20.17],[1.43,-18.87],[-0.24,-16.23],[-0.73,-14.32],[-0.13,-14.26],[0.17,-13.48],[0.71,-13.78],[0.17,-13.32],[1.45,-10.98],[1.44,-9.94],[0.91,-9.97],[0.22,-8.86],[-0.95,-9.05],[-2.4,-8.47],[0.69,-7.15],[1.21,-6.02],[3.73,-5.11],[10.57,-7.54],[13.3,-6.87],[18.6,-6.46],[23.86,-14.04],[20.47,-18.25],[19.76,-21.48],[20.09,-23.45],[23.74,-27.31],[24.23,-33.62],[23.26,-37.98]]]}},{"type":"Feature","properties":{},"geometry":{"type":"Polygon","coordinates":[[[-9.16,20.32],[-9.01,21.34],[-8.12,22.28],[-5.5,23.04],[-4.1,24.48],[-3.54,24.41],[-3.08,23.48],[-1.74,23.39],[-1.01,22.79],[2.25,23.41],[7.85,22.25],[9.59,22.33],[-0.08,20.26],[-5.56,20.91],[-9.16,20.32]]]}},{"type":"Feature","properties":{},"geometry":{"type":"Polygon","coordinates":[[[4.9,31.14],[4.87,30.34],[2.4,29.53],[1.35,28.43],[1.68,27.63],[-0.78,26.01],[-2.78,26.35],[-3.99,25.84],[-4.56,26.67],[-4.18,26.95],[-4.5,26.74],[-4.79,27.3],[-6.74,27.38],[-6.09,28.68],[-6.58,29.04],[-6,29.38],[-6.76,29.19],[-5.5,30.95],[-5.15,33.49],[-3.91,33.78],[-0.05,32.59],[1.28,32.64],[4.9,31.14]]]}},{"type":"Feature","properties":{},"geometry":{"type":"Polygon","coordinates":[[[-2.4,-8.47],[-2.79,-6.94],[-3.63,-6.25],[-6.09,-5.85],[-9.88,-6.29],[-11.56,-5.27],[-15.29,-5.08],[-15.83,-4.68],[-19.04,-0.72],[-19.36,2.06],[-20.64,3.95],[-19.99,4.41],[-20.93,4.47],[-20.92,5.05],[-21.48,5.36],[-21.08,5.38],[-21.42,5.51],[-21.09,6.34],[-20.03,6],[-20.93,6.17],[-21.43,7.81],[-20.19,8.46],[-19.09,10.19],[-19.01,11.89],[-18.43,12.58],[-18.66,13.77],[-19.04,13.44],[-18.57,14.34],[-12.93,18.92],[-11.54,18.87],[-9.16,20.32],[-6.4,20.84],[-0.08,20.26],[9.63,22.24],[9.84,21.64],[10.5,21.87],[9.78,21.07],[10.12,20.03],[8.96,19.32],[8.02,17.6],[6.18,10.84],[5.53,6.56],[5.57,3.02],[7.59,-1.77],[4.37,-3.62],[3.73,-5.11],[1.21,-6.02],[0.69,-7.15],[-2.4,-8.47]]]}},{"type":"Feature","properties":{},"geometry":{"type":"Polygon","coordinates":[[[27.47,11.52],[27.46,10.6],[29.63,5.26],[29.52,4.29],[30.85,2.27],[30.63,0.69],[18.6,-6.46],[13.3,-6.87],[10.57,-7.54],[3.73,-5.11],[4.37,-3.62],[7.59,-1.77],[5.57,3.02],[5.53,6.56],[7.57,16.24],[8.92,18.88],[10.5,17.48],[12.88,16.5],[13.13,15.44],[15.68,13.78],[16.75,14.15],[17.05,15.46],[18.81,15.89],[19.83,14.93],[21.22,14.5],[21.33,14.03],[24.57,12.83],[25.81,13.36],[26.89,13.16],[27.47,11.52]]]}},{"type":"Feature","properties":{},"geometry":{"type":"Polygon","coordinates":[[[30.88,17.57],[29.69,18.08],[27.96,17.87],[26.53,19.29],[26.25,18.85],[25.5,18.9],[24.85,19.98],[23.93,20.1],[24.81,20.17],[23.94,20.43],[24.37,21.34],[23.82,21.88],[26.93,22.4],[27.83,22.15],[28.74,21.05],[30.14,21.21],[33.77,20.35],[36.08,18.05],[33.05,18.29],[30.88,17.57]]]}},{"type":"Feature","properties":{},"geometry":{"type":"Polygon","coordinates":[[[23.71,-26.96],[23.29,-27.41],[19.48,-23.68],[19.07,-21.72],[19.65,-18.48],[22.88,-14.15],[27.62,-13.08],[26.93,-14.81],[26.98,-18.22],[25.41,-23.6],[25.39,-25.86],[23.71,-26.96]]]}},{"type":"Feature","properties":{},"geometry":{"type":"Polygon","coordinates":[[[29.02,10.54],[28.09,9.18],[26.55,13.2],[27.78,12.55],[29.14,12.99],[30.85,15.58],[31.29,17.53],[31.1,15.65],[29.02,10.54]]]}},{"type":"Feature","properties":{},"geometry":{"type":"Polygon","coordinates":[[[30.63,0.69],[30.81,-0.07],[31.76,-0.86],[32.6,-3.88],[32.86,-3.55],[33.76,-8.23],[30.32,-11.57],[29.93,-13.17],[27.19,-13.26],[23.86,-14.04],[19.26,-7.37],[18.99,-6.25],[30.63,0.69]]]}},{"type":"Feature","properties":{},"geometry":{"type":"Polygon","coordinates":[[[27.39,31.68],[27.25,32.07],[29.1,32.09],[30.86,33.15],[32.33,33.35],[33.67,32.62],[37.11,32.63],[38.34,33.6],[38,34.42],[41.71,33.77],[43.45,32.75],[39.92,32.86],[36.73,31.7],[32.58,32.4],[27.39,31.68]]]}},{"type":"Feature","properties":{},"geometry":{"type":"Polygon","coordinates":[[[32.28,36.28],[31.12,35.56],[30.58,35.71],[32.28,36.28]]]}},{"type":"Feature","properties":{},"geometry":{"type":"Polygon","coordinates":[[[36.13,35.3],[33.31,36.55],[34.53,37.48],[34.04,38.14],[34.82,38.18],[35.26,38.84],[31.78,37.31],[31.88,37.74],[31.82,36.99],[32.36,36.56],[33.32,36.74],[33.13,36.4],[30.72,35.79],[30.36,36.6],[29.7,36.44],[30.74,37.07],[28.96,37.3],[28.71,37.55],[29.51,37.52],[29.09,37.87],[27.18,36.69],[27.27,35.72],[26.71,35.56],[24.38,37.02],[22.43,39.44],[16.89,42.96],[13.94,44.21],[16.77,45.12],[17.31,44.64],[18.06,44.96],[17.68,44.54],[18.48,45.04],[18.08,45.26],[18.92,46.1],[18.55,45.32],[19.11,45.31],[18.77,46.93],[19.22,47.96],[19.92,48.2],[20.84,47.45],[21.43,47.77],[21.42,48.86],[20.75,48.84],[20.46,49.7],[25.59,50.67],[24.29,51.07],[24.28,51.5],[19.91,50.25],[19.92,50.78],[18.64,50.98],[18.75,51.94],[18.12,53.15],[20.37,55.31],[20.95,55.36],[20.59,56.13],[18.14,56.13],[18.5,55.94],[17.73,55.19],[18.25,54.81],[17.64,54.13],[15.85,53.03],[15.41,53.41],[15.76,52.92],[15.28,52.71],[15.32,50.92],[16.92,50.05],[16.07,49.7],[16.49,49.45],[16.07,49.11],[15.87,49.43],[15.77,49.03],[14.75,48.85],[15.36,48.71],[14.85,48.71],[15.31,48.4],[15.06,46.89],[14.67,46.27],[13.45,46.12],[13.37,45.54],[12.25,45.51],[11.91,46.42],[12.29,46.71],[11.25,47.83],[11.39,48.46],[10.85,48.45],[10.4,50],[9.98,49.83],[10.06,49.13],[9.46,49.2],[8.48,48.18],[7.55,48.03],[6.45,48.59],[6.37,49.09],[6.93,48.89],[7.21,49.11],[6.61,49.12],[7.17,49.61],[6.08,49.55],[7.54,50.54],[6.51,50.03],[6.5,50.44],[6.04,50.42],[6.52,50.78],[6.13,50.59],[5.87,50.86],[6.36,50.92],[5.95,51.11],[7.55,50.92],[7.99,51.29],[6.09,51.15],[6.39,51.42],[5.91,51.79],[7.31,51.93],[5.98,52.24],[6.9,52.11],[6.62,52.27],[7.21,52.51],[7.59,52.16],[6.86,52.63],[8.28,52.75],[7.4,52.78],[7.63,53.07],[8.59,52.73],[8.08,53.09],[8.69,52.89],[8.29,53.19],[9.44,53.73],[9.55,53.4],[10.34,53.57],[10.66,54.21],[9.74,53.58],[9.29,53.79],[11.73,55.44],[11.03,55.33],[11.59,55.59],[11.47,56.04],[11.88,55.96],[11.49,56.21],[12.54,56.48],[11.72,56.31],[12.1,56.44],[11.65,56.66],[12.2,56.75],[11.79,56.85],[12.36,56.95],[11.99,57.09],[13.4,57.28],[12.54,57.42],[13.58,57.56],[12.81,58],[13.6,58.1],[13.14,58.23],[13.61,58.46],[14.05,58.02],[13.74,58.52],[14.96,58.66],[13.92,58.71],[14.76,58.9],[14.44,58.98],[14.84,58.98],[14.57,59.22],[14.97,59.71],[15.98,59.5],[15.59,60.02],[16,60.1],[16.02,59.71],[16.4,60.26],[16.23,59.56],[17,60.35],[17.68,60.11],[17.11,60.66],[18.54,60.4],[18.29,60.62],[19.22,61.09],[19.09,61.45],[19.98,61.38],[19.56,60.53],[20.39,61.48],[20.54,60.89],[21.2,61.39],[20.82,61.6],[21.46,61.71],[21.44,61.03],[22.04,61.53],[23.65,61.12],[22,60.82],[22.82,60.68],[22.79,60.35],[24.5,60.77],[25.29,60.61],[24.59,60.57],[24.76,60.26],[25.67,60.31],[25.47,59.94],[27.37,60.25],[31.62,59.15],[32.12,58.3],[30.53,57.36],[25.2,57.98],[26.76,57.38],[26.29,57.18],[27.74,56.93],[27.48,56.39],[28.09,55.57],[30.31,55.04],[30.6,55.62],[29.35,55.89],[29.43,56.33],[30.69,56.15],[30.51,55.87],[32.42,56],[31.55,56.74],[32.08,57.45],[33.02,58.09],[34.68,57.63],[34.54,58.66],[33.84,58.94],[33.94,59.75],[32.86,60.28],[35.47,60.01],[35.72,59.73],[34.59,59.08],[35.64,58.69],[36.81,58.91],[36.68,59.61],[37.55,59.75],[37.07,60],[39.65,60.76],[39.41,61],[40.36,61.51],[40.86,61.59],[40.2,61.42],[40.73,60.97],[40.27,60.64],[40.98,60.58],[41.68,61.26],[44,62.04],[45.03,61.55],[44.93,61.89],[45.82,62.12],[44.55,62.73],[44.83,63.09],[47.66,63.13],[51.92,62.4],[52.47,61.73],[52.34,61.13],[49.98,57.76],[52.75,50.97],[52.69,49.7],[51.49,47.79],[51.44,42.97],[50.11,41.83],[44.62,39.95],[39.63,35.24],[36.13,35.3]]]}},{"type":"Feature","properties":{},"geometry":{"type":"Polygon","coordinates":[[[8.9,45.19],[8.41,45.62],[8.51,46.82],[10.42,47.83],[10.08,46.79],[10.71,46.53],[9.59,45.78],[9.79,45.01],[8.9,45.19]]]}},{"type":"Feature","properties":{},"geometry":{"type":"Polygon","coordinates":[[[25.41,29.28],[25.45,30.27],[24.67,30.14],[24.73,30.67],[28,31.65],[27.39,31.68],[32.58,32.4],[35.46,31.8],[31.46,31.06],[30.19,30.32],[28.73,30.91],[27.74,30.74],[25.41,29.28]]]}},{"type":"Feature","properties":{},"geometry":{"type":"Polygon","coordinates":[[[20.05,23.43],[20.24,22.01],[19.95,22.25],[19.49,21.83],[20.53,21.02],[20.51,20.51],[19.66,20.83],[19.96,20.28],[19.33,20.54],[19.44,19.84],[18.81,19.68],[18.72,20.11],[18.31,20],[18.11,21.2],[18.81,21.45],[19.89,21.03],[18.2,21.59],[18.02,22.16],[18.39,22.27],[17.28,23.95],[17.91,25.24],[15.52,27.57],[15.17,29.34],[14.85,29.68],[14.32,29.21],[14.39,30.26],[13.47,30.26],[12.96,29.01],[13.7,28.1],[13.69,27.24],[14.36,26.24],[15.18,26.01],[14.89,25.61],[16.55,23.8],[16.26,23.59],[15.35,24.43],[14.83,23.88],[15.15,22.96],[13.71,22.23],[14.34,23.05],[14.23,24.3],[11.32,27.53],[11.12,29.24],[10.19,29.99],[9.06,29.65],[8.68,30.22],[8.97,31.86],[12.73,32.67],[17.64,31.98],[16.36,30.15],[18.64,26.73],[20.05,23.43]]]}},{"type":"Feature","properties":{},"geometry":{"type":"Polygon","coordinates":[[[8.23,33.85],[6.96,33.08],[5.15,33.61],[4.25,32.73],[0.31,33.68],[0.67,35.6],[1.15,35.12],[0.58,35.78],[0.7,36.38],[-0.62,37.75],[-2.02,37.94],[-2.33,38.2],[-1.85,38.44],[-2.33,38.69],[0.56,38.73],[0.1,39.83],[1.53,39.34],[2.32,39.91],[4.57,38.94],[6.79,38.81],[10.78,41.38],[13.67,42.15],[18.21,41.99],[20.82,40.2],[18.06,39.65],[15.9,38.48],[11.18,37.87],[8.85,37.09],[7.23,35.91],[7.63,34.28],[8.23,33.85]]]}},{"type":"Feature","properties":{},"geometry":{"type":"Polygon","coordinates":[[[2.32,39.91],[3.15,40.24],[3.09,40.93],[5.3,41.4],[4.64,41.58],[5.64,41.76],[5.12,42.01],[5.71,43.01],[6.05,42.38],[6.44,43.36],[7.75,43.29],[7.65,43.65],[8.28,43.78],[8.8,43.43],[8.93,43.96],[9.89,43.62],[8.85,44.37],[9.23,44.55],[8.6,44.81],[8.9,45.19],[9.79,45.01],[10.12,44.4],[10.93,44.49],[10.66,43.99],[12.06,44.61],[13.79,43.75],[13.94,44.21],[14.75,43.94],[18.21,41.99],[12.35,41.92],[6.79,38.81],[4.57,38.94],[2.32,39.91]]]}},{"type":"Feature","properties":{},"geometry":{"type":"Polygon","coordinates":[[[26.65,35.35],[26.52,34.36],[25.95,33.89],[21.88,33.7],[21.13,34.62],[21.29,35.32],[23.88,36.17],[24.38,37.02],[26.65,35.35]]]}},{"type":"Feature","properties":{},"geometry":{"type":"Polygon","coordinates":[[[-19.98,74.02],[-21.41,73.82],[-19.4,74.2],[-19.98,74.02]]]}},{"type":"Feature","properties":{},"geometry":{"type":"Polygon","coordinates":[[[-16.92,72.15],[-16.47,71.8],[-17.43,71.65],[-18.01,72.11],[-16.92,72.15]]]}},{"type":"Feature","properties":{},"geometry":{"type":"Polygon","coordinates":[[[-18.76,75.15],[-22.12,75.44],[-19.91,75.78],[-18.76,75.15]]]}},{"type":"Feature","properties":{},"geometry":{"type":"Polygon","coordinates":[[[15.71,68.56],[16.63,67.95],[14.81,67.73],[15.04,68.2],[14.57,68.39],[15.71,68.56]]]}},{"type":"Feature","properties":{},"geometry":{"type":"Polygon","coordinates":[[[14.71,68.87],[15.18,68.56],[14.07,68.73],[14.71,68.87]]]}},{"type":"Feature","properties":{},"geometry":{"type":"Polygon","coordinates":[[[-16.29,75.33],[-17.92,75.07],[-17.82,75.43],[-18.5,75.82],[-16.29,75.33]]]}},{"type":"Feature","properties":{},"geometry":{"type":"Polygon","coordinates":[[[-14.44,72.75],[-15.96,72.15],[-17.3,72.49],[-15.38,72.98],[-14.32,73.02],[-14.44,72.75]]]}},{"type":"Feature","properties":{},"geometry":{"type":"Polygon","coordinates":[[[-13.29,74.2],[-14.9,73.85],[-14.01,73.77],[-15.32,73.2],[-18.05,73.04],[-16.63,73.76],[-17.34,74.07],[-15.5,73.96],[-14.72,74.17],[-15.53,74.29],[-14.33,74.48],[-13.29,74.2]]]}},{"type":"Feature","properties":{},"geometry":{"type":"Polygon","coordinates":[[[57.11,76.55],[61.7,76.11],[59.66,75.11],[57.11,76.55]]]}},{"type":"Feature","properties":{},"geometry":{"type":"Polygon","coordinates":[[[11.5,70.22],[12.51,69.92],[12.43,69.55],[12.68,69.82],[14.7,69.04],[13.42,68.69],[13.1,67.71],[11.29,69.84],[11.5,70.22]]]}},{"type":"Feature","properties":{},"geometry":{"type":"Polygon","coordinates":[[[13.1,67.71],[12.88,66.83],[12.42,66.74],[11.9,67.03],[12.44,67.18],[10.87,67.65],[12.19,67.6],[11.3,67.79],[12.51,68.11],[10.85,67.84],[10.58,68.17],[12.35,68.54],[13.1,67.71]]]}},{"type":"Feature","properties":{},"geometry":{"type":"Polygon","coordinates":[[[12.02,68.89],[11.49,68.61],[11.34,68.99],[10.9,68.81],[11.16,68.51],[10.21,68.31],[9.82,68.59],[10.27,68.65],[9.18,69.05],[9.81,69.01],[9.54,69.39],[9.08,69.2],[8.73,69.61],[10.28,69.99],[9.62,69.67],[10.57,69.39],[10.75,69.92],[12.02,68.89]]]}},{"type":"Feature","properties":{},"geometry":{"type":"Polygon","coordinates":[[[49.61,75.67],[51.22,75.55],[49.15,75.55],[49.61,75.67]]]}},{"type":"Feature","properties":{},"geometry":{"type":"Polygon","coordinates":[[[52,76.38],[53.68,75.98],[52.97,76.46],[54.62,76.49],[57.2,75.73],[51.49,75.43],[51.86,75.8],[51.04,76.06],[52,76.38]]]}},{"type":"Feature","properties":{},"geometry":{"type":"Polygon","coordinates":[[[31.67,72.43],[32.12,72.18],[31.22,72.31],[31.67,72.43]]]}},{"type":"Feature","properties":{},"geometry":{"type":"Polygon","coordinates":[[[29.84,72.19],[30.33,72.1],[29.44,71.99],[29.84,72.19]]]}},{"type":"Feature","properties":{},"geometry":{"type":"Polygon","coordinates":[[[32.01,72.63],[32.86,72.59],[31.53,72.52],[32.01,72.63]]]}},{"type":"Feature","properties":{},"geometry":{"type":"Polygon","coordinates":[[[14.69,70.74],[17.09,70.34],[15.63,69.56],[12.19,70.31],[13.14,70.37],[13.02,70.72],[14.54,70.27],[14.69,70.74]]]}},{"type":"Feature","properties":{},"geometry":{"type":"Polygon","coordinates":[[[26.44,72.23],[27.22,72.13],[25.39,71.84],[26.44,72.23]]]}},{"type":"Feature","properties":{},"geometry":{"type":"Polygon","coordinates":[[[33.39,73.26],[33.7,72.78],[32.26,73.01],[33.39,73.26]]]}},{"type":"Feature","properties":{},"geometry":{"type":"Polygon","coordinates":[[[27.87,72.52],[28.6,72.39],[27.57,71.87],[27.99,71.71],[27.71,71.57],[26.64,71.67],[27.87,72.52]]]}},{"type":"Feature","properties":{},"geometry":{"type":"Polygon","coordinates":[[[32.42,73.42],[32.73,73.23],[32.12,73.21],[32.42,73.42]]]}},{"type":"Feature","properties":{},"geometry":{"type":"Polygon","coordinates":[[[34.03,73.77],[34.73,73.36],[33.66,73.25],[34.03,73.77]]]}},{"type":"Feature","properties":{},"geometry":{"type":"Polygon","coordinates":[[[45.86,76.36],[46.42,76.37],[45.55,76.25],[45.86,76.36]]]}},{"type":"Feature","properties":{},"geometry":{"type":"Polygon","coordinates":[[[47.99,76.92],[51.8,76.43],[50.73,75.85],[48.84,75.74],[49.26,75.95],[47.64,76.41],[47.9,76.87],[47.53,76.85],[47.99,76.92]]]}},{"type":"Feature","properties":{},"geometry":{"type":"Polygon","coordinates":[[[-5.17,72.9],[-8.38,71.82],[-7.34,71.74],[-9.86,71.37],[-9.22,71.12],[-9.97,70.84],[-12.41,71.04],[-11.55,71.28],[-14.11,71.04],[-13.09,71.45],[-14.24,71.16],[-13.97,71.38],[-14.82,71.66],[-13.72,71.72],[-14,72.04],[-12.98,72.37],[-11.5,71.82],[-11.82,72.17],[-11.12,72.19],[-12.21,72.62],[-10.73,72.59],[-11.17,72.85],[-10.53,73.04],[-9.67,73.12],[-9.78,72.7],[-9.15,72.7],[-9.56,72.88],[-9.03,73.16],[-8.11,73.11],[-8.01,72.74],[-7.27,73.09],[-5.17,72.9]]]}},{"type":"Feature","properties":{},"geometry":{"type":"Polygon","coordinates":[[[29.83,73.34],[30.62,73.34],[29.51,73.13],[29.83,73.34]]]}},{"type":"Feature","properties":{},"geometry":{"type":"Polygon","coordinates":[[[1.4,67.79],[0.8,67.23],[0.91,67.9],[1.4,67.79]]]}},{"type":"Feature","properties":{},"geometry":{"type":"Polygon","coordinates":[[[3.43,70.53],[3.15,70.33],[3.61,70.06],[2.4,70.15],[3.85,69.89],[3.02,69.12],[1.12,69.17],[-0.01,69.76],[-0.34,69.56],[0.12,69.32],[-1.71,69.51],[0.7,69.09],[-3.82,69.03],[-4.39,69.36],[-4.73,69.27],[-4.16,69.02],[-5.24,68.96],[-5.65,69.45],[-6.14,69.1],[-7.99,69.76],[-7.29,69.12],[-8.28,69.65],[-8.04,69.31],[-8.97,69.52],[-8.3,68.95],[-10.39,68.96],[-10.36,68.65],[-11.5,69.05],[-12.77,68.73],[-14.27,69.4],[-13.44,68.81],[-14.16,68.49],[-13.48,68.49],[-14.82,68.2],[-16.54,68.53],[-15.79,68.63],[-16.07,68.94],[-15.73,69.14],[-16.63,69.01],[-16.16,69.27],[-17.64,69.37],[-17.94,70.02],[-18.62,70.11],[-17.8,70.35],[-18.76,70.23],[-17.83,70.58],[-16.02,70.17],[-14.73,70.8],[-14.25,70.46],[-15.15,70.14],[-15.03,69.82],[-12.4,69.83],[-14.57,70],[-12.43,70.41],[-13.79,70.79],[-13.04,70.92],[-10.98,70.72],[-11.17,70.08],[-9.79,70.17],[-10.6,70.7],[-7.43,71.52],[-7.01,71.11],[-8.13,70.3],[-7.64,70.2],[-7.95,70.49],[-6.68,71.02],[-4.89,70.36],[-5.19,70.66],[-3.78,70.27],[-4.24,70.64],[-2.28,70.57],[-5.29,70.82],[-6.05,71.08],[-4.99,71.01],[-5.71,71.18],[-5.23,71.23],[-6.68,71.53],[-4.09,71.23],[-6.67,71.79],[-6.1,72.18],[-4.17,71.61],[-5.84,72.25],[-3.98,72.04],[-4.82,72.44],[-3.73,72.52],[-4.46,72.63],[-4.15,72.74],[-2.16,72.32],[-2.69,72.09],[-2.18,72.15],[-2.39,71.79],[-1.69,72.2],[-0.63,72.05],[-1.65,71.65],[-0.9,71.67],[-1.71,71.06],[-0.58,71.72],[0.84,71.71],[0.57,71.46],[1.7,71.32],[0.54,70.94],[1.91,71.3],[2.48,70.98],[1.87,70.63],[3.43,70.53]]]}},{"type":"Feature","properties":{},"geometry":{"type":"Polygon","coordinates":[[[-19.74,52.6],[-18.8,52.99],[-19.57,52.95],[-19.08,53.39],[-19.43,53.5],[-17.9,53.51],[-19.36,53.53],[-19.2,53.95],[-19.56,53.98],[-18.4,54.03],[-19.53,54.29],[-16.99,54.49],[-19.53,54.36],[-19.1,54.46],[-19.29,54.75],[-18.49,54.58],[-19.09,54.84],[-18.16,54.81],[-19.06,55.34],[-16.77,54.81],[-18.91,55.44],[-17.82,55.73],[-16.35,55.08],[-16.97,55.46],[-16.15,55.4],[-16.85,55.47],[-16.59,55.66],[-18.59,55.68],[-17.79,56.06],[-17.22,55.81],[-17.81,56.21],[-16.09,55.47],[-16.68,55.92],[-16.07,56.1],[-17.75,56.36],[-16.14,56.21],[-15.74,56.71],[-15.35,56.42],[-15.18,56.8],[-15.72,56.78],[-14.54,57.38],[-15.72,57.72],[-16.47,58.62],[-14.47,57.7],[-14.74,58.03],[-14.18,58.25],[-14.66,58.54],[-14.09,58.38],[-14.74,58.67],[-14.18,58.72],[-14.86,58.75],[-13.93,58.85],[-14.87,59.04],[-13.88,59.1],[-14.75,59.33],[-14.18,59.5],[-14.62,59.63],[-15.34,59.2],[-16.2,59.47],[-15.21,59.79],[-15.74,59.94],[-15.02,60.12],[-15.3,60.34],[-14.35,60.51],[-14.68,60.9],[-14.04,61.04],[-14.24,61.43],[-13.6,61.96],[-14.35,62],[-13.44,62.06],[-13.5,63.24],[-12.89,63.51],[-14.2,64.75],[-15.61,64.78],[-15.35,65.02],[-15.86,65.19],[-16.23,64.85],[-16.84,65.31],[-16.85,65.71],[-15.64,65.67],[-16.5,66.44],[-14.02,65.84],[-13.44,66.08],[-14.85,66.42],[-15.08,66.67],[-14.57,66.64],[-15.01,66.82],[-14.54,66.84],[-15.11,66.96],[-15.01,67.5],[-10.45,67.18],[-7.94,67.72],[-9.34,67.94],[-8.9,68.19],[-6.17,68.26],[-6.68,67.92],[-3.97,68.51],[-3.5,68.31],[-3.77,67.68],[-3.41,68.46],[-1.36,68.26],[-2.58,67.58],[-1.51,67.87],[-1.32,67.26],[-0.18,68.08],[0.47,66.95],[1.24,67.38],[1.83,67.16],[1.66,67.87],[2.97,67.22],[2.08,67.86],[2.58,67.84],[2.29,68.15],[3.1,68.1],[3.62,67.36],[4.6,67.6],[4.21,67.77],[4.47,67.96],[5.77,67.88],[7.87,67.15],[4.52,67.16],[7.87,67.01],[7.31,66.67],[8.55,66.31],[4.19,66.12],[7.05,65.87],[5.99,65.44],[8.17,65.81],[6.14,64.51],[9.86,65.36],[11.13,64.87],[9.26,64.18],[7.25,64.34],[9.07,63.99],[7.1,63.9],[7.07,63.5],[8.31,63.65],[5.41,62.03],[5.07,61.42],[5.73,61.86],[6.27,61.53],[5.37,61.41],[6.4,61.06],[6.15,60.52],[4.72,60.99],[5.28,60.79],[4.2,60.72],[4.49,60.18],[5.26,60.13],[4.2,59.97],[5.27,59.58],[4.9,59.04],[3.69,59.61],[4.45,59.09],[3.52,59.23],[4.35,59.01],[3.94,58.66],[4.92,58.36],[3.42,58.67],[4.23,58.15],[3.1,58.4],[3.09,57.73],[3.35,58.12],[4.01,57.84],[3.82,57.52],[2.63,57.39],[1.97,57.9],[2.89,57.74],[1.72,57.81],[1.29,58.3],[1.59,57.8],[-0.17,57.67],[1.17,57.38],[-0.15,57.38],[1.19,56.99],[0.19,56.84],[0.76,56.76],[0.43,56.43],[1.11,56.74],[2.02,56.07],[1.56,55.85],[2.27,55.87],[1.8,55.64],[2.27,55.53],[1.76,55.23],[2.13,55.21],[1.88,54.59],[1.59,55.06],[0.94,54.72],[0.62,55.69],[-1.25,56.76],[-0.7,56.27],[-1.39,56.21],[0.17,55.74],[-1.3,55.78],[-2.37,55.23],[-0.77,54.89],[-2.17,54.83],[-1.54,54.59],[-0.14,54.84],[1.54,54.32],[-1.52,53.25],[-4.47,53.09],[-5.17,53.8],[-5.2,53.08],[-7.53,51.88],[-8.24,52.1],[-8.22,51.77],[-9.3,51.95],[-9.44,51.61],[-9.77,51.82],[-9.13,52.13],[-9.51,52.35],[-10.13,51.63],[-12.25,51.53],[-12.17,50.72],[-12.97,50.78],[-12.42,50.52],[-12.59,50.09],[-13.15,50.39],[-12.79,50.02],[-13.62,50.09],[-13.47,49.67],[-14,49.77],[-13.72,49.51],[-14.8,49.58],[-14.31,49.09],[-14.81,49.34],[-14.47,48.72],[-15.11,48.61],[-14.7,48.45],[-15.33,48.48],[-14.91,48.28],[-15.57,48.26],[-15.27,47.94],[-15.92,48.12],[-15.32,47.92],[-15.99,47.83],[-15.65,47.47],[-16.55,47.74],[-16.07,47.05],[-16.6,47.49],[-17.48,47.37],[-16.77,47.72],[-17.49,47.42],[-16.79,47.91],[-17.83,47.97],[-17.15,48.17],[-17.9,48.17],[-16.97,48.43],[-17.7,48.3],[-17.3,48.65],[-19.26,48.57],[-18.77,49],[-19.52,49.26],[-18.88,49.24],[-19.58,49.44],[-19.05,49.4],[-19.4,49.57],[-18.97,49.75],[-19.53,49.72],[-18.99,49.85],[-19.63,49.93],[-19.19,50.11],[-19.75,50.49],[-19.01,50.91],[-19.62,50.76],[-19.14,51.13],[-19.78,51.41],[-19.11,51.29],[-19.8,51.53],[-19.18,51.6],[-19.85,51.82],[-18.87,52.11],[-19.68,52.3],[-18.47,52.28],[-18.65,52.58],[-18.16,52.09],[-18.19,52.63],[-18.53,53.14],[-18.58,52.63],[-19.74,52.6]]]}}]}
