{"type":"FeatureCollection","features":[{"type":"Feature","properties":{},"geometry":{"type":"Polygon","coordinates":[[[17.12,-79.57],[21.74,-79.81],[22.56,-80.34],[20.53,-80.5],[16.29,-79.81],[17.12,-79.57]]]}},{"type":"Feature","properties":{},"geometry":{"type":"Polygon","coordinates":[[[39.53,-79.4],[37.69,-79.43],[38.54,-79.29],[38.03,-79.02],[41.23,-79.32],[39.53,-79.4]]]}},{"type":"Feature","properties":{},"geometry":{"type":"Polygon","coordinates":[[[-28.94,-69.29],[-25.87,-69.25],[-25.81,-69.64],[-27.57,-70.17],[-28.79,-69.79],[-28.94,-69.29]]]}},{"type":"Feature","properties":{},"geometry":{"type":"Polygon","coordinates":[[[3.39,-82.92],[2.43,-82.83],[4.32,-82.89],[3.39,-82.92]]]}},{"type":"Feature","properties":{},"geometry":{"type":"Polygon","coordinates":[[[-35.55,-82.19],[-35.96,-82.17],[-34.03,-82.36],[-35.55,-82.19]]]}},{"type":"Feature","properties":{},"geometry":{"type":"Polygon","coordinates":[[[-43.67,-78.43],[-42.73,-78.79],[-44.64,-78.4],[-43.67,-78.43]]]}},{"type":"Feature","properties":{},"geometry":{"type":"Polygon","coordinates":[[[-44.92,-80.17],[-45.05,-79.56],[-44.55,-79.08],[-40.98,-79.86],[-44.92,-80.17]]]}},{"type":"Feature","properties":{},"geometry":{"type":"Polygon","coordinates":[[[-47.09,-81.19],[-43.26,-80.84],[-44.45,-80.59],[-42.84,-80.37],[-41.37,-80.6],[-44.6,-81.24],[-43.65,-81.36],[-47.09,-81.19]]]}},{"type":"Feature","properties":{},"geometry":{"type":"Polygon","coordinates":[[[-38.55,-66.96],[-36.45,-67.22],[-37.8,-67.43],[-38.55,-66.96]]]}},{"type":"Feature","properties":{},"geometry":{"type":"Polygon","coordinates":[[[-43.37,-70.79],[-42.96,-70.92],[-43.88,-70.87],[-43.37,-70.79]]]}},{"type":"Feature","properties":{},"geometry":{"type":"Polygon","coordinates":[[[-39.66,-67.48],[-38.94,-67.94],[-39.67,-67.97],[-40.04,-67.63],[-39.66,-67.48]]]}},{"type":"Feature","properties":{},"geometry":{"type":"Polygon","coordinates":[[[-49.76,-72.93],[-48.26,-72.76],[-49.42,-72.51],[-48.89,-72.25],[-48.23,-72.65],[-48.18,-72.19],[-46.63,-72.48],[-48.27,-73.61],[-50.35,-74.1],[-50.5,-73.52],[-49.11,-73.11],[-50.42,-72.99],[-49.76,-72.93]]]}},{"type":"Feature","properties":{},"geometry":{"type":"Polygon","coordinates":[[[-42.59,-65.38],[-42.53,-65.83],[-43.09,-65.93],[-42.59,-65.38]]]}},{"type":"Feature","properties":{},"geometry":{"type":"Polygon","coordinates":[[[-45.13,-65.04],[-44.17,-65.26],[-45.47,-65.46],[-45.13,-65.04]]]}},{"type":"Feature","properties":{},"geometry":{"type":"Polygon","coordinates":[[[-43.94,-63.31],[-38,-64.51],[-36.68,-65.48],[-38.33,-66.13],[-38.55,-65.86],[-37.94,-65.47],[-39.62,-65.44],[-40.01,-65.58],[-39.41,-65.72],[-40.04,-65.93],[-39.31,-66.2],[-41.69,-66.37],[-40.89,-66.22],[-41.76,-65.99],[-40.53,-65.85],[-41.45,-65.84],[-40.61,-65.38],[-41.46,-65.48],[-40.45,-64.77],[-41.94,-64.64],[-41.49,-64.13],[-43.16,-64.38],[-44.53,-64.04],[-43.94,-63.31]]]}},{"type":"Feature","properties":{},"geometry":{"type":"Polygon","coordinates":[[[-46.19,-61.14],[-44.93,-62.16],[-45.71,-62.1],[-46.19,-61.14]]]}},{"type":"Feature","properties":{},"geometry":{"type":"Polygon","coordinates":[[[67.76,-63.54],[66.94,-64.38],[66.08,-64.07],[67.76,-63.54]]]}},{"type":"Feature","properties":{},"geometry":{"type":"Polygon","coordinates":[[[-46.76,-58.16],[-46.07,-58.24],[-46.24,-58.7],[-46.81,-58.75],[-46.76,-58.16]]]}},{"type":"Feature","properties":{},"geometry":{"type":"Polygon","coordinates":[[[-43.85,-56.26],[-42.89,-56.57],[-43.43,-56.84],[-43.96,-56.64],[-43.85,-56.26]]]}},{"type":"Feature","properties":{},"geometry":{"type":"Polygon","coordinates":[[[-29.73,-69.29],[-29.85,-70.01],[-28.49,-70.23],[-29.72,-70.54],[-22.69,-70.62],[-21.74,-70.52],[-23.17,-70.37],[-21.81,-70.19],[-18.73,-70.45],[-15.59,-71.47],[-6.86,-71.15],[-5.76,-72.19],[-5.59,-73.25],[-8.9,-74.63],[-13.38,-74.72],[-20.59,-73.75],[-27.15,-72.25],[-29.86,-72.19],[-31.91,-71.42],[-31.32,-71.21],[-31.22,-70.31],[-31.85,-69.58],[-29.73,-69.29]]]}},{"type":"Feature","properties":{},"geometry":{"type":"Polygon","coordinates":[[[-44.14,-55.65],[-43.44,-55.81],[-44.19,-56.25],[-43.65,-57.1],[-44.5,-57.32],[-44.71,-58.64],[-44.14,-58.65],[-43.99,-59.15],[-42.97,-58.66],[-42.75,-58.98],[-43.91,-59.48],[-43.07,-59.79],[-44.41,-59.63],[-43.5,-60.2],[-44.04,-60.56],[-43.68,-61.15],[-41.68,-61.82],[-40.93,-61.65],[-41.25,-61.32],[-40.78,-61.11],[-40.97,-61.49],[-40.4,-61.72],[-35.57,-62.44],[-34.55,-62.79],[-34.73,-63.2],[-34.06,-62.92],[-33.4,-63.19],[-33.63,-63.45],[-32.4,-63.66],[-32.16,-63.3],[-30.42,-64.57],[-29.94,-64.41],[-29.24,-65.27],[-29.42,-65.74],[-28.93,-65.47],[-28.61,-67.44],[-26.1,-67.34],[-25.96,-68.72],[-29.59,-68.78],[-29.73,-69.29],[-36.58,-70.1],[-39.21,-69.36],[-38.25,-69.19],[-38.33,-68.82],[-39.99,-68.34],[-37.86,-68.2],[-37.53,-67.7],[-36.76,-67.92],[-35.49,-65.09],[-37.04,-64.35],[-42.33,-63.32],[-41.68,-62.87],[-41.88,-62.51],[-42.62,-62.57],[-44.18,-61.4],[-44.68,-61.74],[-45.4,-61.36],[-44.44,-61.26],[-45.47,-60.82],[-44.95,-60.62],[-45.69,-60.22],[-45.2,-59.78],[-45.66,-59.63],[-45.35,-59.17],[-46.08,-58.88],[-45.47,-58.76],[-45.85,-58.18],[-45.18,-57.94],[-45.54,-57.32],[-44.14,-55.65]]]}},{"type":"Feature","properties":{},"geometry":{"type":"Polygon","coordinates":[[[-12.44,-67.32],[-12.62,-66.3],[-11.9,-65.07],[-11.62,-63.13],[-10.76,-62.53],[-9.96,-62.7],[-11.02,-61.66],[-13.69,-61.94],[-14.54,-61],[-13.71,-60.04],[-13.53,-58.96],[-12.32,-58.02],[-12.28,-56.77],[-11.01,-55.33],[-8.48,-53.86],[-8.29,-53.13],[-9.15,-52.7],[-8.32,-52.95],[-8.25,-52.11],[-7,-52.85],[-6.52,-52.64],[-6.97,-51.86],[-6.65,-51.64],[-6.05,-51.58],[-5.88,-52.28],[-4.44,-51.96],[-4.85,-51.83],[-4.69,-50.99],[-3.96,-52.11],[-3.4,-51.87],[-3.01,-52.22],[-1.48,-50.89],[1.01,-50.42],[9.11,-50.73],[14.64,-50.28],[14.85,-49.38],[15.32,-49.26],[17.39,-51.02],[19.19,-49.73],[22.71,-49],[23.71,-49.49],[24.33,-49.29],[23.9,-48.91],[24.52,-48.83],[24.6,-49.32],[25.27,-49.37],[25.31,-48.59],[26.53,-48.35],[28.6,-48.85],[29.26,-49.64],[28.53,-49.72],[29.8,-50.68],[35.57,-52.64],[35.02,-53.51],[34.29,-53.57],[34.8,-53.69],[34.12,-53.71],[34.45,-53.96],[33.78,-53.8],[33.4,-54.05],[33.63,-54.38],[32.7,-54.57],[33.2,-54.8],[32.88,-55.22],[33.4,-56.13],[35.94,-55.1],[37.24,-55.41],[40.5,-54.72],[44.43,-54.88],[49.23,-56.04],[52.41,-57.54],[53.36,-57.72],[53.99,-57.13],[54.99,-57.45],[54.42,-57.76],[54.98,-57.85],[54.75,-58.1],[56.41,-58.31],[57.38,-59.05],[58.45,-60.7],[62.74,-61.02],[62.84,-61.74],[62.43,-61.92],[63.5,-62.32],[63.46,-63.22],[65.81,-64.07],[65.27,-64.29],[69.79,-65.25],[69.97,-65.86],[69.46,-66.27],[70.29,-66.7],[72.51,-66.08],[74.98,-67.71],[77.39,-67.36],[76.08,-67.91],[76.41,-68.28],[76.1,-68.56],[78.77,-70.55],[78.58,-70.89],[79.59,-71.08],[79.57,-71.64],[81.72,-72.08],[78.83,-72.09],[79.34,-72.34],[79.07,-72.84],[80.22,-73.27],[78.12,-73.34],[80.36,-74.32],[79.16,-74.63],[82.05,-75.26],[80.17,-75.9],[80.95,-76.04],[80.54,-76.6],[81.61,-76.61],[80.83,-76.8],[81.3,-76.92],[80.73,-77.2],[81.29,-77.34],[77.86,-78.33],[78.53,-78.49],[77.6,-78.6],[78.67,-78.61],[77.63,-78.66],[78.67,-78.85],[77.02,-79.24],[78.05,-79.19],[78.24,-79.78],[77.74,-79.98],[78.53,-80.25],[72.72,-81.48],[75.23,-81.46],[71.61,-81.73],[61.22,-81.04],[61.52,-80.93],[60.51,-80.84],[61.82,-80.75],[57.61,-79.83],[58.14,-79.77],[55.01,-79.84],[55.95,-79.58],[54.05,-79.4],[56.4,-79.36],[54.38,-79.04],[51.2,-79.51],[50.44,-79.45],[51.55,-79.02],[39.55,-78.66],[37.65,-78.21],[36.86,-78.42],[37.91,-78.71],[34.11,-78.69],[35.9,-78.21],[34.64,-77.71],[35.3,-77.45],[34.97,-77.28],[22.6,-76.03],[23.14,-75.73],[21.31,-76.06],[17.71,-75.54],[11.52,-75.48],[9.87,-74.32],[11.33,-75.61],[6.41,-75.33],[4.44,-74.63],[0.32,-74.75],[-2.25,-74.29],[-2.9,-74.4],[0.55,-75.69],[-0.43,-77.34],[-6.56,-76.9],[-4.89,-75.64],[-6.03,-74.15],[-5.74,-73.65],[-10.99,-72.54],[-10.22,-70.63],[-12.44,-67.32]]]}},{"type":"Feature","properties":{},"geometry":{"type":"Polygon","coordinates":[[[10.13,-77.06],[11,-78.03],[10.03,-78.48],[3.31,-78.89],[15.96,-80.79],[16.43,-80.98],[15.5,-81.16],[15.82,-81.43],[18.02,-81.31],[17.72,-81.49],[18.18,-81.99],[19.33,-82.3],[9.47,-82.35],[5.38,-81.85],[-0.2,-82.13],[-0.81,-82.42],[-0.36,-82.52],[-2.28,-82.71],[4.56,-83.22],[1.68,-83.5],[-2.77,-83],[-3.41,-83.09],[-2.26,-83.44],[-29.7,-83.17],[-31.01,-82.87],[-29.11,-82.69],[-36.82,-81.07],[-36.52,-80.83],[-40.77,-79],[-42.45,-78.81],[-41.11,-78.57],[-42,-78.24],[-41.57,-77.94],[-44.68,-77.78],[-39.93,-77.41],[-43.09,-77.05],[-40.41,-76.37],[-41.4,-75.98],[-38.44,-75.84],[-40.77,-75.36],[-40.32,-74.87],[-38.33,-74.64],[-38.75,-74.22],[-44.7,-74.5],[-44.17,-73.98],[-45.05,-73.81],[-46.05,-74.04],[-45.44,-74.57],[-47.73,-74.57],[-45.58,-73.77],[-45.97,-73.14],[-44.01,-72.69],[-44.21,-72.21],[-45,-72.14],[-43.78,-72.02],[-42.75,-71.3],[-42.96,-70.82],[-44.17,-70.56],[-42.71,-70.59],[-41.37,-70.19],[-41.96,-69.81],[-39.21,-69.36],[-29.86,-72.19],[-27.15,-72.25],[-19.27,-73.98],[-13.38,-74.72],[-8.65,-74.65],[1.2,-76.98],[10.13,-77.06]]]}},{"type":"Feature","properties":{},"geometry":{"type":"Polygon","coordinates":[[[-43.11,-55.1],[-42.65,-55.1],[-43.56,-55.57],[-43.11,-55.1]]]}},{"type":"Feature","properties":{},"geometry":{"type":"Polygon","coordinates":[[[-44.77,-55.2],[-44.43,-55.2],[-45.29,-55.68],[-44.77,-55.2]]]}},{"type":"Feature","properties":{},"geometry":{"type":"Polygon","coordinates":[[[-30.48,-53.93],[-31,-54.12],[-29.8,-54.64],[-31.9,-54.27],[-30.48,-53.93]]]}},{"type":"Feature","properties":{},"geometry":{"type":"Polygon","coordinates":[[[-30.1,-53.89],[-29.03,-54.04],[-30.05,-54.2],[-30.1,-53.89]]]}},{"type":"Feature","properties":{},"geometry":{"type":"Polygon","coordinates":[[[-34.02,-53.13],[-33.8,-53.61],[-34.3,-53.37],[-34.02,-53.13]]]}},{"type":"Feature","properties":{},"geometry":{"type":"Polygon","coordinates":[[[-32.7,-52.73],[-32.53,-53.42],[-33.02,-53.13],[-32.7,-52.73]]]}},{"type":"Feature","properties":{},"geometry":{"type":"Polygon","coordinates":[[[-35.25,-52.75],[-34.25,-53.1],[-35.42,-53.35],[-35.74,-53.07],[-35.25,-52.75]]]}},{"type":"Feature","properties":{},"geometry":{"type":"Polygon","coordinates":[[[-34.51,-51.96],[-33.76,-52.04],[-34.87,-52.4],[-34.58,-52.86],[-35.56,-52.54],[-34.94,-52.64],[-35.32,-52.21],[-34.51,-51.96]]]}},{"type":"Feature","properties":{},"geometry":{"type":"Polygon","coordinates":[[[-33.51,-53.66],[-32.09,-53.68],[-33,-53.32],[-31.03,-53.52],[-32.35,-52.98],[-31.67,-52.44],[-32.72,-52.53],[-32.46,-52.07],[-32.82,-51.94],[-31.9,-51.55],[-31.07,-51.69],[-30.57,-52.13],[-30.86,-52.28],[-29.49,-53],[-27.27,-53.42],[-28.53,-53.92],[-34,-53.79],[-33.51,-53.66]]]}},{"type":"Feature","properties":{},"geometry":{"type":"Polygon","coordinates":[[[-22.41,-49.71],[-23.2,-50.61],[-23.91,-50.5],[-22.94,-50.15],[-23.62,-49.8],[-22.41,-49.71]]]}},{"type":"Feature","properties":{},"geometry":{"type":"Polygon","coordinates":[[[-21.92,-49.63],[-20.75,-49.94],[-22.43,-50.64],[-21.92,-49.63]]]}},{"type":"Feature","properties":{},"geometry":{"type":"Polygon","coordinates":[[[-37.32,-50.22],[-37.01,-50.58],[-37.59,-50.52],[-37.32,-50.22]]]}},{"type":"Feature","properties":{},"geometry":{"type":"Polygon","coordinates":[[[43,-87.74],[41.22,-87.69],[43.49,-87.53],[40.59,-87.42],[45.71,-87.45],[43,-87.74]]]}},{"type":"Feature","properties":{},"geometry":{"type":"Polygon","coordinates":[[[-38.08,-49.57],[-37.57,-49.68],[-38.08,-50],[-38.08,-49.57]]]}},{"type":"Feature","properties":{},"geometry":{"type":"Polygon","coordinates":[[[-37.65,-48.97],[-37.89,-49.46],[-38.42,-48.89],[-37.82,-48.92],[-37.79,-48.2],[-37.44,-49.58],[-37.65,-48.97]]]}},{"type":"Feature","properties":{},"geometry":{"type":"Polygon","coordinates":[[[-37.88,-47.67],[-37.63,-48.22],[-38.08,-48.14],[-37.88,-47.67]]]}},{"type":"Feature","properties":{},"geometry":{"type":"Polygon","coordinates":[[[-129.21,-87.05],[-123.89,-87.44],[-135.92,-87.62],[-129.21,-87.05]]]}},{"type":"Feature","properties":{},"geometry":{"type":"Polygon","coordinates":[[[-37.48,-44.48],[-37.33,-44.75],[-37.86,-44.68],[-37.48,-44.48]]]}},{"type":"Feature","properties":{},"geometry":{"type":"Polygon","coordinates":[[[-36.78,-43.79],[-36.46,-43.93],[-36.99,-44.36],[-36.78,-43.79]]]}},{"type":"Feature","properties":{},"geometry":{"type":"Polygon","coordinates":[[[-38.04,-41.29],[-37.42,-41.73],[-37.84,-42.04],[-37.45,-42.35],[-37.75,-42.93],[-38.35,-42.77],[-38.04,-41.29]]]}},{"type":"Feature","properties":{},"geometry":{"type":"Polygon","coordinates":[[[-121.82,-89.41],[-114.33,-89.61],[-124.81,-89.41],[-121.82,-89.41]]]}},{"type":"Feature","properties":{},"geometry":{"type":"Polygon","coordinates":[[[57.85,-84.46],[60.42,-84.21],[51.32,-84.08],[52.82,-83.85],[51.67,-83.47],[53.93,-83.6],[54.94,-83.37],[53.79,-83.31],[56.25,-83.03],[62.1,-82.64],[59.93,-82.93],[61.4,-82.95],[72.07,-81.81],[71.74,-82.16],[72.88,-82.2],[72.09,-82.3],[72.54,-82.43],[71.77,-82.98],[72.36,-83.14],[71.87,-83.19],[74.07,-83.39],[72.34,-83.77],[74.32,-83.4],[80.75,-84.26],[68.13,-84.91],[67.12,-84.9],[70.34,-84.73],[55.86,-84.72],[60.52,-84.4],[57.85,-84.46]]]}},{"type":"Feature","properties":{},"geometry":{"type":"Polygon","coordinates":[[[-139.7,-89.81],[-138.59,-89.8],[-150.98,-89.68],[-138.26,-89.64],[-156.39,-89.56],[-78.87,-89.7],[20.45,-88.4],[35.33,-87.39],[39.49,-85.51],[39.37,-84.62],[42.42,-85.28],[40.62,-85.56],[41.25,-85.94],[40.35,-86.32],[42.4,-86.92],[41.7,-87.4],[44.59,-87.76],[75.38,-88.8],[136.58,-89.08],[78.32,-89.65],[179.99,-89.99],[-179.99,-89.99],[-176.13,-89.71],[-179.99,-89.65],[-163.6,-89.51],[-158.26,-89.5],[-175.36,-89.67],[-139.7,-89.81]]]}},{"type":"Feature","properties":{},"geometry":{"type":"Polygon","coordinates":[[[-142.46,-86.36],[-142.14,-86.31],[-144.01,-86.34],[-141.54,-86.26],[-144.94,-86.25],[-138.8,-86.04],[-141.29,-86.03],[-138.04,-85.81],[-141.47,-85.87],[-136.55,-85.8],[-137.8,-85.64],[-136.1,-85.66],[-137.8,-85.46],[-118.53,-84.02],[-101.47,-82.06],[-99.22,-82.03],[-99.08,-82.31],[-101.13,-82.73],[-98.98,-83.04],[-99.6,-83.14],[-96.42,-83.15],[-104.83,-84.12],[-103.41,-84.77],[-104.07,-85.06],[-103.16,-85.36],[-103.75,-85.64],[-102.39,-85.67],[-103.54,-85.82],[-101.73,-85.74],[-108.47,-86.71],[-123.46,-86.96],[-124.95,-86.86],[-123.05,-86.82],[-143.75,-86.42],[-142.46,-86.36]]]}},{"type":"Feature","properties":{},"geometry":{"type":"Polygon","coordinates":[[[88.31,-83.44],[87.69,-83.73],[88.09,-83.8],[84.9,-83.86],[88.31,-83.44]]]}},{"type":"Feature","properties":{},"geometry":{"type":"Polygon","coordinates":[[[-176.39,-84.55],[-174.48,-84.81],[-176.7,-84.72],[-176.39,-84.55]]]}},{"type":"Feature","properties":{},"geometry":{"type":"Polygon","coordinates":[[[79.71,-74.42],[79.14,-74.47],[79.81,-74.7],[79.42,-74.88],[76.62,-74.08],[77.37,-73.83],[79.71,-74.42]]]}},{"type":"Feature","properties":{},"geometry":{"type":"Polygon","coordinates":[[[179.99,-87.61],[179.99,-88.21],[170.68,-87.94],[179.99,-87.61]]]}},{"type":"Feature","properties":{},"geometry":{"type":"Polygon","coordinates":[[[179.99,-85.34],[179.99,-85.91],[173.36,-85.12],[176.36,-85.27],[174.18,-84.97],[176.33,-84.87],[171.49,-84.78],[173.48,-84.98],[172.23,-85.05],[164.04,-83.84],[164.96,-83.66],[161.68,-83.09],[164.25,-83.07],[165.67,-83.64],[173.79,-83.82],[176.55,-84.47],[175.72,-84.61],[179.79,-84.95],[178.16,-85.02],[179.99,-85.34]]]}},{"type":"Feature","properties":{},"geometry":{"type":"Polygon","coordinates":[[[-179.99,-85.91],[-179.99,-85.34],[-171.17,-85.6],[-175.7,-85.02],[-175.18,-84.95],[-165.58,-85.74],[-157.08,-85.83],[-150.15,-85.65],[-148.76,-85.38],[-149.31,-85.18],[-148.53,-84.94],[-143.77,-84.75],[-138.15,-85.48],[-138.51,-85.81],[-132.71,-86.19],[-139.77,-86.65],[-137.82,-86.91],[-87.52,-88.79],[-106.91,-89.07],[-99.72,-89.14],[-104.55,-89.28],[-141.53,-88.42],[-179.99,-88.21],[-179.99,-87.61],[-175.56,-87.41],[-176.73,-86.96],[-176.01,-86.87],[-177.24,-86.69],[-176.05,-86.64],[-177.24,-86.43],[-176.44,-86.35],[-179.99,-85.91]]]}},{"type":"Feature","properties":{},"geometry":{"type":"Polygon","coordinates":[[[139.69,-71.14],[139.91,-71.38],[138.8,-72.14],[138.55,-71.92],[139.69,-71.14]]]}},{"type":"Feature","properties":{},"geometry":{"type":"Polygon","coordinates":[[[153.38,-69.47],[153.8,-69.57],[152.96,-69.66],[153.38,-69.47]]]}},{"type":"Feature","properties":{},"geometry":{"type":"Polygon","coordinates":[[[152.04,-68.69],[152.03,-69.16],[151.26,-68.82],[152.04,-68.69]]]}},{"type":"Feature","properties":{},"geometry":{"type":"Polygon","coordinates":[[[144.69,-67.23],[150.26,-70.19],[148.75,-70.03],[145.81,-68.71],[144.69,-67.23]]]}},{"type":"Feature","properties":{},"geometry":{"type":"Polygon","coordinates":[[[111.32,-56.2],[111.58,-56.42],[110.95,-56.67],[111.25,-56.89],[110.29,-56.58],[111.32,-56.2]]]}},{"type":"Feature","properties":{},"geometry":{"type":"Polygon","coordinates":[[[20.33,-37.68],[21.34,-35.63],[22.79,-34.73],[24.81,-35.19],[25.01,-35.64],[25.23,-35.18],[26.01,-35.53],[27.67,-34.88],[27.89,-34.26],[28.11,-34.63],[28.95,-34.52],[29.42,-33.67],[30.26,-33.6],[30.3,-34.77],[29.33,-37.14],[28.76,-37.46],[28.76,-36.8],[28.41,-36.8],[27.8,-38.01],[26.51,-38.93],[19.15,-43.37],[16.62,-42.85],[16.03,-41.83],[17.3,-39.17],[20.33,-37.68]]]}},{"type":"Feature","properties":{},"geometry":{"type":"Polygon","coordinates":[[[103.71,-51.33],[103.69,-51.89],[102.9,-51.62],[103.71,-51.33]]]}},{"type":"Feature","properties":{},"geometry":{"type":"Polygon","coordinates":[[[103.91,-51.2],[104.2,-51.73],[105.07,-51.63],[105.27,-52],[104.08,-52.15],[103.65,-51.68],[103.91,-51.2]]]}},{"type":"Feature","properties":{},"geometry":{"type":"Polygon","coordinates":[[[78.59,-79.05],[76.79,-78.49],[77.41,-78.17],[76.75,-77.57],[78.3,-76.73],[81.55,-76.08],[82.08,-75.23],[81.39,-76.2],[82.04,-75.89],[82.06,-75.16],[80.36,-74.76],[83.68,-74.55],[84.67,-73.83],[81.28,-74.22],[79.18,-73.73],[85.97,-73.36],[88.35,-72.45],[87.02,-72.87],[78.46,-72.98],[78.21,-72.17],[78.8,-72.46],[80.01,-71.9],[81.1,-71.04],[80.43,-70.81],[80.7,-70.45],[81.79,-70.37],[81.2,-70.08],[81.89,-69.69],[79.81,-68.68],[79.45,-67.64],[72.72,-65.48],[71.37,-64.65],[68,-63.81],[65.52,-63.8],[62.12,-61.18],[58.49,-60.37],[57.61,-59.38],[57.64,-57.98],[62.21,-57.12],[65.49,-54.98],[67.95,-51.98],[67.79,-52.33],[68.3,-52.05],[67.73,-52.66],[69.07,-51.84],[68.37,-52.83],[69.17,-52.69],[70.31,-51.07],[73.73,-49.83],[74.17,-49.89],[73.55,-50.47],[74.57,-50.23],[78.27,-50.78],[78.95,-51.46],[84.05,-52.84],[87.12,-52.55],[87.78,-51.78],[89.56,-51.55],[89.09,-52.9],[90.37,-52.52],[90,-52.1],[90.55,-51.75],[91.21,-52.55],[92.06,-52.73],[91.42,-52.37],[92.6,-52.06],[91.88,-52.16],[92.23,-51.75],[92.84,-51.66],[93.28,-52.3],[93.12,-51.68],[93.97,-52.06],[93.9,-51.51],[94.96,-51.35],[94.63,-51.72],[95.01,-51.87],[95.76,-51.32],[95.73,-51.72],[97.04,-51.64],[97.59,-52.1],[97.96,-53.19],[96.62,-53.76],[98.32,-53.36],[98.98,-53.78],[98.68,-54.11],[99.29,-53.84],[99.37,-54.31],[100.31,-53.83],[99.86,-53.44],[102.65,-52.5],[103.17,-52.74],[103.18,-52.38],[103.51,-52.8],[104.46,-52.4],[106.49,-53.18],[106.84,-52.67],[105.69,-51.98],[106.13,-51.9],[107.75,-53.25],[108.47,-53.3],[108.57,-53.77],[109.56,-53.85],[110.05,-54.4],[111.32,-54.32],[110.74,-54.44],[111.44,-54.48],[111.1,-54.86],[112.38,-54.51],[112.24,-54.9],[112.7,-55.1],[111.59,-55.3],[111.74,-55.58],[110.37,-55.53],[109.66,-56.36],[107.73,-56.51],[108.63,-57.08],[107.97,-57.18],[108.67,-57.12],[109.79,-58.05],[109.09,-58.15],[110.11,-58.33],[113.88,-61.2],[115.7,-61.19],[118.78,-59.47],[119.14,-58.08],[120.89,-57.01],[120.12,-56.88],[121.36,-56.53],[121.03,-56.43],[121.88,-55.52],[122.68,-55.37],[122.65,-56.57],[123.26,-56.79],[122.79,-57.1],[123.34,-57.71],[122.94,-59.25],[124.42,-59.24],[125.57,-60.2],[124.91,-61.65],[125.76,-62.23],[125.73,-63],[125.13,-63.55],[125.63,-63.9],[125.29,-64.21],[130.02,-66.07],[130.25,-66.39],[129.63,-66.5],[131.06,-67.47],[130.91,-68.54],[131.94,-68.67],[131.72,-68.35],[132.13,-68.15],[133.37,-68.77],[133.59,-68.46],[133.63,-69.61],[132.59,-69.41],[135.79,-70.25],[138.54,-71.62],[138.34,-72.02],[139.22,-72.29],[138.27,-73.63],[139.07,-73.87],[139.9,-75.02],[138.41,-75.71],[138.71,-75.84],[136.18,-77.79],[133.3,-78.42],[134.14,-78.48],[133.81,-78.7],[129.88,-78.9],[130.18,-79.05],[127.74,-79.56],[125.48,-79.37],[127.28,-79.6],[121.69,-80.64],[122.41,-80.89],[117.29,-81.25],[117.72,-81.32],[110.66,-82.81],[97.87,-81.99],[95.89,-82.06],[98.86,-82.18],[88.01,-81.76],[87.14,-81.94],[88.39,-81.98],[86.17,-82.14],[87.19,-81.8],[85.87,-81.71],[86.96,-81.49],[86.1,-81.14],[87.97,-81.03],[84.95,-80.84],[85.07,-80.56],[88.25,-80.42],[79.46,-80.16],[79.08,-79.12],[78.59,-79.05]]]}},{"type":"Feature","properties":{},"geometry":{"type":"Polygon","coordinates":[[[137.42,-56.11],[137.86,-56.45],[137.11,-55.99],[137.42,-56.11]]]}},{"type":"Feature","properties":{},"geometry":{"type":"Polygon","coordinates":[[[118.44,-51.11],[118.83,-51.38],[118.11,-51.82],[116.68,-51.37],[118.44,-51.11]]]}},{"type":"Feature","properties":{},"geometry":{"type":"Polygon","coordinates":[[[131.65,4.57],[131.52,4],[130.73,3.62],[131.65,4.57]]]}},{"type":"Feature","properties":{},"geometry":{"type":"Polygon","coordinates":[[[112.45,-48.36],[112.73,-48.85],[112.07,-49.04],[112.45,-48.36]]]}},{"type":"Feature","properties":{},"geometry":{"type":"Polygon","coordinates":[[[113.17,-48.3],[112.98,-48.68],[112.63,-48.33],[113.17,-48.3]]]}},{"type":"Feature","properties":{},"geometry":{"type":"Polygon","coordinates":[[[124.85,0.41],[126.82,1.54],[127.5,1.35],[128.89,2.27],[128.95,3.05],[130.51,3.7],[131.32,3.31],[132.56,4.13],[133.15,3.5],[126.09,-0.52],[125.91,-0.13],[124.78,-0.75],[124.85,0.41]]]}},{"type":"Feature","properties":{},"geometry":{"type":"Polygon","coordinates":[[[113.25,-47.88],[113.38,-48.36],[112.74,-48.24],[113.25,-47.88]]]}},{"type":"Feature","properties":{},"geometry":{"type":"Polygon","coordinates":[[[113.93,-43.59],[114.13,-44.3],[112.93,-43.4],[113.93,-43.59]]]}},{"type":"Feature","properties":{},"geometry":{"type":"Polygon","coordinates":[[[117.35,-45.07],[118.27,-45.93],[118.05,-46.63],[115.31,-44.46],[117.35,-45.07]]]}},{"type":"Feature","properties":{},"geometry":{"type":"Polygon","coordinates":[[[124.79,4.23],[125.36,4.35],[125.44,3.85],[125.12,3.61],[124.79,4.23]]]}},{"type":"Feature","properties":{},"geometry":{"type":"Polygon","coordinates":[[[119.16,-44.61],[118.96,-44.92],[118.4,-44.46],[119.16,-44.61]]]}},{"type":"Feature","properties":{},"geometry":{"type":"Polygon","coordinates":[[[122.71,3.55],[123.66,3.21],[124.16,3.5],[124.45,3.07],[122.62,2.59],[122.71,3.55]]]}},{"type":"Feature","properties":{},"geometry":{"type":"Polygon","coordinates":[[[120.42,-44.28],[120.14,-44.71],[120.05,-44.21],[120.42,-44.28]]]}},{"type":"Feature","properties":{},"geometry":{"type":"Polygon","coordinates":[[[136.28,-53.12],[138.12,-54.65],[137.66,-55.22],[140,-56.17],[140.4,-56.82],[137.98,-56.47],[129.67,-51.69],[122.53,-49.08],[123.03,-49],[121.65,-48.13],[122.44,-47.58],[120.93,-48.19],[120.38,-47.78],[120.86,-47.35],[120.19,-46.43],[122.06,-46.82],[122.25,-47.37],[123.25,-46.9],[121.01,-46.22],[120.88,-45.65],[121.31,-45.32],[120.05,-44.74],[122.43,-44.58],[124.25,-45.76],[124.17,-46.47],[123.31,-47.22],[123.25,-47.86],[123.76,-47.62],[123.68,-48.62],[128.78,-48.34],[130.66,-49.95],[136.28,-53.12]]]}},{"type":"Feature","properties":{},"geometry":{"type":"Polygon","coordinates":[[[131.38,-52.47],[131.58,-53.23],[132.99,-53.97],[133.53,-55.05],[134.73,-55.08],[134.51,-55.54],[135.9,-55.83],[135.28,-55.91],[135.49,-56.13],[137.24,-56.45],[135.96,-56.85],[132,-55.84],[130.16,-54.64],[129.21,-53.42],[127.29,-52.69],[126.54,-52.96],[125.85,-52.32],[126.12,-53.11],[125.1,-52.84],[125.53,-53.27],[123.21,-52.89],[124.63,-53.36],[124.83,-53.96],[121.1,-53.57],[119.81,-52.24],[120.26,-51.97],[118.23,-51.98],[118.86,-51.38],[118.36,-50.89],[119.85,-51.16],[118.3,-50.62],[119.29,-50.87],[118.4,-50],[118.77,-49.46],[118.21,-49.3],[118.52,-49.07],[117.76,-48.61],[118.02,-48.37],[117.7,-48.57],[114.33,-46.67],[121.67,-48.41],[131.38,-52.47]]]}},{"type":"Feature","properties":{},"geometry":{"type":"Polygon","coordinates":[[[120.99,-43.48],[121.39,-44.02],[120.16,-43.33],[120.99,-43.48]]]}},{"type":"Feature","properties":{},"geometry":{"type":"Polygon","coordinates":[[[119.83,4.46],[120.14,4.18],[119.7,4.09],[119.83,4.46]]]}},{"type":"Feature","properties":{},"geometry":{"type":"Polygon","coordinates":[[[-2.53,-5.93],[-2.71,-6.31],[-2.93,-6.06],[-2.53,-5.93]]]}},{"type":"Feature","properties":{},"geometry":{"type":"Polygon","coordinates":[[[111.21,0.82],[112.87,1.99],[114.14,1.61],[118.89,2.54],[121.95,-1.07],[119.18,-0.33],[117.55,-0.39],[116.27,0.41],[115.18,0.06],[113.52,0.43],[111.69,0.2],[111.04,0.55],[111.21,0.82]]]}},{"type":"Feature","properties":{},"geometry":{"type":"Polygon","coordinates":[[[118.55,2.59],[119.39,2.86],[119.27,2.4],[119.92,3.19],[120.43,2.25],[121.33,2.77],[122.7,1.95],[123.18,2.73],[123.92,2.63],[125.8,0.41],[125.17,0.4],[125.35,0.07],[124.71,-0.2],[125.02,-0.46],[121.23,-0.72],[118.55,2.59]]]}},{"type":"Feature","properties":{},"geometry":{"type":"Polygon","coordinates":[[[125.07,17.16],[125.32,16.82],[125.34,17.4],[126.17,17.32],[126.87,16.85],[128.13,17.44],[127.53,16.36],[128.22,16.33],[127.42,15.65],[128.04,15.17],[127.46,14.67],[128.02,14.96],[127.71,14.71],[129.17,14.33],[129.26,13.8],[130.75,13.79],[129.75,13.27],[130.74,11.6],[130.23,9.95],[130.56,10],[130.42,9.48],[130.89,9.72],[131.06,8.11],[130.48,7.08],[129.89,7.69],[129.24,7.03],[128.44,7.07],[127.93,5.86],[127.31,6.35],[126.33,5.29],[124.91,6.58],[124.2,6.33],[124.34,6.61],[123.15,7.02],[122.44,8.53],[124.39,9.32],[123.98,9.3],[123.6,10.46],[124.55,11.83],[124.38,13.53],[125.3,14.67],[125.07,17.16]]]}},{"type":"Feature","properties":{},"geometry":{"type":"Polygon","coordinates":[[[21.06,-48.35],[17.43,-49.68],[15.64,-49.32],[15.15,-48.26],[15.79,-47.77],[18.58,-47.68],[18.91,-47.79],[18.22,-47.76],[21.06,-48.35]]]}},{"type":"Feature","properties":{},"geometry":{"type":"Polygon","coordinates":[[[-29.13,11.24],[-29.09,10.54],[-30.02,10.41],[-29.56,10.68],[-29.79,11.09],[-29.13,11.24]]]}},{"type":"Feature","properties":{},"geometry":{"type":"Polygon","coordinates":[[[-51.61,0.06],[-50.54,-0.92],[-51.99,-0.39],[-51.61,0.06]]]}},{"type":"Feature","properties":{},"geometry":{"type":"Polygon","coordinates":[[[-55.44,4.11],[-53.33,2.47],[-52.87,1.74],[-53.37,1.78],[-52.57,0.73],[-53.03,0.55],[-54.92,1.85],[-55.6,1.43],[-55.78,2.29],[-57.35,3.04],[-57.62,3.61],[-57.26,3.77],[-55.85,2.69],[-55.63,3.65],[-56.1,4.23],[-55.44,4.11]]]}},{"type":"Feature","properties":{},"geometry":{"type":"Polygon","coordinates":[[[117.54,20.05],[118.41,20.39],[118.45,19.13],[117.75,18.24],[116.81,18.28],[116.49,19.1],[117.54,20.05]]]}},{"type":"Feature","properties":{},"geometry":{"type":"Polygon","coordinates":[[[-53.01,5.97],[-51.65,4.39],[-49.34,-1.05],[-52.18,0.83],[-51.29,1.2],[-51.87,1.77],[-51.74,2.82],[-53.53,5.08],[-53.26,5.51],[-55.94,6.79],[-55.37,6.49],[-54.71,6.85],[-53.01,5.97]]]}},{"type":"Feature","properties":{},"geometry":{"type":"Polygon","coordinates":[[[-32.85,19.11],[-32.54,18.34],[-32.86,18.18],[-33.22,18.56],[-32.85,19.11]]]}},{"type":"Feature","properties":{},"geometry":{"type":"Polygon","coordinates":[[[132.72,41.26],[133.7,41.13],[133.61,40.72],[134.32,40.46],[133.84,38.81],[133.18,38.35],[133.18,39.06],[133.07,38.5],[132.49,38.68],[132.76,40.1],[132.22,40.46],[132.49,39.97],[131.85,39.77],[131.66,40.28],[132.08,40.08],[131.49,40.5],[132.72,41.26]]]}},{"type":"Feature","properties":{},"geometry":{"type":"Polygon","coordinates":[[[136.27,42.15],[137.03,41.72],[136.53,41.05],[135.63,41.14],[134.97,40.42],[134.57,41.03],[134.16,40.86],[134.94,41.75],[136.27,42.15]]]}},{"type":"Feature","properties":{},"geometry":{"type":"Polygon","coordinates":[[[21.88,17.61],[23.48,16.29],[22.25,16.71],[21.59,17.48],[21.88,17.61]]]}},{"type":"Feature","properties":{},"geometry":{"type":"Polygon","coordinates":[[[27.64,9.76],[26.81,10.03],[26.23,10.76],[26.38,11.35],[27.05,11.03],[27.64,9.76]]]}},{"type":"Feature","properties":{},"geometry":{"type":"Polygon","coordinates":[[[17.56,23.44],[16.19,22.34],[15,24.49],[15.47,24.67],[17.56,23.44]]]}},{"type":"Feature","properties":{},"geometry":{"type":"Polygon","coordinates":[[[23.48,20.76],[23.75,19.4],[22.99,20.83],[23.48,20.76]]]}},{"type":"Feature","properties":{},"geometry":{"type":"Polygon","coordinates":[[[34.56,34.55],[34.87,34.23],[34.12,34.3],[34.56,34.55]]]}},{"type":"Feature","properties":{},"geometry":{"type":"Polygon","coordinates":[[[11.43,30.45],[11.26,29.77],[10.65,30.07],[11.43,30.45]]]}},{"type":"Feature","properties":{},"geometry":{"type":"Polygon","coordinates":[[[15.94,33.37],[15.55,32.93],[13.73,32.68],[13.03,33.34],[15.39,34.09],[15.94,33.37]]]}},{"type":"Feature","properties":{},"geometry":{"type":"Polygon","coordinates":[[[136.3,42.5],[134.29,41.91],[134.18,41.36],[132.77,41.29],[132.77,41.8],[134.81,43.23],[138.1,43.7],[138.48,45.46],[139.11,45.67],[138.65,45.22],[139.14,44.9],[140.48,45.69],[141.58,47.37],[141.21,49.05],[141.6,49.75],[142.6,49.46],[142.19,50.1],[142.86,50.05],[144,48.18],[143.65,46.94],[142.98,46.64],[143.3,45.62],[142.98,44.85],[143.45,44.34],[142.99,43.74],[142.35,43.45],[142.46,44.2],[141.29,43.05],[141.19,43.5],[140.71,42.93],[139.37,42.74],[139.7,42.98],[138.94,43.18],[138.83,42.71],[139.31,42.43],[137.97,41.5],[137.37,41.8],[137.63,42.66],[136.3,42.5]]]}},{"type":"Feature","properties":{},"geometry":{"type":"Polygon","coordinates":[[[18.05,33.55],[16.07,33.43],[17.16,34.07],[18.05,33.55]]]}},{"type":"Feature","properties":{},"geometry":{"type":"Polygon","coordinates":[[[149.51,47.73],[149.82,47.76],[148.67,46.98],[149.51,47.73]]]}},{"type":"Feature","properties":{},"geometry":{"type":"Polygon","coordinates":[[[144.81,48.62],[147.5,47.17],[148.52,47.59],[148.27,47.05],[148.71,46.51],[147.15,46.06],[146.55,45.2],[143.7,45.62],[143.34,46.35],[144.48,46.4],[144.45,48.29],[144.81,48.62]]]}},{"type":"Feature","properties":{},"geometry":{"type":"Polygon","coordinates":[[[141.58,51.09],[141.29,50.72],[142.45,50.39],[141.26,49.88],[140.66,51.02],[141.58,51.09]]]}},{"type":"Feature","properties":{},"geometry":{"type":"Polygon","coordinates":[[[-12.99,38.48],[-13.04,37.77],[-13.8,37.27],[-12.99,37.8],[-12.56,37.37],[-13.94,37.12],[-14.07,37.64],[-12.99,38.48]]]}},{"type":"Feature","properties":{},"geometry":{"type":"Polygon","coordinates":[[[-16.02,38.7],[-15.93,38.25],[-14.36,38.08],[-15.13,37.66],[-16.24,38.25],[-16.02,38.7]]]}},{"type":"Feature","properties":{},"geometry":{"type":"Polygon","coordinates":[[[-15.5,41.75],[-13.56,40.69],[-15.15,41.14],[-15.84,41.71],[-15.5,41.75]]]}},{"type":"Feature","properties":{},"geometry":{"type":"Polygon","coordinates":[[[-81.56,38.23],[-79.68,37.31],[-78.68,35.29],[-79.93,35.77],[-79.49,36.17],[-80.15,35.95],[-80.21,36.42],[-80.81,36.54],[-80.39,36.79],[-81.68,37.46],[-81.14,37.87],[-81.68,37.81],[-81.56,38.23]]]}},{"type":"Feature","properties":{},"geometry":{"type":"Polygon","coordinates":[[[-8.22,40.13],[-7.38,40.45],[-7.46,40.16],[-6.58,40.07],[-7.34,39.26],[-6.29,39.38],[-7.19,39.05],[-7.03,38.36],[-6.24,38.87],[-6.68,37.45],[-7.13,37.49],[-6.98,38.05],[-7.6,37.72],[-7.33,38.76],[-8.92,37.87],[-7.89,38.6],[-9.19,38.56],[-8.77,38.99],[-9.75,38.65],[-11.85,38.97],[-8.22,40.13]]]}},{"type":"Feature","properties":{},"geometry":{"type":"Polygon","coordinates":[[[-8.2,42.62],[-7.89,42.35],[-8.42,42.35],[-8.16,42.07],[-9.42,40.85],[-8.19,40.98],[-8.83,40.61],[-7.96,40.49],[-8.22,40.13],[-11.78,39.09],[-10.79,39.75],[-11.6,39.87],[-10.76,40.39],[-10.38,40.17],[-10.63,40.55],[-10.13,40.63],[-9.65,41.84],[-8.2,42.62]]]}},{"type":"Feature","properties":{},"geometry":{"type":"Polygon","coordinates":[[[-29.27,47.07],[-28.87,46.46],[-29.92,46.97],[-29.27,47.07]]]}},{"type":"Feature","properties":{},"geometry":{"type":"Polygon","coordinates":[[[-83.67,41.12],[-83.95,40.78],[-83.58,39.92],[-84.31,41.08],[-83.67,41.12]]]}},{"type":"Feature","properties":{},"geometry":{"type":"Polygon","coordinates":[[[-81.5,40.7],[-81.42,39.98],[-81.36,40.35],[-81.76,40.24],[-81.5,40.7]]]}},{"type":"Feature","properties":{},"geometry":{"type":"Polygon","coordinates":[[[-108.08,51.33],[-107.87,51.08],[-108.65,51],[-108.08,51.33]]]}},{"type":"Feature","properties":{},"geometry":{"type":"Polygon","coordinates":[[[-84.26,42.21],[-83.67,41.91],[-84.07,41.52],[-83.21,41.97],[-84.01,41.08],[-84.46,41.6],[-84.26,42.21]]]}},{"type":"Feature","properties":{},"geometry":{"type":"Polygon","coordinates":[[[144.59,57.44],[145.41,55.98],[145.24,54.86],[147.46,51.87],[146.62,52.45],[145.52,52.26],[145.19,50.91],[146.5,49.54],[146.32,49.19],[145.47,49.88],[144.92,48.99],[144.56,49.67],[144.82,51.09],[144.34,51.85],[144.48,54.24],[143.78,54.81],[143.74,55.5],[143.73,56.47],[144.71,56.82],[144.04,57.38],[144.59,57.44]]]}},{"type":"Feature","properties":{},"geometry":{"type":"Polygon","coordinates":[[[-105.02,50.85],[-104.99,50.29],[-106.42,50.85],[-105.02,50.85]]]}},{"type":"Feature","properties":{},"geometry":{"type":"Polygon","coordinates":[[[138.01,62.08],[138.61,62.02],[137.56,61.64],[138.01,62.08]]]}},{"type":"Feature","properties":{},"geometry":{"type":"Polygon","coordinates":[[[2,42.95],[3.01,43.22],[1.91,43.13],[2.81,43.78],[1.73,43.98],[2.28,44.36],[1.82,44.82],[3.15,44.77],[3.47,45.2],[2.91,45.26],[3.35,45.71],[5.16,45.73],[5.68,45.02],[3.71,43.41],[2,42.95]]]}},{"type":"Feature","properties":{},"geometry":{"type":"Polygon","coordinates":[[[3.26,42.44],[2.02,42.02],[2.29,42.3],[1.7,42.19],[2.21,42.45],[1.51,42.42],[2.06,42.72],[1.46,42.76],[5.03,44.21],[4.9,42.72],[3.26,42.44]]]}},{"type":"Feature","properties":{},"geometry":{"type":"Polygon","coordinates":[[[18.63,46.37],[18.93,45.87],[18.02,46.28],[18.63,46.37]]]}},{"type":"Feature","properties":{},"geometry":{"type":"Polygon","coordinates":[[[-75.86,52.6],[-76.31,51.96],[-76.61,52.1],[-76.22,52.38],[-76.76,52.34],[-75.86,52.6]]]}},{"type":"Feature","properties":{},"geometry":{"type":"Polygon","coordinates":[[[20.19,46.95],[20.02,45.8],[18.98,46.54],[19.98,46.5],[19.75,46.8],[20.19,46.95]]]}},{"type":"Feature","properties":{},"geometry":{"type":"Polygon","coordinates":[[[-83.84,44.38],[-83.1,43.3],[-83.59,43.28],[-83.07,43.08],[-83.3,42.53],[-83.48,43.18],[-83.99,43.3],[-83.63,43.57],[-83.97,43.65],[-83.84,44.38]]]}},{"type":"Feature","properties":{},"geometry":{"type":"Polygon","coordinates":[[[-26.27,50.11],[-26.48,49.37],[-26.09,49.83],[-26.58,49.35],[-26.31,49.71],[-27.18,49.49],[-26.27,50.11]]]}},{"type":"Feature","properties":{},"geometry":{"type":"Polygon","coordinates":[[[-84.07,45.04],[-83.8,44.63],[-84.37,44.13],[-84.07,45.04]]]}},{"type":"Feature","properties":{},"geometry":{"type":"Polygon","coordinates":[[[-83.73,45.13],[-83.22,44.56],[-83.84,44.47],[-83.73,45.13]]]}},{"type":"Feature","properties":{},"geometry":{"type":"Polygon","coordinates":[[[4.99,48.24],[5.51,47.8],[5.22,47.55],[4.61,47.96],[4.99,48.24]]]}},{"type":"Feature","properties":{},"geometry":{"type":"Polygon","coordinates":[[[25.16,49],[25.34,48.57],[24.76,48.02],[24.65,48.64],[25.16,49]]]}},{"type":"Feature","properties":{},"geometry":{"type":"Polygon","coordinates":[[[-95.44,48.87],[-95.21,48.17],[-97.25,48.29],[-96.6,48.42],[-97.25,48.42],[-97.08,48.93],[-96.33,48.97],[-96.4,48.48],[-96.02,48.98],[-95.44,48.87]]]}},{"type":"Feature","properties":{},"geometry":{"type":"Polygon","coordinates":[[[-85.04,43.11],[-85.3,42.87],[-84.76,42.65],[-85.35,42.92],[-85.14,42.17],[-85.49,42.72],[-85.8,42.42],[-85.59,43.15],[-85.04,43.11]]]}},{"type":"Feature","properties":{},"geometry":{"type":"Polygon","coordinates":[[[-83.93,46.46],[-83.56,45.48],[-84.3,45.18],[-83.93,46.46]]]}},{"type":"Feature","properties":{},"geometry":{"type":"Polygon","coordinates":[[[-94.56,48.99],[-94.4,48.58],[-95.23,48.97],[-94.56,48.99]]]}},{"type":"Feature","properties":{},"geometry":{"type":"Polygon","coordinates":[[[28.09,49.97],[28.71,49.86],[27.77,49.23],[27.51,49.8],[28.09,49.97]]]}},{"type":"Feature","properties":{},"geometry":{"type":"Polygon","coordinates":[[[7.36,49.19],[7.56,48.91],[6.52,48.45],[7.03,48.4],[6.01,47.24],[5.04,47.25],[5.73,47.64],[5.4,48.39],[5.99,48.35],[5.68,48.61],[6.04,49.16],[7.36,49.19]]]}},{"type":"Feature","properties":{},"geometry":{"type":"Polygon","coordinates":[[[6.93,48.15],[8.59,48.15],[8.03,47.1],[7.37,46.91],[7.99,46.81],[6.95,46.64],[8.36,46.45],[8.86,45.84],[6.15,45.17],[5.88,45.51],[6.45,46.46],[6.24,46.74],[5.78,46.39],[6,46.78],[5.38,45.83],[5.5,46.83],[6.93,48.15]]]}},{"type":"Feature","properties":{},"geometry":{"type":"Polygon","coordinates":[[[8.86,45.84],[9.12,45.13],[10.08,44.67],[10.29,44.15],[9.58,44.25],[10.3,44.04],[10.18,43.45],[11.59,43.3],[11.51,42.66],[10.5,42],[11.39,41.73],[5.44,40.57],[6.67,41.72],[7.69,41.75],[8.24,42.34],[7.42,41.91],[5.76,42.44],[6.9,43.09],[6.81,43.45],[6.22,43.33],[6.57,43.65],[7.89,43.85],[7.85,44.76],[7.48,44.64],[7.29,45.3],[8.86,45.84]]]}},{"type":"Feature","properties":{},"geometry":{"type":"Polygon","coordinates":[[[28,50.44],[28.44,50.22],[27.59,50.24],[28,50.44]]]}},{"type":"Feature","properties":{},"geometry":{"type":"Polygon","coordinates":[[[-12.94,53.38],[-12.94,52.99],[-13.34,53.35],[-12.94,53.38]]]}},{"type":"Feature","properties":{},"geometry":{"type":"Polygon","coordinates":[[[-23.99,55.69],[-24.68,54.97],[-24.82,55.44],[-23.99,55.69]]]}},{"type":"Feature","properties":{},"geometry":{"type":"Polygon","coordinates":[[[-25.89,56.64],[-25.8,56.33],[-27.5,56.02],[-27.01,56.66],[-25.89,56.64]]]}},{"type":"Feature","properties":{},"geometry":{"type":"Polygon","coordinates":[[[-22.44,56.6],[-22.05,56.24],[-22.75,56.59],[-22.44,56.6]]]}},{"type":"Feature","properties":{},"geometry":{"type":"Polygon","coordinates":[[[7.03,85.94],[7.5,86.03],[-11.4,86.74],[-2.58,87.03],[10.14,86.3],[7.03,85.94]]]}},{"type":"Feature","properties":{},"geometry":{"type":"Polygon","coordinates":[[[5.21,84.86],[4.28,84.97],[7.12,84.93],[5.21,84.86]]]}},{"type":"Feature","properties":{},"geometry":{"type":"Polygon","coordinates":[[[-26.69,59.85],[-26.69,59.11],[-26.2,59.3],[-24.7,58.07],[-25.15,57.54],[-23.83,57.1],[-24.72,56.91],[-25.72,57.3],[-25.89,57.88],[-28.36,57.17],[-28.21,57.83],[-29.47,57.89],[-28.37,58.21],[-26.69,59.85]]]}},{"type":"Feature","properties":{},"geometry":{"type":"Polygon","coordinates":[[[-25.66,59.87],[-25.06,59.35],[-25.58,59.37],[-25.66,59.87]]]}},{"type":"Feature","properties":{},"geometry":{"type":"Polygon","coordinates":[[[63.7,63.04],[63.97,62.83],[63.14,62.74],[63.7,63.04]]]}},{"type":"Feature","properties":{},"geometry":{"type":"Polygon","coordinates":[[[-16.98,60.53],[-16.44,60.21],[-17.36,60.34],[-16.98,60.53]]]}},{"type":"Feature","properties":{},"geometry":{"type":"Polygon","coordinates":[[[-18,60.97],[-17.47,60.71],[-18.03,60.03],[-19.48,60.06],[-18.92,60.85],[-18,60.97]]]}},{"type":"Feature","properties":{},"geometry":{"type":"Polygon","coordinates":[[[20.81,59.9],[20.88,59.47],[21.18,59.88],[21.45,59.54],[20.41,59.19],[20.81,59.9]]]}},{"type":"Feature","properties":{},"geometry":{"type":"Polygon","coordinates":[[[9.81,79.92],[4.39,82.14],[7.14,82.75],[6.1,82.96],[6.67,83.15],[4.51,83.24],[4.15,83.17],[5.67,83.02],[3.4,82.62],[4.87,82.45],[1.99,82.54],[-9.03,83.92],[-4.67,84.34],[-1.68,84.02],[-3,84.32],[-2.41,84.43],[4.1,83.97],[1.69,84.29],[9.27,84.98],[6.67,85.27],[11.57,85.25],[12.52,85.14],[10.51,84.97],[14.33,84.89],[13.9,84.64],[17.62,83.95],[15.52,83.55],[22,82.85],[17.18,82.2],[20.92,82.04],[24.08,82.61],[24.01,82.26],[9.81,79.92]]]}},{"type":"Feature","properties":{},"geometry":{"type":"Polygon","coordinates":[[[20.37,59.94],[20.63,59.61],[19.94,59.5],[20.37,59.94]]]}},{"type":"Feature","properties":{},"geometry":{"type":"Polygon","coordinates":[[[-18.14,62.17],[-17.83,62.05],[-18.45,61.9],[-18.14,62.17]]]}},{"type":"Feature","properties":{},"geometry":{"type":"Polygon","coordinates":[[[45.13,62.77],[45.72,62.55],[44.35,62.09],[44.3,62.73],[45.13,62.77]]]}},{"type":"Feature","properties":{},"geometry":{"type":"Polygon","coordinates":[[[22.03,60.51],[22.36,60.23],[21.51,60.05],[22.03,60.51]]]}},{"type":"Feature","properties":{},"geometry":{"type":"Polygon","coordinates":[[[-32.63,65.07],[-32.14,64.49],[-32.4,64.26],[-32.08,64.41],[-32.28,64.06],[-31.79,63.94],[-33.21,63.77],[-34.98,64.6],[-32.63,65.07]]]}},{"type":"Feature","properties":{},"geometry":{"type":"Polygon","coordinates":[[[20.37,76.16],[20.17,76.58],[21.71,76.38],[20.37,76.16]]]}},{"type":"Feature","properties":{},"geometry":{"type":"Polygon","coordinates":[[[22.98,61.16],[23.33,61.08],[22.66,60.99],[22.98,61.16]]]}},{"type":"Feature","properties":{},"geometry":{"type":"Polygon","coordinates":[[[-7.49,56.55],[-6.57,55.71],[-8.15,55.75],[-7.59,55.68],[-8.39,56.11],[-7.49,56.55]]]}},{"type":"Feature","properties":{},"geometry":{"type":"Polygon","coordinates":[[[51.23,64.82],[52.89,64.28],[50.92,64.53],[51.23,64.82]]]}},{"type":"Feature","properties":{},"geometry":{"type":"Polygon","coordinates":[[[-13.37,63.12],[-13.07,63.01],[-13.71,62.92],[-13.37,63.12]]]}},{"type":"Feature","properties":{},"geometry":{"type":"Polygon","coordinates":[[[9.04,55.27],[9.2,54.87],[7.52,54.78],[9.04,55.27]]]}},{"type":"Feature","properties":{},"geometry":{"type":"Polygon","coordinates":[[[45.92,64.99],[46.55,64.62],[45.62,64.85],[45.92,64.99]]]}},{"type":"Feature","properties":{},"geometry":{"type":"Polygon","coordinates":[[[5.4,78.07],[6.76,78.04],[4.27,77.65],[5.4,78.07]]]}},{"type":"Feature","properties":{},"geometry":{"type":"Polygon","coordinates":[[[2,77.68],[0.44,78.23],[4.58,78.09],[2,77.68]]]}},{"type":"Feature","properties":{},"geometry":{"type":"Polygon","coordinates":[[[128.46,78.35],[129.35,78.36],[127.86,78.23],[128.46,78.35]]]}},{"type":"Feature","properties":{},"geometry":{"type":"Polygon","coordinates":[[[-16.97,38.99],[-16.64,38.11],[-15.99,37.95],[-16.28,37.87],[-14.98,37.28],[-14.42,37.52],[-13.69,36.86],[-16.74,36.46],[-17.98,35.49],[-18.5,35.85],[-18.09,36.64],[-18.41,36.54],[-16.76,37.24],[-16.58,36.83],[-15.75,37.15],[-17.15,37.28],[-16.68,37.88],[-20.34,36.58],[-20.93,36.89],[-21.17,36.4],[-22.15,36.31],[-23.15,35.02],[-22.63,34.34],[-22.33,34.64],[-22.35,34.15],[-23.45,34.2],[-23.54,34.57],[-23.72,34.15],[-24.48,34.16],[-21.43,37.12],[-16.97,38.99]]]}},{"type":"Feature","properties":{},"geometry":{"type":"Polygon","coordinates":[[[-14.67,-26.75],[-17.67,-31.02],[-16.36,-29.2],[-17.11,-28.79],[-16.88,-29.14],[-17.86,-30.59],[-18.14,-31.99],[-19.47,-33.64],[-21.43,-34.04],[-23.15,-33.71],[-23.79,-33.08],[-23.49,-32.16],[-23.86,-32.36],[-23.84,-33.7],[-22.41,-34.48],[-22.33,-35.37],[-30.16,-33.38],[-31.85,-32.65],[-33.19,-29.99],[-36.58,-25.31],[-36.86,-23.41],[-36.47,-21.57],[-36.96,-19.05],[-30.39,-22.25],[-23.8,-24.75],[-14.67,-26.75]]]}},{"type":"Feature","properties":{},"geometry":{"type":"Polygon","coordinates":[[[-26.56,-37.59],[-27.14,-37.4],[-26.68,-38.01],[-26.99,-37.94],[-26.86,-39.55],[-29.53,-39.68],[-29.29,-40.91],[-28.7,-41.23],[-28.05,-40.81],[-27.84,-41.49],[-29.17,-41.48],[-28.47,-41.75],[-29.37,-42.49],[-29.37,-43.79],[-30.77,-44.26],[-31.25,-45.11],[-30.29,-45.94],[-29.25,-46.06],[-29.16,-46.8],[-31.92,-49.65],[-31.85,-50.78],[-30.9,-51.37],[-33.25,-51.94],[-33.38,-53.12],[-34.68,-52.72],[-33.97,-52.78],[-33.46,-52.12],[-33.96,-51.82],[-35.25,-51.88],[-35.22,-52.38],[-35.71,-52.41],[-35.25,-51.91],[-36.06,-52.16],[-36.21,-51.48],[-35.31,-51.65],[-35.27,-51.32],[-34.98,-51.55],[-35.36,-51.83],[-34.95,-51.81],[-34.99,-51.12],[-35.71,-50.62],[-35.07,-51.09],[-35.85,-50.98],[-35.42,-51.24],[-35.69,-51.5],[-35.94,-51.05],[-35.75,-51.58],[-36.46,-51.07],[-36.26,-50.63],[-36.9,-50.4],[-36.1,-50.1],[-36.35,-49.82],[-36.71,-50.31],[-36.77,-49.84],[-37.49,-49.72],[-36.64,-49.75],[-37.22,-49.12],[-36.56,-49.16],[-37.02,-48.56],[-37.35,-48.89],[-37.49,-48.31],[-37.12,-48.22],[-37.48,-48.11],[-37,-47.89],[-37.83,-47.55],[-36.46,-47.45],[-36.99,-47.02],[-37.94,-47.26],[-37.4,-47.09],[-37.8,-46.94],[-37.36,-46.65],[-37.66,-46.26],[-39.06,-46.4],[-38.26,-45.36],[-37.63,-45.32],[-37.26,-46.07],[-36.73,-45.1],[-37.13,-45.24],[-37.09,-44.9],[-36.42,-44.83],[-37.17,-44.65],[-36.34,-43.89],[-37.1,-43.61],[-36.58,-41.96],[-36.92,-41.72],[-36.46,-41.88],[-37.02,-41.34],[-36.49,-40.89],[-37.91,-41.24],[-38.09,-39.51],[-37.66,-38.85],[-38.4,-36.84],[-37.9,-36.59],[-36.78,-32.91],[-37.18,-28.36],[-36.51,-24.47],[-33.13,-29.13],[-30.47,-34.22],[-26.56,-37.59]]]}},{"type":"Feature","properties":{},"geometry":{"type":"Polygon","coordinates":[[[-36.35,10.63],[-34.36,10.79],[-33.18,10.25],[-31.76,10.76],[-32.39,10.91],[-29.99,11.12],[-31.02,10.83],[-30.42,10.15],[-28.93,9.88],[-29,8.99],[-28.06,9.05],[-26.64,8.14],[-26.52,6.96],[-26.22,7.44],[-25.02,6.43],[-22.92,6.72],[-20.79,6.28],[-19.02,5.03],[-18.57,3.4],[-17.54,2.39],[-18.96,0.41],[-18.3,0.94],[-18.61,0.24],[-17.99,0.86],[-15.94,0.75],[-16.36,-0.42],[-17.9,-0.98],[-16.79,-0.7],[-16.87,-1.15],[-15.84,-0.42],[-15.46,0.52],[-14.38,0.42],[-12.86,-0.12],[-12.85,-0.56],[-12.39,-0.21],[-12.12,-0.52],[-12.25,-1.04],[-11.85,-1.09],[-12.22,-2.09],[-11.79,-1.24],[-11.67,-1.61],[-10.87,-1.04],[-9.7,-1.48],[-7.44,-1.41],[-4.54,-3.37],[-2.62,-3.83],[-2.09,-6.33],[-5.04,-11.04],[-5.55,-11.5],[-5.75,-11.12],[-5.93,-16.2],[-7.55,-20.6],[-8.52,-21.63],[-10.88,-21.68],[-14.51,-24.38],[-15.04,-24.31],[-14.64,-24.5],[-15.09,-25.1],[-14.74,-25.15],[-14.78,-27.07],[-23.87,-24.88],[-30.41,-22.25],[-36.9,-18.91],[-38.17,-17.36],[-42.73,-14.97],[-46.1,-8.74],[-47.2,-7.28],[-48.36,-6.65],[-48.12,-6.12],[-48.59,-4.87],[-47.44,-3.96],[-47.14,-3.09],[-47.4,-2.85],[-47.67,-3.3],[-48.45,-2.78],[-47.68,0.21],[-46.62,0.67],[-46.31,1.61],[-41.94,3.86],[-40.59,7.35],[-37.62,10.27],[-36.35,10.63]]]}},{"type":"Feature","properties":{},"geometry":{"type":"Polygon","coordinates":[[[-46.32,7.35],[-45.52,6.56],[-45.7,7.2],[-44.4,8.07],[-44.06,9.47],[-42.09,9.98],[-40.5,11.18],[-39.95,10.78],[-40.79,10.27],[-40.39,9.42],[-40.93,8.52],[-40.49,7.77],[-39.82,8.44],[-40.4,9.52],[-38.88,10.18],[-38.86,10.94],[-38.45,10.21],[-37.06,9.65],[-38.34,9.04],[-41.4,6.23],[-42.88,2.79],[-47.33,0.71],[-45.71,2.55],[-46.23,2.85],[-46.07,5.2],[-46.84,6.06],[-46.32,7.35]]]}},{"type":"Feature","properties":{},"geometry":{"type":"Polygon","coordinates":[[[-22.52,-34.84],[-21.91,-35.51],[-22.63,-36.77],[-26.71,-37.98],[-30.29,-35.07],[-32.02,-32.22],[-22.52,-34.84]]]}},{"type":"Feature","properties":{},"geometry":{"type":"Polygon","coordinates":[[[-72.42,36.22],[-72.03,36.14],[-72.07,36.7],[-72.82,36.72],[-73.66,39.15],[-72.44,39.7],[-70.88,38.78],[-69.02,35.54],[-68.7,34.1],[-69.13,33.03],[-72.42,36.22]]]}},{"type":"Feature","properties":{},"geometry":{"type":"Polygon","coordinates":[[[-73.66,39.15],[-73.09,40.35],[-73.29,41.69],[-71.96,44.96],[-71.44,44.94],[-72.01,45.01],[-71.63,45.37],[-71.89,45.64],[-71.45,45.64],[-71.92,45.67],[-72.07,47.17],[-70.24,46.69],[-70.83,45.96],[-70.16,46.48],[-70.16,46.03],[-70.68,45.59],[-69.88,45.96],[-70.03,47.33],[-69.06,47.61],[-69.1,46.17],[-67.34,45.89],[-66.49,44.65],[-64.35,44.23],[-65.21,42.61],[-69.91,41.11],[-73.66,39.15]]]}},{"type":"Feature","properties":{},"geometry":{"type":"Polygon","coordinates":[[[-77.95,35.43],[-78.23,35.75],[-77.57,35.71],[-77.95,35.43]]]}},{"type":"Feature","properties":{},"geometry":{"type":"Polygon","coordinates":[[[-77.08,36.09],[-78.18,35.88],[-78.11,36.74],[-78.18,36.28],[-78.74,36.29],[-78.41,36.95],[-78.92,36.57],[-79.28,36.96],[-78.75,37.32],[-79.4,37.27],[-78.64,37.78],[-79.04,38.12],[-79.44,37.34],[-80.29,37.62],[-79.58,38.06],[-80.16,37.75],[-80.42,37.98],[-80.02,38.3],[-81.03,38.17],[-80.38,38.33],[-81.21,38.61],[-80.18,38.96],[-81.15,38.81],[-81.1,39.19],[-80.41,39.49],[-80.15,39.07],[-80.26,39.46],[-79.73,39.48],[-80.41,39.7],[-79.87,39.66],[-77.54,37.43],[-77.08,36.09]]]}},{"type":"Feature","properties":{},"geometry":{"type":"Polygon","coordinates":[[[-80.18,39.83],[-81.35,39.62],[-80.83,40.02],[-81.24,40.42],[-80.18,39.83]]]}},{"type":"Feature","properties":{},"geometry":{"type":"Polygon","coordinates":[[[-66.34,34.08],[-66.55,33.56],[-68.81,33.47],[-68.76,34.82],[-70.46,38.22],[-72.44,39.7],[-69.91,41.11],[-65.21,42.61],[-64.35,44.23],[-63.71,44.16],[-62.91,43.85],[-65.21,38.25],[-66.34,34.08]]]}},{"type":"Feature","properties":{},"geometry":{"type":"Polygon","coordinates":[[[-66.46,34],[-66.38,33.32],[-66.97,33.47],[-68.04,34.77],[-69.11,35.13],[-67.73,39.82],[-65.33,45.41],[-63.42,44.85],[-63.86,43.54],[-61.95,42.07],[-63.82,38.45],[-65.61,36.82],[-66.46,34]]]}},{"type":"Feature","properties":{},"geometry":{"type":"Polygon","coordinates":[[[-62.73,30.96],[-65.49,31.77],[-66.39,33.05],[-67.85,33.92],[-66.83,37.38],[-64.92,38.91],[-63.05,41.5],[-62.75,42.45],[-64.53,44],[-63.98,45.28],[-62.87,45.3],[-60.73,41.08],[-60.13,38.33],[-60.45,35.01],[-62.35,32.79],[-62.73,30.96]]]}},{"type":"Feature","properties":{},"geometry":{"type":"Polygon","coordinates":[[[-42.49,25.89],[-43.47,25.8],[-42.56,25.62],[-42.99,25.25],[-42.51,24.52],[-43.16,25.2],[-43.5,24.8],[-44.29,25.03],[-44.87,25.8],[-45.37,25.58],[-46.76,26.29],[-47.76,25.82],[-47.43,25.96],[-47.88,26.19],[-47.81,25.83],[-49.49,25.15],[-49.06,25.34],[-49.7,25.52],[-49.51,25.19],[-50.36,24.99],[-50.72,24.27],[-51.04,24.47],[-50.75,22.9],[-51.31,22.04],[-51.1,22.4],[-51.46,22.42],[-52.11,19.11],[-51.26,16.25],[-50.13,15.26],[-49.7,14.12],[-50.31,14.3],[-51.77,15.75],[-53.22,19.72],[-53.58,25.25],[-47.18,27.61],[-44.64,27.12],[-42.49,25.89]]]}},{"type":"Feature","properties":{},"geometry":{"type":"Polygon","coordinates":[[[-49.33,12.26],[-50.39,13.13],[-51.87,12.63],[-53.34,13.19],[-59.65,17.75],[-60.15,18.95],[-59.69,19.04],[-59.45,19.9],[-59.82,21.21],[-61.47,23.98],[-62.49,24.67],[-62.33,25.61],[-64.25,27.93],[-65.06,30.39],[-62.22,27.32],[-60.61,26.26],[-56.49,23.74],[-53.74,23.12],[-52.21,16.69],[-51.77,15.75],[-48.38,12.43],[-49.33,12.26]]]}},{"type":"Feature","properties":{},"geometry":{"type":"Polygon","coordinates":[[[-48.74,14.89],[-46.45,14.68],[-45.04,16.93],[-44.51,17.08],[-41.6,16.72],[-42.8,15.18],[-42.51,15.03],[-43.17,13.76],[-43.24,14.43],[-43.66,14.01],[-43.74,12.59],[-44.69,11.65],[-44.43,11.49],[-47.75,12.02],[-49.02,13.81],[-48.74,14.89]]]}},{"type":"Feature","properties":{},"geometry":{"type":"Polygon","coordinates":[[[-63.66,28.46],[-63.67,26.62],[-61.28,22.97],[-60.75,20.53],[-59.64,19.5],[-60.14,18.98],[-62.13,21.2],[-61.91,22.05],[-62.78,23.44],[-63.26,23.23],[-64.45,24.4],[-63.44,24.19],[-63.42,25.05],[-64.8,26.48],[-65.84,30.05],[-66.82,31.07],[-68.74,31.85],[-69.98,35.03],[-67.54,32.36],[-65.15,30.91],[-63.66,28.46]]]}},{"type":"Feature","properties":{},"geometry":{"type":"Polygon","coordinates":[[[-65.06,30.39],[-64.89,30.82],[-66.49,31.83],[-67.81,34.37],[-69.38,35.39],[-69.02,35.81],[-68.19,36.08],[-66.13,35.6],[-64.68,33.96],[-62.67,32.89],[-61.8,31.6],[-59.06,30.75],[-57.39,29.55],[-56.84,28.48],[-57.01,24.18],[-62.22,27.32],[-65.06,30.39]]]}},{"type":"Feature","properties":{},"geometry":{"type":"Polygon","coordinates":[[[-45.11,84.19],[-42.52,84.75],[-42.79,84.98],[-39.46,84.78],[-38.77,84.9],[-40.82,85],[-32.07,85.33],[-25.47,85.34],[-20.64,84.78],[-23.08,84.67],[-14.99,84.38],[-27.43,83.21],[-30.04,83.14],[-28.96,83.16],[-30.17,83.44],[-29.15,83.56],[-31.04,83.62],[-38.73,83.02],[-45.11,84.19]]]}},{"type":"Feature","properties":{},"geometry":{"type":"Polygon","coordinates":[[[-38.52,82.94],[-35.89,83.05],[-36.22,83.12],[-32.04,82.71],[-37.09,82.77],[-34.3,82.53],[-34.72,82.41],[-28.29,82.63],[-17.88,81.66],[-19.09,81.54],[-19.01,81.1],[-24.41,80.74],[-25,80.42],[-24.63,79.97],[-25.4,79.49],[-31.19,78.37],[-31.94,77.69],[-33.85,77.77],[-33.43,78],[-34.11,78.16],[-34.94,77.99],[-34.36,77.68],[-41.29,77.51],[-57.1,74.11],[-60.37,74.89],[-62.29,77.21],[-62.23,77.67],[-61.39,77.92],[-56.22,78.65],[-47.65,80.98],[-38.55,81.99],[-38.03,82.33],[-38.52,82.94]]]}},{"type":"Feature","properties":{},"geometry":{"type":"Polygon","coordinates":[[[-26.17,33.57],[-27.26,32.19],[-27.81,32.95],[-27.53,31.73],[-28.61,30.55],[-28.16,31.35],[-28.65,32.31],[-28.1,32.97],[-28.79,32.75],[-28.76,31.51],[-29.59,32.05],[-28.73,31.34],[-29.31,31.52],[-28.96,30.48],[-29.5,30.79],[-28.69,30.37],[-28.5,29.19],[-28.71,30.15],[-28.68,29.5],[-29.55,29.51],[-28.7,29.05],[-29.84,29.04],[-29.45,28.79],[-29.97,28.6],[-29.39,28.41],[-34.03,26.67],[-34.89,25.42],[-34.33,20.96],[-35.02,19.41],[-35.67,19.51],[-36.09,20.34],[-35.97,21.15],[-36.28,21.01],[-36.72,22.03],[-36.35,22.44],[-36.8,22.44],[-36.36,23.41],[-37.59,24.95],[-38.81,24.59],[-38.89,25.26],[-39.75,25.49],[-39.43,25.54],[-41.2,25.56],[-41.05,26.13],[-41.29,25.66],[-42.37,25.84],[-44.64,27.12],[-36.81,27.92],[-33.62,29.43],[-29.33,32.51],[-26.17,33.57]]]}},{"type":"Feature","properties":{},"geometry":{"type":"Polygon","coordinates":[[[-55.92,14.38],[-52.89,12.44],[-52.01,10.55],[-54.88,7.64],[-56.4,7.52],[-56.59,8.08],[-56.72,7.47],[-56.97,8.39],[-56.39,8.85],[-56.88,11.5],[-56.5,11.3],[-56.35,11.74],[-57.35,12.15],[-59.17,14.52],[-59.84,17.25],[-58.9,16.96],[-58.12,15.8],[-55.92,14.38]]]}},{"type":"Feature","properties":{},"geometry":{"type":"Polygon","coordinates":[[[-27.86,63.95],[-28.57,63.87],[-28.24,63.3],[-28.83,62.79],[-26.85,63.44],[-26.51,62.82],[-27.44,62.18],[-27.26,61.2],[-23.78,62.63],[-24.27,62.99],[-23.85,63.56],[-21.66,62.95],[-22.46,62.98],[-21.35,62.3],[-22.07,62.21],[-21.66,61.88],[-22.83,61.87],[-22.43,61.7],[-22.81,61.73],[-22.44,60.76],[-22.94,60.36],[-24.78,59.98],[-24.83,60.59],[-25.84,60.72],[-25.32,60.69],[-25.26,59.85],[-27.24,60.61],[-26.82,60.13],[-28.52,59.54],[-29.99,60.51],[-31.31,60.71],[-28.31,59.41],[-29.78,58.55],[-31.31,58.86],[-32.34,58.24],[-34.75,59.23],[-32.41,58.16],[-32.71,57.77],[-34.11,57.92],[-33.79,57.61],[-35.83,57.31],[-35.47,57],[-36.55,56.84],[-36.15,56.7],[-37.78,55.56],[-38.42,54.72],[-37.02,54.15],[-37.06,52.7],[-37.52,52.32],[-35.57,52.29],[-31.72,49.58],[-29.41,49.1],[-30.16,46.94],[-29.06,45.11],[-28.58,44.86],[-28.01,45.29],[-27.78,44.73],[-27.74,45.35],[-27.06,45.85],[-26.95,47.5],[-27.41,48.23],[-25.51,48.59],[-24.07,49.56],[-23.87,51.17],[-24.94,52.01],[-23.3,53.11],[-23.56,53.56],[-23.15,53.97],[-23.74,54],[-22.82,54.63],[-23.05,55.42],[-22.29,55.63],[-20.23,54.82],[-19.4,55.09],[-18.49,54.32],[-18.67,54.04],[-18.09,54],[-18.33,53.56],[-16.69,53.24],[-17.16,52.29],[-18.25,52.44],[-17.27,52.19],[-17.54,51.56],[-17.09,51.24],[-18.29,50.99],[-16.88,51.07],[-16.53,50.64],[-17.79,49.97],[-16.38,50.66],[-16.36,49.97],[-14.98,50.75],[-14.87,50.17],[-14.66,50.77],[-14.05,50.82],[-14.34,51.09],[-13.73,51.14],[-14.02,51.53],[-12.94,51.91],[-13.27,51.72],[-12.46,50.77],[-13.07,50.67],[-12.21,50.24],[-12.93,49.91],[-12.04,49.99],[-12.82,49.57],[-12.04,49.68],[-12.29,49.45],[-11.74,49.09],[-12.31,49.02],[-11.46,48.51],[-11.85,48.07],[-12.54,48.32],[-11.85,48],[-12.33,47.97],[-11.3,46.92],[-10.94,47.12],[-11.44,46.37],[-10.6,46.63],[-10.83,46.43],[-10.35,46.43],[-10.87,46.06],[-10.11,46.47],[-10.19,46.06],[-8.78,45.66],[-11.91,44.66],[-8.97,45.3],[-9,44.55],[-7.87,44.52],[-7.88,43.81],[-8.21,43.85],[-7.88,43.59],[-8.54,43.64],[-7.85,43.17],[-9.13,42.51],[-10.59,42.71],[-10.97,42.02],[-12.07,41.59],[-17.39,42.31],[-18.39,41.49],[-19.98,41.14],[-22.28,39.51],[-17.46,41.24],[-15.78,40.57],[-16.16,40.71],[-15.88,40.33],[-16.87,39.96],[-18.19,40.11],[-16.43,39.62],[-16.97,38.99],[-21.43,37.12],[-24.48,34.16],[-25.74,34.07],[-29.33,32.51],[-33.62,29.43],[-36.81,27.92],[-42.11,27.14],[-47.78,27.52],[-53.58,25.25],[-53.74,23.12],[-56.49,23.74],[-57.01,24.18],[-57.13,25.25],[-57.03,29.07],[-58.82,30.48],[-59.08,31.21],[-58.65,32.58],[-56.55,35.29],[-56.6,39.88],[-58.59,43.9],[-60.73,51.72],[-64.46,55.33],[-65.16,56.62],[-65.92,60.7],[-64.22,61.97],[-63.46,64.37],[-65.2,65.9],[-68.3,67.48],[-67.57,69.41],[-66.18,70.3],[-66.71,70.91],[-65.35,70.42],[-65.15,71.04],[-62.95,71.21],[-62.53,70.92],[-63.4,70.76],[-57.74,70.8],[-61.41,70.35],[-60.04,70.49],[-60.63,70.01],[-59.24,70.43],[-55.73,70.33],[-56.29,70.52],[-55.8,70.78],[-55.92,69.58],[-55.49,69.24],[-53.42,69.84],[-54.55,69.07],[-51.65,69.01],[-46.98,66.64],[-49.04,66.33],[-48.68,66.11],[-44.24,65.46],[-43.71,65.04],[-43.93,64.67],[-43.49,64.9],[-43.29,64.46],[-43.95,64.45],[-43.55,63.49],[-43.64,63.97],[-42.72,64.19],[-42.85,64.93],[-40.06,65.31],[-42.99,65.48],[-40.15,65.67],[-39.62,64.39],[-38.81,64.54],[-38.25,63.89],[-35.31,63.39],[-34.9,64.04],[-34.16,64.07],[-33.21,63.62],[-33.73,63.39],[-32.84,63.52],[-34,62.84],[-33.36,62.4],[-32.73,63.25],[-30.6,63.47],[-30.95,63.51],[-30.57,63.94],[-31.48,63.76],[-29.96,64.32],[-30.58,64.33],[-31.58,65.29],[-30.43,65.72],[-30.96,65.9],[-30.36,66.32],[-28.36,66.59],[-28.67,66.75],[-27.84,66.38],[-28.32,65.45],[-27.87,64.65],[-29.43,64.39],[-27.86,63.95]]]}},{"type":"Feature","properties":{},"geometry":{"type":"Polygon","coordinates":[[[-84.37,43.27],[-84.8,42.92],[-85.05,43.24],[-84.54,43.59],[-85.14,44.14],[-85.04,43.39],[-85.61,43.33],[-85.9,44.6],[-85.45,46.52],[-86.58,48.08],[-88.25,49.45],[-90.23,49.87],[-89.62,50.07],[-91.4,50.39],[-94.76,50.05],[-94.5,49.48],[-95.83,49.32],[-100.13,49.71],[-100.64,49.39],[-103.08,50.05],[-103,50.37],[-105.03,50.51],[-102.83,50.65],[-102.01,49.95],[-101.5,50.35],[-98.5,50.13],[-96.42,50.9],[-97.58,51.14],[-97.18,51.55],[-98.24,51.25],[-97.98,51.9],[-98.41,52.18],[-93.92,52.7],[-88.23,51.61],[-86.25,50.73],[-84.22,48.47],[-84.37,43.27]]]}},{"type":"Feature","properties":{},"geometry":{"type":"Polygon","coordinates":[[[-92.76,49.59],[-91.45,50.14],[-90.55,50.01],[-92.76,49.59]]]}},{"type":"Feature","properties":{},"geometry":{"type":"Polygon","coordinates":[[[-73.1,43.96],[-72.65,44.04],[-73.08,43.98],[-72.95,45.72],[-74.95,48.75],[-76.09,49.6],[-75.84,49.84],[-75.17,49.07],[-75.81,49.85],[-75.08,50.37],[-76.31,49.85],[-76.59,50.55],[-75.61,50.63],[-76.57,51.02],[-76.31,51.24],[-76.21,50.82],[-76.27,51.23],[-74.86,51.68],[-75.77,51.46],[-74.9,52.23],[-76.43,51.43],[-75.59,52.44],[-76.35,52.78],[-76.85,52.46],[-75.79,52.91],[-76.47,54.39],[-76.04,54.32],[-76.17,54.8],[-75.78,54.4],[-76.06,54.83],[-75.63,54.82],[-76.11,55.05],[-75.56,55.07],[-76.15,55.21],[-75.43,55.51],[-76.39,55.68],[-75.74,56.76],[-76.41,56.08],[-76.15,57.8],[-76.69,61.28],[-72.32,59.61],[-71.59,58.73],[-72.64,57.62],[-72.75,56.82],[-72.11,54.75],[-70.38,53.33],[-70.29,49.43],[-70.69,47.87],[-70.29,45.4],[-72.13,42],[-73.64,42.58],[-73.1,43.96]]]}},{"type":"Feature","properties":{},"geometry":{"type":"Polygon","coordinates":[[[-71.59,58.73],[-70.54,57.03],[-70.6,53.54],[-72.11,54.75],[-72.75,56.82],[-72.64,57.62],[-71.59,58.73]]]}},{"type":"Feature","properties":{},"geometry":{"type":"Polygon","coordinates":[[[-73.38,68.82],[-73.34,67.27],[-70.32,66.01],[-68.44,64.5],[-69.02,62.09],[-70.64,60.79],[-70.69,60.25],[-69.35,56.1],[-64.98,51.9],[-62.87,45.3],[-68.99,46.7],[-70.2,47.67],[-69.29,52.44],[-70.4,54.15],[-71.15,57.53],[-74.2,63.09],[-80.47,67.33],[-86.19,69.95],[-84.09,70.41],[-75.07,70.33],[-72.42,70.98],[-71.8,70.38],[-73.38,68.82]]]}},{"type":"Feature","properties":{},"geometry":{"type":"Polygon","coordinates":[[[-85.84,44.69],[-86.3,45.4],[-85.67,45.63],[-85.84,44.69]]]}},{"type":"Feature","properties":{},"geometry":{"type":"Polygon","coordinates":[[[-85.54,45.34],[-88.28,47.2],[-88.11,47.69],[-88.91,48.53],[-88.21,48.66],[-89.44,49.01],[-88.87,49.27],[-89.94,49.26],[-89.88,48.75],[-90.66,48.56],[-91.03,49.03],[-92.85,48.9],[-93.35,49.31],[-90.61,49.87],[-90.05,49.38],[-90.23,49.87],[-88.25,49.45],[-85.45,46.52],[-85.54,45.34]]]}},{"type":"Feature","properties":{},"geometry":{"type":"Polygon","coordinates":[[[-71.59,58.73],[-72.32,59.61],[-71.72,59.39],[-71.59,58.73]]]}},{"type":"Feature","properties":{},"geometry":{"type":"Polygon","coordinates":[[[10.19,57.05],[11.27,56.39],[10.03,56.79],[10.19,57.05]]]}},{"type":"Feature","properties":{},"geometry":{"type":"Polygon","coordinates":[[[10.75,57.21],[11.42,56.83],[9.99,57.14],[10.75,57.21]]]}},{"type":"Feature","properties":{},"geometry":{"type":"Polygon","coordinates":[[[63.36,69.79],[64.05,69.49],[63.21,69.46],[63.36,69.79]]]}},{"type":"Feature","properties":{},"geometry":{"type":"Polygon","coordinates":[[[-40.5,70.84],[-41.88,70.18],[-40.06,70.31],[-39.14,69.77],[-40.15,69.47],[-37.69,69.71],[-37.45,69.29],[-38.26,68.28],[-37.44,68.47],[-36.33,69.7],[-34.98,69.47],[-34.83,68.92],[-36.51,67.3],[-36.31,66.73],[-34.85,66.02],[-35.15,65.64],[-37.28,65.95],[-37.66,65.35],[-36.55,65.59],[-36.48,65.18],[-37.76,65.03],[-39.4,65.46],[-39.02,65.59],[-40.08,65.92],[-39.88,66.23],[-42.63,65.94],[-46.35,66.4],[-45.61,67.04],[-47.9,67.84],[-47.84,68.44],[-47.28,68.48],[-42.69,67.7],[-44.03,68.47],[-47.15,69.01],[-47.23,69.48],[-43.81,69.38],[-46.72,70.06],[-44.93,70.76],[-40.5,70.84]]]}},{"type":"Feature","properties":{},"geometry":{"type":"Polygon","coordinates":[[[45.93,67.11],[47.1,67.03],[46.55,66.74],[47.05,66.82],[46.63,66.61],[46.98,66.36],[46.57,66.36],[47.19,65.74],[49.9,64.74],[46.94,64.51],[46.69,64.79],[47.2,64.88],[46.32,65.22],[44.98,65.02],[44.55,65.51],[45.17,65.59],[45.33,66.15],[44.88,66.15],[45.55,66.27],[44.59,66.35],[45.93,67.11]]]}},{"type":"Feature","properties":{},"geometry":{"type":"Polygon","coordinates":[[[9.97,57.62],[10.94,57.29],[9.42,57.41],[9.97,57.62]]]}},{"type":"Feature","properties":{},"geometry":{"type":"Polygon","coordinates":[[[57.27,68.91],[57.67,68.85],[56.59,68.51],[56.23,68.83],[57.27,68.91]]]}},{"type":"Feature","properties":{},"geometry":{"type":"Polygon","coordinates":[[[-33.29,69.73],[-33.13,69.44],[-34.67,68.97],[-35.02,69.76],[-33.29,69.73]]]}},{"type":"Feature","properties":{},"geometry":{"type":"Polygon","coordinates":[[[-16.85,66.57],[-14.98,65.98],[-14.76,65.33],[-17.23,65.54],[-17.55,66.22],[-16.85,66.57]]]}},{"type":"Feature","properties":{},"geometry":{"type":"Polygon","coordinates":[[[-18.65,57.27],[-20.9,57.08],[-21.89,57.77],[-20.73,58.4],[-17.83,57.93],[-18.21,58.72],[-15.9,59.53],[-16.03,60.71],[-16.55,60.83],[-16.18,61.03],[-17.26,61.58],[-18.3,61.39],[-17.2,61.78],[-17.74,62.22],[-17.32,62.27],[-18.06,62.35],[-17.65,62.67],[-18.3,62.51],[-18,62.94],[-18.5,63.04],[-18.53,63.56],[-19.23,63.32],[-18.8,63.19],[-19.03,62.77],[-20.93,63.34],[-20.66,62.86],[-21.68,63.67],[-21.05,63.16],[-23.92,63.73],[-24.26,64.04],[-23.88,64.28],[-25.23,64.23],[-25.6,65.21],[-23.89,64.8],[-25.59,65.5],[-25.17,66.05],[-21.9,67.34],[-19.76,67.1],[-22.07,66.33],[-22.53,65.65],[-22.13,64.78],[-23.77,64.77],[-22.29,64.73],[-22.5,64.46],[-21.53,65.08],[-22.27,65.62],[-21.02,65.51],[-21.49,65.96],[-21.17,66.38],[-17.6,66.65],[-17.68,65.6],[-18.92,64.89],[-17.6,65.33],[-17.23,65.02],[-17.66,64.76],[-17.25,64.92],[-16.85,64.39],[-17.22,64.97],[-16.38,64.82],[-16.77,65.19],[-15.91,65.33],[-14.55,64.83],[-15.78,64.17],[-14.23,64.22],[-15.28,64.09],[-14.8,63.98],[-15.46,63.57],[-14.03,63.98],[-14.79,63.71],[-14.17,63.79],[-14.74,63.32],[-13.43,63.77],[-12.73,63.25],[-14.14,62.77],[-12.51,63.01],[-13.88,62.53],[-13.23,62.57],[-13.83,62.11],[-12.13,62.76],[-12.91,62.44],[-11.89,62.63],[-11.27,62.25],[-12.88,61.98],[-13.21,61.83],[-11.73,61.96],[-13,61.56],[-11.3,62.06],[-10.87,61.61],[-13.09,61.49],[-10.87,60.9],[-12.48,61.22],[-11.88,61],[-12.68,60.85],[-12,60.94],[-11.73,60.77],[-12.37,60.73],[-11.9,60.54],[-13.05,60.73],[-11.3,60.11],[-12.26,60.06],[-11.2,59.77],[-11.43,59.43],[-10.98,59.64],[-11.27,59.23],[-10.14,59.48],[-10.66,59.2],[-10.07,59.3],[-9.89,58.79],[-10.59,58.53],[-9.27,58.7],[-10.04,58.27],[-8.63,58.34],[-8.26,57.85],[-9.56,57.71],[-9,57.31],[-9.77,57.51],[-9.34,57.14],[-9.71,57.3],[-9.71,56.95],[-10.2,57.37],[-10.64,56.36],[-11.74,57.38],[-10.62,57.86],[-11.93,57.61],[-11.43,58],[-11.94,57.78],[-12.26,58.33],[-13.13,58.48],[-12.62,58.22],[-13.22,58.37],[-12.83,57.81],[-13.71,57.98],[-13.42,57.64],[-13.82,57.34],[-13.12,57.48],[-13.1,56.5],[-12.88,56.8],[-12.83,56.36],[-12.42,56.59],[-12.44,56.16],[-11.95,56.11],[-12.48,55.99],[-11.8,55.58],[-12.01,54.85],[-12.39,55.46],[-12.2,54.52],[-12.66,54.71],[-12.77,54.25],[-13.47,55.21],[-13.64,54.82],[-14.38,55.71],[-14.32,55.31],[-15.21,55.8],[-13.45,53.97],[-13.62,53.65],[-17.37,55.38],[-17.76,55.84],[-16.98,55.88],[-17.97,56.28],[-18.36,56.92],[-18.08,57.15],[-18.88,56.92],[-18.65,57.27]]]}},{"type":"Feature","properties":{},"geometry":{"type":"Polygon","coordinates":[[[129.76,81.02],[133.7,80.62],[127.32,80.28],[128.23,80.49],[128,80.87],[129.76,81.02]]]}},{"type":"Feature","properties":{},"geometry":{"type":"Polygon","coordinates":[[[-29.38,69.12],[-27.73,68.57],[-29.74,68.13],[-28.96,67.93],[-29.33,67.59],[-28.7,67.64],[-29.67,66.88],[-31.17,66.91],[-30.92,67.14],[-31.95,66.65],[-32.27,67.71],[-33.06,68.41],[-32.22,68.74],[-31.91,68.22],[-30.93,68.24],[-30.48,68.7],[-31.24,69],[-29.38,69.12]]]}},{"type":"Feature","properties":{},"geometry":{"type":"Polygon","coordinates":[[[-24.86,68.49],[-23.04,67.83],[-28.67,66.76],[-26.97,68.35],[-24.86,68.49]]]}},{"type":"Feature","properties":{},"geometry":{"type":"Polygon","coordinates":[[[87.09,76.03],[88.48,75.73],[86.62,75.97],[87.09,76.03]]]}},{"type":"Feature","properties":{},"geometry":{"type":"Polygon","coordinates":[[[-43.28,72.9],[-42.67,72.35],[-43,72.27],[-42.29,72.26],[-42.71,72.09],[-41.05,72],[-40.89,71.06],[-50.62,70.29],[-50.9,71.4],[-51.76,71.6],[-46.63,72.66],[-46.17,73.3],[-43.28,72.9]]]}},{"type":"Feature","properties":{},"geometry":{"type":"Polygon","coordinates":[[[13.8,59.36],[13.87,58.97],[13.23,59.09],[13.8,59.36]]]}},{"type":"Feature","properties":{},"geometry":{"type":"Polygon","coordinates":[[[132.41,82.91],[140.86,82.95],[136.65,82.58],[130.31,83.07],[132.41,82.91]]]}},{"type":"Feature","properties":{},"geometry":{"type":"Polygon","coordinates":[[[-18.8,68.84],[-20.06,67.99],[-21.04,68.69],[-18.8,68.84]]]}},{"type":"Feature","properties":{},"geometry":{"type":"Polygon","coordinates":[[[-27.45,73.69],[-29.37,73.93],[-27.05,73.72],[-27.45,73.69]]]}},{"type":"Feature","properties":{},"geometry":{"type":"Polygon","coordinates":[[[115.92,82.51],[120.43,82.3],[121.32,82.35],[119.29,82.81],[124.79,82.91],[129.1,82.6],[126.93,81.86],[120.61,81.21],[114.8,82.06],[115.92,82.51]]]}},{"type":"Feature","properties":{},"geometry":{"type":"Polygon","coordinates":[[[69.76,74.82],[70.52,74.81],[69.42,74.7],[69.76,74.82]]]}},{"type":"Feature","properties":{},"geometry":{"type":"Polygon","coordinates":[[[-20.26,71.27],[-20.41,70.92],[-21.26,71.12],[-20.26,71.27]]]}},{"type":"Feature","properties":{},"geometry":{"type":"Polygon","coordinates":[[[-18.01,70.21],[-21.1,69.08],[-22.66,69.56],[-20.93,69.84],[-22.39,70.43],[-21.38,70.18],[-19.95,70.71],[-20.46,70],[-19.63,70.07],[-19.94,70.3],[-19.48,70.57],[-18.01,70.21]]]}},{"type":"Feature","properties":{},"geometry":{"type":"Polygon","coordinates":[[[-21.6,72.22],[-24.14,71.58],[-22.86,71.43],[-22.93,71.07],[-25.18,70.74],[-30.31,72.08],[-29.98,72.37],[-26.87,71.89],[-28.72,72.44],[-27.64,72.68],[-29.49,72.65],[-29,72.78],[-29.76,72.79],[-29.37,73.02],[-29.79,73.37],[-26.66,73.05],[-27.37,73.48],[-26.64,73.55],[-24.76,73.37],[-25.4,73.02],[-24.86,72.69],[-26.24,72.1],[-25.38,71.6],[-23.57,72.36],[-21.6,72.22]]]}},{"type":"Feature","properties":{},"geometry":{"type":"Polygon","coordinates":[[[49.74,71.75],[51,71.65],[51.2,71.16],[47.95,69.55],[47.47,69.1],[47.96,68.92],[47.34,68.87],[47.79,68.7],[47.16,68.77],[47.55,68.5],[46.8,68.53],[47.41,68.02],[46.59,67.97],[47.39,67.76],[46.39,67.73],[47.36,67.58],[46.41,67.58],[47.12,67.14],[45.29,66.95],[46.23,67.43],[44.52,67.3],[45.32,67.59],[45.06,67.82],[46.1,67.82],[45.03,67.91],[45.54,68.25],[45.04,68.39],[45.81,68.5],[44.58,68.82],[45.71,69.18],[45.41,69.52],[46.75,70.09],[46.59,70.37],[49.36,71.13],[49.01,71.23],[49.74,71.75]]]}},{"type":"Feature","properties":{},"geometry":{"type":"Polygon","coordinates":[[[-15.99,69.91],[-15.55,69.48],[-16.63,69.14],[-15.12,68.93],[-15.61,68.84],[-15.03,68.3],[-16.13,68.58],[-15.89,68.3],[-16.45,68.36],[-16,67.93],[-16.56,67.64],[-12.81,66.79],[-12.19,66.05],[-13.27,65.84],[-12.96,65.58],[-14.84,65.67],[-15.25,65.93],[-14.95,66.3],[-15.97,66.14],[-18.06,66.91],[-17.46,67.15],[-18.72,67.2],[-18.91,67.53],[-18.45,67.6],[-19.28,67.59],[-16.53,69.02],[-17.78,69.35],[-17.02,69.63],[-17.29,69.96],[-15.99,69.91]]]}},{"type":"Feature","properties":{},"geometry":{"type":"Polygon","coordinates":[[[-21.92,74.1],[-26.05,73.72],[-26.45,73.76],[-24.81,74.11],[-28.46,74.11],[-29.06,74.26],[-27.99,74.46],[-29.67,74.69],[-27.81,74.92],[-21.92,74.1]]]}},{"type":"Feature","properties":{},"geometry":{"type":"Polygon","coordinates":[[[64.18,42.31],[63.13,41.99],[63.3,44.45],[60.53,48.63],[61.79,51.16],[61.82,52.43],[58.72,59.2],[59.29,60.45],[60.5,61.4],[65.06,59.45],[69.88,55.68],[74.45,53.83],[78.08,49.74],[83.5,47.29],[91.29,44.57],[83.3,40.91],[75.48,35.35],[70.25,35.44],[65.21,37.35],[63.53,38.77],[64.95,40.56],[63.94,41.07],[64.18,42.31]]]}},{"type":"Feature","properties":{},"geometry":{"type":"Polygon","coordinates":[[[91.36,41.41],[92.62,41.25],[94.01,40.25],[92.55,38.43],[85.45,35.5],[83.87,33.8],[81.06,34.05],[76.54,36.65],[74.41,36.81],[79.51,39.99],[84.04,41.9],[91.36,41.41]]]}},{"type":"Feature","properties":{},"geometry":{"type":"Polygon","coordinates":[[[96.82,42.93],[93.17,41.83],[85.05,41.67],[91.29,44.57],[94.53,43.27],[96.82,42.93]]]}},{"type":"Feature","properties":{},"geometry":{"type":"Polygon","coordinates":[[[99.32,35.51],[105.12,34.03],[103.07,33.49],[97.18,34.01],[90.55,33.47],[82.18,31.12],[82.62,32.01],[88.77,35.85],[91.16,36.81],[99.32,35.51]]]}},{"type":"Feature","properties":{},"geometry":{"type":"Polygon","coordinates":[[[138.19,56.64],[139.37,56.83],[138.75,56.42],[139.54,56.45],[140.13,56.89],[140.08,56.42],[140.17,57.19],[141.38,57.25],[143.28,56.35],[142.59,56.12],[143.59,55.21],[142.74,54.25],[142.61,51.45],[137.88,46.26],[136.47,45.49],[135,45.44],[134.92,45.94],[134.4,45.91],[133.87,45.09],[129.64,45.91],[125.62,45.57],[115.98,44.56],[106.49,42.39],[102.89,42.83],[96.61,42.28],[94.43,42.83],[92.54,44.11],[98.13,44.21],[102.95,45.41],[107.06,47.57],[110.78,48.58],[113.39,50.43],[117.95,51.55],[120.63,54.44],[123.34,55.94],[129.99,55.77],[138.19,56.64]]]}},{"type":"Feature","properties":{},"geometry":{"type":"Polygon","coordinates":[[[84.69,74.34],[84.4,73.98],[84.86,73.43],[84.76,73.94],[86.83,74.22],[86.19,74.3],[87.69,75.09],[86.14,75.2],[87.38,75.49],[91.05,75.15],[91.33,75.35],[90.43,75.38],[95.25,76.27],[97.53,75.98],[101.4,76.49],[99.72,77.13],[100.35,77.41],[107.94,77.59],[107.59,77.49],[110.13,76.86],[109.3,76.54],[112.68,76.01],[114.89,75.86],[115.21,76.14],[114.38,76.88],[114.92,76.71],[117.23,75.73],[118.78,73.69],[119.62,73.49],[136.01,72.94],[146.25,71.69],[150.67,70.04],[151.9,67.84],[141.39,66.46],[135.1,61.51],[137.14,61.48],[137.37,60.68],[128.57,59.22],[121.34,58.87],[118.87,57.15],[116.76,54.07],[112.26,52.55],[109.97,50.48],[106.38,49.14],[102.62,46.63],[97.99,44.98],[92.42,44.37],[83.5,47.29],[78.08,49.74],[74.45,53.83],[68.17,56.78],[63.7,60.22],[61.63,62.68],[64.69,62.51],[65.68,64.23],[64.56,65.16],[65.58,65.64],[67.03,65.36],[68.32,64.32],[70.49,64.49],[67.83,64.69],[67.52,65.03],[67.93,65.27],[66.88,65.78],[63.61,65.48],[62.82,66],[62.58,66.86],[60.71,67.42],[61.34,68.39],[60.41,68.91],[61.39,68.79],[62.37,67.73],[63.14,67.63],[65.42,67.7],[62.44,68.26],[64.06,68.53],[63.14,68.75],[63.65,69.04],[68.19,69.12],[68.41,68.82],[68.01,68.57],[68.89,67.58],[71.79,67.44],[69.75,67.82],[70.2,68.08],[68.64,69.11],[65.42,69.43],[63.64,70.35],[68.05,71.55],[65.58,72.22],[66.68,72.17],[66.16,72.52],[66.53,72.61],[65.7,72.58],[69.27,74.31],[68.21,74.31],[70.62,74.45],[71.89,75.25],[72.88,75.23],[71.39,75.42],[72.79,75.81],[71.47,76.28],[71.47,77.14],[74.1,77.22],[73.53,76.69],[76.45,77.07],[77.04,76.6],[79.63,77.54],[84.59,77.31],[85.27,76.99],[83.27,77.02],[85.75,76.94],[86.25,76.41],[84.97,75.33],[85.47,75.42],[85.36,74.65],[83.62,74.29],[84.69,74.34]]]}},{"type":"Feature","properties":{},"geometry":{"type":"Polygon","coordinates":[[[60.22,63.98],[60.09,64.63],[57.83,64.92],[57.21,66.05],[56.5,66.1],[56.34,66.51],[56.93,67.16],[56.31,68.34],[59.11,68.57],[59.76,67.34],[61.17,66.91],[62.63,65.24],[64.08,64.8],[64.36,64.04],[63.97,63.09],[61.61,62.7],[60.22,63.98]]]}},{"type":"Feature","properties":{},"geometry":{"type":"Polygon","coordinates":[[[83.58,16.49],[88.32,16.9],[92.24,16.18],[94.14,14.64],[96.34,11.26],[91.19,13.59],[83.48,13.36],[80.39,13.96],[76.84,15.72],[73.53,18.52],[72.72,19.92],[78.31,17.16],[83.58,16.49]]]}},{"type":"Feature","properties":{},"geometry":{"type":"Polygon","coordinates":[[[46.26,-52.01],[46.95,-51.81],[46.54,-51.69],[46.57,-51.05],[46.32,-51.84],[46.41,-50.89],[45.87,-50.42],[46.17,-51.45],[45.55,-51.94],[42.55,-51.51],[43.04,-51.13],[42.01,-51.16],[42.7,-50.61],[40.62,-50.19],[39.91,-50.62],[38.45,-50.46],[31.81,-48.21],[31.18,-48.39],[30.28,-47.61],[29.24,-47.47],[28.93,-46.89],[25.6,-47.7],[21.1,-48.06],[20.65,-47.48],[19.58,-47.32],[19.36,-47.72],[18.9,-46.93],[17.74,-46.74],[17.18,-46.06],[18.07,-45.16],[21.2,-43.86],[27.14,-40.25],[32.6,-38.17],[33.41,-38.42],[33.11,-37.94],[33.86,-37.93],[33.78,-37.55],[32.39,-37.72],[31.3,-36.68],[32.5,-34.58],[33.25,-35.59],[33.97,-35.68],[33.2,-34.64],[33.58,-33.75],[34.24,-33.93],[33.72,-33.62],[34.13,-33.49],[33.81,-32.8],[34.79,-32.51],[34.56,-31.79],[35.43,-31.44],[34.88,-30.88],[40.04,-29.85],[48.38,-31.42],[49.58,-32.06],[50.17,-33.39],[49.14,-34.74],[48.04,-38.87],[48.52,-43.6],[49.77,-45.6],[56.69,-51.54],[57.28,-52.73],[46.26,-52.01]]]}},{"type":"Feature","properties":{},"geometry":{"type":"Polygon","coordinates":[[[74.04,24.65],[76.23,23.58],[77.74,23.38],[78.79,23.55],[79.55,24.5],[85.22,26.16],[91.44,25.08],[95.84,23.21],[96.98,20.91],[97.3,18.46],[94.68,21.34],[92.43,22.37],[89.16,22.53],[84.32,21.71],[78.85,21.89],[72.35,24.22],[71.26,24.13],[70.06,25.91],[71.95,25.87],[74.04,24.65]]]}},{"type":"Feature","properties":{},"geometry":{"type":"Polygon","coordinates":[[[101.47,26.77],[101.32,26.35],[99.76,28.48],[97.74,29.2],[89.11,30.04],[95.22,31.55],[99.93,31.58],[104.03,32.3],[102.72,30.44],[101.47,26.77]]]}},{"type":"Feature","properties":{},"geometry":{"type":"Polygon","coordinates":[[[61.61,62.7],[63.7,60.22],[60.5,61.4],[61.14,63.19],[61.61,62.7]]]}},{"type":"Feature","properties":{},"geometry":{"type":"Polygon","coordinates":[[[57.77,35.23],[57.17,36.15],[57.23,37.13],[55.81,37.36],[54.56,38.64],[55.74,38.74],[55.05,38.96],[55.46,39.56],[56.84,39.77],[56.19,41.19],[54.92,41.16],[53.64,40.23],[53.2,40.37],[52.99,39.49],[52.76,39.79],[52.72,39.42],[52.03,39.38],[51.4,38.21],[52.47,37.68],[52.4,36.78],[54.11,35.39],[48.77,36.54],[53.74,41.32],[60.33,43.99],[60.94,45.6],[60.53,48.63],[63.3,44.45],[62.91,41.42],[62.55,41.6],[62.65,41.06],[61.91,41.02],[61.7,39.94],[62.13,38.94],[63.11,39.21],[65.21,37.35],[69.22,35.64],[76.03,35.45],[73.73,33.23],[65.02,32.01],[57.73,34.73],[57.77,35.23]]]}},{"type":"Feature","properties":{},"geometry":{"type":"Polygon","coordinates":[[[45.11,-5.8],[44.58,-5.43],[43.15,-5.63],[42.33,-5.09],[40.87,-3.2],[40.68,-0.68],[40.18,-0.66],[40.03,-0.03],[39.68,-0.42],[38.92,-0.03],[38.91,-0.6],[38.46,-0.58],[38.66,-2.61],[39.36,-3.96],[38.97,-4.5],[39.12,-5.95],[39.79,-4.86],[40.25,-5.11],[39.39,-6.53],[39.8,-7.06],[41.98,-7.61],[44.55,-6.29],[44.02,-8.08],[45.56,-9.64],[46.03,-11.22],[44.33,-12.51],[43.67,-12.46],[43.24,-13.63],[42.24,-13.52],[41.49,-14.17],[40.6,-13.96],[39.93,-14.58],[37.35,-14.2],[36.79,-14.87],[32.92,-14.94],[29.88,-14.31],[29.04,-14.57],[27.68,-13.95],[28.02,-11.29],[28.82,-9.99],[28.57,-6.5],[27.89,-4.6],[28.56,-1.89],[28.02,-0.94],[28.11,3.24],[27.64,3.56],[31.8,8],[33.2,10.34],[35.4,10.69],[38.24,9.98],[39.92,5.46],[43.63,-1.99],[44.1,-3.96],[45.46,-4.57],[45.11,-5.8]]]}},{"type":"Feature","properties":{},"geometry":{"type":"Polygon","coordinates":[[[50.02,-17.38],[48.88,-20.49],[47.01,-21.12],[39.9,-18.6],[37.68,-18.41],[38.59,-15.44],[40.47,-14.07],[42.03,-14.95],[45.06,-14.09],[46.66,-14.29],[50.29,-16.32],[50.02,-17.38]]]}},{"type":"Feature","properties":{},"geometry":{"type":"Polygon","coordinates":[[[78.89,22.11],[67.83,25.39],[69.79,28.83],[76.18,24.08],[79.38,24.14],[78.89,22.11]]]}},{"type":"Feature","properties":{},"geometry":{"type":"Polygon","coordinates":[[[67.59,17.36],[67.19,17.72],[68.14,19.63],[70.01,21.49],[70.76,21.57],[78.54,16.4],[72.65,16.64],[70,16.16],[67.59,17.36]]]}},{"type":"Feature","properties":{},"geometry":{"type":"Polygon","coordinates":[[[51.76,30.34],[52.37,29.82],[55.89,30.05],[58.97,26.21],[63.2,25.24],[63.52,24.38],[62.01,23.83],[60.07,24.83],[45.94,28.35],[45.59,29.18],[46.03,30.69],[49.34,31.57],[51.76,30.34]]]}},{"type":"Feature","properties":{},"geometry":{"type":"Polygon","coordinates":[[[27.06,74.21],[24.32,75.01],[24.6,75.26],[23.36,76.04],[21.69,76.14],[23.24,76.56],[22.89,76.96],[23.78,77.26],[21.45,77.49],[18.18,76.68],[15.89,77.74],[12.86,78.24],[10.29,79.59],[24.7,82.2],[27.26,80.39],[27.51,79.63],[30.51,78.34],[31.13,77.52],[31.17,76.64],[30.73,76.26],[27.06,74.21]]]}},{"type":"Feature","properties":{},"geometry":{"type":"Polygon","coordinates":[[[179.99,80.12],[179.99,76.72],[177.22,78.35],[177.62,79.11],[179.99,80.12]]]}},{"type":"Feature","properties":{},"geometry":{"type":"Polygon","coordinates":[[[-179.99,76.72],[-179.99,80.12],[-174.4,81.49],[-160.8,79.67],[-144.02,78.62],[-159.07,75.3],[-165.43,74.58],[-165.6,74.02],[-170.09,72.71],[-169.86,73],[-171,73.18],[-170.28,73.51],[-170.33,73.9],[-171.32,73.6],[-171.95,74.33],[-179.99,76.72]]]}},{"type":"Feature","properties":{},"geometry":{"type":"Polygon","coordinates":[[[121.21,78],[124.47,77.7],[132.35,78.62],[130.36,78.93],[131.2,79.25],[129.31,79.19],[131.76,79.76],[130.35,79.96],[143.85,80.36],[153.46,79.33],[161.58,79.94],[166.05,79.71],[167.39,79.3],[166.94,78.89],[168.99,78.72],[163.1,76.95],[161.63,75.58],[163.58,73.93],[170.13,71.48],[170.63,70.75],[166.89,70.6],[163.52,68.68],[163.81,68.4],[163.45,68.21],[165.04,68.04],[159.99,67.46],[159.58,67.71],[161.15,67.91],[158.66,68.05],[157.68,70.38],[153.42,72.09],[143.11,73.49],[126.18,74.24],[125.32,74.45],[124.01,76.5],[121.21,78]]]}},{"type":"Feature","properties":{},"geometry":{"type":"Polygon","coordinates":[[[133.1,44.51],[131.87,43.57],[131.78,42.6],[129.59,41.1],[130.7,40.43],[132,38.41],[129.01,37.79],[128.63,38.52],[129.52,38.68],[129.05,39.49],[127.93,39.64],[127.71,39.27],[126.97,39.68],[127.85,40.3],[127.38,40.45],[127.65,41.15],[126.51,41.52],[123.34,40.09],[124.09,40.81],[123.39,40.75],[123.58,41.17],[124.34,41.89],[123.8,42.35],[122.97,42.17],[121.11,40.44],[119.92,40.35],[119.83,39.6],[121.05,39.45],[121.42,38.46],[123,39.19],[125.05,38.84],[124.9,38.34],[122.52,37.52],[121.67,36.2],[122.78,35.66],[119.96,32.62],[115.32,33.97],[108.45,34.33],[96.04,39.09],[106.11,41.98],[115.56,44.06],[129.11,45.28],[133.1,44.51]]]}},{"type":"Feature","properties":{},"geometry":{"type":"Polygon","coordinates":[[[129.16,41.73],[129.66,40.34],[128.16,39.61],[128.38,39.33],[128.11,39.53],[128.16,39.06],[127.9,39.34],[127.44,38.67],[126.99,38.96],[127.37,39.01],[126.76,39.34],[127,40.28],[126.58,40.35],[129.16,41.73]]]}},{"type":"Feature","properties":{},"geometry":{"type":"Polygon","coordinates":[[[121.33,36.73],[122.72,35.33],[124.14,34.8],[122.48,34.53],[124.5,34.11],[123.22,32.97],[125.19,33.2],[124.69,32.59],[125.18,32.89],[125.32,32.59],[124.82,32.42],[125.4,31.62],[124.54,31.01],[124.61,29.53],[124.02,29.51],[124.56,29.23],[124.68,28.18],[124.25,28.32],[124.03,27.12],[123.43,26.99],[123.65,26.69],[122.44,25.39],[122.57,24.92],[121.19,24.04],[120.99,24.28],[120.75,23.58],[119.62,24.1],[120.08,23.29],[119.7,23.04],[119.39,23.4],[119.59,22.77],[119.01,22.82],[119.1,22.46],[117.3,21.56],[117.69,20.43],[116.86,20.87],[116.93,21.49],[116.48,21.62],[116.21,21.16],[115.38,21.45],[114.66,20.22],[113.98,20.03],[114.27,19.74],[113.84,18.85],[106.46,22.16],[105.75,23.04],[105.05,25.43],[105.76,27.96],[107.8,31.36],[109.75,32.24],[113.9,33.06],[119.8,33.11],[121.33,36.73]]]}},{"type":"Feature","properties":{},"geometry":{"type":"Polygon","coordinates":[[[110.85,18.62],[111.03,17.58],[111.57,17.22],[116.05,16.34],[118.01,14.49],[118.4,13.18],[117.02,11.18],[117.36,10.33],[116.56,8.58],[115.78,9.91],[114.42,9.48],[113.98,10],[113.8,9.52],[112.6,10.35],[110.92,9.74],[110.55,10.5],[109.87,10.27],[108.13,13.11],[107.43,16.28],[103.39,19.63],[110.85,18.62]]]}},{"type":"Feature","properties":{},"geometry":{"type":"Polygon","coordinates":[[[108.89,9.76],[110.37,6.73],[111.21,6.01],[111.6,6.48],[113.91,5.51],[115.26,5.92],[118.41,3.2],[116.07,3.29],[112.81,4.95],[111.51,5.01],[111.3,4.61],[108.3,8.15],[106.17,8.94],[104.87,9.96],[105.21,9.99],[103.63,9.92],[100.17,12.33],[98.26,14.21],[96.91,16.78],[99.87,17.82],[104.03,16.01],[105.1,15.22],[106.46,12.26],[108.89,9.76]]]}},{"type":"Feature","properties":{},"geometry":{"type":"Polygon","coordinates":[[[114.33,6.05],[116.44,6.06],[117.81,4.78],[119.52,4.34],[119.07,3.71],[117.56,3.43],[114.33,6.05]]]}},{"type":"Feature","properties":{},"geometry":{"type":"Polygon","coordinates":[[[28.1,-8.42],[30.36,-12.23],[30.26,-12.72],[29.31,-12.91],[29.94,-13.01],[30.68,-14.46],[35.95,-14.95],[37.46,-14.64],[37.91,-14.9],[37.3,-16.21],[37.7,-16.29],[37.16,-16.29],[36.86,-17.14],[32.58,-21.23],[29.97,-22.62],[24.76,-24.39],[20.36,-27.16],[19.39,-28.26],[19.79,-29.48],[18.87,-31],[18.7,-32.3],[19.41,-33.29],[18.82,-33.79],[17.36,-37.54],[15.85,-38.33],[12.45,-38.45],[8.5,-39.44],[11.01,-35.34],[12.68,-29.18],[15.27,-28.3],[16.08,-26.15],[19.37,-21.46],[20.73,-17.69],[21.56,-16.71],[22.83,-17.06],[23.63,-15.59],[27.86,-13.18],[28.1,-8.42]]]}},{"type":"Feature","properties":{},"geometry":{"type":"Polygon","coordinates":[[[8.45,-39.16],[7.81,-39.8],[7.67,-41.67],[6.22,-43.29],[1.65,-43.32],[1.55,-43.79],[2.08,-43.68],[-0.45,-45.38],[-5.25,-46.36],[-9.48,-46.58],[-11.88,-46.15],[-14.56,-44.47],[-17.56,-43.71],[-17.91,-42.49],[-18.42,-42.52],[-17.62,-41.02],[-17,-41.07],[-16.34,-40.32],[-15.46,-37.57],[-15.43,-35.35],[-12.64,-30.88],[-12.04,-25.71],[-10.81,-24.08],[-8.66,-22.49],[-6.6,-21.81],[-5.96,-20.84],[-5.74,-19.08],[-4.99,-18.69],[-4.74,-16.21],[-4,-16.39],[-4.6,-15.93],[-4.31,-14.65],[-5.03,-11.65],[-4.9,-9.69],[-4.31,-9.81],[-3.79,-9.16],[-3.38,-9.6],[-3.74,-9],[-1.82,-7.15],[-1.51,-6.16],[-2.02,-6.02],[-2.34,-4.77],[-3.5,-4.6],[-4.7,-3.62],[-1.38,-3.27],[-0.54,-2.35],[2.12,-2.24],[7.87,-6.63],[10.68,-6.82],[15.85,-8.06],[18.48,-16.87],[13.82,-19.83],[12.02,-22.66],[11.62,-24.62],[13.63,-29.37],[13.37,-30.62],[11.43,-35.42],[8.45,-39.16]]]}},{"type":"Feature","properties":{},"geometry":{"type":"Polygon","coordinates":[[[-4.22,24.95],[-3.82,25.91],[-2.68,26.64],[0.15,26.82],[1.93,27.91],[2.47,27.73],[2.69,26.73],[4,26.35],[4.57,25.6],[7.96,25.49],[10.12,24.78],[11.07,23.95],[12.15,23.91],[13.15,23.12],[14.86,22.82],[4.84,22.94],[-0.46,24.76],[-4.22,24.95]]]}},{"type":"Feature","properties":{},"geometry":{"type":"Polygon","coordinates":[[[13.13,31.53],[12.82,30.78],[10.17,30.64],[8.78,29.86],[8.83,29],[5.91,28.08],[4.06,28.91],[2.7,28.73],[2.41,29.68],[2.87,29.84],[2.49,29.73],[2.39,30.34],[0.48,30.91],[1.57,31.98],[1.2,32.46],[1.9,32.64],[1.08,32.64],[2.94,34],[3.92,35.41],[3.75,36.11],[4.22,36.34],[5.55,36.3],[8.87,34.18],[10.18,33.9],[13.13,31.53]]]}},{"type":"Feature","properties":{},"geometry":{"type":"Polygon","coordinates":[[[-3.88,-4.6],[-3.93,-3.02],[-4.6,-2.17],[-6.91,-1.26],[-10.69,-0.92],[-12.13,0.42],[-15.72,1.33],[-16.18,1.83],[-18.59,6.32],[-18.38,9.11],[-19.3,11.2],[-18.56,11.53],[-19.49,11.76],[-19.69,12.26],[-19.37,12.34],[-19.87,12.75],[-19.47,12.69],[-19.78,12.88],[-19.3,13.63],[-18.3,13.11],[-19.17,13.44],[-19.36,15.14],[-17.98,15.55],[-16.52,17.04],[-16.09,18.7],[-15.36,19.25],[-15.35,20.47],[-15.8,20.22],[-15.14,21.01],[-8.37,24.37],[-6.97,24.03],[-4.22,24.95],[-1.32,24.88],[4.84,22.94],[14.88,22.72],[14.93,22.09],[15.59,21.93],[14.72,21.55],[14.79,20.47],[13.49,20.03],[11.36,17.34],[7.12,8.37],[6.38,4.9],[7.29,-0.21],[3.76,-1.31],[2.8,-2.63],[0.16,-2.97],[-0.6,-3.97],[-3.88,-4.6]]]}},{"type":"Feature","properties":{},"geometry":{"type":"Polygon","coordinates":[[[28.38,6.81],[28.11,5.93],[28.74,0.2],[28.37,-0.7],[29.11,-3],[28.48,-4.47],[14.88,-8.02],[9.67,-6.91],[6.86,-6.78],[1,-2.54],[2.04,-1.28],[5.63,-0.41],[5.05,4.76],[6.01,8.16],[10.83,16.85],[12.95,19],[14.02,17.22],[15.99,15.6],[15.9,14.52],[17.83,12.22],[18.96,12.28],[19.63,13.44],[21.43,13.37],[22.11,12.17],[23.31,11.37],[23.27,10.9],[25.99,8.86],[27.32,9.03],[28.29,8.54],[28.38,6.81]]]}},{"type":"Feature","properties":{},"geometry":{"type":"Polygon","coordinates":[[[29.9,9.62],[29.01,10.49],[27.36,10.88],[26.59,12.68],[26.18,12.37],[25.51,12.67],[25.32,13.9],[24.54,14.33],[25.37,14.09],[24.68,14.63],[25.41,15.33],[25.12,16.02],[28.1,15.45],[28.82,14.92],[29.22,13.58],[30.54,13.28],[33.49,11.29],[34.78,8.38],[32.12,9.58],[29.9,9.62]]]}},{"type":"Feature","properties":{},"geometry":{"type":"Polygon","coordinates":[[[13.74,-29.03],[13.16,-29.33],[10.95,-24.66],[11.27,-22.68],[12.96,-19.79],[17.51,-16.67],[22.43,-17.09],[21.19,-18.53],[20.1,-21.78],[16.66,-26.39],[15.78,-28.52],[13.74,-29.03]]]}},{"type":"Feature","properties":{},"geometry":{"type":"Polygon","coordinates":[[[29.59,5.45],[28.33,4.39],[27.97,8.67],[28.97,7.72],[30.37,7.78],[32.69,9.82],[33.65,11.59],[32.59,9.28],[29.59,5.45]]]}},{"type":"Feature","properties":{},"geometry":{"type":"Polygon","coordinates":[[[28.34,-4.37],[28.31,-5.15],[29.02,-6.16],[29.03,-9.29],[29.37,-9.05],[28.99,-13.8],[24.68,-16.09],[23.83,-17.53],[17.65,-16.7],[15.13,-9.02],[15.19,-7.88],[28.34,-4.37]]]}},{"type":"Feature","properties":{},"geometry":{"type":"Polygon","coordinates":[[[45.21,36.55],[42.31,37.74],[43.53,38.7],[43.01,39.35],[43.8,39.4],[44.23,40.07],[40.74,38.48],[40.83,38.91],[40.78,38.16],[41.35,37.74],[42.32,37.94],[42.13,37.59],[39.71,36.94],[39.32,37.74],[38.65,37.57],[39.69,38.22],[37.87,38.41],[37.62,38.66],[38.42,38.65],[37.99,38.99],[36.09,37.77],[36.21,36.8],[35.64,36.63],[33.24,38.04],[31.18,40.41],[25.42,43.81],[22.37,45],[25.2,45.97],[25.77,45.51],[26.52,45.84],[26.15,45.41],[26.94,45.93],[26.52,46.14],[27.12,46.34],[27.34,47],[27,46.21],[27.57,46.21],[27.15,47.83],[27.55,48.87],[28.25,49.12],[29.23,48.39],[29.81,48.73],[29.74,49.81],[29.06,49.77],[28.72,50.63],[33.91,51.71],[32.55,52.09],[32.52,52.51],[28.13,51.17],[28.11,51.69],[26.8,51.87],[26.84,52.83],[26.13,54.03],[28.28,56.23],[28.87,56.3],[28.45,57.06],[25.94,57],[26.32,56.82],[25.59,56.06],[26.15,55.69],[25.57,55],[23.82,53.85],[23.35,54.23],[23.74,53.74],[23.26,53.52],[23.41,51.73],[25.1,50.9],[24.25,50.53],[24.7,50.29],[24.29,49.94],[24.06,50.26],[23.99,49.85],[22.96,49.65],[23.58,49.53],[23.07,49.51],[23.55,49.22],[23.38,47.7],[23.01,47.07],[21.79,46.89],[21.73,46.31],[20.6,46.25],[20.21,47.15],[20.58,47.45],[19.47,48.54],[19.57,49.18],[19.02,49.16],[18.48,50.69],[18.32,50.3],[18.06,50.51],[18.18,49.81],[17.57,49.88],[16.64,48.83],[15.7,48.66],[14.56,49.19],[14.45,49.68],[15.03,49.5],[15.3,49.72],[14.69,49.72],[15.23,50.23],[14.13,50.13],[15.54,51.16],[14.53,50.63],[14.5,51.04],[14.04,51],[14.5,51.37],[14.12,51.18],[13.83,51.44],[14.33,51.51],[13.9,51.69],[15.53,51.54],[15.95,51.92],[14.03,51.74],[14.32,52.01],[13.81,52.37],[15.22,52.54],[13.85,52.82],[14.79,52.72],[14.49,52.87],[15.07,53.12],[15.49,52.78],[14.72,53.23],[16.15,53.39],[15.26,53.39],[15.46,53.69],[16.46,53.38],[15.92,53.72],[16.55,53.54],[16.13,53.83],[17.25,54.4],[17.39,54.07],[18.18,54.26],[18.45,54.91],[17.57,54.25],[17.1,54.46],[19.46,56.16],[18.75,56.04],[19.3,56.31],[19.15,56.76],[19.57,56.68],[19.15,56.92],[20.19,57.22],[19.37,57.03],[19.75,57.17],[19.27,57.38],[19.83,57.48],[19.41,57.58],[19.97,57.68],[19.58,57.82],[21,58.04],[20.12,58.16],[21.17,58.32],[20.35,58.75],[21.14,58.86],[20.66,58.98],[21.11,59.22],[21.61,58.8],[21.25,59.29],[22.48,59.45],[21.41,59.48],[22.25,59.7],[21.92,59.76],[22.33,59.78],[22.03,60.01],[22.39,60.51],[23.45,60.32],[23,60.83],[23.46,60.53],[23.8,61.09],[23.7,60.39],[24.34,60.64],[23.94,60.91],[24.41,61.19],[25.13,60.97],[24.5,61.51],[25.98,61.27],[25.7,61.5],[26.61,61.98],[26.44,62.34],[27.37,62.29],[27.03,61.43],[27.78,62.4],[27.99,61.82],[28.62,62.33],[28.21,62.53],[28.86,62.65],[28.9,61.98],[29.48,62.49],[31.17,62.12],[29.5,61.77],[30.36,61.32],[32.08,61.78],[32.92,61.64],[32.19,61.58],[32.4,61.27],[33.34,61.34],[33.16,60.98],[35.1,61.32],[39.58,60.3],[40.16,59.47],[38.58,58.5],[33.04,59.01],[34.69,58.44],[34.22,58.23],[35.73,58.01],[35.5,57.46],[36.18,56.66],[38.5,56.17],[38.76,56.76],[37.46,57.01],[37.52,57.44],[38.83,57.29],[38.65,57],[40.62,57.17],[39.67,57.89],[40.17,58.61],[41.09,59.27],[42.85,58.84],[42.63,59.86],[41.88,60.14],[41.93,60.94],[40.77,61.46],[43.5,61.24],[43.78,60.96],[42.65,60.29],[43.76,59.92],[44.97,60.16],[44.79,60.86],[45.68,61.01],[45.16,61.25],[47.8,62.05],[47.53,62.29],[48.48,62.81],[49,62.9],[48.32,62.72],[48.91,62.28],[48.45,61.94],[49.2,61.9],[49.88,62.58],[52.25,63.4],[53.36,62.92],[53.23,63.26],[54.16,63.5],[52.78,64.09],[53.04,64.46],[56.02,64.53],[60.53,63.86],[61.14,63.19],[61.04,62.59],[58.72,59.2],[61.82,52.43],[61.79,51.16],[60.59,49.24],[60.94,45.6],[60.65,44.42],[59.31,43.26],[53.74,41.32],[48.77,36.54],[45.21,36.55]]]}},{"type":"Feature","properties":{},"geometry":{"type":"Polygon","coordinates":[[[17.22,45.85],[16.71,46.27],[16.74,47.47],[18.62,48.53],[18.33,47.47],[18.99,47.23],[17.9,46.46],[18.13,45.69],[17.22,45.85]]]}},{"type":"Feature","properties":{},"geometry":{"type":"Polygon","coordinates":[[[35.14,33.82],[35.08,34.81],[34.28,34.62],[34.28,35.14],[37.6,36.37],[36.96,36.36],[42.36,37.45],[45.48,37.05],[41.31,36.04],[40.05,35.21],[38.45,35.69],[37.43,35.45],[35.14,33.82]]]}},{"type":"Feature","properties":{},"geometry":{"type":"Polygon","coordinates":[[[23.87,22.33],[23.56,20.92],[22.79,20.98],[23.49,19.9],[23.31,19.43],[22.61,19.98],[22.71,19.37],[22.2,19.79],[22.07,19.11],[21.42,19.13],[21.49,19.57],[21.05,19.59],[21.27,20.78],[22.01,20.82],[22.89,20.1],[21.49,21.13],[21.52,21.72],[21.9,21.72],[21.45,23.64],[22.49,24.67],[21.11,27.58],[21.46,29.35],[21.29,29.76],[20.61,29.47],[21.09,30.45],[20.22,30.71],[19.24,29.69],[19.59,28.62],[19.25,27.81],[19.51,26.67],[20.21,26.2],[19.79,25.92],[20.7,23.71],[20.35,23.6],[19.79,24.67],[19.1,24.3],[19.07,23.34],[17.45,23.07],[18.34,23.66],[18.69,24.88],[17.11,28.79],[17.59,30.45],[17.01,31.44],[15.79,31.45],[15.66,32.11],[16.61,33.56],[20.52,33.19],[24.82,31.09],[22.89,29.75],[23.73,25.86],[23.87,22.33]]]}},{"type":"Feature","properties":{},"geometry":{"type":"Polygon","coordinates":[[[17.04,34.5],[15.78,33.7],[13.94,34.19],[13.07,33.28],[9.08,34.13],[9.36,36.06],[9.86,35.58],[9.27,36.23],[9.36,36.84],[7.98,38.17],[6.55,38.32],[6.24,38.57],[6.71,38.83],[6.21,39.06],[9.12,39.18],[8.61,40.27],[10.07,39.82],[10.84,40.4],[13.14,39.49],[15.39,39.42],[19.3,42.08],[22.2,42.92],[26.8,42.87],[29.52,41.14],[26.74,40.53],[24.6,39.31],[19.85,38.59],[17.53,37.75],[15.95,36.53],[16.41,34.92],[17.04,34.5]]]}},{"type":"Feature","properties":{},"geometry":{"type":"Polygon","coordinates":[[[10.84,40.4],[11.66,40.76],[11.56,41.45],[13.77,41.97],[13.09,42.14],[14.1,42.34],[13.56,42.58],[14.11,43.59],[14.48,42.97],[14.9,43.26],[14.83,43.96],[16.16,43.93],[16.04,44.28],[16.67,44.42],[17.21,44.09],[17.31,44.62],[18.31,44.3],[17.21,45.03],[17.59,45.22],[16.94,45.46],[17.22,45.85],[18.13,45.69],[18.49,45.09],[19.31,45.2],[19.06,44.69],[20.45,45.35],[22.24,44.53],[22.37,45],[23.2,44.74],[26.8,42.87],[20.87,42.66],[18.46,41.59],[15.39,39.42],[13.14,39.49],[10.84,40.4]]]}},{"type":"Feature","properties":{},"geometry":{"type":"Polygon","coordinates":[[[35.59,36.42],[35.49,35.43],[34.93,34.95],[30.82,34.67],[30.03,35.57],[30.16,36.28],[32.76,37.18],[33.24,38.04],[35.59,36.42]]]}},{"type":"Feature","properties":{},"geometry":{"type":"Polygon","coordinates":[[[-18.24,71.9],[-19.36,71.74],[-17.88,72.12],[-18.24,71.9]]]}},{"type":"Feature","properties":{},"geometry":{"type":"Polygon","coordinates":[[[-14.19,70.3],[-13.64,69.83],[-15.13,70.18],[-14.19,70.3]]]}},{"type":"Feature","properties":{},"geometry":{"type":"Polygon","coordinates":[[[-18.16,73.08],[-20.01,72.86],[-21.26,73.24],[-19.72,73.61],[-18.16,73.08]]]}},{"type":"Feature","properties":{},"geometry":{"type":"Polygon","coordinates":[[[21.98,69.36],[23.04,68.77],[21.19,68.51],[21.35,68.98],[20.83,69.12],[21.98,69.36]]]}},{"type":"Feature","properties":{},"geometry":{"type":"Polygon","coordinates":[[[20.88,69.64],[21.43,69.35],[20.25,69.49],[20.88,69.64]]]}},{"type":"Feature","properties":{},"geometry":{"type":"Polygon","coordinates":[[[-16.22,73.42],[-17.37,73.06],[-18.57,73.74],[-16.22,73.42]]]}},{"type":"Feature","properties":{},"geometry":{"type":"Polygon","coordinates":[[[-12.43,71.06],[-12.53,70.56],[-13.35,70.37],[-14.77,70.6],[-13.43,71.21],[-12.43,71.06]]]}},{"type":"Feature","properties":{},"geometry":{"type":"Polygon","coordinates":[[[15.01,69.49],[15.87,68.95],[14.7,69.6],[15.01,69.49]]]}},{"type":"Feature","properties":{},"geometry":{"type":"Polygon","coordinates":[[[-12.6,72.55],[-13.71,72.1],[-12.85,72.08],[-13.55,71.44],[-15.82,71.08],[-15.14,71.88],[-16.01,72.14],[-14.32,72.16],[-13.82,72.42],[-14.63,72.48],[-13.75,72.74],[-12.6,72.55]]]}},{"type":"Feature","properties":{},"geometry":{"type":"Polygon","coordinates":[[[64.83,78.04],[70.04,77.64],[67.88,76.63],[64.83,78.04]]]}},{"type":"Feature","properties":{},"geometry":{"type":"Polygon","coordinates":[[[17.29,70.91],[20.82,69.73],[19.58,69.43],[19.44,68.45],[17.15,70.53],[17.29,70.91]]]}},{"type":"Feature","properties":{},"geometry":{"type":"Polygon","coordinates":[[[19.44,68.45],[19.36,67.56],[18.9,67.47],[18.32,67.74],[18.85,67.91],[17.15,68.33],[18.51,68.31],[17.57,68.48],[18.75,68.83],[17.09,68.52],[16.76,68.84],[18.51,69.26],[19.44,68.45]]]}},{"type":"Feature","properties":{},"geometry":{"type":"Polygon","coordinates":[[[18.1,69.59],[17.61,69.3],[17.38,69.68],[16.96,69.49],[17.29,69.2],[16.35,68.97],[15.14,69.69],[15.8,69.67],[15.45,70.04],[14.57,70.24],[16.08,70.65],[15.47,70.32],[16.5,70.06],[16.58,70.6],[18.1,69.59]]]}},{"type":"Feature","properties":{},"geometry":{"type":"Polygon","coordinates":[[[56.64,77.09],[58.44,76.99],[56.16,76.96],[56.64,77.09]]]}},{"type":"Feature","properties":{},"geometry":{"type":"Polygon","coordinates":[[[59.14,77.83],[61.1,77.45],[60.2,77.92],[62.05,77.97],[65.06,77.23],[59.29,76.83],[58.14,77.5],[59.14,77.83]]]}},{"type":"Feature","properties":{},"geometry":{"type":"Polygon","coordinates":[[[25.8,71.86],[26.09,71.77],[25.11,71.59],[25.8,71.86]]]}},{"type":"Feature","properties":{},"geometry":{"type":"Polygon","coordinates":[[[37.92,73.57],[38.46,73.33],[37.47,73.44],[37.92,73.57]]]}},{"type":"Feature","properties":{},"geometry":{"type":"Polygon","coordinates":[[[36.03,73.3],[36.56,73.21],[35.65,73.09],[36.03,73.3]]]}},{"type":"Feature","properties":{},"geometry":{"type":"Polygon","coordinates":[[[38.23,73.77],[39.15,73.75],[38.82,73.43],[37.75,73.66],[38.23,73.77]]]}},{"type":"Feature","properties":{},"geometry":{"type":"Polygon","coordinates":[[[20.47,71.51],[23.05,71.17],[21.7,70.35],[17.98,71.02],[18.95,71.1],[18.74,71.45],[20.42,71.04],[20.47,71.51]]]}},{"type":"Feature","properties":{},"geometry":{"type":"Polygon","coordinates":[[[32.42,73.26],[33.26,73.18],[31.39,72.85],[32.42,73.26]]]}},{"type":"Feature","properties":{},"geometry":{"type":"Polygon","coordinates":[[[39.56,74.43],[40,73.95],[38.41,74.16],[39.56,74.43]]]}},{"type":"Feature","properties":{},"geometry":{"type":"Polygon","coordinates":[[[33.86,73.58],[34.67,73.47],[33.69,72.93],[34.17,72.78],[32.76,72.71],[33.43,72.82],[32.87,72.91],[33.68,73.1],[33.17,73.31],[33.86,73.58]]]}},{"type":"Feature","properties":{},"geometry":{"type":"Polygon","coordinates":[[[38.48,74.58],[38.86,74.38],[38.21,74.36],[38.48,74.58]]]}},{"type":"Feature","properties":{},"geometry":{"type":"Polygon","coordinates":[[[40.12,74.95],[40.97,74.56],[39.85,74.42],[40.12,74.95]]]}},{"type":"Feature","properties":{},"geometry":{"type":"Polygon","coordinates":[[[52.32,77.73],[52.94,77.62],[52,77.61],[52.32,77.73]]]}},{"type":"Feature","properties":{},"geometry":{"type":"Polygon","coordinates":[[[54.53,78.32],[58.9,77.88],[57.84,77.28],[55.77,77.15],[56.19,77.37],[54.27,77.8],[54.44,78.27],[54.03,78.24],[54.53,78.32]]]}},{"type":"Feature","properties":{},"geometry":{"type":"Polygon","coordinates":[[[-4.21,71.89],[-6.3,70.61],[-5.28,70.61],[-7.32,70.06],[-6.56,69.86],[-7.07,69.53],[-9.42,69.54],[-8.8,69.85],[-10.95,69.42],[-10.3,69.89],[-11.15,69.53],[-12,69.98],[-11.05,70.11],[-11.52,70.4],[-10.85,70.8],[-9.12,70.37],[-9.66,70.69],[-9.05,70.76],[-10.35,71.1],[-9,71.18],[-9.6,71.4],[-9.17,71.63],[-8.47,71.77],[-8.23,71.35],[-7.66,71.4],[-8.17,71.55],[-7.93,71.85],[-6.66,71.53],[-6.28,71.91],[-4.21,71.89]]]}},{"type":"Feature","properties":{},"geometry":{"type":"Polygon","coordinates":[[[35.74,74.45],[36.58,74.46],[35.45,74.23],[36.03,74.32],[35.74,74.45]]]}},{"type":"Feature","properties":{},"geometry":{"type":"Polygon","coordinates":[[[35.92,75.02],[36.25,74.93],[35.48,74.88],[35.92,75.02]]]}},{"type":"Feature","properties":{},"geometry":{"type":"Polygon","coordinates":[[[5.57,67.48],[5.8,67.12],[5.32,66.88],[5.04,67.55],[5.57,67.48]]]}},{"type":"Feature","properties":{},"geometry":{"type":"Polygon","coordinates":[[[5.68,70.27],[6.18,69.84],[4.96,69.83],[6.53,69.69],[5.98,69.22],[6.41,68.93],[4.37,68.77],[2.92,69.25],[3.32,68.84],[1.47,68.88],[4.02,68.66],[-0.24,68.24],[-0.97,68.52],[-0.55,68.2],[-1.53,68.06],[-2.21,68.51],[-2.46,68.13],[-4.57,68.63],[-3.54,68.06],[-4.76,68.5],[-4.35,68.19],[-5.34,68.33],[-4.38,67.82],[-6.32,67.67],[-5.95,67.43],[-6.36,67.34],[-7.4,67.67],[-8.39,67.27],[-10.13,67.81],[-9.05,67.3],[-9.53,66.92],[-8.92,66.97],[-10,66.6],[-11.73,66.79],[-11.11,66.95],[-11.31,67.45],[-12.06,67.25],[-11.77,67.54],[-13.16,67.53],[-14.45,68.19],[-13.85,68.48],[-14.64,68.3],[-14.01,68.71],[-12.15,68.43],[-11.36,69.14],[-10.72,68.84],[-11.34,68.47],[-11.05,68.16],[-8.66,68.36],[-10.73,68.37],[-9.04,68.93],[-10.51,69.21],[-9.91,69.38],[-7.91,69.34],[-7.69,68.7],[-6.48,68.9],[-7.56,69.35],[-7.15,69.18],[-6.45,70.06],[-5.21,70.39],[-4.54,70.02],[-5.21,69.3],[-4.59,69.08],[-4.99,69.34],[-4.17,69.96],[-2.07,69.46],[-2.55,69.72],[-0.97,69.45],[-1.65,69.77],[0.23,69.87],[-2.74,69.87],[-3.63,70.07],[-2.6,70.07],[-3.38,70.19],[-2.97,70.27],[-4.53,70.46],[-1.92,70.37],[-4.71,70.71],[-4.48,71.13],[-2.27,70.72],[-4.3,71.21],[-2.42,71.15],[-3.51,71.48],[-2.6,71.51],[-3.14,71.82],[-0.96,71.57],[-1.27,71.31],[-0.75,71.03],[-0.42,71.48],[0.69,71.43],[0.04,70.96],[0.73,71.04],[0.42,70.38],[0.99,71.11],[2.34,71.22],[3.45,70.9],[2.63,70.45],[3.67,70.9],[4.45,70.64],[4.11,70.25],[5.68,70.27]]]}},{"type":"Feature","properties":{},"geometry":{"type":"Polygon","coordinates":[[[-9.23,50.75],[-8.42,51.21],[-9.14,51.11],[-8.77,51.58],[-9.13,51.67],[-7.67,51.8],[-9.07,51.71],[-9.36,52.13],[-8.27,52.28],[-9.4,52.44],[-7.03,52.85],[-9.42,52.51],[-9.03,52.64],[-9.27,52.91],[-8.48,52.81],[-9.11,53.02],[-8.22,53.07],[-9.2,53.52],[-6.9,53.18],[-9.08,53.63],[-8.12,54],[-6.56,53.48],[-7.25,53.81],[-6.45,53.81],[-6.93,54.03],[-8.83,53.89],[-8.16,54.33],[-7.56,54.13],[-8.23,54.48],[-6.41,53.89],[-7.08,54.29],[-6.55,54.51],[-8.21,54.63],[-6.64,54.61],[-6.39,55.15],[-5.94,54.89],[-5.88,55.28],[-6.39,55.22],[-5.43,55.9],[-6.64,56.15],[-7.61,56.97],[-5.45,56.23],[-5.8,56.53],[-5.33,56.79],[-5.87,57.03],[-5.29,56.93],[-5.98,57.16],[-5.47,57.25],[-6.12,57.23],[-5.27,57.41],[-6.22,57.52],[-5.29,57.66],[-6.15,58.12],[-6.71,57.63],[-7.6,57.83],[-6.76,58.23],[-7.3,58.34],[-6.69,58.57],[-7.02,58.77],[-6.18,59.01],[-6.62,59.37],[-6.07,59.56],[-6.38,59.93],[-5.96,60.5],[-6.68,60.48],[-5.84,60.61],[-6.34,61.76],[-5.88,62.08],[-7.61,63.2],[-8.93,63.11],[-9.32,63.49],[-9.53,63.13],[-10.28,63.53],[-10.47,63.92],[-9.34,63.98],[-10.47,64.67],[-7.91,64.28],[-7.49,64.56],[-8.95,64.78],[-9.29,65.16],[-8.87,65.22],[-9.44,65.28],[-9.62,65.83],[-5.27,65.88],[-3.22,66.61],[-4.64,66.71],[-4.38,66.99],[-1.93,67.32],[-2.16,66.91],[0.03,67.72],[0.6,67.57],[0.71,66.93],[0.6,67.72],[2.65,67.7],[1.9,66.93],[2.74,67.31],[3.27,66.74],[3.89,67.63],[5.17,66.58],[5.66,67.07],[6.36,66.91],[5.77,67.58],[7.42,67.06],[6.21,67.91],[7.02,67.93],[7.97,67.26],[8.79,67.57],[8.44,67.92],[9.75,67.95],[12.25,67.42],[8.93,67.17],[12.34,67.29],[11.97,66.91],[13.4,66.67],[9.22,66.09],[12.16,66.11],[11.34,65.59],[13.29,66.15],[13.15,65.53],[11.95,64.69],[15.2,65.86],[16.72,65.48],[15.19,64.64],[13.12,64.63],[15.09,64.45],[13.18,64.18],[13.33,63.78],[14.49,64.05],[13.53,63.66],[13.37,63.17],[13.69,63.19],[12.31,62.2],[12.21,61.57],[12.7,62.06],[13.36,61.79],[12.52,61.58],[13.67,61.33],[13.62,60.78],[12.03,61.12],[12.66,60.97],[11.62,60.8],[12.93,60.18],[11.89,60.07],[13.08,59.78],[12.91,59.21],[11.51,59.67],[12.45,59.22],[11.47,59.28],[12.37,59.13],[12.08,58.76],[13.15,58.54],[11.57,58.71],[12.53,58.28],[11.34,58.43],[11.54,57.76],[11.67,58.17],[12.41,57.96],[12.32,57.62],[11.18,57.38],[10.38,57.83],[11.33,57.76],[10.16,57.72],[9.58,58.17],[10.04,57.7],[8.35,57.41],[9.75,57.25],[8.45,57.13],[9.88,56.86],[8.95,56.63],[9.53,56.6],[9.3,56.24],[9.88,56.61],[10.97,56.03],[10.58,55.77],[11.27,55.85],[10.87,55.59],[11.36,55.52],[10.95,55.17],[11.32,55.19],[11.23,54.55],[10.82,54.99],[10.27,54.61],[9.7,55.53],[7.56,56.42],[8.24,55.99],[7.58,55.87],[9.24,55.54],[7.79,55.45],[6.88,54.82],[8.55,54.61],[7.19,54.44],[7.87,54.25],[9.18,54.63],[10.78,54.11],[8.23,52.93],[5.66,52.51],[4.52,53.15],[4.66,52.45],[3.87,52.27],[2.67,51.06],[1.92,51.21],[2.02,50.88],[0.94,50.97],[0.87,50.63],[0.5,50.8],[1.06,51.17],[0.64,51.35],[0.2,50.59],[-1.83,50.3],[-1.58,49.51],[-2.37,49.5],[-1.78,49.29],[-1.86,48.85],[-2.46,49.1],[-2.04,48.76],[-2.86,48.76],[-2.63,48.36],[-3.17,48.41],[-2.84,48.18],[-3.9,48.16],[-3.33,47.71],[-3.86,47.92],[-3.41,47.34],[-4.2,47.02],[-3.78,46.77],[-4.39,46.78],[-4.04,46.49],[-4.71,46.62],[-4.09,46.46],[-4.72,46.32],[-4.33,45.99],[-5.24,46.18],[-4.66,45.54],[-5.24,45.93],[-6.08,45.75],[-5.45,46.15],[-6.09,45.8],[-5.5,46.34],[-6.52,46.31],[-5.9,46.56],[-6.62,46.51],[-5.77,46.84],[-6.45,46.65],[-6.13,47.03],[-7.99,46.79],[-7.6,47.26],[-8.37,47.46],[-7.76,47.49],[-8.46,47.63],[-7.95,47.63],[-8.31,47.77],[-7.94,47.99],[-8.47,47.91],[-7.97,48.08],[-8.6,48.11],[-8.21,48.32],[-8.83,48.66],[-8.19,49.13],[-8.75,48.94],[-8.37,49.34],[-9.03,49.56],[-8.37,49.5],[-9.18,49.96],[-8.3,50.34],[-9.11,50.46],[-7.95,50.53],[-8.19,50.82],[-7.62,50.37],[-7.77,50.9],[-8.2,51.38],[-8.14,50.88],[-9.23,50.75]]]}}]}
