{"type":"FeatureCollection","features":[{"type":"Feature","properties":{},"geometry":{"type":"Polygon","coordinates":[[[-156.45,-78.23],[-160.58,-77.65],[-160.06,-77.23],[-158.54,-77.22],[-155.63,-78],[-156.45,-78.23]]]}},{"type":"Feature","properties":{},"geometry":{"type":"Polygon","coordinates":[[[172.31,-77.16],[174.08,-77.17],[171.85,-77.62],[170.94,-77.07],[172.31,-77.16]]]}},{"type":"Feature","properties":{},"geometry":{"type":"Polygon","coordinates":[[[-88.86,-74.57],[-87.66,-75.61],[-91.74,-75.23],[-88.86,-74.57]]]}},{"type":"Feature","properties":{},"geometry":{"type":"Polygon","coordinates":[[[-130.9,-72.12],[-131.51,-71.78],[-130.63,-71.89],[-130.9,-72.12]]]}},{"type":"Feature","properties":{},"geometry":{"type":"Polygon","coordinates":[[[-121.6,-71.39],[-122.76,-71.56],[-121.21,-71.25],[-121.6,-71.39]]]}},{"type":"Feature","properties":{},"geometry":{"type":"Polygon","coordinates":[[[-126.94,-71.04],[-123.59,-71.19],[-126.27,-71.75],[-126.97,-71.68],[-126.74,-71.27],[-127.27,-71.18],[-126.94,-71.04]]]}},{"type":"Feature","properties":{},"geometry":{"type":"Polygon","coordinates":[[[-129.9,-70.57],[-129.04,-70.8],[-129.09,-71.22],[-127.68,-71.43],[-130.85,-70.88],[-129.9,-70.57]]]}},{"type":"Feature","properties":{},"geometry":{"type":"Polygon","coordinates":[[[-85.88,-70.4],[-85.1,-70.59],[-85.3,-71.14],[-86.76,-70.86],[-85.88,-70.4]]]}},{"type":"Feature","properties":{},"geometry":{"type":"Polygon","coordinates":[[[-99.95,-70.52],[-100.25,-69.96],[-99.67,-69.89],[-99.95,-70.52]]]}},{"type":"Feature","properties":{},"geometry":{"type":"Polygon","coordinates":[[[-106.1,-69.11],[-105.26,-69.48],[-104.2,-69.09],[-104.94,-69.45],[-103.49,-69.62],[-106.21,-69.83],[-109.6,-69.42],[-106.1,-69.11]]]}},{"type":"Feature","properties":{},"geometry":{"type":"Polygon","coordinates":[[[-85.03,-67.12],[-84.93,-67.57],[-86.14,-67.23],[-85.03,-67.12]]]}},{"type":"Feature","properties":{},"geometry":{"type":"Polygon","coordinates":[[[-73.47,-67.62],[-73.89,-67.08],[-73.32,-67.29],[-73.47,-67.62]]]}},{"type":"Feature","properties":{},"geometry":{"type":"Polygon","coordinates":[[[-80.67,-66.55],[-79.42,-68.37],[-79.79,-69.99],[-83,-70.34],[-83.58,-70.08],[-81.71,-69.67],[-83.09,-69.2],[-84.33,-69.77],[-86.07,-69.02],[-84.14,-69.17],[-84.66,-68.84],[-81.55,-68.63],[-82.19,-68.03],[-80.78,-67.91],[-82.4,-67.45],[-82.11,-66.93],[-82.55,-66.76],[-80.67,-66.55]]]}},{"type":"Feature","properties":{},"geometry":{"type":"Polygon","coordinates":[[[-78.16,-64.37],[-78.63,-65.31],[-79.61,-65.31],[-78.16,-64.37]]]}},{"type":"Feature","properties":{},"geometry":{"type":"Polygon","coordinates":[[[91.89,-68.59],[92.2,-68.67],[91.38,-68.71],[91.89,-68.59]]]}},{"type":"Feature","properties":{},"geometry":{"type":"Polygon","coordinates":[[[119.01,-67.64],[120.22,-68.43],[118.95,-68.55],[119.36,-68.29],[118.59,-67.59],[119.01,-67.64]]]}},{"type":"Feature","properties":{},"geometry":{"type":"Polygon","coordinates":[[[96.1,-68.15],[95.73,-68.04],[96.78,-67.94],[96.1,-68.15]]]}},{"type":"Feature","properties":{},"geometry":{"type":"Polygon","coordinates":[[[-73.76,-62.13],[-73.33,-62.44],[-74.7,-62.53],[-73.76,-62.13]]]}},{"type":"Feature","properties":{},"geometry":{"type":"Polygon","coordinates":[[[-72.81,-61.91],[-72.52,-62.05],[-73.3,-62.38],[-72.81,-61.91]]]}},{"type":"Feature","properties":{},"geometry":{"type":"Polygon","coordinates":[[[-68.53,-61.84],[-67.89,-62.23],[-69.02,-62.42],[-69.18,-62.08],[-68.53,-61.84]]]}},{"type":"Feature","properties":{},"geometry":{"type":"Polygon","coordinates":[[[-89.11,-74.29],[-91.75,-74.43],[-92.18,-74.93],[-93.65,-74.59],[-92.81,-75.35],[-92.99,-75.83],[-92.27,-76.12],[-92.83,-76.64],[-92.04,-77.22],[-91.89,-76.77],[-90.61,-76.95],[-90.67,-77.52],[-91.88,-77.45],[-90.71,-77.91],[-96.69,-79.22],[-95.9,-81.06],[-97.68,-82.03],[-112.39,-81.58],[-114.68,-80.5],[-116.87,-80.09],[-114.86,-79.16],[-110.59,-78.68],[-100.39,-75.77],[-99.9,-75.61],[-100.19,-75.15],[-99.88,-74.78],[-97.35,-74.04],[-90.86,-73.66],[-89.11,-74.29]]]}},{"type":"Feature","properties":{},"geometry":{"type":"Polygon","coordinates":[[[-67.94,-61.28],[-67.53,-61.66],[-68.82,-61.71],[-69.59,-62.53],[-70.35,-62.31],[-72.84,-63.23],[-72.41,-63.45],[-73.1,-63.85],[-71.47,-63.89],[-71.81,-64.19],[-73.59,-64.11],[-73.45,-64.63],[-74.22,-64.02],[-74.89,-64.61],[-74.49,-64.74],[-76.33,-65.3],[-76.15,-65.79],[-76.52,-65.94],[-75.67,-65.94],[-76.38,-66.13],[-75.9,-66.22],[-76.12,-66.46],[-74.05,-66.35],[-74.96,-66.87],[-73.79,-67.39],[-74.07,-67.69],[-73.44,-68.09],[-73.98,-68.35],[-73.09,-68.42],[-73.8,-68.81],[-72.82,-69.11],[-73.45,-69.37],[-72.82,-69.69],[-73.93,-69.86],[-72.77,-69.95],[-73.18,-70.08],[-72.87,-70.32],[-73.77,-70.57],[-72.85,-70.62],[-73.34,-70.98],[-72.26,-70.87],[-73.03,-71.11],[-73.48,-72.01],[-74.37,-72.19],[-73.48,-72.21],[-73.8,-72.39],[-77.15,-73.12],[-76.01,-73.18],[-76.89,-73.44],[-82.19,-74.11],[-80.45,-74.61],[-80.55,-74.97],[-85.66,-75.45],[-87.42,-74.68],[-87.25,-74.2],[-89.11,-74.29],[-94.37,-72.05],[-92.85,-71.14],[-90.94,-71.24],[-91.12,-70.8],[-90.25,-70.87],[-90.32,-70.49],[-88.97,-71.16],[-87.24,-71.14],[-87.64,-71.42],[-79.18,-70.59],[-78.34,-69.64],[-79.59,-67.13],[-77.63,-66.82],[-78.27,-66.58],[-77.74,-66.55],[-77.88,-66.05],[-77.37,-66],[-77.96,-65.72],[-77.15,-65.28],[-78.15,-65.31],[-77.98,-64.81],[-77.09,-65.09],[-77.08,-64.43],[-76.34,-64.49],[-76.2,-63.94],[-74.22,-63.36],[-74.6,-63.26],[-74.32,-62.89],[-67.94,-61.28]]]}},{"type":"Feature","properties":{},"geometry":{"type":"Polygon","coordinates":[[[-164.1,-83.29],[-155.23,-83.13],[-147.09,-83.65],[-132.54,-82.69],[-143,-82.39],[-145.62,-81.87],[-148.33,-80.7],[-140.05,-80.26],[-136.37,-81.45],[-124.23,-82.53],[-112.39,-81.58],[-103.99,-82.06],[-93.84,-81.95],[-64.98,-80.08],[-54.64,-78.93],[-51.52,-79.29],[-49.55,-78.21],[-54.73,-77.33],[-53.03,-76.56],[-41.78,-74.97],[-39.13,-73.95],[-34.39,-73.07],[-27.74,-72.42],[-26.43,-71.8],[-27.39,-71.2],[-26.68,-71.14],[-26.25,-71.63],[-25.12,-70.87],[-24.44,-70.91],[-23.79,-71.84],[-22.68,-71.76],[-22.94,-71.5],[-22.3,-71.16],[-22.59,-70.92],[-21.8,-70.79],[-20.67,-70.86],[-21.12,-71.56],[-18.14,-71.55],[-18.76,-71.35],[-17.66,-70.59],[-18,-70.93],[-16.89,-71.16],[-17.54,-71.3],[-17.4,-71.79],[-16.12,-71.67],[-15.73,-72.07],[-10.11,-70.89],[-4.89,-71.06],[-2.7,-71.59],[2.12,-71.36],[10.59,-71.98],[20.59,-71.52],[21.1,-71.03],[20.86,-70.61],[21.75,-70.48],[26.37,-72.11],[29.43,-70.68],[35.45,-69.94],[35.71,-69.57],[37.56,-69.96],[38.86,-69.64],[37.84,-69.32],[38.9,-69.16],[39.63,-69.45],[39.38,-69.63],[40.63,-69.57],[40.2,-69.45],[40.63,-69.17],[40.03,-69.11],[40.18,-68.8],[44.07,-68.29],[46.12,-68.49],[47.91,-69.13],[46.69,-69.34],[49.79,-70],[61.79,-70.44],[62.05,-71.36],[60.92,-71.62],[61.95,-71.59],[60.82,-71.78],[61.73,-71.92],[60.37,-71.96],[60.68,-72.08],[60.07,-72.28],[60.95,-72.51],[59.6,-72.92],[63.41,-74.12],[65.57,-73.13],[65.11,-72.77],[68.64,-72.41],[71.13,-71.81],[71.53,-71.29],[71.19,-71.3],[72.54,-70.84],[78.42,-69.74],[86.61,-69.06],[93.06,-69.1],[94.45,-68.9],[94.08,-68.23],[95.5,-68.11],[95.9,-68.65],[98.78,-68.23],[105.48,-69.17],[106.96,-68.83],[107.54,-68.23],[109.95,-67.82],[111.53,-68.53],[113.24,-68.4],[115.13,-68.97],[118.74,-68.64],[118.85,-68.96],[124.03,-67.95],[126.11,-68.63],[127.59,-68.57],[128.12,-67.76],[127.5,-67.49],[132.47,-67.57],[132.97,-67.31],[132.64,-66.91],[132.99,-66.61],[133.73,-66.96],[133.48,-67.32],[134.94,-67.65],[143.63,-68.07],[145.47,-67.66],[145.91,-67.9],[144.45,-68.47],[147.87,-68.56],[148.14,-68.99],[147.42,-69.15],[150.59,-68.91],[151.13,-69.31],[153.47,-68.8],[154.77,-69.44],[158.94,-69.56],[161.42,-70.45],[167.17,-70.5],[171.03,-71.38],[171.07,-71.06],[171.88,-71.5],[170.93,-71.94],[171.58,-72.27],[170.67,-72.9],[170.84,-73.17],[168.45,-73.44],[167.79,-73.81],[168.52,-73.95],[167.09,-74.05],[168.01,-74.55],[166.87,-74.48],[166.69,-74.87],[166,-74.47],[165.32,-74.93],[167.87,-75.3],[165.97,-75.44],[166.63,-75.91],[166.05,-76.13],[167.2,-76.7],[166.88,-77.02],[169.91,-77.81],[169.16,-78.2],[170.83,-77.84],[173.26,-78.39],[170.31,-78.47],[167.36,-79.23],[168.46,-80.15],[169.81,-80.46],[169,-80.65],[176.01,-81.94],[174.08,-82.2],[179.99,-82.38],[179.99,-89.99],[-179.99,-89.99],[-179.99,-82.38],[-177.07,-82.95],[-164.1,-83.29]]]}},{"type":"Feature","properties":{},"geometry":{"type":"Polygon","coordinates":[[[-148.33,-80.7],[-150.18,-79.76],[-149.42,-79.29],[-143.29,-78.57],[-148.49,-78.29],[-155.07,-77.03],[-155.35,-76.83],[-154.68,-76.66],[-154.83,-76.39],[-156.28,-76.48],[-156.05,-75.8],[-156.52,-75.47],[-148.7,-75.83],[-148.97,-75.67],[-145.63,-74.99],[-149.52,-74.36],[-146.15,-74.41],[-147,-74.03],[-139.53,-72.86],[-139,-72.66],[-139.46,-72.43],[-138.1,-72.16],[-136.69,-72.5],[-122.83,-71.61],[-120.11,-71.84],[-120.33,-71.44],[-119.54,-71.19],[-119.24,-71.28],[-119.74,-71.53],[-118.9,-71.37],[-119.2,-71.72],[-118.43,-72.22],[-117.13,-72.05],[-117.58,-71.91],[-117.26,-71.52],[-115.02,-72.13],[-113.81,-71.88],[-113.14,-72.11],[-113.28,-72.59],[-112.04,-72.46],[-111.78,-71.99],[-107.9,-72.42],[-109.01,-71.79],[-107.96,-71.44],[-109.49,-70.87],[-107.5,-70.64],[-109.82,-70.69],[-110.55,-70.26],[-110.2,-70.09],[-99.66,-70.65],[-98.35,-70.44],[-98.44,-70],[-98.04,-69.97],[-97.16,-70.16],[-97.61,-70.44],[-96.04,-70.73],[-95.16,-70.4],[-94.86,-70.84],[-92.85,-71.14],[-97.35,-74.04],[-99.88,-74.78],[-100.19,-75.15],[-99.9,-75.61],[-110.59,-78.68],[-114.86,-79.16],[-116.87,-80.09],[-138.81,-80.15],[-148.33,-80.7]]]}},{"type":"Feature","properties":{},"geometry":{"type":"Polygon","coordinates":[[[-66.26,-61.26],[-65.85,-61.44],[-67.31,-61.44],[-66.26,-61.26]]]}},{"type":"Feature","properties":{},"geometry":{"type":"Polygon","coordinates":[[[-67.87,-60.71],[-67.57,-60.84],[-68.97,-60.87],[-67.87,-60.71]]]}},{"type":"Feature","properties":{},"geometry":{"type":"Polygon","coordinates":[[[-59.12,-56.99],[-59.76,-57.09],[-58.77,-57.78],[-60.77,-57.1],[-59.12,-56.99]]]}},{"type":"Feature","properties":{},"geometry":{"type":"Polygon","coordinates":[[[-58.71,-57.01],[-57.66,-57.32],[-58.81,-57.32],[-58.71,-57.01]]]}},{"type":"Feature","properties":{},"geometry":{"type":"Polygon","coordinates":[[[-62.08,-55.79],[-61.55,-56.19],[-62.25,-56.06],[-62.08,-55.79]]]}},{"type":"Feature","properties":{},"geometry":{"type":"Polygon","coordinates":[[[-62.41,-55.67],[-62.16,-55.93],[-62.59,-56.13],[-62.79,-55.71],[-62.41,-55.67]]]}},{"type":"Feature","properties":{},"geometry":{"type":"Polygon","coordinates":[[[-60.88,-55.49],[-61.01,-56.18],[-61.38,-56.01],[-60.88,-55.49]]]}},{"type":"Feature","properties":{},"geometry":{"type":"Polygon","coordinates":[[[-63.49,-55.11],[-62.64,-55.61],[-63.45,-55.87],[-63.19,-55.62],[-64.16,-55.43],[-63.49,-55.11]]]}},{"type":"Feature","properties":{},"geometry":{"type":"Polygon","coordinates":[[[-62.39,-54.46],[-61.65,-54.66],[-62.96,-54.84],[-62.57,-54.98],[-63.09,-55.07],[-62.86,-55.32],[-63.72,-54.86],[-63.13,-55.05],[-63.34,-54.58],[-62.39,-54.46]]]}},{"type":"Feature","properties":{},"geometry":{"type":"Polygon","coordinates":[[[-62.14,-56.26],[-60.68,-56.5],[-61.46,-56.01],[-59.75,-56.46],[-59.98,-56.72],[-59.51,-56.51],[-60.62,-55.79],[-59.68,-55.37],[-60.8,-55.29],[-60.33,-54.89],[-60.64,-54.71],[-59.52,-54.47],[-58.72,-54.74],[-58.39,-55.24],[-58.76,-55.34],[-57.65,-56.25],[-55.51,-56.99],[-57.08,-57.28],[-62.7,-56.31],[-62.14,-56.26]]]}},{"type":"Feature","properties":{},"geometry":{"type":"Polygon","coordinates":[[[-48.75,-54.11],[-49.95,-54.87],[-50.67,-54.66],[-49.5,-54.46],[-50.09,-54.02],[-48.75,-54.11]]]}},{"type":"Feature","properties":{},"geometry":{"type":"Polygon","coordinates":[[[-48.2,-54.1],[-47.05,-54.57],[-48.37,-54.59],[-48.13,-54.95],[-48.74,-54.77],[-48.88,-55.12],[-49.27,-54.87],[-48.2,-54.1]]]}},{"type":"Feature","properties":{},"geometry":{"type":"Polygon","coordinates":[[[-64.53,-52.34],[-64.36,-52.74],[-64.88,-52.66],[-64.53,-52.34]]]}},{"type":"Feature","properties":{},"geometry":{"type":"Polygon","coordinates":[[[-65.05,-51.59],[-64.56,-51.77],[-65.21,-52.01],[-65.05,-51.59]]]}},{"type":"Feature","properties":{},"geometry":{"type":"Polygon","coordinates":[[[-64.38,-51.07],[-64.81,-51.51],[-65.12,-50.87],[-64.53,-51],[-64.61,-50.45],[-64.03,-50.36],[-64.14,-51.55],[-64.58,-51.67],[-64.38,-51.07]]]}},{"type":"Feature","properties":{},"geometry":{"type":"Polygon","coordinates":[[[61.48,-51.34],[61.39,-51.75],[62.07,-51.65],[61.83,-51.94],[63.04,-51.95],[62.04,-52.06],[62.69,-52.38],[61.15,-52.4],[61.48,-51.34]]]}},{"type":"Feature","properties":{},"geometry":{"type":"Polygon","coordinates":[[[-64.13,-49.78],[-64.08,-50.35],[-64.51,-50.2],[-64.13,-49.78]]]}},{"type":"Feature","properties":{},"geometry":{"type":"Polygon","coordinates":[[[-159.76,-59.97],[-159.43,-60.4],[-160.52,-60.5],[-159.76,-59.97]]]}},{"type":"Feature","properties":{},"geometry":{"type":"Polygon","coordinates":[[[-61.71,-46.17],[-61.43,-46.35],[-62.11,-46.69],[-61.71,-46.17]]]}},{"type":"Feature","properties":{},"geometry":{"type":"Polygon","coordinates":[[[-138.14,-57.89],[-137.56,-57.93],[-138.17,-58.31],[-138.52,-58.01],[-138.14,-57.89]]]}},{"type":"Feature","properties":{},"geometry":{"type":"Polygon","coordinates":[[[-62.24,-43.52],[-61.74,-44.05],[-62.26,-44.29],[-62.02,-44.92],[-62.69,-45.13],[-62.99,-44.92],[-62.24,-43.52]]]}},{"type":"Feature","properties":{},"geometry":{"type":"Polygon","coordinates":[[[154.52,-64.14],[158.99,-64.02],[158.12,-63.82],[160.06,-63.13],[161.7,-64.28],[161.21,-64.11],[161.67,-65.08],[162.37,-65.29],[160.55,-65.16],[161.15,-65.38],[160.68,-65.5],[161.12,-66.06],[159.73,-66.3],[157.43,-65.73],[156.79,-65.38],[157.58,-65.39],[155.32,-64.83],[154.52,-64.14]]]}},{"type":"Feature","properties":{},"geometry":{"type":"Polygon","coordinates":[[[-172.43,-59.34],[-172.83,-59.55],[-171.5,-59.97],[-170.33,-59.28],[-170.6,-59.68],[-170.12,-59.48],[-170.28,-59.78],[-169.68,-59.96],[-169.76,-60.75],[-172.7,-62.27],[-175.79,-64.68],[-175.6,-63.98],[-173.25,-62.14],[-173.45,-60.94],[-172.96,-60.41],[-173.35,-59.95],[-172.43,-59.34]]]}},{"type":"Feature","properties":{},"geometry":{"type":"Polygon","coordinates":[[[-151.43,-56.46],[-152.5,-56.92],[-152.61,-57.36],[-152.04,-57.59],[-154.49,-57.9],[-155.99,-59.42],[-155.68,-59.42],[-157.42,-60.03],[-161.5,-59.14],[-160.71,-58.92],[-161.04,-58.9],[-160.82,-58.49],[-160.38,-58.68],[-160.28,-58.21],[-157.81,-57.47],[-151.43,-56.46]]]}},{"type":"Feature","properties":{},"geometry":{"type":"Polygon","coordinates":[[[139.21,-61.3],[140.19,-61.45],[137.58,-61.83],[139.21,-61.3]]]}},{"type":"Feature","properties":{},"geometry":{"type":"Polygon","coordinates":[[[-177.11,-53.77],[-176.43,-54.21],[-174.91,-54.03],[-172.97,-55.49],[-171.89,-55.45],[-172.63,-54.85],[-170.03,-55.66],[-167.78,-54.83],[-167.29,-56.31],[-168.41,-56.72],[-167.82,-57.61],[-167.97,-58.92],[-168.55,-59.5],[-169.67,-59.44],[-169.74,-58.34],[-172.44,-58.03],[-171.87,-57.27],[-172.33,-56.24],[-174.22,-55.28],[-173.72,-55.33],[-174.2,-55.11],[-173.93,-54.95],[-174.71,-55.01],[-174.42,-55.24],[-177.55,-53.94],[-177.11,-53.77]]]}},{"type":"Feature","properties":{},"geometry":{"type":"Polygon","coordinates":[[[169,-42.42],[169.3,-42.84],[168.75,-42.67],[169,-42.42]]]}},{"type":"Feature","properties":{},"geometry":{"type":"Polygon","coordinates":[[[164.77,-42.56],[169.26,-44.03],[166.35,-43.59],[164.77,-42.56]]]}},{"type":"Feature","properties":{},"geometry":{"type":"Polygon","coordinates":[[[130.46,-40.04],[130.92,-40.64],[130.12,-40.67],[130.46,-40.04]]]}},{"type":"Feature","properties":{},"geometry":{"type":"Polygon","coordinates":[[[35.87,-34.19],[35.34,-32.03],[35.94,-30.63],[37.84,-30.14],[38.28,-30.44],[38.17,-29.95],[39.01,-29.91],[38.87,-29.57],[39.94,-28.64],[39.75,-28.02],[40.15,-28.24],[40.75,-27.79],[40.63,-26.86],[41.27,-26.45],[42.62,-29.86],[42.37,-30.37],[41.68,-29.96],[41.96,-31.24],[39.03,-39.36],[36.7,-40.05],[35.46,-39.49],[34.5,-36.6],[35.87,-34.19]]]}},{"type":"Feature","properties":{},"geometry":{"type":"Polygon","coordinates":[[[122.14,-38.51],[122.53,-38.98],[121.81,-39.03],[122.14,-38.51]]]}},{"type":"Feature","properties":{},"geometry":{"type":"Polygon","coordinates":[[[122.18,-38.34],[123.64,-38.52],[122.98,-39.06],[122.18,-38.34]]]}},{"type":"Feature","properties":{},"geometry":{"type":"Polygon","coordinates":[[[148.59,-62.81],[145.24,-62.87],[141.25,-61],[143.03,-61.49],[142.51,-61.24],[140.01,-61.25],[140.28,-60.36],[139.19,-59.82],[139.16,-60.83],[137.78,-61.19],[137.84,-60.78],[138.55,-60.7],[138.15,-59.96],[138.68,-59.28],[137.78,-58.23],[138.11,-58.79],[135.9,-60.65],[136.18,-61.1],[134.58,-60.86],[135.25,-60.81],[131.21,-58.68],[126.95,-58.42],[118.73,-59.72],[115.79,-60.56],[114.65,-61.51],[108.25,-61.55],[104.65,-62.54],[104.94,-62.63],[102.47,-62.5],[99.82,-61.42],[99.96,-60.86],[101.15,-60.68],[101.53,-59.22],[100.63,-57.85],[100.57,-56.45],[98.46,-53.34],[99.42,-53.85],[99.1,-52.75],[99.31,-53.45],[100.06,-53.61],[100.19,-53.15],[99.12,-51.66],[100.51,-49.12],[100.82,-49.81],[101.3,-49.19],[104.49,-48.01],[105.65,-48.23],[110.48,-47.16],[112.23,-45.71],[111.95,-44.86],[112.93,-43.98],[113.84,-45.2],[113.84,-44.61],[114.33,-44.84],[114.33,-44.41],[113.72,-44.24],[113.77,-43.75],[115.62,-43.92],[114.89,-43.89],[115.4,-43.19],[115.01,-43.54],[114.88,-43.09],[115.21,-42.79],[116.05,-43.12],[115.42,-42.69],[116.3,-42.67],[115.79,-42.26],[116.36,-41.73],[116.82,-42.13],[116.87,-41.4],[117.17,-41.73],[117.97,-41.18],[118.7,-41.34],[119.82,-42.08],[119.44,-43.02],[119.72,-42.54],[120.04,-42.82],[119.81,-42.41],[120.2,-42.09],[121.64,-42.46],[121.84,-41.75],[121.24,-41.59],[122.29,-40.51],[122.3,-39.84],[122.82,-39.86],[122.56,-39.56],[123.08,-39.79],[122.86,-39.54],[123.4,-39.13],[125.28,-39.09],[125.14,-38.55],[123.9,-38.36],[124.14,-38.14],[127.03,-38.89],[128.4,-38.93],[129.14,-38.47],[128.86,-38.75],[129.32,-38.56],[129.38,-38.99],[129.93,-38.3],[130.54,-38.69],[129.99,-39.2],[130.28,-39.39],[129.4,-39.77],[129.57,-40.69],[128.53,-41.42],[130.94,-42.04],[130.6,-42.33],[136.28,-43.27],[137.16,-40.66],[136.44,-39.38],[136.79,-37.98],[136.24,-38.08],[136.78,-37.44],[136.48,-36.41],[136.9,-36.07],[139.4,-39.4],[140.25,-39.03],[141.5,-39.6],[142.05,-41.02],[142.89,-41.33],[143.96,-43.15],[147.61,-43.8],[149.71,-45.8],[150.28,-45.74],[150.01,-45.24],[150.99,-45.57],[150.9,-45.27],[151.68,-46.28],[151.08,-46.27],[155.13,-47.33],[155.85,-47.84],[156.37,-49.16],[157.95,-50.2],[158.87,-53.04],[158.59,-53.89],[159,-54.07],[158.13,-54.67],[158.28,-55.44],[157.5,-55.56],[158.34,-55.74],[158.02,-55.83],[158.4,-55.93],[158.05,-56],[158.39,-55.95],[158.17,-56.94],[158.65,-57.03],[158.12,-57.86],[159.45,-59.53],[156.4,-60.63],[156.87,-60.59],[155.01,-61.88],[155.68,-62.22],[153.52,-61.69],[152.3,-62.02],[152.88,-61.73],[152.32,-61.47],[151.69,-61.92],[152.29,-61.98],[151.05,-62.85],[148.59,-62.81]]]}},{"type":"Feature","properties":{},"geometry":{"type":"Polygon","coordinates":[[[131.72,-33.51],[132.13,-33.64],[131.92,-34.24],[130.71,-34.28],[131.72,-33.51]]]}},{"type":"Feature","properties":{},"geometry":{"type":"Polygon","coordinates":[[[122.5,4.28],[122.42,3.7],[121.68,3.25],[122.5,4.28]]]}},{"type":"Feature","properties":{},"geometry":{"type":"Polygon","coordinates":[[[126.07,-33.01],[126.56,-33.34],[126.22,-33.72],[126.07,-33.01]]]}},{"type":"Feature","properties":{},"geometry":{"type":"Polygon","coordinates":[[[126.53,-32.71],[126.63,-33.11],[126.18,-32.92],[126.53,-32.71]]]}},{"type":"Feature","properties":{},"geometry":{"type":"Polygon","coordinates":[[[116.14,-0.52],[117.99,0.8],[118.68,0.67],[119.98,1.72],[119.96,2.51],[121.45,3.3],[122.3,2.99],[123.45,3.93],[124.1,3.36],[117.46,-1.33],[117.25,-0.96],[116.18,-1.68],[116.14,-0.52]]]}},{"type":"Feature","properties":{},"geometry":{"type":"Polygon","coordinates":[[[126.34,-32.33],[126.71,-32.7],[126.21,-32.8],[126.34,-32.33]]]}},{"type":"Feature","properties":{},"geometry":{"type":"Polygon","coordinates":[[[124.43,-28.33],[124.96,-28.89],[123.61,-28.51],[124.43,-28.33]]]}},{"type":"Feature","properties":{},"geometry":{"type":"Polygon","coordinates":[[[127.68,-28.51],[128.78,-28.98],[128.99,-29.68],[125.88,-28.59],[127.68,-28.51]]]}},{"type":"Feature","properties":{},"geometry":{"type":"Polygon","coordinates":[[[115.71,3.27],[116.26,3.45],[116.39,2.96],[116.1,2.69],[115.71,3.27]]]}},{"type":"Feature","properties":{},"geometry":{"type":"Polygon","coordinates":[[[128.74,-27.52],[128.75,-27.86],[128.11,-27.63],[128.74,-27.52]]]}},{"type":"Feature","properties":{},"geometry":{"type":"Polygon","coordinates":[[[113.71,2.4],[114.68,2.15],[115.15,2.49],[115.49,2.09],[113.71,1.44],[113.71,2.4]]]}},{"type":"Feature","properties":{},"geometry":{"type":"Polygon","coordinates":[[[144.42,-30.73],[146.24,-31.77],[146.19,-32.39],[148.05,-32.82],[148.56,-33.36],[146.92,-33.5],[139.45,-30.95],[133.36,-30.5],[133.67,-30.29],[132.27,-29.91],[132.55,-29.18],[131.82,-30.18],[130.39,-28.83],[131.9,-28.61],[132.31,-29.05],[132.77,-28.33],[130.87,-28.39],[130.63,-27.49],[129.45,-27.36],[131.08,-26.48],[132.94,-27.01],[132.97,-28.6],[133.92,-29.76],[137.31,-28.11],[144.42,-30.73]]]}},{"type":"Feature","properties":{},"geometry":{"type":"Polygon","coordinates":[[[140.94,-31.24],[143.51,-33.12],[144.28,-32.88],[144.35,-33.36],[145.35,-33.33],[145.23,-33.7],[146.46,-33.63],[145.89,-33.87],[146.35,-34.02],[142.93,-34.19],[139.98,-32.64],[138.37,-32.46],[138.47,-32.83],[138.02,-32.89],[137.24,-32.5],[137.83,-33.14],[137.03,-33.17],[137.53,-33.44],[135.83,-33.72],[137,-33.76],[137.46,-34.24],[134.86,-34.91],[133.26,-34.1],[133.41,-33.74],[132.09,-34.34],[132.15,-33.63],[131.54,-33.35],[132.68,-33.14],[131.35,-33.12],[132.15,-33.05],[129.9,-31.23],[126.41,-30.91],[132.44,-30.16],[140.94,-31.24]]]}},{"type":"Feature","properties":{},"geometry":{"type":"Polygon","coordinates":[[[129.51,-25.93],[130.06,-26.29],[128.83,-26.06],[129.51,-25.93]]]}},{"type":"Feature","properties":{},"geometry":{"type":"Polygon","coordinates":[[[110.75,3.03],[111.09,2.79],[110.66,2.65],[110.75,3.03]]]}},{"type":"Feature","properties":{},"geometry":{"type":"Polygon","coordinates":[[[1.27,-6.96],[1.23,-7.38],[0.94,-7.23],[1.27,-6.96]]]}},{"type":"Feature","properties":{},"geometry":{"type":"Polygon","coordinates":[[[102.52,-1.38],[104.06,-0.07],[105.36,-0.33],[110,1.03],[113.39,-2.27],[110.57,-1.8],[108.95,-2.01],[107.6,-1.33],[106.54,-1.78],[104.85,-1.56],[103.05,-1.96],[102.37,-1.68],[102.52,-1.38]]]}},{"type":"Feature","properties":{},"geometry":{"type":"Polygon","coordinates":[[[109.66,1.05],[110.47,1.39],[110.4,0.93],[110.97,1.78],[111.57,0.88],[112.41,1.49],[113.85,0.81],[114.25,1.63],[115,1.6],[117.09,-0.43],[116.46,-0.5],[116.67,-0.82],[116.06,-1.15],[116.39,-1.37],[112.64,-2],[109.66,1.05]]]}},{"type":"Feature","properties":{},"geometry":{"type":"Polygon","coordinates":[[[114.7,16.17],[114.98,15.86],[114.94,16.44],[115.77,16.44],[116.52,16.03],[117.7,16.74],[117.22,15.61],[117.91,15.65],[117.18,14.89],[117.85,14.48],[117.33,13.93],[117.85,14.27],[117.57,13.99],[119.05,13.75],[119.2,13.23],[120.68,13.37],[119.74,12.75],[120.89,11.19],[120.56,9.49],[120.88,9.58],[120.79,9.05],[121.23,9.33],[121.56,7.74],[121.09,6.66],[120.44,7.21],[119.86,6.5],[119.06,6.46],[118.68,5.21],[118.01,5.63],[117.14,4.48],[115.6,5.63],[114.92,5.31],[115.04,5.61],[113.81,5.9],[112.96,7.33],[114.82,8.31],[114.41,8.25],[113.92,9.36],[114.73,10.82],[114.39,12.49],[115.19,13.71],[114.7,16.17]]]}},{"type":"Feature","properties":{},"geometry":{"type":"Polygon","coordinates":[[[56.25,-38.14],[56.74,-40.84],[55.77,-41.81],[54.3,-41.77],[53.87,-41.2],[54.65,-39.42],[56.25,-38.14]]]}},{"type":"Feature","properties":{},"geometry":{"type":"Polygon","coordinates":[[[-44.59,7.98],[-44.64,7.28],[-45.56,7.26],[-45.08,7.48],[-45.26,7.91],[-44.59,7.98]]]}},{"type":"Feature","properties":{},"geometry":{"type":"Polygon","coordinates":[[[-60.61,17.74],[-59.19,17.24],[-60.8,17.18],[-60.61,17.74]]]}},{"type":"Feature","properties":{},"geometry":{"type":"Polygon","coordinates":[[[-70.98,19.23],[-69.74,18.56],[-70.77,18.45],[-71.8,19.11],[-70.98,19.23]]]}},{"type":"Feature","properties":{},"geometry":{"type":"Polygon","coordinates":[[[-66.01,19.98],[-63.26,19.31],[-62.52,18.81],[-63.02,18.66],[-61.81,18],[-62.19,17.66],[-64.55,18.11],[-65.03,17.46],[-65.56,18.18],[-67.39,18.23],[-67.9,18.64],[-67.62,18.93],[-65.8,18.52],[-65.99,19.48],[-66.7,19.83],[-66.01,19.98]]]}},{"type":"Feature","properties":{},"geometry":{"type":"Polygon","coordinates":[[[106.96,18.33],[107.78,18.76],[107.95,17.5],[107.36,16.56],[106.43,16.51],[106.03,17.3],[106.96,18.33]]]}},{"type":"Feature","properties":{},"geometry":{"type":"Polygon","coordinates":[[[-64.38,22.83],[-62.36,21.92],[-57.89,17.77],[-61.4,18.43],[-60.68,19.12],[-61.49,19.42],[-61.79,20.43],[-64.51,21.8],[-64.78,22.11],[-64.21,22.07],[-64.42,22.31],[-67.62,22.38],[-66.93,22.34],[-66.45,22.94],[-64.38,22.83]]]}},{"type":"Feature","properties":{},"geometry":{"type":"Polygon","coordinates":[[[-57.39,26.89],[-57.14,26.1],[-57.49,25.96],[-57.83,26.37],[-57.39,26.89]]]}},{"type":"Feature","properties":{},"geometry":{"type":"Polygon","coordinates":[[[119.13,40.86],[120.12,40.82],[120.1,40.4],[120.84,40.21],[120.64,38.53],[120.06,38.01],[119.95,38.72],[119.93,38.15],[119.33,38.28],[119.37,39.71],[118.77,40.01],[119.12,39.55],[118.52,39.29],[118.25,39.78],[118.7,39.62],[118.04,39.98],[119.13,40.86]]]}},{"type":"Feature","properties":{},"geometry":{"type":"Polygon","coordinates":[[[122.48,42.09],[123.31,41.73],[122.93,41.02],[122.03,41.02],[121.49,40.25],[120.99,40.81],[120.62,40.6],[121.23,41.55],[122.48,42.09]]]}},{"type":"Feature","properties":{},"geometry":{"type":"Polygon","coordinates":[[[20.28,22.19],[22.34,21.55],[20.99,21.49],[20.05,21.96],[20.28,22.19]]]}},{"type":"Feature","properties":{},"geometry":{"type":"Polygon","coordinates":[[[29.63,22.39],[28.7,22.3],[27.82,22.74],[27.7,23.34],[28.49,23.31],[29.63,22.39]]]}},{"type":"Feature","properties":{},"geometry":{"type":"Polygon","coordinates":[[[13.7,25.99],[12.91,24.47],[10.86,26.01],[11.21,26.34],[13.7,25.99]]]}},{"type":"Feature","properties":{},"geometry":{"type":"Polygon","coordinates":[[[20.48,25.68],[21.31,24.52],[19.98,25.57],[20.48,25.68]]]}},{"type":"Feature","properties":{},"geometry":{"type":"Polygon","coordinates":[[[23.03,31.36],[23.27,31],[22.56,31.17],[23.03,31.36]]]}},{"type":"Feature","properties":{},"geometry":{"type":"Polygon","coordinates":[[[1.83,32.49],[1.93,31.8],[1.23,31.91],[1.83,32.49]]]}},{"type":"Feature","properties":{},"geometry":{"type":"Polygon","coordinates":[[[5.06,34.89],[4.62,34.47],[2.75,34.35],[2.1,35.05],[4.57,35.64],[5.06,34.89]]]}},{"type":"Feature","properties":{},"geometry":{"type":"Polygon","coordinates":[[[122.45,42.44],[120.57,41.65],[120.55,41.09],[119.17,40.89],[119.08,41.39],[120.84,43.01],[124.02,43.8],[124.05,45.58],[124.64,45.85],[124.27,45.36],[124.82,45.09],[126,46],[126.74,47.77],[126,49.4],[126.23,50.13],[127.29,49.93],[126.73,50.53],[127.41,50.55],[128.98,48.81],[128.9,47.54],[128.3,47.18],[128.83,46.21],[128.66,45.41],[129.22,44.96],[128.88,44.32],[128.29,43.97],[128.26,44.72],[127.31,43.47],[127.13,43.9],[126.75,43.29],[125.46,42.97],[125.74,43.24],[124.94,43.37],[125.45,42.66],[124.28,41.6],[123.63,41.85],[123.74,42.72],[122.45,42.44]]]}},{"type":"Feature","properties":{},"geometry":{"type":"Polygon","coordinates":[[[7.21,34.92],[5.19,34.94],[6.36,35.51],[7.21,34.92]]]}},{"type":"Feature","properties":{},"geometry":{"type":"Polygon","coordinates":[[[134.63,48.9],[134.94,48.96],[133.95,48.07],[134.63,48.9]]]}},{"type":"Feature","properties":{},"geometry":{"type":"Polygon","coordinates":[[[129.69,49.32],[132.72,48.15],[133.66,48.67],[133.53,48.1],[134.09,47.62],[132.6,47.02],[132.17,46.11],[129.23,46.25],[128.72,46.94],[129.85,47.1],[129.41,48.96],[129.69,49.32]]]}},{"type":"Feature","properties":{},"geometry":{"type":"Polygon","coordinates":[[[125.88,51.45],[125.69,51.06],[126.92,50.84],[126.01,50.22],[124.98,51.29],[125.88,51.45]]]}},{"type":"Feature","properties":{},"geometry":{"type":"Polygon","coordinates":[[[-33.16,43.96],[-33.38,43.26],[-34.31,42.86],[-33.31,43.28],[-32.95,42.8],[-34.48,42.73],[-34.51,43.27],[-33.16,43.96]]]}},{"type":"Feature","properties":{},"geometry":{"type":"Polygon","coordinates":[[[-36.37,44.56],[-36.37,44.1],[-34.72,43.74],[-35.64,43.42],[-36.71,44.15],[-36.37,44.56]]]}},{"type":"Feature","properties":{},"geometry":{"type":"Polygon","coordinates":[[[-35.08,47.5],[-33.25,46.21],[-34.85,46.85],[-35.46,47.5],[-35.08,47.5]]]}},{"type":"Feature","properties":{},"geometry":{"type":"Polygon","coordinates":[[[-95.2,56.13],[-94.89,56.01],[-96.11,56.18],[-95.2,56.13]]]}},{"type":"Feature","properties":{},"geometry":{"type":"Polygon","coordinates":[[[-103.04,58.82],[-100.4,57.76],[-99.36,55.66],[-101.07,56.24],[-100.35,56.6],[-101.36,56.44],[-101.37,56.92],[-102.22,57.08],[-101.53,57.2],[-103.35,58.06],[-102.48,58.43],[-103.53,58.7],[-103.04,58.82]]]}},{"type":"Feature","properties":{},"geometry":{"type":"Polygon","coordinates":[[[-27.66,44.94],[-26.69,45.14],[-26.86,44.86],[-25.94,44.64],[-26.96,43.96],[-25.82,43.93],[-26.85,43.73],[-26.85,43.03],[-25.89,43.42],[-26.48,43.03],[-25.93,42.83],[-26.7,42.08],[-27.16,42.18],[-26.87,42.72],[-27.6,42.48],[-27.07,43.46],[-28.97,42.81],[-27.7,43.39],[-29.09,43.52],[-28.54,43.89],[-29.66,43.69],[-31.82,44.29],[-27.66,44.94]]]}},{"type":"Feature","properties":{},"geometry":{"type":"Polygon","coordinates":[[[-26.98,47.38],[-26.59,47.24],[-27.3,47.14],[-27.09,46.83],[-28.76,45.82],[-27.42,45.77],[-28.19,45.5],[-27.3,45.26],[-27.66,44.94],[-31.79,44.51],[-30.5,44.92],[-31.34,45.14],[-30.31,45.54],[-29.96,45.27],[-30.13,45.68],[-29.58,45.7],[-28.74,46.81],[-26.98,47.38]]]}},{"type":"Feature","properties":{},"geometry":{"type":"Polygon","coordinates":[[[-49.14,54.34],[-48.83,53.7],[-49.92,54.3],[-49.14,54.34]]]}},{"type":"Feature","properties":{},"geometry":{"type":"Polygon","coordinates":[[[-105.83,61.84],[-106.33,61.51],[-105.87,60.63],[-106.86,61.83],[-105.83,61.84]]]}},{"type":"Feature","properties":{},"geometry":{"type":"Polygon","coordinates":[[[-102.47,61.28],[-102.14,61],[-102.5,60.56],[-102.32,60.91],[-102.97,60.84],[-102.47,61.28]]]}},{"type":"Feature","properties":{},"geometry":{"type":"Polygon","coordinates":[[[-151.07,70.09],[-150.45,69.89],[-151.72,69.66],[-151.07,70.09]]]}},{"type":"Feature","properties":{},"geometry":{"type":"Polygon","coordinates":[[[-106.61,62.95],[-105.7,62.62],[-106.4,62.26],[-104.95,62.66],[-106.63,61.84],[-107.01,62.36],[-106.61,62.95]]]}},{"type":"Feature","properties":{},"geometry":{"type":"Polygon","coordinates":[[[127.03,58.01],[128.33,56.65],[128.51,55.53],[131.57,52.8],[130.58,53.28],[129.51,52.99],[129.54,51.62],[130.88,50.82],[131.08,50.03],[130.07,50.63],[129.72,49.7],[129.2,50.34],[129.12,51.76],[128.45,52.47],[127.93,54.85],[127.06,55.34],[126.52,56.84],[127.33,57.2],[126.51,57.89],[127.03,58.01]]]}},{"type":"Feature","properties":{},"geometry":{"type":"Polygon","coordinates":[[[-145.25,70.23],[-144.73,69.7],[-147.73,69.97],[-145.25,70.23]]]}},{"type":"Feature","properties":{},"geometry":{"type":"Polygon","coordinates":[[[123.51,58.03],[124.04,57.98],[123.13,57.59],[123.51,58.03]]]}},{"type":"Feature","properties":{},"geometry":{"type":"Polygon","coordinates":[[[-105.87,63.97],[-105.8,63.33],[-106.17,63.69],[-105.87,63.97]]]}},{"type":"Feature","properties":{},"geometry":{"type":"Polygon","coordinates":[[[-8.23,45.32],[-7.14,45.53],[-8.29,45.5],[-7.28,46.1],[-8.38,46.36],[-7.77,46.71],[-8.18,47.19],[-6.82,47.07],[-6.42,47.48],[-7,47.56],[-6.49,47.99],[-4.6,47.9],[-4.16,47.16],[-6.4,45.67],[-8.23,45.32]]]}},{"type":"Feature","properties":{},"geometry":{"type":"Polygon","coordinates":[[[-6.98,44.74],[-8.31,44.39],[-7.99,44.65],[-8.62,44.58],[-8.06,44.81],[-8.79,44.82],[-8.19,45.09],[-8.81,45.16],[-4.93,46.39],[-5.24,44.92],[-6.98,44.74]]]}},{"type":"Feature","properties":{},"geometry":{"type":"Polygon","coordinates":[[[9.34,47.66],[9.58,47.13],[8.71,47.61],[9.34,47.66]]]}},{"type":"Feature","properties":{},"geometry":{"type":"Polygon","coordinates":[[[-102.81,64.23],[-103.19,63.56],[-103.64,63.66],[-103.22,63.98],[-103.94,63.89],[-102.81,64.23]]]}},{"type":"Feature","properties":{},"geometry":{"type":"Polygon","coordinates":[[[11.01,48.12],[10.77,47.03],[9.89,47.41],[10.08,48.05],[10.73,47.69],[10.55,48.01],[11.01,48.12]]]}},{"type":"Feature","properties":{},"geometry":{"type":"Polygon","coordinates":[[[-105.54,65.1],[-104.52,63.97],[-105.33,63.99],[-104.51,63.75],[-105.12,63.55],[-104.68,63.54],[-104.99,63.22],[-105.49,63.59],[-105.17,63.87],[-105.99,64.02],[-105.34,64.27],[-105.9,64.37],[-105.36,64.56],[-105.54,65.1]]]}},{"type":"Feature","properties":{},"geometry":{"type":"Polygon","coordinates":[[[-44.8,57.02],[-44.69,56.64],[-45.28,56.32],[-44.68,56.73],[-45.39,56.31],[-44.97,56.64],[-46.05,56.51],[-44.8,57.02]]]}},{"type":"Feature","properties":{},"geometry":{"type":"Polygon","coordinates":[[[-105.82,65.77],[-105.43,65.34],[-106.49,64.87],[-105.82,65.77]]]}},{"type":"Feature","properties":{},"geometry":{"type":"Polygon","coordinates":[[[-105.21,65.84],[-104.46,65.24],[-105.52,65.18],[-105.21,65.84]]]}},{"type":"Feature","properties":{},"geometry":{"type":"Polygon","coordinates":[[[-108.47,63.21],[-108.36,62.79],[-109.65,61.86],[-109.03,62.38],[-109.5,62.36],[-109.01,63.14],[-108.47,63.21]]]}},{"type":"Feature","properties":{},"geometry":{"type":"Polygon","coordinates":[[[-4.43,50.41],[-3.95,49.94],[-4.29,49.71],[-4.87,50.15],[-4.43,50.41]]]}},{"type":"Feature","properties":{},"geometry":{"type":"Polygon","coordinates":[[[16.38,49.82],[16.49,49.38],[15.82,48.87],[15.81,49.49],[16.38,49.82]]]}},{"type":"Feature","properties":{},"geometry":{"type":"Polygon","coordinates":[[[-126.44,69.52],[-126.03,69.3],[-126.43,69.16],[-125.62,69.07],[-129.64,68.92],[-128.94,69.56],[-127.94,69.45],[-128.11,69.05],[-127.57,69.58],[-126.44,69.52]]]}},{"type":"Feature","properties":{},"geometry":{"type":"Polygon","coordinates":[[[-107.77,63.89],[-108.22,63.66],[-107.37,63.41],[-108.29,63.72],[-107.75,63.2],[-108.04,62.96],[-108.56,63.52],[-109.1,63.22],[-108.67,63.95],[-107.77,63.89]]]}},{"type":"Feature","properties":{},"geometry":{"type":"Polygon","coordinates":[[[-105.28,67.17],[-104.79,66.86],[-104.84,66.18],[-106.18,65.92],[-105.33,66.36],[-105.71,66.48],[-105.28,67.17]]]}},{"type":"Feature","properties":{},"geometry":{"type":"Polygon","coordinates":[[[-124.84,69.7],[-124.3,69.38],[-126.09,69.63],[-124.84,69.7]]]}},{"type":"Feature","properties":{},"geometry":{"type":"Polygon","coordinates":[[[19.5,50.57],[20.11,50.42],[19.05,49.86],[18.89,50.45],[19.5,50.57]]]}},{"type":"Feature","properties":{},"geometry":{"type":"Polygon","coordinates":[[[-1.82,51.2],[-1.66,50.91],[-2.81,50.52],[-2.29,50.44],[-3.52,49.36],[-4.52,49.42],[-3.75,49.77],[-3.99,50.54],[-3.38,50.46],[-3.66,50.73],[-3.2,51.26],[-1.82,51.2]]]}},{"type":"Feature","properties":{},"geometry":{"type":"Polygon","coordinates":[[[-2.43,50.2],[-0.7,50.1],[-1.44,49.09],[-2.15,48.94],[-1.53,48.8],[-2.62,48.69],[-1.19,48.42],[-0.75,47.78],[-3.74,47.31],[-3.49,48.58],[-3.17,48.54],[-3.35,48.84],[-3.87,48.52],[-3.59,48.89],[-4.36,47.99],[-4.1,48.97],[-2.43,50.2]]]}},{"type":"Feature","properties":{},"geometry":{"type":"Polygon","coordinates":[[[-0.75,47.78],[-0.59,47.06],[0.35,46.53],[0.49,46.01],[-0.23,46.15],[0.49,45.89],[0.29,45.31],[1.72,45.08],[1.56,44.44],[0.44,43.85],[1.32,43.52],[-4.93,42.74],[-3.54,43.81],[-2.48,43.78],[-1.84,44.33],[-2.74,43.96],[-4.39,44.58],[-3.13,45.16],[-3.19,45.53],[-3.81,45.44],[-3.41,45.74],[-2.02,45.86],[-1.95,46.77],[-2.34,46.67],[-2.45,47.34],[-0.75,47.78]]]}},{"type":"Feature","properties":{},"geometry":{"type":"Polygon","coordinates":[[[19.49,51.05],[19.89,50.8],[19.05,50.88],[19.49,51.05]]]}},{"type":"Feature","properties":{},"geometry":{"type":"Polygon","coordinates":[[[159.5,68.12],[159.88,67.93],[158.65,67.25],[158.58,67.73],[159.5,68.12]]]}},{"type":"Feature","properties":{},"geometry":{"type":"Polygon","coordinates":[[[-157.84,73.12],[-156.68,72.73],[-160,72.84],[-157.84,73.12]]]}},{"type":"Feature","properties":{},"geometry":{"type":"Polygon","coordinates":[[[-114.48,69.19],[-114.12,68.96],[-115,69.03],[-114.48,69.19]]]}},{"type":"Feature","properties":{},"geometry":{"type":"Polygon","coordinates":[[[-28.39,58.56],[-28.55,58.18],[-28.84,58.59],[-28.39,58.56]]]}},{"type":"Feature","properties":{},"geometry":{"type":"Polygon","coordinates":[[[-40.01,62.24],[-41.15,61.61],[-41.1,62.09],[-40.01,62.24]]]}},{"type":"Feature","properties":{},"geometry":{"type":"Polygon","coordinates":[[[-41.84,63.39],[-41.88,63.08],[-44.06,62.97],[-43.18,63.54],[-41.84,63.39]]]}},{"type":"Feature","properties":{},"geometry":{"type":"Polygon","coordinates":[[[-37.75,62.94],[-37.39,62.6],[-37.97,62.54],[-38.13,62.97],[-37.75,62.94]]]}},{"type":"Feature","properties":{},"geometry":{"type":"Polygon","coordinates":[[[-169.53,76.01],[-163.8,75.8],[-165.26,75.37],[-169.28,75.6],[-169.53,76.01]]]}},{"type":"Feature","properties":{},"geometry":{"type":"Polygon","coordinates":[[[-41.12,66.61],[-41.55,65.9],[-40.84,66.02],[-39.69,64.65],[-40.51,64.19],[-39.4,64.08],[-39.15,63.6],[-40.31,63.52],[-41.31,64.02],[-40.94,64.2],[-41.53,64.43],[-41.23,64.6],[-44.57,64.19],[-44.08,64.82],[-45.59,65.01],[-44.08,65.21],[-41.12,66.61]]]}},{"type":"Feature","properties":{},"geometry":{"type":"Polygon","coordinates":[[[-39.85,66.51],[-39.42,65.93],[-40.04,66.02],[-39.85,66.51]]]}},{"type":"Feature","properties":{},"geometry":{"type":"Polygon","coordinates":[[[-29.06,66.03],[-28.53,65.8],[-29.64,65.9],[-29.06,66.03]]]}},{"type":"Feature","properties":{},"geometry":{"type":"Polygon","coordinates":[[[-29.94,66.6],[-29.51,66.27],[-30.61,65.7],[-32.3,65.92],[-31.11,66.61],[-29.94,66.6]]]}},{"type":"Feature","properties":{},"geometry":{"type":"Polygon","coordinates":[[[-28.9,66.74],[-29.13,66.36],[-29.31,66.65],[-28.9,66.74]]]}},{"type":"Feature","properties":{},"geometry":{"type":"Polygon","coordinates":[[[14.32,60.94],[14.28,60.52],[14.95,60.65],[13.71,60.27],[14.32,60.94]]]}},{"type":"Feature","properties":{},"geometry":{"type":"Polygon","coordinates":[[[179.99,78.95],[179.99,77.12],[176.38,76.8],[174.86,77.25],[175.45,77.4],[175,77.65],[173.34,77.25],[174.98,76.65],[173.59,76.78],[166.67,79.74],[179.99,78.95]]]}},{"type":"Feature","properties":{},"geometry":{"type":"Polygon","coordinates":[[[-179.99,77.12],[-179.99,78.95],[-177.54,78.15],[-176.34,78.26],[-179.2,78.81],[-173.42,79.07],[-168.18,78.45],[-169.73,78.13],[-169.42,77.89],[-171.4,78.03],[-170.15,77.71],[-173.92,77.73],[-172.1,77.62],[-171.62,77.23],[-173.29,76.82],[-171.15,76.56],[-172.52,76.31],[-179.99,77.12]]]}},{"type":"Feature","properties":{},"geometry":{"type":"Polygon","coordinates":[[[174.87,76.63],[174.53,76.15],[173.58,76.72],[174.87,76.63]]]}},{"type":"Feature","properties":{},"geometry":{"type":"Polygon","coordinates":[[[13.89,61.01],[14.06,60.67],[13.32,60.61],[13.89,61.01]]]}},{"type":"Feature","properties":{},"geometry":{"type":"Polygon","coordinates":[[[-29.23,67.76],[-28.95,67.61],[-29.8,67.54],[-29.23,67.76]]]}},{"type":"Feature","properties":{},"geometry":{"type":"Polygon","coordinates":[[[39.39,62.06],[39.89,61.81],[38.42,61.44],[38.58,62.08],[39.39,62.06]]]}},{"type":"Feature","properties":{},"geometry":{"type":"Polygon","coordinates":[[[15.75,61.46],[16,61.16],[15.09,61.04],[15.75,61.46]]]}},{"type":"Feature","properties":{},"geometry":{"type":"Polygon","coordinates":[[[-45.04,72.34],[-45.37,72.22],[-44.99,72.29],[-44.88,71.73],[-45.4,71.54],[-44.86,71.65],[-45.4,71.33],[-44.84,71.16],[-45.53,71.09],[-46.86,71.15],[-48.6,72.14],[-45.04,72.34]]]}},{"type":"Feature","properties":{},"geometry":{"type":"Polygon","coordinates":[[[145.73,78.33],[148.21,78.14],[145.56,78.05],[145.73,78.33]]]}},{"type":"Feature","properties":{},"geometry":{"type":"Polygon","coordinates":[[[16.92,62.04],[17.25,61.93],[16.53,61.89],[16.92,62.04]]]}},{"type":"Feature","properties":{},"geometry":{"type":"Polygon","coordinates":[[[-35.66,70.41],[-35.45,70.16],[-36,70.3],[-35.66,70.41]]]}},{"type":"Feature","properties":{},"geometry":{"type":"Polygon","coordinates":[[[-18.11,61.59],[-17.34,60.67],[-19.12,60.85],[-18.51,60.74],[-19.28,61.22],[-18.11,61.59]]]}},{"type":"Feature","properties":{},"geometry":{"type":"Polygon","coordinates":[[[45.92,63.67],[47.3,63.03],[45.52,63.4],[45.92,63.67]]]}},{"type":"Feature","properties":{},"geometry":{"type":"Polygon","coordinates":[[[-0.24,58.67],[-0.21,58.27],[-2.05,58.35],[-0.24,58.67]]]}},{"type":"Feature","properties":{},"geometry":{"type":"Polygon","coordinates":[[[40.92,64.2],[41.39,63.79],[40.58,64.08],[40.92,64.2]]]}},{"type":"Feature","properties":{},"geometry":{"type":"Polygon","coordinates":[[[159.34,82.11],[164.18,81.99],[161.44,81.43],[157.96,81.89],[159.34,82.11]]]}},{"type":"Feature","properties":{},"geometry":{"type":"Polygon","coordinates":[[[109.55,73.56],[110.18,73.57],[109.12,73.44],[109.55,73.56]]]}},{"type":"Feature","properties":{},"geometry":{"type":"Polygon","coordinates":[[[-37.34,44.97],[-37.02,44.93],[-37.17,44.06],[-36.51,43.82],[-36.84,43.77],[-35.56,43.02],[-34.91,43.19],[-34.27,42.44],[-37.64,42.44],[-39.17,41.63],[-39.65,42.04],[-39.06,42.78],[-39.43,42.72],[-37.5,43.21],[-37.38,42.78],[-36.42,42.99],[-37.91,43.3],[-37.27,43.83],[-41.51,42.99],[-42.09,43.36],[-42.45,42.91],[-43.53,42.93],[-44.85,41.76],[-44.41,41.03],[-44.03,41.3],[-44.15,40.81],[-45.33,40.99],[-45.36,41.36],[-45.64,40.96],[-46.45,41.06],[-42.58,43.65],[-37.34,44.97]]]}},{"type":"Feature","properties":{},"geometry":{"type":"Polygon","coordinates":[[[-34.73,-31.68],[-37.26,-34.61],[-38.61,-35.52],[-36.91,-33.89],[-37.62,-33.39],[-37.44,-33.76],[-38.73,-35.07],[-39.28,-36.42],[-40.99,-37.87],[-43.11,-38],[-44.83,-37.43],[-45.35,-36.73],[-44.85,-35.86],[-45.28,-36.01],[-45.54,-37.33],[-44.22,-38.3],[-44.33,-39.18],[-51.94,-36.12],[-53.51,-35.16],[-54.32,-32.34],[-56.84,-27.23],[-56.78,-25.32],[-56.07,-23.56],[-56.13,-20.99],[-50.07,-25.11],[-43.8,-28.5],[-34.73,-31.68]]]}},{"type":"Feature","properties":{},"geometry":{"type":"Polygon","coordinates":[[[-49.45,-41.64],[-50.01,-41.37],[-49.68,-42.03],[-49.98,-41.92],[-50.26,-43.52],[-53.08,-43.25],[-53.16,-44.49],[-52.64,-44.9],[-51.85,-44.58],[-51.81,-45.28],[-53.19,-45.07],[-52.54,-45.44],[-53.69,-46.03],[-54.09,-47.3],[-55.69,-47.55],[-56.45,-48.31],[-55.74,-49.27],[-54.69,-49.54],[-54.84,-50.28],[-58.77,-52.62],[-59.15,-53.73],[-58.41,-54.45],[-61.09,-54.64],[-61.75,-55.76],[-62.9,-55.17],[-62.2,-55.34],[-61.38,-54.78],[-61.76,-54.41],[-63.12,-54.27],[-63.31,-54.76],[-63.82,-54.71],[-63.13,-54.3],[-64.06,-54.41],[-63.92,-53.73],[-63.07,-54.03],[-62.89,-53.72],[-62.7,-53.99],[-63.21,-54.2],[-62.78,-54.25],[-62.53,-53.57],[-63.05,-52.98],[-63.3,-53.23],[-62.59,-53.53],[-63.35,-53.31],[-63.01,-53.62],[-63.4,-53.83],[-63.46,-53.36],[-63.5,-53.9],[-63.53,-53.39],[-64,-53.3],[-63.62,-52.9],[-64.17,-52.57],[-63.24,-52.41],[-63.38,-52.1],[-63.95,-52.52],[-63.82,-52.05],[-64.5,-51.83],[-63.65,-51.99],[-64.11,-51.65],[-63.55,-51.53],[-64,-51.29],[-63.34,-51.43],[-63.58,-50.77],[-64.05,-51.04],[-63.96,-50.45],[-63.56,-50.43],[-63.88,-50.26],[-63.32,-50.13],[-64.04,-49.66],[-62.61,-49.79],[-63,-49.28],[-64.05,-49.36],[-63.44,-49.29],[-63.78,-49.08],[-63.24,-48.86],[-63.41,-48.44],[-64.88,-48.35],[-63.72,-47.47],[-63.07,-47.52],[-62.94,-48.31],[-62.08,-47.45],[-62.53,-47.53],[-62.38,-47.2],[-61.68,-47.24],[-62.38,-46.94],[-61.3,-46.33],[-61.98,-45.94],[-60.95,-44.4],[-61.23,-44.12],[-60.81,-44.34],[-60.77,-43.83],[-61.22,-43.73],[-60.55,-43.38],[-62.09,-43.5],[-62.18,-42.85],[-61.18,-41.19],[-61.42,-39.11],[-60.85,-38.94],[-58.84,-35.5],[-58.28,-30.97],[-56.84,-27.23],[-54.32,-32.34],[-52.7,-37.74],[-49.45,-41.64]]]}},{"type":"Feature","properties":{},"geometry":{"type":"Polygon","coordinates":[[[-51.77,8.25],[-49.79,8.15],[-48.7,7.47],[-47.23,7.82],[-47.83,8.03],[-45.44,7.96],[-46.5,7.8],[-45.99,7.05],[-44.56,6.6],[-44.73,5.72],[-43.8,5.68],[-42.5,4.61],[-42.52,3.42],[-42.17,3.87],[-41.1,2.72],[-39,2.78],[-36.94,2.11],[-35.32,0.68],[-35.05,-0.99],[-34.13,-2.1],[-35.76,-3.92],[-35.04,-3.47],[-35.42,-4.13],[-34.74,-3.58],[-32.71,-3.91],[-33.25,-5.03],[-34.84,-5.42],[-33.7,-5.26],[-33.83,-5.7],[-32.73,-5.08],[-32.25,-4.18],[-31.19,-4.4],[-29.72,-5.08],[-29.76,-5.52],[-29.26,-5.21],[-29.02,-5.55],[-29.21,-6.06],[-28.8,-6.15],[-29.28,-7.1],[-28.76,-6.3],[-28.68,-6.68],[-27.82,-6.19],[-26.69,-6.73],[-24.41,-6.88],[-21.68,-9.09],[-19.79,-9.7],[-19.39,-11.4],[-19.81,-13.12],[-23.22,-17.02],[-23.61,-16.7],[-24.28,-21.74],[-26.42,-25.97],[-27.54,-26.9],[-30,-26.73],[-34.09,-29.04],[-34.62,-28.91],[-34.24,-29.14],[-34.78,-29.69],[-34.43,-29.78],[-34.73,-31.68],[-43.8,-28.5],[-50.07,-25.11],[-56.13,-20.99],[-57.18,-19.29],[-61.41,-16.34],[-63.92,-9.72],[-64.81,-8.14],[-65.88,-7.37],[-65.58,-6.87],[-65.88,-5.57],[-64.62,-4.81],[-64.21,-4],[-64.43,-3.72],[-64.76,-4.13],[-65.47,-3.52],[-64.32,-0.65],[-63.2,-0.33],[-62.78,0.56],[-58.15,2.23],[-56.37,5.52],[-53.07,8.04],[-51.77,8.25]]]}},{"type":"Feature","properties":{},"geometry":{"type":"Polygon","coordinates":[[[-61.47,6.78],[-60.77,5.9],[-60.88,6.56],[-59.5,7.29],[-59.01,8.65],[-57,8.95],[-55.3,9.98],[-54.79,9.52],[-55.68,9.1],[-55.37,8.22],[-56,7.38],[-55.65,6.58],[-54.91,7.19],[-55.37,8.32],[-53.79,8.82],[-53.7,9.57],[-53.36,8.8],[-52.05,8.1],[-53.38,7.63],[-56.71,5.15],[-58.54,1.88],[-63.18,0.28],[-61.37,1.94],[-61.87,2.29],[-61.45,4.61],[-62.13,5.55],[-61.47,6.78]]]}},{"type":"Feature","properties":{},"geometry":{"type":"Polygon","coordinates":[[[-44.33,-39.18],[-43.85,-39.93],[-44.9,-41.07],[-49.45,-41.64],[-52.4,-38.23],[-53.51,-35.16],[-44.33,-39.18]]]}},{"type":"Feature","properties":{},"geometry":{"type":"Polygon","coordinates":[[[-96.86,45.17],[-96.41,45.09],[-96.46,45.65],[-97.33,45.66],[-98.34,48.09],[-96.94,48.64],[-94.62,47.17],[-92.67,43.77],[-92.74,42.42],[-93.1,41.98],[-94.02,42.51],[-96.86,45.17]]]}},{"type":"Feature","properties":{},"geometry":{"type":"Polygon","coordinates":[[[-98.34,48.09],[-97.71,49.29],[-97.97,50.63],[-96.45,53.91],[-95.83,53.89],[-96.51,53.96],[-96.06,54.32],[-96.39,54.59],[-95.85,54.59],[-96.42,54.62],[-96.63,56.12],[-94.4,55.64],[-95.11,54.92],[-94.3,55.43],[-94.3,54.99],[-94.93,54.55],[-93.96,54.92],[-94.14,56.28],[-92.95,56.56],[-93.02,55.13],[-90.89,54.84],[-89.89,53.59],[-87.35,53.14],[-88.42,51.53],[-93.99,50.07],[-98.34,48.09]]]}},{"type":"Feature","properties":{},"geometry":{"type":"Polygon","coordinates":[[[-98.29,55.72],[-98.61,56.07],[-97.68,55.96],[-98.29,55.72]]]}},{"type":"Feature","properties":{},"geometry":{"type":"Polygon","coordinates":[[[-96.88,56.29],[-98.52,56.19],[-98.06,56.35],[-98.58,56.35],[-98.23,57.04],[-98.83,56.45],[-99.3,56.78],[-98.65,56.75],[-99.06,56.91],[-98.61,57.28],[-99.44,56.95],[-99.89,57.37],[-99.03,57.68],[-100,57.69],[-98.76,58.13],[-99.31,58.14],[-99.28,58.5],[-100.05,57.77],[-100.5,57.9],[-100.13,58.11],[-101.24,58.11],[-100.09,58.49],[-100.46,58.17],[-101.37,58.49],[-100.71,58.76],[-101.88,58.55],[-102.28,58.91],[-101.23,58.83],[-102.43,59.18],[-100.81,59.44],[-102.31,59.53],[-101.03,59.98],[-100.74,59.55],[-100.83,59.94],[-100,59.91],[-100.99,60.2],[-100.18,60.1],[-97.22,57.66],[-96.88,56.29]]]}},{"type":"Feature","properties":{},"geometry":{"type":"Polygon","coordinates":[[[-100.61,60.31],[-102.46,60.19],[-101.58,60.55],[-102.13,60.98],[-100.61,60.31]]]}},{"type":"Feature","properties":{},"geometry":{"type":"Polygon","coordinates":[[[-89.94,43.02],[-90.18,42.5],[-92.74,42.42],[-92.67,43.77],[-94.62,47.17],[-96.94,48.64],[-93.99,50.07],[-88.42,51.53],[-87.35,53.14],[-85.64,52.73],[-88.56,47.18],[-89.94,43.02]]]}},{"type":"Feature","properties":{},"geometry":{"type":"Polygon","coordinates":[[[-90.07,42.94],[-90,42.26],[-90.65,42.41],[-91.86,43.72],[-93.07,44.08],[-91.44,48.77],[-88.47,54.33],[-86.21,53.74],[-86.83,53.18],[-86.79,52.44],[-84.6,50.93],[-85.17,49.51],[-86.94,47.35],[-89.05,45.75],[-90.07,42.94]]]}},{"type":"Feature","properties":{},"geometry":{"type":"Polygon","coordinates":[[[-85.95,39.84],[-89.02,40.7],[-90.01,41.98],[-91.65,42.87],[-91.57,44.04],[-90.44,46.32],[-88.19,47.83],[-85.52,51.32],[-87.58,52.91],[-87.54,53.66],[-86.86,54.18],[-85.52,54.17],[-84.93,52.41],[-83.23,49.91],[-82.69,47.14],[-83.22,43.83],[-85.47,41.67],[-85.95,39.84]]]}},{"type":"Feature","properties":{},"geometry":{"type":"Polygon","coordinates":[[[-67.11,34.34],[-68.18,34.31],[-67.2,34.07],[-67.69,33.73],[-67.24,32.97],[-67.89,33.68],[-68.29,33.3],[-69.12,33.58],[-69.71,34.38],[-70.27,34.18],[-71.74,34.97],[-72.85,34.54],[-72.48,34.67],[-72.96,34.92],[-72.9,34.56],[-74.77,33.95],[-74.3,34.12],[-74.99,34.32],[-74.8,33.99],[-75.73,33.82],[-76.16,33.12],[-76.5,33.32],[-76.25,31.74],[-76.9,30.9],[-76.66,31.25],[-77.05,31.29],[-77.87,28],[-77.07,25.11],[-75.92,24.09],[-75.51,22.93],[-76.15,23.13],[-77.63,24.64],[-79.04,28.64],[-79.48,32.06],[-79.24,34.18],[-72.1,36.31],[-69.36,35.69],[-67.11,34.34]]]}},{"type":"Feature","properties":{},"geometry":{"type":"Polygon","coordinates":[[[-75.21,21.06],[-76.28,21.97],[-77.85,21.52],[-79.37,22.12],[-85.97,26.79],[-86.49,28],[-85.99,28.09],[-86.24,28.35],[-85.72,28.94],[-86.11,30.25],[-87.88,33.03],[-88.99,33.73],[-88.81,34.66],[-89.94,35.64],[-89.79,36.19],[-90.93,36.99],[-91.85,39.44],[-88.69,36.38],[-86.92,35.31],[-82.46,32.74],[-79.48,32.06],[-78.07,25.59],[-77.63,24.64],[-75.51,22.93],[-74.2,21.19],[-75.21,21.06]]]}},{"type":"Feature","properties":{},"geometry":{"type":"Polygon","coordinates":[[[-73.79,23.85],[-71.39,23.53],[-69.76,25.7],[-69.19,25.83],[-66.13,25.29],[-67.51,23.82],[-67.21,23.65],[-68,22.43],[-68.02,23.1],[-68.5,22.71],[-68.21,22.61],[-68.67,21.3],[-69.72,20.41],[-69.46,20.23],[-72.9,20.94],[-74.14,22.78],[-73.79,23.85]]]}},{"type":"Feature","properties":{},"geometry":{"type":"Polygon","coordinates":[[[-90.27,37.52],[-90.36,35.85],[-87.67,32.02],[-87.11,29.58],[-85.93,28.55],[-86.47,28.03],[-88.6,30.26],[-88.36,31.11],[-89.3,32.49],[-89.82,32.28],[-91.13,33.45],[-90.02,33.25],[-90.31,33.52],[-90,34.11],[-91.52,35.53],[-92.71,39.1],[-93.83,40.1],[-96,40.85],[-95.91,41.42],[-97.06,42.71],[-96.91,43.33],[-97.51,44.01],[-94.66,41.38],[-91.95,39.96],[-90.27,37.52]]]}},{"type":"Feature","properties":{},"geometry":{"type":"Polygon","coordinates":[[[-91.85,39.44],[-91.66,39.87],[-93.47,40.87],[-95.02,43.39],[-96.83,44.38],[-96.44,44.8],[-95.5,45.1],[-93.14,44.64],[-91.46,43.02],[-89.18,41.95],[-88.2,40.66],[-85.15,39.79],[-83.3,38.56],[-82.72,37.48],[-83.01,33.19],[-88.69,36.38],[-91.85,39.44]]]}},{"type":"Feature","properties":{},"geometry":{"type":"Polygon","coordinates":[[[-150.57,77.74],[-153.31,77.17],[-160.08,77.25],[-161.95,77.82],[-160.88,77.93],[-164.7,78.16],[-156.72,79.38],[-156.18,79.36],[-157.19,78.97],[-150.7,79.11],[-151.06,78.66],[-150.57,77.74]]]}},{"type":"Feature","properties":{},"geometry":{"type":"Polygon","coordinates":[[[-150.64,79.19],[-154.26,79.71],[-151.1,79.42],[-152.57,79.59],[-151.87,79.87],[-156.79,79.9],[-158.2,80.37],[-165.16,80.9],[-164.14,81.04],[-164.52,81.47],[-158.67,81.84],[-157.75,82.15],[-157.85,82.61],[-156.29,83.06],[-139.57,84.34],[-139.21,84.31],[-140.11,84.28],[-136.71,84.04],[-138.64,83.9],[-138.1,83.8],[-138.39,83.69],[-135.32,84.05],[-105.7,82.02],[-98.81,80.86],[-96.45,80],[-101.41,79.24],[-113.69,78.84],[-122.58,79.83],[-142.44,80.13],[-148.13,80.03],[-150.64,79.19]]]}},{"type":"Feature","properties":{},"geometry":{"type":"Polygon","coordinates":[[[-48.4,40.65],[-49.79,39.39],[-50.28,40.2],[-50.16,38.95],[-51.5,37.89],[-50.9,38.64],[-51.29,39.64],[-50.59,40.25],[-51.38,40.09],[-51.54,38.86],[-52.36,39.47],[-51.52,38.68],[-52.12,38.93],[-51.69,38.39],[-52.2,38.44],[-51.89,37.86],[-52.44,38.22],[-51.62,37.72],[-51.57,36.53],[-51.67,37.51],[-51.72,36.85],[-52.66,36.95],[-52,36.82],[-52.1,36.49],[-51.79,36.76],[-51.81,36.41],[-53.04,36.5],[-52.66,36.22],[-53.24,36.08],[-52.64,35.84],[-57.86,34.52],[-58.92,33.34],[-58.78,28.85],[-59.65,27.36],[-60.34,27.51],[-60.71,28.37],[-60.5,29.16],[-60.85,29.06],[-61.22,30.1],[-60.79,30.49],[-61.27,30.51],[-60.71,31.46],[-61.88,33.08],[-63.23,32.81],[-63.25,33.48],[-64.16,33.76],[-63.81,33.79],[-65.73,33.93],[-65.42,33.91],[-65.52,34.49],[-65.82,34.04],[-66.97,34.28],[-69.36,35.69],[-60.73,35.98],[-57.09,37.23],[-52,39.91],[-48.4,40.65]]]}},{"type":"Feature","properties":{},"geometry":{"type":"Polygon","coordinates":[[[-79.94,13.41],[-79.53,10.84],[-78.7,10.26],[-77.03,10.27],[-75.83,9.17],[-75.7,8.42],[-76.15,8.09],[-76.81,9.44],[-77.45,9.69],[-78.47,9.44],[-78.41,8.56],[-78.75,8.68],[-79.9,10.42],[-80.59,10.53],[-81.46,13.11],[-79.94,13.41]]]}},{"type":"Feature","properties":{},"geometry":{"type":"Polygon","coordinates":[[[-76.75,7.62],[-76.75,8.34],[-76.32,8.51],[-76.16,8.08],[-76.75,7.62]]]}},{"type":"Feature","properties":{},"geometry":{"type":"Polygon","coordinates":[[[-82.06,23.37],[-78.93,21.35],[-78.07,19.45],[-81.13,16.61],[-82.7,16.52],[-82.88,17.08],[-83.03,16.48],[-83.28,17.4],[-82.66,17.85],[-83.13,20.51],[-82.74,20.3],[-82.56,20.74],[-83.61,21.17],[-85.49,23.56],[-86.18,26.29],[-85.17,26],[-84.36,24.83],[-82.06,23.37]]]}},{"type":"Feature","properties":{},"geometry":{"type":"Polygon","coordinates":[[[-154.03,72.64],[-156.71,73.3],[-155.99,73.49],[-156.48,73.74],[-156.14,73.79],[-158.45,74.42],[-157.77,74.4],[-158.41,74.52],[-157.56,74.59],[-157.9,74.8],[-156.45,75.37],[-156.61,75.69],[-156.04,76],[-153.76,75.88],[-152.22,76.42],[-137.24,77.78],[-124.31,78.12],[-142.41,75.46],[-154.03,72.64]]]}},{"type":"Feature","properties":{},"geometry":{"type":"Polygon","coordinates":[[[-39.71,70.7],[-40.71,70.73],[-40.74,70.13],[-41.87,69.72],[-38.87,70.11],[-38.91,69.47],[-40.55,68.96],[-41.15,68.05],[-37.06,68.96],[-36.28,68.77],[-35.01,69.85],[-32.83,68.98],[-33.78,69.11],[-32.84,68.42],[-33.9,68.32],[-33.37,68.16],[-33.65,67.96],[-35.08,68.09],[-34.72,67.88],[-35.15,67.96],[-35.37,66.98],[-36.24,66.65],[-38.71,66.51],[-38.89,66.85],[-38.39,67.11],[-39.54,67.36],[-38.92,67.27],[-39.38,66.44],[-40.43,66.85],[-40.13,67.18],[-41.35,67.41],[-41.11,66.9],[-43.56,66.52],[-44.84,67.64],[-46.39,67.98],[-45.27,67.53],[-45.08,66.9],[-43.37,66.38],[-45.66,65.69],[-47.4,66.16],[-48.99,65.66],[-51.58,66.87],[-49.11,65.59],[-53.79,65.08],[-53.47,64.74],[-54.88,64.69],[-54.43,64.51],[-56.89,63.53],[-57.96,62.75],[-56.39,62.06],[-56.87,60.63],[-57.54,60.3],[-55.17,60.11],[-53.73,59.35],[-53.22,58.3],[-51.34,57.07],[-48.76,56.36],[-50.2,54.3],[-49.38,52.38],[-48.89,52.09],[-48.13,52.45],[-48,51.88],[-47.82,52.48],[-46.91,52.9],[-47.01,53.62],[-46.35,54.52],[-46.69,55.3],[-44.4,55.44],[-42.43,56.23],[-41.68,57.79],[-42.61,58.74],[-40.29,59.63],[-40.42,60.1],[-39.77,60.45],[-40.46,60.56],[-39.11,61.06],[-39.4,61.33],[-39.03,61.86],[-38.04,61.98],[-36.01,60.93],[-34.93,61.09],[-34.35,60.53],[-34.78,60.31],[-34.23,60.22],[-34.56,59.97],[-33.92,59.86],[-34.38,59.46],[-33.22,58.78],[-32.65,58.93],[-33.57,58.06],[-34.75,58.35],[-33.74,57.98],[-34.29,57.4],[-33.91,57.03],[-35.35,56.94],[-33.74,56.83],[-33.51,56.37],[-35.16,55.88],[-33.33,56.36],[-33.8,55.91],[-33.19,56.2],[-33.55,55.69],[-31.73,56.27],[-31.83,55.69],[-31.37,56.24],[-30.67,56.21],[-30.89,56.52],[-30.2,56.48],[-30.36,56.91],[-29.01,57.13],[-29.45,56.99],[-29,56.89],[-29.39,56.27],[-28.93,55.95],[-29.65,55.94],[-28.86,55.78],[-28.86,55.4],[-29.77,55.17],[-28.77,55.13],[-29.78,54.83],[-28.88,54.83],[-29.24,54.64],[-28.62,54.48],[-28.77,54.21],[-29.41,54.23],[-28.66,53.61],[-29.24,53.23],[-29.92,53.56],[-29.26,53.16],[-29.8,52.94],[-29.18,52.81],[-29.48,52.63],[-28.78,52.26],[-29.02,52.03],[-28.57,52.17],[-29.35,51.51],[-28.36,51.65],[-28.67,51.48],[-28.15,51.41],[-28.83,51.12],[-27.88,51.43],[-28.09,51.04],[-26.7,50.44],[-30.39,49.89],[-27.01,50.11],[-27.28,49.38],[-26.08,49.2],[-26.3,48.51],[-26.64,48.59],[-26.36,48.29],[-27.05,48.43],[-26.45,47.88],[-28.01,47.4],[-29.52,47.8],[-30.12,47.17],[-31.41,46.89],[-37,48.3],[-38.3,47.6],[-40.13,47.46],[-43.03,46.11],[-37.35,47.24],[-36.17,46.98],[-35.67,46.37],[-37,45.91],[-38.41,46.22],[-36.61,45.52],[-37.34,44.97],[-42.58,43.65],[-46.45,41.06],[-47.85,41.1],[-52,39.91],[-59.21,36.44],[-65.66,35.55],[-73.48,36.12],[-79.24,34.18],[-79.48,32.06],[-83.01,33.19],[-82.91,38.08],[-85.15,39.79],[-84.65,41.61],[-82.2,44.28],[-81.82,47.07],[-82.33,49.84],[-84.29,52.93],[-86.7,60.77],[-92.11,65.03],[-93.82,69.2],[-93.75,69.74],[-91.39,71.02],[-90.63,71.96],[-90.34,73.42],[-93.11,74.95],[-97.95,76.2],[-98.35,77.12],[-97.72,78.41],[-95.52,79.33],[-96.45,80],[-94.05,79.47],[-93.7,79.47],[-94.04,79.86],[-93.48,79.85],[-93.8,80.08],[-89.64,80.26],[-88.86,79.98],[-90.47,79.82],[-79.95,79.79],[-86.83,79.37],[-84.28,79.53],[-85.45,79.06],[-82.83,79.46],[-76.51,79.26],[-77.39,79.58],[-76.37,79.71],[-76.24,79.32],[-77.24,78.52],[-76.65,78.17],[-72.72,78.69],[-75.15,78.06],[-70.24,77.78],[-67.64,76.31],[-64.57,75.58],[-64.38,75.17],[-67.72,74.98],[-67.3,74.75],[-61.06,73.81],[-61.29,73.5],[-60.55,73.35],[-61.09,73.01],[-60.32,73.2],[-60.71,72.92],[-60.29,72.75],[-61.24,72.79],[-61.22,71.81],[-61.08,72.3],[-59.64,72.45],[-59.97,72.59],[-59.37,73.18],[-55.12,73.32],[-59.21,73.73],[-54.98,73.68],[-54.71,73.36],[-55.51,73.12],[-54.71,72.49],[-55.15,72.38],[-53.91,72.46],[-53.58,71.77],[-49.92,71],[-48.91,71.59],[-47.9,71.54],[-46.96,71.01],[-47.82,70.84],[-46.55,70.87],[-48.74,70.1],[-48,69.83],[-46.59,70.6],[-43.65,70.58],[-44.07,70.65],[-43.24,71.03],[-44.58,70.95],[-42.28,71.17],[-43.74,72.17],[-41.52,72.72],[-42.04,72.96],[-37.52,73.36],[-38.16,73.22],[-37.44,73.04],[-38.99,72.21],[-39.16,71.39],[-41.39,71.33],[-39.71,70.7]]]}},{"type":"Feature","properties":{},"geometry":{"type":"Polygon","coordinates":[[[-140.92,71.9],[-143.58,71.58],[-144.19,71.72],[-143.47,71.8],[-143.67,72.32],[-142.95,72.51],[-143.46,73.09],[-146.59,73.02],[-129.89,75.22],[-110.47,76.39],[-103.43,73.58],[-101.07,72.17],[-100.72,71.47],[-109.79,72.86],[-115.72,74.36],[-121.32,74.65],[-133.23,74.05],[-140.92,71.9]]]}},{"type":"Feature","properties":{},"geometry":{"type":"Polygon","coordinates":[[[-106.63,64.02],[-107.4,63.69],[-107.19,63.98],[-107.75,64.02],[-106.86,64.35],[-107.79,64.92],[-108.2,64.77],[-107.72,64.17],[-108.69,64.13],[-109.02,65.41],[-108.24,66.09],[-107.97,67.31],[-109.79,68.91],[-112.82,70.31],[-116.71,70.85],[-115.49,70.94],[-119.02,71.23],[-124.28,70.91],[-125.64,70.61],[-124.85,70.19],[-135.54,69.88],[-136.29,69.5],[-136.03,69.67],[-141.5,69.87],[-140.92,70.04],[-141.22,70.11],[-144.97,69.95],[-141.12,70.41],[-139.12,69.85],[-139.37,70.07],[-138.46,70.32],[-132.72,70.49],[-129.09,71.45],[-131.61,71.85],[-130.9,72.02],[-132.82,71.61],[-132.68,72.29],[-133.7,72.51],[-126.56,73.29],[-121.93,73.39],[-113.67,72.64],[-108.74,71.55],[-105.33,69.19],[-105.8,68.77],[-105.81,65.71],[-106.63,64.02]]]}},{"type":"Feature","properties":{},"geometry":{"type":"Polygon","coordinates":[[[-121.55,70.38],[-119.08,70.98],[-117.3,70.86],[-121.55,70.38]]]}},{"type":"Feature","properties":{},"geometry":{"type":"Polygon","coordinates":[[[-149.37,76.71],[-150.95,77.31],[-149.6,77.63],[-150.67,77.75],[-151.16,78.66],[-150.64,79.31],[-148.23,80.03],[-122.67,79.84],[-117.51,78.98],[-124.31,78.12],[-135.59,77.88],[-149.37,76.71]]]}},{"type":"Feature","properties":{},"geometry":{"type":"Polygon","coordinates":[[[-96.88,55.9],[-96.32,56.01],[-96.87,55.92],[-96.62,57.06],[-97.03,57.66],[-100.36,60.5],[-102.13,61.25],[-101.86,61.5],[-100.74,60.8],[-101.83,61.52],[-101,62.09],[-102.5,61.46],[-103.09,62.14],[-101.8,62.31],[-103.22,62.61],[-101.14,63.09],[-102.14,63.11],[-101.11,63.41],[-101.39,63.64],[-102.28,63.11],[-101.35,63.96],[-101.9,63.35],[-103.33,63.06],[-102.41,63.51],[-103.27,63.5],[-102.62,63.5],[-102.36,64.1],[-103.54,64.36],[-104.12,63.99],[-103.49,64.6],[-102.82,64.54],[-104.36,65.93],[-103.72,65.91],[-104.21,66],[-104.1,66.37],[-103.38,66.02],[-103.97,66.41],[-103.35,66.44],[-104.13,66.62],[-103.36,66.7],[-104.26,66.77],[-103.36,67.14],[-104.82,67.21],[-104.4,68.35],[-104.88,68.41],[-105.04,67.6],[-105.55,69.32],[-108.7,72.2],[-108.7,72.65],[-100.72,71.47],[-99.13,70.66],[-100.21,69.48],[-100.02,68.68],[-98.28,66.69],[-95.35,65.4],[-94.28,61.54],[-94.5,59.96],[-93.74,58.89],[-93.52,57.53],[-95.32,54.02],[-97.32,54.48],[-96.88,55.9]]]}},{"type":"Feature","properties":{},"geometry":{"type":"Polygon","coordinates":[[[-99.13,70.66],[-96.8,69.06],[-95.72,66.96],[-95.72,65.6],[-98.28,66.69],[-100.02,68.68],[-100.21,69.48],[-99.13,70.66]]]}},{"type":"Feature","properties":{},"geometry":{"type":"Polygon","coordinates":[[[-100,77.74],[-100.08,76.45],[-99.64,76.19],[-94.7,74.96],[-91.83,73.45],[-92.04,71.98],[-92.76,71.04],[-95.06,69.75],[-95.11,69.21],[-93.27,65.05],[-87.76,60.81],[-85.52,54.17],[-92.87,55.65],[-94.06,56.28],[-94.4,57.15],[-93.15,60.11],[-93.22,61.39],[-94.64,63.1],[-94.79,64.68],[-95.69,66.48],[-97.62,68.64],[-98.15,69.99],[-100.34,72.01],[-111.09,76.04],[-122.33,78.27],[-119.3,78.87],[-103.41,79.21],[-98.8,79.92],[-97.54,79.33],[-99.62,78.4],[-100,77.74]]]}},{"type":"Feature","properties":{},"geometry":{"type":"Polygon","coordinates":[[[-108.91,65.5],[-109.61,66.22],[-108.49,66.43],[-109.04,66.09],[-108.32,66.12],[-108.91,65.5]]]}},{"type":"Feature","properties":{},"geometry":{"type":"Polygon","coordinates":[[[-108.31,66.13],[-110.55,67.01],[-110.02,67.2],[-112.99,68.07],[-112.53,68.11],[-113.19,68.49],[-112.67,68.55],[-113.48,68.66],[-113.87,68.97],[-113.16,69],[-113.87,69.18],[-113.33,69.24],[-114.11,69.4],[-112.8,69.53],[-115.13,69.88],[-114.03,70.14],[-116.07,70.13],[-115.61,69.95],[-116.31,69.85],[-115.95,69.61],[-117.41,69.42],[-118.49,69.65],[-118.14,69.88],[-121.58,69.7],[-122.63,70.07],[-117.4,70.73],[-116.29,70.25],[-116.67,70.73],[-112.82,70.31],[-109.79,68.91],[-107.97,67.31],[-108.31,66.13]]]}},{"type":"Feature","properties":{},"geometry":{"type":"Polygon","coordinates":[[[-99.13,70.66],[-100.72,71.47],[-99.67,71.3],[-99.13,70.66]]]}},{"type":"Feature","properties":{},"geometry":{"type":"Polygon","coordinates":[[[1.69,60.3],[2.73,59.66],[2.15,59.49],[1.41,60.05],[1.69,60.3]]]}},{"type":"Feature","properties":{},"geometry":{"type":"Polygon","coordinates":[[[2.36,60.39],[2.92,59.94],[1.51,60.33],[2.36,60.39]]]}},{"type":"Feature","properties":{},"geometry":{"type":"Polygon","coordinates":[[[59.14,67.81],[59.62,67.47],[58.86,67.49],[59.14,67.81]]]}},{"type":"Feature","properties":{},"geometry":{"type":"Polygon","coordinates":[[[-49.86,78.71],[-53.02,78.21],[-49.96,78.16],[-49.28,77.55],[-51.24,77.36],[-47.18,77.34],[-49.79,76.03],[-44.58,77.24],[-43.68,77],[-43.58,76.54],[-48.31,74.92],[-48.59,74.34],[-47.88,74.3],[-48.15,74.13],[-47.53,73.66],[-47.89,73.54],[-47.22,73.5],[-47.98,73.16],[-50.67,73.69],[-51.7,73.14],[-49.85,73.09],[-50.63,72.75],[-54.06,73.41],[-53.42,73.5],[-54.69,73.91],[-54.15,74.2],[-58.37,74.15],[-63.58,74.88],[-62.01,75.46],[-64.97,76.34],[-64.44,76.99],[-63.5,77],[-57.02,75.88],[-58.37,76.75],[-62.83,77.51],[-62.76,77.81],[-57.08,77.6],[-61.08,78.5],[-57.22,79.05],[-49.86,78.71]]]}},{"type":"Feature","properties":{},"geometry":{"type":"Polygon","coordinates":[[[41.79,66.29],[42.86,66.13],[42.08,65.51],[42.46,65.42],[42.42,64.85],[44.63,63.68],[41.72,63.65],[41.58,63.95],[42.11,64],[41.39,64.4],[40.03,64.29],[39.81,64.81],[41.07,65.49],[40.19,65.63],[41.79,66.29]]]}},{"type":"Feature","properties":{},"geometry":{"type":"Polygon","coordinates":[[[1.69,60.87],[2.45,60.55],[1.38,60.81],[2.6,60.45],[1.01,60.73],[1.69,60.87]]]}},{"type":"Feature","properties":{},"geometry":{"type":"Polygon","coordinates":[[[53.2,67.31],[53.54,67.22],[52.4,66.96],[52.2,67.29],[53.2,67.31]]]}},{"type":"Feature","properties":{},"geometry":{"type":"Polygon","coordinates":[[[-40.66,76.87],[-43.72,76.31],[-43.11,77.1],[-40.66,76.87]]]}},{"type":"Feature","properties":{},"geometry":{"type":"Polygon","coordinates":[[[-23.55,71.74],[-22.28,71.23],[-22.26,70.43],[-25.13,70.83],[-24.52,71.29],[-24.77,71.52],[-23.55,71.74]]]}},{"type":"Feature","properties":{},"geometry":{"type":"Polygon","coordinates":[[[-32.98,63.1],[-35.7,63.22],[-36.57,63.88],[-34.78,64.48],[-31.66,63.64],[-31.64,64.45],[-28.47,64.93],[-27.86,65.92],[-28.19,66.05],[-27.83,66.07],[-28.36,66.26],[-27.78,66.41],[-28.42,66.4],[-28.09,66.71],[-28.64,67.08],[-30,67.04],[-28.42,67.26],[-28.72,67.76],[-28.19,67.75],[-28.99,67.93],[-28.26,68.17],[-29.15,68.11],[-28.45,68.48],[-28.97,68.64],[-28.55,69.14],[-29.6,69.01],[-29.19,68.83],[-29.81,68.46],[-31.62,69.26],[-31.69,68.76],[-31.71,69.4],[-32.25,69.67],[-31.91,69.1],[-34.95,70.02],[-35.1,70.36],[-34.42,70.54],[-36.16,70.66],[-36.34,71.09],[-35.73,71.65],[-33.97,71.04],[-35.43,71.93],[-34.34,72.39],[-28.76,73.17],[-26.42,72.65],[-30.15,72.25],[-31.44,71.67],[-31.8,70.79],[-33.84,70.99],[-32.05,70.76],[-32.56,70.53],[-30.78,70.99],[-31.32,71.19],[-31.15,71.6],[-29.72,71.34],[-29.83,71.82],[-28.98,72.17],[-24.35,71.93],[-25.6,70.95],[-27.8,70.46],[-25.78,70.69],[-26.12,70.5],[-25.65,70.34],[-26.42,70.16],[-25.78,70.25],[-25.82,69.7],[-25.43,70.37],[-24.84,70.04],[-24.95,70.44],[-23.37,70.3],[-22.7,69.79],[-22.98,69.54],[-24.76,69.34],[-22.92,69.16],[-24.26,69.19],[-24.6,69.06],[-23.81,69.02],[-24.93,68.72],[-22.91,68.91],[-24.32,68.39],[-22.42,68.62],[-22.08,68.03],[-24.09,67.78],[-22.03,67.77],[-23.98,67.51],[-23.21,67.46],[-24.27,67.1],[-21.8,67.48],[-22.96,67.28],[-21.2,66.94],[-23.78,66.75],[-21.43,66.69],[-21.52,66.01],[-23.89,66.41],[-21.91,65.47],[-23.4,66.06],[-22.89,65.76],[-23.89,65.74],[-22.88,65.52],[-24.4,65.68],[-22.86,64.83],[-23.97,64.92],[-22.98,64.49],[-23.46,64.2],[-22.82,64.34],[-23.41,63.98],[-21.98,64.06],[-22.75,63.87],[-22.03,63.88],[-22.15,63.36],[-23.08,63.22],[-21.52,63.18],[-22.64,62.89],[-21.03,62.74],[-20.92,62.22],[-22.44,62.28],[-22.04,61.81],[-22.79,62.11],[-22.52,61.69],[-23.03,61.57],[-23.34,62.05],[-24.38,61.13],[-24.75,61.55],[-24.35,61.75],[-24.99,61.5],[-24.47,61.82],[-25.1,61.93],[-24.51,62.11],[-25.05,62.27],[-23.52,62.58],[-25.13,62.52],[-24.35,62.83],[-25.04,62.68],[-25.08,63.26],[-25.96,63.53],[-25.55,63.2],[-26.13,63.43],[-26.16,62.75],[-26.92,63.13],[-27.15,62.84],[-26.78,62.76],[-27.41,62.52],[-26.54,62.56],[-27.05,61.61],[-26.64,61.87],[-26.42,61.62],[-26.83,61.43],[-26.24,61.61],[-26.49,61.19],[-25.97,61.07],[-26.63,61.04],[-26.07,60.54],[-26.67,59.86],[-26.79,60.51],[-27.04,59.57],[-27.46,59.82],[-27.58,59.39],[-28.41,60.1],[-28.13,60.41],[-28.51,60.05],[-28.9,61.02],[-29.04,60.63],[-29.8,61.22],[-28.68,59.21],[-29.3,58.98],[-30.87,59.82],[-31.33,60.67],[-32.46,61.1],[-32.68,61.6],[-31.77,61.54],[-32.71,62.06],[-32.83,62.73],[-32.39,62.91],[-33.43,62.8],[-32.98,63.1]]]}},{"type":"Feature","properties":{},"geometry":{"type":"Polygon","coordinates":[[[110.22,76.24],[112.89,75.86],[108.66,75.49],[109.26,75.7],[109.08,76.08],[110.22,76.24]]]}},{"type":"Feature","properties":{},"geometry":{"type":"Polygon","coordinates":[[[-36.11,75.82],[-36.33,75.56],[-34.5,75.22],[-37.93,74.94],[-37.12,74.65],[-38.05,74.38],[-37.14,74.35],[-39.31,73.74],[-41.29,73.95],[-40.71,74.14],[-42.88,73.95],[-42.1,74.44],[-41.94,75.07],[-42.53,75.17],[-41.93,75.71],[-40.55,75.81],[-40.8,75.28],[-39.41,75.18],[-38.2,75.56],[-38.99,75.64],[-38.83,75.94],[-36.11,75.82]]]}},{"type":"Feature","properties":{},"geometry":{"type":"Polygon","coordinates":[[[-31.01,74.65],[-29.57,73.78],[-38.11,73.51],[-33.94,74.79],[-31.01,74.65]]]}},{"type":"Feature","properties":{},"geometry":{"type":"Polygon","coordinates":[[[82.56,72.78],[83.6,72.75],[83.52,72.43],[82.12,72.45],[82.56,72.78]]]}},{"type":"Feature","properties":{},"geometry":{"type":"Polygon","coordinates":[[[-50.78,80.94],[-50.83,80.36],[-51.55,80.32],[-50.36,80.24],[-51.39,80.12],[-48.76,79.87],[-50.14,78.96],[-57.34,79.28],[-63.21,78.82],[-67.95,79.11],[-66.82,79.72],[-67.31,80.17],[-66.88,80.1],[-68.26,80.34],[-57.27,81.01],[-55.17,81.59],[-50.78,80.94]]]}},{"type":"Feature","properties":{},"geometry":{"type":"Polygon","coordinates":[[[6.58,62.14],[6.47,61.75],[5.84,61.94],[6.58,62.14]]]}},{"type":"Feature","properties":{},"geometry":{"type":"Polygon","coordinates":[[[111.57,78.14],[116.62,78.26],[114.24,77.85],[110.28,78.29],[111.57,78.14]]]}},{"type":"Feature","properties":{},"geometry":{"type":"Polygon","coordinates":[[[-25.55,74.38],[-27.75,73.63],[-28.71,74.11],[-27.75,74.55],[-25.55,74.38]]]}},{"type":"Feature","properties":{},"geometry":{"type":"Polygon","coordinates":[[[-27.82,76.13],[-28.92,76.35],[-27.51,76.17],[-27.82,76.13]]]}},{"type":"Feature","properties":{},"geometry":{"type":"Polygon","coordinates":[[[-33.72,79.66],[-36.7,79.76],[-33.07,79.67],[-33.72,79.66]]]}},{"type":"Feature","properties":{},"geometry":{"type":"Polygon","coordinates":[[[101.56,77.76],[104.29,77.52],[104.85,77.57],[103.68,78.03],[107,78.12],[109.62,77.81],[108.33,77.07],[104.25,76.43],[101.92,76.68],[100.72,77.32],[101.56,77.76]]]}},{"type":"Feature","properties":{},"geometry":{"type":"Polygon","coordinates":[[[67.51,72.38],[68.15,72.33],[67.15,72.29],[67.51,72.38]]]}},{"type":"Feature","properties":{},"geometry":{"type":"Polygon","coordinates":[[[-25.61,76.86],[-26.13,76.53],[-27.14,76.78],[-25.61,76.86]]]}},{"type":"Feature","properties":{},"geometry":{"type":"Polygon","coordinates":[[[-23.48,75.67],[-28.45,74.77],[-30.24,75.33],[-27.69,75.5],[-29.62,76.07],[-29.25,76.17],[-27.73,76.07],[-28.06,75.87],[-25.68,76.3],[-26.93,75.63],[-25.76,75.64],[-26,75.89],[-25.16,76.12],[-24.14,75.9],[-24.78,75.69],[-23.48,75.67]]]}},{"type":"Feature","properties":{},"geometry":{"type":"Polygon","coordinates":[[[-26.58,77.88],[-30.8,77.41],[-28.99,77.12],[-29.5,76.84],[-32.91,76.64],[-34.64,77.13],[-34.21,77.3],[-39.41,78.21],[-38.71,78.48],[-34.49,77.86],[-36.78,78.5],[-34.96,78.68],[-38.06,78.89],[-37.28,79.1],[-37.83,79.19],[-37.63,79.47],[-34.31,79],[-35.7,79.47],[-34.46,79.45],[-33.15,78.99],[-33.82,79.45],[-32.63,79.48],[-31.78,79.07],[-29.99,79.2],[-31.31,78.89],[-30.83,78.54],[-33.39,78.04],[-32.56,77.5],[-29.27,78.14],[-26.58,77.88]]]}},{"type":"Feature","properties":{},"geometry":{"type":"Polygon","coordinates":[[[47.8,70.59],[48.89,70.4],[48.78,69.91],[44.87,68.55],[44.19,68.14],[44.56,67.93],[43.95,67.92],[44.29,67.73],[43.73,67.84],[43.96,67.54],[43.27,67.63],[43.6,67.08],[42.81,67.09],[43.46,66.83],[42.5,66.87],[43.35,66.65],[42.45,66.71],[43.15,66.51],[42.94,66.24],[41.11,66.17],[42.21,66.59],[40.53,66.57],[42.27,66.98],[41.29,67.14],[41.94,67.44],[41.53,67.61],[42.32,67.67],[41.31,68.07],[42.57,68.34],[42.46,68.69],[44.04,69.45],[46.38,69.76],[47.8,70.59]]]}},{"type":"Feature","properties":{},"geometry":{"type":"Polygon","coordinates":[[[-21.04,75.24],[-20.82,74.79],[-22.49,74.53],[-20.68,74.22],[-21.39,74.16],[-21.02,73.59],[-22.25,73.94],[-22.14,73.65],[-22.81,73.76],[-22.2,73.57],[-22.52,73.29],[-23.43,73.05],[-22.62,73.16],[-22.99,72.94],[-22.1,72.82],[-22.48,72.52],[-19.21,71.94],[-18.88,71.17],[-20.34,71.05],[-20.1,70.76],[-22.39,70.99],[-22.76,71.28],[-22.18,71.62],[-23.55,71.53],[-25.79,72.43],[-24.87,72.63],[-26.46,72.76],[-26.52,73.1],[-25.88,73.14],[-26.97,73.19],[-22.44,74.4],[-23.84,74.82],[-22.63,75.03],[-23,75.1],[-22.72,75.38],[-21.04,75.24]]]}},{"type":"Feature","properties":{},"geometry":{"type":"Polygon","coordinates":[[[-24.84,79.73],[-31.55,79.61],[-32.11,79.68],[-29.18,79.93],[-34.84,80.13],[-35.64,80.26],[-33.7,80.45],[-36.12,80.76],[-32.84,80.89],[-26.62,80.3],[-26,80.02],[-26.34,79.83],[-24.84,79.73]]]}},{"type":"Feature","properties":{},"geometry":{"type":"Polygon","coordinates":[[[53.94,40.47],[52.89,40.22],[53.34,42.65],[51.21,47],[52.8,49.43],[53.03,50.69],[51.51,55.82],[51.4,57.61],[52.24,58.82],[53.63,59.69],[57.44,57.47],[61.23,53.43],[65.23,51.33],[68.11,47.07],[72.97,44.35],[80.1,41.29],[72.2,37.99],[64.22,32.86],[59.15,33.25],[54.43,35.46],[52.93,36.98],[54.5,38.68],[53.57,39.24],[53.94,40.47]]]}},{"type":"Feature","properties":{},"geometry":{"type":"Polygon","coordinates":[[[79.25,37.49],[80.45,37.42],[81.89,36.53],[80.71,34.61],[74.28,31.22],[72.92,29.42],[70.23,29.5],[65.75,31.85],[63.74,31.9],[68.27,35.34],[72.33,37.51],[79.25,37.49]]]}},{"type":"Feature","properties":{},"geometry":{"type":"Polygon","coordinates":[[[85.22,39.43],[81.69,38.48],[73.94,38.67],[80.1,41.29],[83.08,39.86],[85.22,39.43]]]}},{"type":"Feature","properties":{},"geometry":{"type":"Polygon","coordinates":[[[88.18,32],[93.9,30.98],[91.99,30.28],[86.29,30.35],[80,29.36],[72.19,26.53],[72.56,27.44],[78.09,31.63],[80.28,32.73],[88.18,32]]]}},{"type":"Feature","properties":{},"geometry":{"type":"Polygon","coordinates":[[[120.95,56.6],[122.06,56.9],[121.58,56.43],[122.34,56.53],[122.79,57.03],[122.89,56.56],[122.73,57.33],[123.9,57.51],[126.09,56.8],[125.47,56.51],[126.76,55.71],[126.19,54.68],[126.82,51.91],[123.5,46.61],[122.05,45.41],[120.61,45.22],[120.44,45.71],[119.93,45.63],[119.57,44.77],[115.25,45.17],[111.4,44.45],[102.28,42.56],[93.56,39.58],[90.07,39.73],[84.21,38.7],[82.08,39.1],[80.15,40.24],[85.38,40.73],[90.4,42.65],[93.28,44.77],[96.61,46.09],[98.71,48.15],[102.8,49.66],[104.65,52.76],[106.82,54.49],[113.24,54.94],[120.95,56.6]]]}},{"type":"Feature","properties":{},"geometry":{"type":"Polygon","coordinates":[[[79.32,71.25],[79.78,70.98],[79.32,70.85],[79.46,70.3],[79.61,70.81],[81.44,70.99],[80.96,71.1],[82.56,71.82],[81.35,71.99],[82.51,72.23],[84.13,72.28],[85.32,71.76],[85.64,71.94],[84.92,72],[86.63,72.48],[94.12,72.76],[93.07,73.45],[93.68,73.71],[99.57,73.71],[99.27,73.62],[100.19,73.39],[99.73,73.18],[101.03,72.95],[100.31,72.64],[102.81,72.05],[104.52,71.86],[104.82,72.15],[104.32,72.9],[104.7,72.72],[106.33,71.71],[107.31,69.65],[107.97,69.45],[121.25,68.88],[129.79,67.75],[133.74,66.2],[135.13,64.03],[126.23,62.45],[123.4,59.34],[120.95,57.44],[122.76,57.42],[122.99,56.63],[115.16,55.13],[108.68,54.81],[106.39,53.12],[104.37,50.06],[100.18,48.62],[97.97,46.6],[94.57,45.35],[90.21,42.63],[86.46,41.45],[81.15,41.04],[72.97,44.35],[68.11,47.07],[65.23,51.33],[62.04,52.92],[59.81,54.63],[56.34,58.31],[55.02,60.88],[57.84,60.53],[59.23,62.17],[58.48,63.16],[59.57,63.58],[60.81,63.21],[61.69,62.11],[63.72,62.15],[61.34,62.5],[61.16,62.86],[61.6,63.07],[60.8,63.64],[57.7,63.53],[57.15,64.1],[57.24,64.96],[55.73,65.63],[56.7,66.54],[56.07,67.12],[56.91,66.93],[57.38,65.83],[58.04,65.69],[60.14,65.62],[57.64,66.35],[59.23,66.52],[58.48,66.79],[59.07,67.05],[63.19,66.87],[62.81,66.33],[63.23,65.3],[65.8,65],[64.09,65.49],[64.59,65.73],[63.62,66.29],[63.59,66.83],[60.84,67.33],[59.66,68.34],[64.16,69.26],[62.75,69.62],[63.69,69.84],[62.33,70.06],[63.27,69.95],[63,70.33],[63.38,70.4],[62.64,70.42],[66.77,71.91],[65.86,71.97],[68.01,71.98],[70.42,72.63],[69.3,72.88],[70.75,73.2],[70,73.72],[70.69,74.56],[72.89,74.51],[72.01,74.02],[74.67,74.25],[74.79,73.76],[78.21,74.56],[81.34,74.13],[81.67,73.79],[80.1,73.91],[82.22,73.51],[81.8,72.8],[80.47,72.17],[80.92,72.24],[80.43,71.48],[78.82,71.19],[79.32,71.25]]]}},{"type":"Feature","properties":{},"geometry":{"type":"Polygon","coordinates":[[[54.09,62.26],[54.17,62.91],[52.16,63.34],[51.98,64.5],[51.34,64.59],[52.15,65.61],[52.06,66.81],[54.74,66.86],[54.82,65.61],[55.96,65.09],[56.72,63.35],[57.93,62.83],[57.32,61.15],[56.34,60.88],[55.01,60.9],[54.09,62.26]]]}},{"type":"Feature","properties":{},"geometry":{"type":"Polygon","coordinates":[[[74.69,13.83],[79.39,13.8],[83.17,12.73],[84.89,11.04],[86.76,7.49],[81.89,10.25],[74.28,10.73],[71.3,11.62],[67.99,13.73],[65.03,16.84],[64.4,18.32],[69.59,15.01],[74.69,13.83]]]}},{"type":"Feature","properties":{},"geometry":{"type":"Polygon","coordinates":[[[73.25,-29.14],[73.49,-28.72],[72.74,-28.27],[73.17,-28.99],[71.91,-28.05],[72.8,-28.74],[72.82,-29.37],[70.87,-30.21],[70.84,-29.74],[70.3,-30.18],[70.26,-29.48],[68.78,-30.02],[68.72,-30.64],[67.8,-31.14],[62.27,-32.47],[62.07,-32.9],[59.53,-32.9],[58.33,-35.09],[56.88,-36.21],[56.15,-37.56],[55.35,-37.41],[54.59,-37.84],[54.86,-38.22],[53.84,-37.94],[52.24,-38.42],[51.68,-37.2],[52.93,-29.5],[54.35,-25.86],[55.12,-25.2],[55.22,-24.45],[55.78,-24.44],[55.24,-24.22],[55.74,-23.83],[55.41,-23.58],[54.61,-24.42],[53.14,-24.19],[52.49,-21.95],[53.69,-22.34],[54.25,-22.03],[53.02,-21.63],[52.68,-20.74],[53.25,-20.54],[52.69,-20.57],[52.89,-20.25],[52.2,-19.88],[52.7,-19.14],[52.07,-18.69],[52.46,-17.96],[51.71,-17.8],[54.07,-14.91],[55.63,-13.84],[61.73,-11.5],[63.42,-11.66],[64.12,-12.33],[64.15,-13.93],[65.79,-17.84],[68.99,-21.51],[71.01,-22.63],[78.8,-24.97],[79.85,-25.77],[73.25,-29.14]]]}},{"type":"Feature","properties":{},"geometry":{"type":"Polygon","coordinates":[[[66.25,22.89],[68.27,21.6],[69.72,21.26],[70.77,21.32],[71.62,22.19],[77.33,23.3],[83.26,21.66],[87.34,19.43],[88.24,17.04],[88.33,14.57],[86.04,17.66],[83.94,18.88],[80.78,19.32],[75.97,18.96],[70.63,19.67],[64.54,22.64],[63.45,22.65],[62.49,24.54],[64.35,24.31],[66.25,22.89]]]}},{"type":"Feature","properties":{},"geometry":{"type":"Polygon","coordinates":[[[91.9,23.09],[91.8,22.67],[90.1,24.67],[88.09,25.26],[79.74,25.56],[85.47,27.44],[89.99,27.77],[93.86,28.79],[92.78,26.84],[91.9,23.09]]]}},{"type":"Feature","properties":{},"geometry":{"type":"Polygon","coordinates":[[[80.45,37.42],[89.78,39.34],[93.25,39.15],[84.05,35.49],[80.71,34.61],[81.89,36.53],[80.45,37.42]]]}},{"type":"Feature","properties":{},"geometry":{"type":"Polygon","coordinates":[[[36.53,35.01],[35.01,35.89],[38.24,35.75],[41.7,34.77],[43.38,34.23],[44.74,33.08],[43.93,33],[43.55,31.1],[41.25,33.7],[36.53,35.01]]]}},{"type":"Feature","properties":{},"geometry":{"type":"Polygon","coordinates":[[[44.48,30.29],[46.28,29.58],[48.41,30.08],[46.51,29.44],[44.48,30.29]]]}},{"type":"Feature","properties":{},"geometry":{"type":"Polygon","coordinates":[[[48.43,30],[48.17,32.06],[47.4,32.29],[47.44,32.76],[47.86,32.68],[46.86,33.33],[51.92,31.11],[48.43,30]]]}},{"type":"Feature","properties":{},"geometry":{"type":"Polygon","coordinates":[[[55.01,60.9],[56.34,58.31],[53.63,59.69],[54.72,61.42],[55.01,60.9]]]}},{"type":"Feature","properties":{},"geometry":{"type":"Polygon","coordinates":[[[46.95,33.82],[46.46,34.78],[46.62,35.75],[45.25,36.08],[44.16,37.44],[45.32,37.46],[44.68,37.72],[45.14,38.29],[46.52,38.41],[46.04,39.87],[43.03,39.26],[42.72,38.39],[42.52,38.71],[41.77,38.35],[41.01,37.22],[42.01,36.63],[41.84,35.73],[43.38,34.23],[38.24,35.75],[43.66,40.16],[50.4,42.38],[51.2,43.95],[51.21,47],[53.34,42.65],[52.62,39.66],[51.6,39.33],[51.27,38.26],[51.59,37.24],[52.57,37.44],[54.43,35.46],[58.17,33.51],[64.76,32.93],[62.36,30.84],[53.76,30.15],[46.86,33.33],[46.95,33.82]]]}},{"type":"Feature","properties":{},"geometry":{"type":"Polygon","coordinates":[[[47.41,8.02],[46.8,8.26],[45.46,7.73],[44.52,8.05],[42.62,9.53],[41.79,11.92],[41.29,11.81],[40.97,12.38],[40.73,11.91],[39.88,12.09],[40.02,11.54],[39.57,11.44],[40.31,9.53],[41.34,8.41],[41.1,7.79],[41.61,6.43],[41.99,7.65],[42.5,7.52],[42.03,5.93],[42.56,5.53],[44.8,5.52],[46.98,7.42],[46.88,5.55],[48.74,4.39],[49.55,2.96],[48.22,1.32],[47.59,1.21],[47.46,-0.02],[46.49,-0.15],[45.94,-0.95],[45.05,-0.96],[44.58,-1.72],[42.06,-2],[41.71,-2.78],[38.13,-3.86],[35.12,-4.08],[34.41,-4.56],[32.97,-4.35],[32.5,-1.71],[32.88,-0.24],[31.64,3.03],[30.44,4.66],[30.3,7.44],[29.5,8.19],[28.33,12.21],[27.78,12.38],[30.51,17.84],[31.19,20.49],[33.29,21.45],[36.4,21.55],[45.03,11.37],[45.98,9.58],[47.46,9.3],[47.41,8.02]]]}},{"type":"Feature","properties":{},"geometry":{"type":"Polygon","coordinates":[[[55.3,-2.88],[54.92,-6.15],[53.35,-7.16],[46.2,-6.33],[44.11,-6.7],[44.17,-3.6],[45.58,-1.82],[47.26,-2.29],[49.9,-0.74],[51.46,-0.58],[55.32,-1.79],[55.3,-2.88]]]}},{"type":"Feature","properties":{},"geometry":{"type":"Polygon","coordinates":[[[70.7,19.88],[60.23,24.26],[62.6,27.47],[68.27,22.1],[71.41,21.85],[70.7,19.88]]]}},{"type":"Feature","properties":{},"geometry":{"type":"Polygon","coordinates":[[[59.04,16.3],[58.68,16.7],[59.85,18.5],[61.9,20.16],[62.65,20.16],[69.73,14.24],[63.96,15.07],[61.29,14.86],[59.04,16.3]]]}},{"type":"Feature","properties":{},"geometry":{"type":"Polygon","coordinates":[[[43.59,27.28],[44.02,26.63],[47.38,26.11],[49.26,21.72],[52.98,19.9],[53.08,19],[51.53,18.77],[49.95,20.15],[37.52,26.64],[37.42,27.51],[38.29,28.88],[41.67,29],[43.59,27.28]]]}},{"type":"Feature","properties":{},"geometry":{"type":"Polygon","coordinates":[[[174.09,75.86],[167.39,75.09],[170.95,75.49],[172.92,75.09],[172.52,75.32],[176.98,73.82],[176.64,73.43],[173.27,73.37],[168.93,72.05],[166.3,70.31],[166.29,69.8],[163,70.08],[161.45,69.66],[161.05,68.97],[160.35,69.57],[159.15,69],[159.52,68.94],[159.26,68.67],[157.44,68.52],[157.95,67.69],[157.46,67.75],[157.8,67.59],[157.27,67.08],[157.38,66.48],[159.29,66.46],[158.95,66.01],[159.42,65.48],[160.64,65.03],[159.14,64.69],[159.23,63.99],[160.19,63.45],[158.1,62.5],[158.69,61.63],[156.97,61.09],[157.59,60.43],[156.37,58.82],[155.63,59.46],[155.67,61.88],[151.62,65.33],[153.43,66.3],[155.02,68.79],[156.76,69.44],[156.2,69.54],[156.49,69.92],[155.5,70.82],[157.93,72.19],[162.79,76.73],[173.1,76.71],[174.09,75.86]]]}},{"type":"Feature","properties":{},"geometry":{"type":"Polygon","coordinates":[[[154.56,70.34],[155.21,70.11],[154,69.92],[153.15,68.74],[152.43,68.55],[154.56,70.34]]]}},{"type":"Feature","properties":{},"geometry":{"type":"Polygon","coordinates":[[[138.46,76.29],[141.03,77.2],[145.48,77.61],[145.74,78.01],[151.17,77.6],[152.25,78.12],[148.27,78.86],[157.46,79.8],[163.46,79.89],[165.6,79.79],[173.2,76.71],[161.83,76.79],[149.33,75.88],[138.46,76.29]]]}},{"type":"Feature","properties":{},"geometry":{"type":"Polygon","coordinates":[[[138.12,76.29],[149.24,75.87],[162.79,76.73],[157.93,72.19],[154.06,70.87],[154.56,70.34],[152.43,68.65],[151.3,69.01],[151.54,69.39],[151.11,69.75],[150.66,69.38],[149.46,70],[141.19,71.55],[137.49,72.85],[136.51,74.24],[137.07,75.84],[138.12,76.29]]]}},{"type":"Feature","properties":{},"geometry":{"type":"Polygon","coordinates":[[[104.32,72.9],[104.68,73.29],[106.69,72.91],[107.9,73.38],[110.64,73.29],[110.23,73.64],[112.29,73.85],[110.85,74.15],[111.4,74.47],[110.09,74.41],[111.73,74.99],[110.74,75.18],[120.98,75.75],[122.43,75.55],[121.57,75.25],[126.95,74.93],[132.21,75.79],[135.54,75.73],[136.86,75.38],[136.88,74.97],[138.52,74.89],[135.39,72.91],[135,71.5],[137.3,69.95],[143.69,67.83],[144.4,67.13],[143.47,67.3],[140.97,66.63],[141.14,66.32],[139.1,64.75],[139.18,64.28],[140.57,64.18],[136.43,63.39],[136.02,63.61],[137.3,63.88],[135.16,63.91],[133.74,66.2],[130.59,67.52],[121.25,68.88],[107.97,69.45],[107.31,69.65],[106.33,71.71],[104.32,72.9]]]}},{"type":"Feature","properties":{},"geometry":{"type":"Polygon","coordinates":[[[118.92,44.12],[117.88,43.07],[117.97,42.1],[116.08,40.39],[117.28,39.83],[118.89,37.96],[116.04,37.05],[115.55,37.74],[116.4,37.98],[115.81,38.75],[114.69,38.79],[114.53,38.4],[113.74,38.74],[114.5,39.43],[114.03,39.53],[114.17,40.26],[112.99,40.52],[110.13,38.79],[110.74,39.58],[110.08,39.46],[110.19,39.89],[110.81,40.68],[110.21,41.08],[109.43,40.83],[107.9,38.93],[106.77,38.74],[106.8,37.98],[108,37.95],[108.51,37],[109.95,37.87],[111.99,37.72],[111.92,37.21],[109.72,36.17],[109.09,34.78],[110.24,34.34],[107.9,31.06],[103.2,31.98],[96.5,31.73],[84.05,35.49],[101.96,42.02],[114.86,44.5],[118.92,44.12]]]}},{"type":"Feature","properties":{},"geometry":{"type":"Polygon","coordinates":[[[115.55,40.98],[116.27,39.65],[114.92,38.78],[115.18,38.52],[114.89,38.7],[115.01,38.24],[114.71,38.49],[114.36,37.77],[113.59,38.38],[113.68,39.34],[113.25,39.36],[115.55,40.98]]]}},{"type":"Feature","properties":{},"geometry":{"type":"Polygon","coordinates":[[[108.68,35.27],[110.23,34.01],[111.69,33.62],[110.11,33.2],[112.14,32.97],[111.04,31.72],[112.95,32.13],[112.53,31.47],[112.98,31.82],[113.15,31.54],[112.69,31.32],[113.36,30.58],[112.59,29.89],[112.85,28.42],[112.27,28.35],[112.84,28.13],[113.08,27.1],[112.64,27.19],[112.57,25.98],[111.99,25.79],[112.25,25.52],[111.2,24.1],[111.39,23.65],[110.13,22.65],[109.9,22.87],[109.74,22.15],[108.57,22.56],[109.12,21.8],[108.77,21.52],[108.43,21.84],[108.69,21.24],[108.12,21.23],[108.24,20.88],[106.57,19.81],[107.07,18.72],[106.21,19.08],[106.21,19.71],[105.75,19.8],[105.54,19.32],[104.69,19.53],[104.11,18.25],[103.46,17.99],[103.78,17.73],[103.44,16.8],[95.88,19.45],[95.09,20.27],[94.18,22.59],[94.61,25.17],[96.22,28.72],[98.01,29.76],[101.93,30.95],[107.68,31.53],[108.68,35.27]]]}},{"type":"Feature","properties":{},"geometry":{"type":"Polygon","coordinates":[[[100.53,16.31],[100.81,15.29],[101.37,14.98],[105.87,14.5],[107.99,12.84],[108.5,11.58],[107.33,9.46],[107.74,8.65],[107.12,6.82],[106.22,8.08],[104.91,7.53],[104.44,8],[104.3,7.51],[103.03,8.23],[101.43,7.47],[100.99,8.19],[100.34,7.9],[98.36,10.59],[97.39,13.68],[93.11,16.68],[100.53,16.31]]]}},{"type":"Feature","properties":{},"geometry":{"type":"Polygon","coordinates":[[[99.41,7.32],[101.16,4.42],[102.05,3.79],[102.4,4.29],[104.78,3.53],[106.08,4.06],[109.46,1.64],[107.13,1.52],[103.74,2.87],[102.44,2.81],[102.27,2.4],[98.97,5.66],[96.8,6.26],[95.42,7.16],[95.75,7.23],[94.2,7.03],[90.57,9.14],[88.54,10.87],[87.01,13.32],[89.82,14.59],[94.06,13.12],[95.19,12.43],[96.79,9.6],[99.41,7.32]]]}},{"type":"Feature","properties":{},"geometry":{"type":"Polygon","coordinates":[[[105.15,4.11],[107.24,4.31],[108.72,3.16],[110.46,2.88],[110.07,2.21],[108.6,1.79],[105.15,4.11]]]}},{"type":"Feature","properties":{},"geometry":{"type":"Polygon","coordinates":[[[31.75,1.06],[34.97,-1.95],[35.02,-2.44],[34.18,-2.9],[34.8,-2.82],[35.91,-4.01],[40.95,-3.07],[42.28,-2.39],[42.77,-2.53],[42.54,-3.95],[42.93,-3.92],[42.43,-4.07],[42.38,-4.96],[39.57,-9.99],[33.47,-15.14],[32.86,-16.25],[31.55,-17.11],[30.46,-19.02],[30.01,-20.76],[30.76,-21.38],[30.42,-22.67],[30.84,-24.34],[31.83,-25.07],[31.51,-25.71],[31.75,-29.64],[30.8,-30.81],[27.96,-31.91],[25.04,-34.02],[25.36,-29.46],[24.36,-23.2],[26.34,-21.59],[26.28,-19.33],[27.65,-13.91],[27.5,-10.5],[28.13,-8.75],[29.41,-8.71],[29.7,-7.08],[32.91,-3.56],[31.75,1.06]]]}},{"type":"Feature","properties":{},"geometry":{"type":"Polygon","coordinates":[[[24.92,-33.89],[24.7,-34.68],[25.57,-36.41],[25.27,-38.34],[21.47,-39.88],[21.67,-40.32],[22.05,-40.05],[20.99,-42.4],[17.62,-44.88],[14.16,-46.52],[11.76,-46.99],[8.14,-46.47],[4.87,-46.87],[3.68,-45.92],[3.23,-46.13],[2.97,-44.52],[3.58,-44.35],[3.71,-43.45],[2.6,-40.13],[1.62,-38.69],[1.9,-33.65],[0.04,-28.7],[0.49,-26.76],[1.84,-24.53],[3.48,-23.18],[3.68,-22.06],[3.18,-20.35],[3.72,-19.72],[2.99,-17.33],[3.75,-17.23],[3.01,-17.02],[2.8,-15.73],[1,-13.19],[0.4,-11.31],[1,-11.21],[1.25,-10.42],[1.79,-10.69],[1.24,-10.25],[2.37,-7.85],[2.3,-6.81],[1.78,-6.87],[1.03,-5.8],[-0.12,-6.06],[-1.59,-5.56],[1.4,-4.07],[1.86,-2.91],[4.31,-1.87],[11.23,-3.95],[13.91,-3.16],[19.16,-2.55],[24.62,-9.95],[21.44,-14.27],[20.87,-17.51],[21.27,-19.47],[24.94,-23.21],[25.65,-29.51],[24.92,-33.89]]]}},{"type":"Feature","properties":{},"geometry":{"type":"Polygon","coordinates":[[[-10.23,22.75],[-10.16,23.77],[-9.33,24.77],[-6.72,25.7],[-5.4,27.22],[-4.83,27.19],[-4.28,26.29],[-2.91,26.28],[-2.12,25.72],[1.17,26.53],[3.49,26.43],[4.69,25.9],[5.76,26.15],[6.99,25.66],[8.76,25.83],[-0.99,23.25],[-6.63,23.57],[-10.23,22.75]]]}},{"type":"Feature","properties":{},"geometry":{"type":"Polygon","coordinates":[[[3.06,33.98],[3.06,33.19],[0.54,32.32],[-0.5,31.19],[-0.14,30.4],[-2.61,28.72],[-4.66,29],[-5.89,28.46],[-6.51,29.27],[-6.13,29.56],[-6.44,29.34],[-6.76,29.89],[-8.77,29.91],[-8.15,31.23],[-8.67,31.57],[-8.09,31.94],[-8.86,31.72],[-7.64,33.51],[-7.29,35.11],[-7.74,35.72],[-7.4,36.07],[-6.13,36.39],[-2.1,35.31],[-0.73,35.4],[3.06,33.98]]]}},{"type":"Feature","properties":{},"geometry":{"type":"Polygon","coordinates":[[[-1.59,-5.56],[-2.07,-4.06],[-2.95,-3.42],[-5.42,-3.17],[-9.16,-3.84],[-10.9,-2.94],[-14.61,-3],[-15.19,-2.64],[-18.66,1.09],[-19.17,3.84],[-20.59,5.63],[-19.97,6.14],[-20.92,6.13],[-20.95,6.71],[-21.53,6.98],[-21.13,7.03],[-21.48,7.13],[-21.22,7.98],[-20.13,7.72],[-21.04,7.83],[-21.66,9.42],[-20.47,10.16],[-19.49,11.97],[-19.54,13.67],[-19.01,14.39],[-19.33,15.57],[-19.69,15.21],[-19.28,16.14],[-13.94,21.11],[-12.53,21.15],[-10.23,22.75],[-7.48,23.45],[-0.99,23.25],[8.8,25.75],[9.05,25.16],[9.72,25.41],[9.03,24.58],[9.43,23.57],[8.29,22.8],[7.42,21.03],[5.93,14.19],[5.49,9.88],[5.72,6.35],[7.98,1.67],[4.87,-0.34],[4.31,-1.87],[1.86,-2.91],[1.4,-4.07],[-1.59,-5.56]]]}},{"type":"Feature","properties":{},"geometry":{"type":"Polygon","coordinates":[[[27.5,15.7],[27.51,14.79],[29.86,9.5],[29.76,8.53],[31.15,6.54],[30.97,4.96],[19.16,-2.55],[13.91,-3.16],[11.23,-3.95],[4.31,-1.87],[4.87,-0.34],[7.98,1.67],[5.72,6.35],[5.49,9.88],[7.04,19.65],[8.27,22.36],[9.96,21.04],[12.44,20.16],[12.74,19.11],[15.42,17.57],[16.49,17.98],[16.74,19.3],[18.52,19.8],[19.6,18.87],[21.04,18.5],[21.16,18.03],[24.5,16.94],[25.75,17.5],[26.87,17.33],[27.5,15.7]]]}},{"type":"Feature","properties":{},"geometry":{"type":"Polygon","coordinates":[[[31.91,23.16],[30.65,23.6],[28.87,23.3],[27.3,24.63],[27.04,24.18],[26.26,24.18],[25.51,25.22],[24.54,25.29],[25.46,25.41],[24.54,25.61],[24.94,25.81],[24.58,26.34],[24.91,26.55],[24.3,27.05],[27.5,27.76],[28.46,27.56],[29.48,26.51],[30.93,26.76],[34.76,26.08],[37.28,23.87],[34.12,23.98],[31.91,23.16]]]}},{"type":"Feature","properties":{},"geometry":{"type":"Polygon","coordinates":[[[24.91,-22.86],[24.52,-23.33],[20.68,-19.72],[20.2,-17.78],[20.64,-14.52],[23.66,-10.08],[28.3,-8.88],[27.66,-10.63],[27.81,-14.04],[26.44,-19.45],[26.5,-21.72],[24.91,-22.86]]]}},{"type":"Feature","properties":{},"geometry":{"type":"Polygon","coordinates":[[[29.11,14.76],[28.2,13.38],[26.51,17.36],[27.79,16.74],[29.17,17.22],[30.84,19.85],[31.25,21.81],[31.1,19.92],[29.11,14.76]]]}},{"type":"Feature","properties":{},"geometry":{"type":"Polygon","coordinates":[[[30.97,4.96],[31.16,4.2],[32.13,3.43],[33.02,0.43],[33.28,0.76],[34.26,-3.9],[30.93,-7.3],[30.58,-8.92],[27.88,-9.07],[24.62,-9.95],[19.85,-3.43],[19.54,-2.32],[30.97,4.96]]]}},{"type":"Feature","properties":{},"geometry":{"type":"Polygon","coordinates":[[[25.63,32.85],[25.52,33.25],[27.39,33.17],[29.24,34.14],[30.75,34.26],[32.03,33.46],[35.5,33.28],[36.82,34.18],[36.53,35.01],[40.21,34.16],[41.87,33.05],[38.34,33.35],[35.05,32.37],[30.92,33.3],[25.63,32.85]]]}},{"type":"Feature","properties":{},"geometry":{"type":"Polygon","coordinates":[[[30.93,37.18],[29.7,36.53],[29.17,36.71],[30.93,37.18]]]}},{"type":"Feature","properties":{},"geometry":{"type":"Polygon","coordinates":[[[34.73,36],[31.99,37.4],[33.31,38.26],[32.87,38.95],[33.66,38.94],[34.16,39.58],[30.51,38.24],[30.65,38.66],[30.52,37.92],[31.04,37.46],[32.02,37.59],[31.8,37.26],[29.31,36.78],[29.02,37.61],[28.34,37.48],[29.44,38.06],[27.66,38.38],[27.43,38.64],[28.23,38.57],[27.84,38.95],[25.81,37.86],[25.82,36.89],[25.23,36.77],[22.99,38.34],[21.21,40.85],[15.87,44.64],[12.95,46.03],[15.95,46.8],[16.45,46.3],[17.26,46.58],[16.83,46.18],[17.7,46.64],[17.31,46.88],[18.26,47.68],[17.8,46.91],[18.37,46.88],[18.2,48.51],[18.77,49.52],[19.52,49.72],[20.38,48.93],[21.02,49.22],[21.13,50.3],[20.44,50.31],[20.25,51.19],[25.64,51.89],[24.36,52.36],[24.42,52.78],[19.76,51.77],[19.84,52.29],[18.54,52.56],[18.78,53.51],[18.3,54.75],[20.95,56.78],[21.56,56.8],[21.32,57.59],[18.77,57.71],[19.12,57.51],[18.2,56.8],[18.68,56.39],[17.94,55.75],[15.92,54.73],[15.52,55.14],[15.82,54.63],[15.29,54.44],[15.09,52.65],[16.65,51.71],[15.72,51.4],[16.13,51.13],[15.66,50.82],[15.48,51.14],[15.34,50.75],[14.26,50.62],[14.87,50.45],[14.35,50.47],[14.79,50.15],[14.37,48.65],[13.9,48.05],[12.63,47.96],[12.48,47.38],[11.33,47.4],[11.06,48.32],[11.49,48.6],[10.53,49.76],[10.73,50.39],[10.18,50.4],[9.88,51.97],[9.42,51.81],[9.43,51.11],[8.81,51.22],[7.69,50.24],[6.7,50.13],[5.61,50.73],[5.58,51.23],[6.14,51.02],[6.46,51.22],[5.83,51.26],[6.47,51.72],[5.32,51.7],[6.96,52.64],[5.82,52.17],[5.86,52.58],[5.38,52.57],[5.92,52.91],[5.49,52.74],[5.24,53.02],[5.77,53.06],[5.35,53.27],[7.01,53.01],[7.51,53.36],[5.5,53.31],[5.85,53.56],[5.4,53.53],[5.74,53.68],[5.39,53.95],[6.88,54.02],[5.52,54.39],[6.47,54.23],[6.19,54.4],[6.84,54.61],[7.19,54.25],[6.49,54.75],[8,54.8],[7.08,54.87],[7.35,55.15],[8.32,54.78],[7.83,55.15],[8.44,54.92],[8.06,55.24],[9.34,55.73],[9.4,55.39],[10.16,55.48],[10.67,56.15],[9.63,55.57],[9.19,55.8],[11.98,57.33],[11.23,57.26],[12.21,57.84],[11.84,58.11],[12.98,58.33],[12.1,58.2],[12.67,58.61],[12.27,58.74],[12.87,58.8],[12.51,58.97],[14.02,59.08],[13.15,59.26],[14.36,59.56],[13.53,59.83],[14.45,60.25],[14.84,59.79],[14.6,60.3],[15.91,60.38],[14.83,60.49],[15.74,60.64],[15.42,60.73],[15.84,60.71],[15.6,60.96],[16.12,61.43],[17.14,61.18],[16.83,61.71],[17.28,61.77],[17.22,61.38],[17.73,61.91],[17.41,61.23],[18.38,61.97],[19.04,61.7],[18.57,62.27],[20,61.94],[19.79,62.18],[20.86,62.59],[20.53,62.8],[20.81,62.96],[21.73,62.84],[21.1,62.02],[22.18,62.93],[22.2,62.33],[23,62.79],[22.65,63.02],[23.35,63.09],[23.16,62.43],[23.91,62.89],[25.48,62.4],[23.69,62.18],[24.52,62],[24.41,61.67],[26.28,62],[27.06,61.8],[26.32,61.8],[26.44,61.48],[27.39,61.48],[27.09,61.13],[29.13,61.33],[33.24,60.01],[33.57,59.14],[31.76,58.29],[26.42,59.19],[27.91,58.51],[27.39,58.34],[28.82,58.01],[28.46,57.49],[28.94,56.64],[31.12,55.99],[31.52,56.55],[30.29,56.89],[30.45,57.32],[31.7,57.07],[31.46,56.81],[33.44,56.83],[32.68,57.62],[33.36,58.3],[34.44,58.88],[36.04,58.34],[36.1,59.36],[35.45,59.68],[35.72,60.48],[34.75,61.07],[37.34,60.66],[37.52,60.36],[36.24,59.78],[37.22,59.33],[38.46,59.49],[38.48,60.19],[39.39,60.28],[38.95,60.55],[41.74,61.16],[41.55,61.42],[42.62,61.87],[43.15,61.93],[42.45,61.79],[42.87,61.32],[42.33,61.01],[43.03,60.92],[46.41,62.2],[47.31,61.65],[47.29,62],[48.24,62.17],[47.14,62.85],[47.51,63.19],[50.34,63.07],[54.35,62.11],[54.72,61.42],[54.45,60.83],[51.4,57.61],[51.51,55.82],[53.03,50.69],[52.8,49.43],[51.36,47.6],[50.77,42.8],[49.33,41.73],[43.66,40.16],[38.24,35.75],[34.73,36]]]}},{"type":"Feature","properties":{},"geometry":{"type":"Polygon","coordinates":[[[7.83,47.23],[7.36,47.69],[7.57,48.88],[9.66,49.8],[9.2,48.78],[9.83,48.49],[8.6,47.8],[8.74,47.01],[7.83,47.23]]]}},{"type":"Feature","properties":{},"geometry":{"type":"Polygon","coordinates":[[[23.45,30.57],[23.57,31.55],[22.77,31.46],[22.86,31.98],[26.24,32.79],[25.63,32.85],[30.92,33.3],[33.78,32.55],[29.69,32.02],[28.36,31.34],[26.93,32.01],[25.91,31.9],[23.45,30.57]]]}},{"type":"Feature","properties":{},"geometry":{"type":"Polygon","coordinates":[[[20.17,27.27],[20.49,25.86],[20.16,26.08],[19.72,25.63],[20.86,24.89],[20.88,24.39],[19.98,24.65],[20.34,24.12],[19.67,24.33],[19.84,23.64],[19.2,23.43],[19.08,23.86],[18.67,23.72],[18.37,24.9],[19.06,25.2],[20.2,24.85],[18.42,25.3],[18.19,25.85],[18.56,25.99],[17.28,27.59],[17.8,28.91],[15.13,31.07],[14.58,32.81],[14.22,33.12],[13.72,32.61],[13.69,33.66],[12.74,33.59],[12.33,32.3],[13.2,31.45],[13.27,30.6],[14.06,29.65],[14.93,29.48],[14.67,29.07],[16.54,27.38],[16.26,27.15],[15.24,27.92],[14.76,27.34],[15.17,26.45],[13.77,25.61],[14.34,26.47],[14.11,27.71],[10.8,30.71],[10.42,32.39],[9.38,33.07],[8.26,32.63],[7.81,33.18],[7.91,34.83],[11.71,35.93],[16.87,35.61],[15.73,33.69],[18.43,30.45],[20.17,27.27]]]}},{"type":"Feature","properties":{},"geometry":{"type":"Polygon","coordinates":[[[6.28,35.94],[4.93,35.23],[3.1,35.84],[2.13,34.99],[-1.86,36.09],[-1.38,38],[-0.92,37.49],[-1.46,38.18],[-1.3,38.77],[-2.58,40.19],[-4.03,40.43],[-4.33,40.7],[-3.82,40.93],[-4.3,41.19],[-1.3,41.12],[-1.7,42.24],[-0.26,41.7],[0.6,42.23],[2.85,41.18],[5.13,40.96],[9.44,43.34],[12.48,43.98],[17.12,43.6],[19.64,41.69],[16.77,41.28],[14.46,40.22],[9.58,39.83],[7.13,39.15],[5.39,38.04],[5.69,36.4],[6.28,35.94]]]}},{"type":"Feature","properties":{},"geometry":{"type":"Polygon","coordinates":[[[0.6,42.23],[1.48,42.54],[1.46,43.23],[3.79,43.6],[3.11,43.82],[4.16,43.95],[3.64,44.22],[4.34,45.2],[4.81,44.92],[4.33,44.64],[4.64,44.55],[5.11,44.81],[5.12,45.52],[6.48,45.39],[6.4,45.75],[7.06,45.85],[7.57,45.48],[7.75,46.01],[8.72,45.62],[7.7,46.42],[8.11,46.58],[7.48,46.87],[7.83,47.23],[8.74,47.01],[8.45,46.93],[9.02,46.39],[9.87,46.45],[9.54,45.95],[11.05,46.51],[12.75,45.58],[12.95,46.03],[13.75,45.72],[17.12,43.6],[11.1,43.81],[8.52,42.91],[5.13,40.96],[2.85,41.18],[0.6,42.23]]]}},{"type":"Feature","properties":{},"geometry":{"type":"Polygon","coordinates":[[[25.16,36.55],[24.95,35.58],[24.34,35.14],[20.19,35.16],[19.5,36.11],[19.71,36.8],[22.42,37.51],[22.99,38.34],[25.16,36.55]]]}},{"type":"Feature","properties":{},"geometry":{"type":"Polygon","coordinates":[[[-22.21,77.34],[-23.98,77.14],[-21.49,77.53],[-22.21,77.34]]]}},{"type":"Feature","properties":{},"geometry":{"type":"Polygon","coordinates":[[[-18.34,75.48],[-17.79,75.14],[-18.95,74.98],[-19.67,75.44],[-18.34,75.48]]]}},{"type":"Feature","properties":{},"geometry":{"type":"Polygon","coordinates":[[[-20.74,78.48],[-25.08,78.75],[-22.27,79.11],[-20.74,78.48]]]}},{"type":"Feature","properties":{},"geometry":{"type":"Polygon","coordinates":[[[19.41,70.19],[20.23,69.63],[19.26,69.2],[19.15,69.57],[18.12,69.4],[18.56,69.86],[18.12,70.08],[19.41,70.19]]]}},{"type":"Feature","properties":{},"geometry":{"type":"Polygon","coordinates":[[[18.46,70.54],[18.94,70.32],[17.72,70.44],[18.46,70.54]]]}},{"type":"Feature","properties":{},"geometry":{"type":"Polygon","coordinates":[[[-17.57,78.66],[-19.66,78.4],[-19.99,78.58],[-19.54,78.76],[-20.45,79.15],[-17.57,78.66]]]}},{"type":"Feature","properties":{},"geometry":{"type":"Polygon","coordinates":[[[-15.29,76.08],[-17.17,75.49],[-18.81,75.82],[-15.13,76.36],[-15.29,76.08]]]}},{"type":"Feature","properties":{},"geometry":{"type":"Polygon","coordinates":[[[-13.79,77.53],[-15.83,77.19],[-14.71,77.1],[-16.36,76.53],[-19.75,76.37],[-18,77.09],[-18.89,77.4],[-16.57,77.3],[-15.6,77.5],[-16.61,77.63],[-15.09,77.81],[-13.79,77.53]]]}},{"type":"Feature","properties":{},"geometry":{"type":"Polygon","coordinates":[[[66.14,75.79],[67.42,75.27],[67.5,75.74],[69.18,75.58],[69.97,75.12],[67.31,74.25],[66.1,75.3],[66.57,75.33],[65.85,75.51],[66.49,75.59],[66.14,75.79]]]}},{"type":"Feature","properties":{},"geometry":{"type":"Polygon","coordinates":[[[15.59,72.04],[16.54,71.69],[16.3,71.33],[16.69,71.58],[18.53,70.71],[17,70.43],[16.3,69.48],[15.19,71.67],[15.59,72.04]]]}},{"type":"Feature","properties":{},"geometry":{"type":"Polygon","coordinates":[[[16.3,69.48],[15.23,68.54],[14.77,68.86],[15.4,68.98],[13.87,69.52],[15.27,69.4],[14.38,69.64],[15.8,69.9],[13.91,69.71],[13.74,70.05],[15.79,70.33],[16.3,69.48]]]}},{"type":"Feature","properties":{},"geometry":{"type":"Polygon","coordinates":[[[15.58,70.69],[13.4,70.2],[13.08,70.5],[13.59,70.54],[12.56,70.99],[13.23,70.92],[12.78,71.09],[13.1,71.31],[12.51,71.14],[12.31,71.57],[14.16,71.87],[13.31,71.59],[14.21,71.26],[14.64,71.78],[15.58,70.69]]]}},{"type":"Feature","properties":{},"geometry":{"type":"Polygon","coordinates":[[[58.31,75.33],[59.79,75.24],[57.77,75.24],[58.31,75.33]]]}},{"type":"Feature","properties":{},"geometry":{"type":"Polygon","coordinates":[[[61.22,75.9],[62.44,75.42],[62.21,75.92],[63.78,75.87],[65.56,75.16],[62.3,74.73],[59.9,75],[60.56,75.34],[60.02,75.64],[61.22,75.9]]]}},{"type":"Feature","properties":{},"geometry":{"type":"Polygon","coordinates":[[[38.12,73.16],[38.43,72.89],[37.58,73.07],[38.12,73.16]]]}},{"type":"Feature","properties":{},"geometry":{"type":"Polygon","coordinates":[[[36.09,73.03],[36.53,72.91],[35.56,72.85],[36.09,73.03]]]}},{"type":"Feature","properties":{},"geometry":{"type":"Polygon","coordinates":[[[38.59,73.34],[39.44,73.25],[38.03,73.26],[38.59,73.34]]]}},{"type":"Feature","properties":{},"geometry":{"type":"Polygon","coordinates":[[[19.3,72.39],[19.43,72.07],[21.71,72.04],[19.75,71.18],[17.69,71.42],[18.62,71.73],[16.97,71.67],[16.59,71.87],[17.07,72.01],[16.39,72.09],[17.44,72.1],[17.12,72.3],[17.48,72.46],[18.9,71.94],[19.3,72.39]]]}},{"type":"Feature","properties":{},"geometry":{"type":"Polygon","coordinates":[[[32.59,73.25],[33.34,73.11],[31.25,72.92],[32.59,73.25]]]}},{"type":"Feature","properties":{},"geometry":{"type":"Polygon","coordinates":[[[40.42,73.88],[40.41,73.39],[39.1,73.7],[40.42,73.88]]]}},{"type":"Feature","properties":{},"geometry":{"type":"Polygon","coordinates":[[[34.26,73.46],[34.93,73.29],[33.52,72.53],[32.47,72.69],[34.26,73.46]]]}},{"type":"Feature","properties":{},"geometry":{"type":"Polygon","coordinates":[[[39.55,74.09],[39.85,74.1],[39.1,73.9],[39.55,74.09]]]}},{"type":"Feature","properties":{},"geometry":{"type":"Polygon","coordinates":[[[41.44,74.35],[42.07,74.13],[40.68,73.85],[41.44,74.35]]]}},{"type":"Feature","properties":{},"geometry":{"type":"Polygon","coordinates":[[[55.36,76.21],[55.91,76.19],[54.95,76.12],[55.36,76.21]]]}},{"type":"Feature","properties":{},"geometry":{"type":"Polygon","coordinates":[[[57.97,76.64],[61.08,75.96],[57.64,75.45],[58.23,75.63],[57.11,76.16],[57.97,76.64]]]}},{"type":"Feature","properties":{},"geometry":{"type":"Polygon","coordinates":[[[-3.87,76.15],[-7.96,75.11],[-6.7,75.02],[-9.79,74.68],[-9.04,74.42],[-9.98,74.14],[-12.9,74.36],[-11.84,74.6],[-14.94,74.37],[-13.7,74.78],[-15.1,74.49],[-14.77,74.71],[-15.79,75],[-14.45,75.05],[-14.77,75.37],[-13.52,75.69],[-11.74,75.13],[-12.11,75.49],[-11.25,75.51],[-12.56,75.95],[-10.74,75.9],[-11.25,76.17],[-10.44,76.35],[-9.37,76.43],[-9.56,76.01],[-8.79,76],[-9.26,76.19],[-8.58,76.46],[-7.45,76.4],[-7.38,76.03],[-6.42,76.37],[-3.87,76.15]]]}},{"type":"Feature","properties":{},"geometry":{"type":"Polygon","coordinates":[[[36.84,74.16],[37.65,74.11],[36.36,73.97],[36.84,74.16]]]}},{"type":"Feature","properties":{},"geometry":{"type":"Polygon","coordinates":[[[37.19,74.35],[37.83,74.26],[36.87,74.22],[37.19,74.35]]]}},{"type":"Feature","properties":{},"geometry":{"type":"Polygon","coordinates":[[[0.06,70.98],[-0.35,71.16],[0.12,71.31],[0.06,70.98]]]}},{"type":"Feature","properties":{},"geometry":{"type":"Polygon","coordinates":[[[2.91,70.92],[2.11,70.38],[2.37,71.05],[2.91,70.92]]]}},{"type":"Feature","properties":{},"geometry":{"type":"Polygon","coordinates":[[[5.94,73.63],[5.57,73.44],[6.04,73.16],[4.64,73.27],[6.29,72.98],[5.14,72.23],[2.93,72.32],[1.72,72.93],[1.29,72.74],[1.79,72.49],[-0.32,72.72],[2.43,72.25],[-2.88,72.27],[-3.5,72.61],[-3.92,72.52],[-3.28,72.26],[-4.56,72.21],[-5.12,72.38],[-4.98,72.72],[-5.6,72.37],[-7.71,73.05],[-6.95,72.41],[-8.06,72.94],[-7.81,72.6],[-8.9,72.82],[-8.16,72.25],[-10.9,71.96],[-11.92,72.37],[-13.43,72.06],[-14.38,72.32],[-14.36,72.75],[-15.18,72.73],[-14.22,72.14],[-15.07,71.82],[-14.28,71.82],[-15.85,71.54],[-17.87,71.86],[-16.99,71.97],[-17.31,72.27],[-16.91,72.48],[-17.98,72.34],[-17.43,72.6],[-19.17,72.7],[-19.84,73.19],[-19.54,73.35],[-20.35,73.44],[-19.39,73.68],[-20.53,73.56],[-19.42,73.91],[-17.26,73.5],[-15.7,74.13],[-15.13,73.79],[-16.21,73.47],[-16.07,73.15],[-12.95,73.15],[-15.52,73.33],[-12.96,73.73],[-14.57,74.12],[-13.66,74.24],[-11.2,74.03],[-11.47,73.39],[-9.82,73.48],[-10.74,74.02],[-6.84,74.81],[-6.39,74.39],[-7.83,73.59],[-7.25,73.49],[-7.59,73.78],[-6,74.3],[-3.96,73.62],[-4.27,73.92],[-2.65,73.51],[-3.14,73.88],[-0.82,73.79],[-4.36,74.08],[-5.23,74.35],[-3.98,74.26],[-4.81,74.45],[-4.22,74.49],[-5.93,74.81],[-2.86,74.47],[-5.88,75.07],[-5.12,75.45],[-2.89,74.85],[-4.81,75.51],[-2.57,75.28],[-3.52,75.69],[-2.17,75.75],[-3.05,75.88],[-2.65,75.98],[-0.32,75.53],[-1,75.31],[-0.37,75.36],[-0.71,75],[1.48,75.23],[0.15,74.86],[1.06,74.86],[-0.05,74.26],[1.46,74.9],[3.16,74.87],[2.78,74.61],[4.08,74.45],[2.62,74.1],[4.33,74.43],[4.94,74.1],[4.12,73.76],[5.94,73.63]]]}},{"type":"Feature","properties":{},"geometry":{"type":"Polygon","coordinates":[[[-21.71,56],[-20.69,56.38],[-21.53,56.34],[-20.99,56.78],[-21.38,56.9],[-19.71,56.9],[-21.31,56.93],[-21.13,57.34],[-21.53,57.38],[-20.26,57.43],[-21.49,57.68],[-18.71,57.88],[-21.56,57.79],[-19.99,58.21],[-20.98,58.73],[-18.47,58.2],[-20.81,58.83],[-19.62,59.12],[-18.01,58.47],[-18.68,58.85],[-17.79,58.79],[-18.55,58.86],[-18.26,59.05],[-20.46,59.08],[-19.57,59.45],[-18.95,59.2],[-19.6,59.61],[-17.71,58.86],[-18.36,59.31],[-17.69,59.48],[-19.53,59.75],[-17.76,59.59],[-17.32,60.1],[-16.89,59.81],[-16.7,60.18],[-17.29,60.17],[-15.98,60.76],[-17.27,61.11],[-18.1,62.01],[-15.89,61.08],[-16.18,61.41],[-15.57,61.63],[-16.09,61.92],[-15.46,61.76],[-16.17,62.05],[-15.55,62.1],[-16.31,62.13],[-15.27,62.23],[-16.31,62.42],[-15.2,62.48],[-16.17,62.72],[-15.53,62.88],[-16.02,63.01],[-16.83,62.58],[-17.79,62.86],[-16.67,63.18],[-17.25,63.33],[-16.46,63.51],[-16.76,63.72],[-15.7,63.89],[-16.05,64.29],[-15.34,64.42],[-15.55,64.81],[-14.81,65.33],[-15.65,65.38],[-14.62,65.43],[-14.65,66.61],[-13.95,66.87],[-15.38,68.13],[-17,68.17],[-16.69,68.4],[-17.27,68.58],[-17.71,68.24],[-18.39,68.7],[-18.4,69.1],[-17.01,69.05],[-17.98,69.83],[-15.13,69.22],[-14.45,69.46],[-16.07,69.8],[-16.32,70.06],[-15.74,70.02],[-16.24,70.21],[-15.69,70.22],[-16.35,70.34],[-16.2,70.89],[-10.92,70.53],[-7.94,71.03],[-9.55,71.27],[-9.01,71.51],[-5.81,71.55],[-6.45,71.21],[-3.2,71.75],[-2.68,71.55],[-3.09,70.92],[-2.55,71.69],[-0.19,71.46],[-1.73,70.8],[-0.44,71.07],[-0.33,70.46],[1.14,71.25],[1.61,71.07],[1.69,70.11],[2.65,70.52],[3.29,70.28],[3.22,71],[4.6,70.31],[4.85,70.52],[3.71,70.97],[4.28,70.94],[4.01,71.26],[4.94,71.19],[5.37,70.44],[6.56,70.65],[6.14,70.83],[6.49,71.01],[7.96,70.9],[10.19,70.11],[6.37,70.21],[10.16,69.97],[9.44,69.65],[10.77,69.25],[5.69,69.07],[8.98,68.86],[7.7,68.46],[10.23,68.76],[7.7,67.52],[12.03,68.26],[13.35,67.73],[11.13,67.1],[8.91,67.32],[10.88,66.92],[8.67,66.89],[8.56,66.49],[9.97,66.61],[6.49,65.07],[6.03,64.47],[6.82,64.89],[7.38,64.55],[6.36,64.45],[7.45,64.07],[7.11,63.54],[5.59,64.05],[6.18,63.84],[4.97,63.8],[5.24,63.25],[6.08,63.18],[4.89,63.05],[6.02,62.63],[5.56,62.1],[4.29,62.7],[5.07,62.16],[4.06,62.33],[4.95,62.08],[4.46,61.75],[5.5,61.42],[3.89,61.77],[4.72,61.23],[3.52,61.51],[3.44,60.84],[3.76,61.22],[4.46,60.93],[4.21,60.61],[2.9,60.51],[2.22,61.04],[3.22,60.85],[1.94,60.95],[1.51,61.45],[1.8,60.95],[-0.14,60.85],[1.3,60.54],[-0.15,60.56],[1.28,60.14],[0.19,60.02],[0.8,59.92],[0.41,59.6],[1.18,59.9],[2.12,59.2],[1.6,58.99],[2.37,59],[1.84,58.79],[2.35,58.66],[1.77,58.37],[2.17,58.34],[1.85,57.73],[1.43,57.8],[1.57,58.2],[0.84,57.89],[0.57,58.85],[-1.39,59.97],[-0.83,59.46],[-1.59,59.42],[0.07,58.92],[-1.52,58.99],[-2.73,58.46],[-1,58.08],[-2.53,58.06],[-1.86,57.8],[-0.32,58.03],[1.46,57.47],[-1.92,56.46],[-5.13,56.36],[-5.85,57.08],[-5.92,56.36],[-8.49,55.2],[-9.26,55.42],[-9.25,55.09],[-10.4,55.28],[-10.56,54.95],[-10.92,55.16],[-10.21,55.47],[-10.62,55.68],[-11.31,54.98],[-13.61,54.89],[-13.54,54.08],[-14.41,54.15],[-13.81,53.88],[-14,53.46],[-14.6,53.76],[-14.22,53.39],[-15.12,53.46],[-14.97,53.05],[-15.54,53.15],[-15.24,52.88],[-16.4,52.96],[-15.88,52.47],[-16.41,52.72],[-16.05,52.1],[-16.74,51.99],[-16.3,51.83],[-17.24,51.64],[-16.92,51.32],[-17.62,51.51],[-16.98,51.3],[-17.69,51.22],[-17.34,50.85],[-18.3,51.12],[-17.79,50.43],[-18.34,50.88],[-19.29,50.76],[-18.53,51.11],[-19.3,50.81],[-18.55,51.3],[-19.66,51.36],[-18.94,51.56],[-19.74,51.57],[-18.74,51.82],[-19.52,51.7],[-19.1,52.04],[-21.19,51.96],[-20.67,52.39],[-21.47,52.66],[-20.79,52.64],[-21.54,52.83],[-20.97,52.79],[-21.35,52.97],[-20.89,53.15],[-21.49,53.11],[-20.91,53.25],[-21.59,53.33],[-21.12,53.5],[-21.73,53.89],[-20.92,54.3],[-21.59,54.16],[-21.07,54.52],[-21.76,54.8],[-21.04,54.69],[-21.78,54.92],[-21.11,54.99],[-21.84,55.21],[-20.77,55.51],[-21.65,55.69],[-20.34,55.67],[-20.54,55.97],[-20,55.48],[-20.04,56.02],[-20.4,56.53],[-20.46,56.03],[-21.71,56]]]}}]}
