{"type":"FeatureCollection","features":[{"type":"Feature","properties":{},"geometry":{"type":"Polygon","coordinates":[[[-156.63,-77.95],[-160.65,-77.36],[-160.14,-76.95],[-158.65,-76.93],[-155.82,-77.72],[-156.63,-77.95]]]}},{"type":"Feature","properties":{},"geometry":{"type":"Polygon","coordinates":[[[172.83,-76.88],[174.56,-76.89],[172.39,-77.34],[171.49,-76.8],[172.83,-76.88]]]}},{"type":"Feature","properties":{},"geometry":{"type":"Polygon","coordinates":[[[-89.75,-74.52],[-88.63,-75.57],[-92.67,-75.17],[-89.75,-74.52]]]}},{"type":"Feature","properties":{},"geometry":{"type":"Polygon","coordinates":[[[-131.31,-71.89],[-131.91,-71.55],[-131.05,-71.67],[-131.31,-71.89]]]}},{"type":"Feature","properties":{},"geometry":{"type":"Polygon","coordinates":[[[-122.1,-71.2],[-123.25,-71.36],[-121.7,-71.06],[-122.1,-71.2]]]}},{"type":"Feature","properties":{},"geometry":{"type":"Polygon","coordinates":[[[-127.37,-70.82],[-124.06,-70.99],[-126.73,-71.54],[-127.42,-71.46],[-127.18,-71.06],[-127.7,-70.97],[-127.37,-70.82]]]}},{"type":"Feature","properties":{},"geometry":{"type":"Polygon","coordinates":[[[-130.28,-70.35],[-129.44,-70.58],[-129.5,-71],[-128.11,-71.21],[-131.23,-70.65],[-130.28,-70.35]]]}},{"type":"Feature","properties":{},"geometry":{"type":"Polygon","coordinates":[[[-86.55,-70.36],[-85.78,-70.56],[-86,-71.11],[-87.45,-70.82],[-86.55,-70.36]]]}},{"type":"Feature","properties":{},"geometry":{"type":"Polygon","coordinates":[[[-100.58,-70.42],[-100.85,-69.86],[-100.26,-69.79],[-100.58,-70.42]]]}},{"type":"Feature","properties":{},"geometry":{"type":"Polygon","coordinates":[[[-106.63,-68.98],[-105.81,-69.35],[-104.75,-68.97],[-105.5,-69.33],[-104.06,-69.51],[-106.77,-69.7],[-110.12,-69.27],[-106.63,-68.98]]]}},{"type":"Feature","properties":{},"geometry":{"type":"Polygon","coordinates":[[[-85.57,-67.09],[-85.49,-67.55],[-86.68,-67.2],[-85.57,-67.09]]]}},{"type":"Feature","properties":{},"geometry":{"type":"Polygon","coordinates":[[[-74.03,-67.65],[-74.43,-67.11],[-73.87,-67.32],[-74.03,-67.65]]]}},{"type":"Feature","properties":{},"geometry":{"type":"Polygon","coordinates":[[[-81.2,-66.55],[-80.01,-68.37],[-80.44,-69.99],[-83.67,-70.32],[-84.23,-70.06],[-82.35,-69.66],[-83.71,-69.18],[-84.97,-69.75],[-86.68,-68.99],[-84.76,-69.14],[-85.27,-68.81],[-82.15,-68.62],[-82.76,-68.02],[-81.35,-67.9],[-82.96,-67.43],[-82.65,-66.92],[-83.08,-66.75],[-81.2,-66.55]]]}},{"type":"Feature","properties":{},"geometry":{"type":"Polygon","coordinates":[[[-78.63,-64.38],[-79.12,-65.31],[-80.09,-65.31],[-78.63,-64.38]]]}},{"type":"Feature","properties":{},"geometry":{"type":"Polygon","coordinates":[[[92.77,-68.63],[93.08,-68.7],[92.26,-68.75],[92.77,-68.63]]]}},{"type":"Feature","properties":{},"geometry":{"type":"Polygon","coordinates":[[[119.82,-67.55],[121.05,-68.33],[119.79,-68.46],[120.19,-68.2],[119.39,-67.5],[119.82,-67.55]]]}},{"type":"Feature","properties":{},"geometry":{"type":"Polygon","coordinates":[[[96.96,-68.17],[96.59,-68.06],[97.64,-67.96],[96.96,-68.17]]]}},{"type":"Feature","properties":{},"geometry":{"type":"Polygon","coordinates":[[[-74.16,-62.16],[-73.74,-62.47],[-75.11,-62.55],[-74.16,-62.16]]]}},{"type":"Feature","properties":{},"geometry":{"type":"Polygon","coordinates":[[[-73.2,-61.94],[-72.92,-62.09],[-73.7,-62.41],[-73.2,-61.94]]]}},{"type":"Feature","properties":{},"geometry":{"type":"Polygon","coordinates":[[[-68.92,-61.9],[-68.29,-62.29],[-69.42,-62.48],[-69.58,-62.13],[-68.92,-61.9]]]}},{"type":"Feature","properties":{},"geometry":{"type":"Polygon","coordinates":[[[-89.98,-74.25],[-92.62,-74.37],[-93.09,-74.87],[-94.53,-74.52],[-93.75,-75.28],[-93.96,-75.77],[-93.27,-76.05],[-93.87,-76.57],[-93.66,-76.84],[-91.69,-76.89],[-91.81,-77.46],[-93.01,-77.39],[-91.89,-77.85],[-97.99,-79.13],[-97.41,-80.11],[-97.52,-80.98],[-99.49,-81.93],[-113.88,-81.42],[-115.94,-80.33],[-118.03,-79.91],[-115.94,-78.99],[-111.68,-78.53],[-101.31,-75.67],[-100.81,-75.51],[-101.07,-75.04],[-100.73,-74.68],[-98.17,-73.95],[-91.69,-73.6],[-89.98,-74.25]]]}},{"type":"Feature","properties":{},"geometry":{"type":"Polygon","coordinates":[[[-68.31,-61.34],[-67.92,-61.72],[-69.2,-61.77],[-70,-62.58],[-70.75,-62.36],[-73.27,-63.26],[-72.84,-63.49],[-73.54,-63.88],[-71.91,-63.93],[-72.27,-64.23],[-74.04,-64.14],[-73.91,-64.66],[-74.67,-64.05],[-75.36,-64.64],[-74.96,-64.77],[-76.81,-65.31],[-77,-65.7],[-76.65,-65.81],[-77.03,-65.95],[-76.17,-65.96],[-76.89,-66.14],[-76.41,-66.24],[-76.64,-66.48],[-74.56,-66.37],[-75.49,-66.9],[-74.34,-67.42],[-74.63,-67.72],[-74.01,-68.12],[-74.56,-68.38],[-73.68,-68.45],[-74.4,-68.83],[-73.43,-69.14],[-74.08,-69.4],[-73.46,-69.72],[-74.57,-69.89],[-73.42,-69.98],[-73.83,-70.12],[-73.53,-70.36],[-74.44,-70.6],[-73.53,-70.65],[-74.04,-71.01],[-72.95,-70.91],[-73.73,-71.14],[-74.23,-72.04],[-75.13,-72.22],[-74.23,-72.24],[-74.56,-72.42],[-77.96,-73.13],[-76.82,-73.2],[-77.72,-73.46],[-83.07,-74.09],[-81.36,-74.6],[-81.49,-74.97],[-86.63,-75.42],[-88.33,-74.64],[-88.12,-74.16],[-89.98,-74.25],[-95.09,-71.97],[-93.53,-71.07],[-91.63,-71.18],[-91.79,-70.74],[-90.92,-70.82],[-90.98,-70.44],[-89.67,-71.11],[-87.93,-71.1],[-88.35,-71.38],[-79.86,-70.59],[-78.98,-69.65],[-80.14,-67.13],[-78.17,-66.83],[-78.8,-66.59],[-78.26,-66.56],[-78.39,-66.06],[-77.88,-66.01],[-78.46,-65.73],[-77.64,-65.29],[-78.63,-65.32],[-78.45,-64.82],[-77.57,-65.1],[-77.55,-64.44],[-76.81,-64.5],[-76.65,-63.96],[-74.65,-63.39],[-75.03,-63.28],[-74.74,-62.91],[-68.31,-61.34]]]}},{"type":"Feature","properties":{},"geometry":{"type":"Polygon","coordinates":[[[-164.2,-83],[-155.68,-82.85],[-147.92,-83.38],[-133.73,-82.46],[-143.8,-82.13],[-146.29,-81.61],[-148.82,-80.43],[-140.73,-80.01],[-137.26,-81.2],[-125.63,-82.32],[-113.88,-81.42],[-105.71,-81.94],[-95.67,-81.87],[-66.45,-80.15],[-55.85,-79.05],[-52.74,-79.43],[-50.62,-78.35],[-55.77,-77.46],[-53.98,-76.69],[-42.5,-75.15],[-39.76,-74.14],[-34.92,-73.28],[-28.17,-72.64],[-26.81,-72.03],[-27.77,-71.43],[-27.05,-71.37],[-26.63,-71.86],[-25.47,-71.1],[-24.77,-71.14],[-24.15,-72.08],[-23.02,-72],[-23.27,-71.74],[-22.62,-71.41],[-22.9,-71.17],[-22.1,-71.04],[-20.96,-71.11],[-21.44,-71.81],[-18.41,-71.8],[-19.04,-71.6],[-17.9,-70.84],[-18.26,-71.19],[-17.14,-71.41],[-17.8,-71.56],[-17.67,-72.04],[-16.37,-71.93],[-15.98,-72.33],[-10.26,-71.16],[-4.97,-71.34],[-2.75,-71.88],[2.14,-71.64],[10.74,-72.27],[20.9,-71.8],[21.41,-71.32],[21.16,-70.9],[22.06,-70.76],[26.77,-72.39],[29.85,-70.95],[35.94,-70.2],[36.2,-69.84],[38.07,-70.22],[39.39,-69.89],[38.35,-69.58],[39.42,-69.41],[40.16,-69.7],[39.91,-69.88],[41.17,-69.82],[40.74,-69.7],[41.16,-69.42],[40.56,-69.36],[40.7,-69.05],[44.63,-68.53],[46.7,-68.72],[48.53,-69.35],[47.3,-69.57],[50.45,-70.22],[62.58,-70.62],[62.88,-71.54],[61.74,-71.8],[62.78,-71.77],[61.65,-71.96],[62.57,-72.1],[61.2,-72.14],[61.52,-72.26],[60.92,-72.46],[61.82,-72.69],[60.47,-73.11],[64.38,-74.29],[66.51,-73.29],[66.03,-72.93],[69.57,-72.56],[72.06,-71.95],[72.43,-71.43],[72.09,-71.43],[73.43,-70.97],[79.3,-69.84],[87.5,-69.13],[93.96,-69.13],[95.34,-68.92],[94.95,-68.26],[96.37,-68.13],[96.78,-68.66],[99.65,-68.24],[106.38,-69.14],[107.84,-68.79],[108.4,-68.19],[110.79,-67.77],[112.39,-68.47],[114.09,-68.33],[115.99,-68.89],[119.58,-68.55],[119.7,-68.87],[124.82,-67.83],[126.91,-68.5],[128.38,-68.44],[128.88,-67.63],[128.26,-67.36],[133.2,-67.41],[133.69,-67.15],[133.36,-66.75],[133.7,-66.45],[134.44,-66.79],[134.19,-67.16],[135.65,-67.49],[144.29,-67.87],[146.1,-67.46],[146.54,-67.69],[145.12,-68.27],[148.5,-68.34],[148.78,-68.77],[148.07,-68.93],[151.21,-68.68],[151.75,-69.09],[154.05,-68.57],[155.36,-69.21],[159.48,-69.31],[161.95,-70.19],[167.62,-70.23],[171.45,-71.1],[171.49,-70.79],[172.28,-71.23],[171.36,-71.67],[172.01,-72],[171.12,-72.63],[171.29,-72.9],[168.94,-73.17],[168.3,-73.54],[169.03,-73.68],[167.62,-73.78],[168.53,-74.28],[167.42,-74.21],[167.25,-74.6],[166.56,-74.2],[165.9,-74.67],[168.42,-75.03],[166.56,-75.18],[167.23,-75.65],[166.66,-75.87],[167.81,-76.43],[167.51,-76.75],[170.5,-77.54],[169.79,-77.93],[171.4,-77.57],[173.8,-78.12],[170.92,-78.2],[168.08,-78.97],[169.2,-79.88],[170.54,-80.19],[169.76,-80.38],[176.63,-81.66],[174.79,-81.93],[179.99,-82.02],[179.99,-89.99],[-179.99,-89.99],[-179.99,-82.02],[-176.65,-82.66],[-164.2,-83]]]}},{"type":"Feature","properties":{},"geometry":{"type":"Polygon","coordinates":[[[-148.82,-80.43],[-150.57,-79.49],[-149.8,-79.02],[-143.77,-78.31],[-148.85,-78.02],[-155.25,-76.75],[-155.52,-76.55],[-154.85,-76.38],[-155,-76.11],[-156.41,-76.2],[-156.18,-75.52],[-156.63,-75.19],[-148.97,-75.56],[-149.23,-75.4],[-145.92,-74.72],[-149.74,-74.09],[-146.42,-74.14],[-147.24,-73.76],[-139.86,-72.61],[-139.33,-72.41],[-139.77,-72.18],[-138.43,-71.92],[-137.05,-72.26],[-123.32,-71.41],[-120.64,-71.65],[-120.84,-71.25],[-120.05,-71.01],[-119.75,-71.09],[-120.25,-71.34],[-119.42,-71.18],[-119.73,-71.54],[-118.99,-72.04],[-117.7,-71.87],[-118.14,-71.73],[-117.8,-71.35],[-115.61,-71.96],[-114.4,-71.71],[-113.75,-71.95],[-113.9,-72.43],[-112.67,-72.3],[-112.39,-71.84],[-108.56,-72.28],[-109.63,-71.65],[-108.57,-71.3],[-110.07,-70.73],[-108.09,-70.5],[-110.38,-70.54],[-111.1,-70.11],[-110.74,-69.95],[-100.3,-70.55],[-98.98,-70.34],[-99.05,-69.91],[-98.65,-69.88],[-97.78,-70.07],[-98.24,-70.35],[-96.69,-70.64],[-95.8,-70.33],[-95.52,-70.76],[-93.53,-71.07],[-98.17,-73.95],[-100.73,-74.68],[-101.07,-75.04],[-100.81,-75.51],[-111.68,-78.53],[-115.94,-78.99],[-118.03,-79.91],[-139.51,-79.9],[-148.82,-80.43]]]}},{"type":"Feature","properties":{},"geometry":{"type":"Polygon","coordinates":[[[-66.63,-61.33],[-66.22,-61.51],[-67.69,-61.5],[-66.63,-61.33]]]}},{"type":"Feature","properties":{},"geometry":{"type":"Polygon","coordinates":[[[-68.23,-60.77],[-67.94,-60.9],[-69.34,-60.93],[-68.23,-60.77]]]}},{"type":"Feature","properties":{},"geometry":{"type":"Polygon","coordinates":[[[-59.44,-57.02],[-60.07,-57.12],[-59.08,-57.8],[-61.09,-57.13],[-59.44,-57.02]]]}},{"type":"Feature","properties":{},"geometry":{"type":"Polygon","coordinates":[[[-59.02,-57.03],[-57.97,-57.34],[-59.13,-57.34],[-59.02,-57.03]]]}},{"type":"Feature","properties":{},"geometry":{"type":"Polygon","coordinates":[[[-62.4,-55.81],[-61.87,-56.22],[-62.57,-56.08],[-62.4,-55.81]]]}},{"type":"Feature","properties":{},"geometry":{"type":"Polygon","coordinates":[[[-62.74,-55.69],[-62.49,-55.95],[-62.91,-56.16],[-63.12,-55.73],[-62.74,-55.69]]]}},{"type":"Feature","properties":{},"geometry":{"type":"Polygon","coordinates":[[[-61.2,-55.51],[-61.34,-56.2],[-61.7,-56.04],[-61.2,-55.51]]]}},{"type":"Feature","properties":{},"geometry":{"type":"Polygon","coordinates":[[[-63.83,-55.14],[-62.97,-55.63],[-63.78,-55.9],[-63.52,-55.65],[-64.49,-55.46],[-63.83,-55.14]]]}},{"type":"Feature","properties":{},"geometry":{"type":"Polygon","coordinates":[[[-62.73,-54.49],[-61.98,-54.69],[-63.29,-54.86],[-62.9,-55.01],[-63.42,-55.1],[-63.19,-55.35],[-64.05,-54.89],[-63.46,-55.08],[-63.67,-54.61],[-62.73,-54.49]]]}},{"type":"Feature","properties":{},"geometry":{"type":"Polygon","coordinates":[[[-62.46,-56.29],[-61,-56.53],[-61.78,-56.04],[-60.07,-56.49],[-60.3,-56.74],[-59.83,-56.53],[-60.95,-55.81],[-60,-55.39],[-61.13,-55.32],[-60.66,-54.92],[-60.97,-54.73],[-59.85,-54.5],[-59.05,-54.76],[-58.72,-55.26],[-59.09,-55.36],[-57.97,-56.27],[-55.83,-57.01],[-57.4,-57.3],[-63.02,-56.34],[-62.46,-56.29]]]}},{"type":"Feature","properties":{},"geometry":{"type":"Polygon","coordinates":[[[-49.08,-54.11],[-50.28,-54.88],[-51,-54.67],[-49.83,-54.46],[-50.42,-54.03],[-49.08,-54.11]]]}},{"type":"Feature","properties":{},"geometry":{"type":"Polygon","coordinates":[[[-48.53,-54.1],[-47.37,-54.57],[-48.7,-54.59],[-48.45,-54.96],[-49.07,-54.77],[-49.2,-55.12],[-49.6,-54.87],[-48.53,-54.1]]]}},{"type":"Feature","properties":{},"geometry":{"type":"Polygon","coordinates":[[[-64.88,-52.37],[-64.7,-52.77],[-65.23,-52.69],[-64.88,-52.37]]]}},{"type":"Feature","properties":{},"geometry":{"type":"Polygon","coordinates":[[[-65.4,-51.62],[-64.91,-51.8],[-65.56,-52.04],[-65.4,-51.62]]]}},{"type":"Feature","properties":{},"geometry":{"type":"Polygon","coordinates":[[[-64.73,-51.1],[-65.16,-51.54],[-65.47,-50.9],[-64.88,-51.03],[-64.97,-50.48],[-64.38,-50.39],[-64.48,-51.58],[-64.92,-51.7],[-64.73,-51.1]]]}},{"type":"Feature","properties":{},"geometry":{"type":"Polygon","coordinates":[[[61.91,-51.52],[61.83,-51.93],[62.5,-51.83],[62.26,-52.12],[63.48,-52.13],[62.48,-52.23],[63.13,-52.55],[61.59,-52.58],[61.91,-51.52]]]}},{"type":"Feature","properties":{},"geometry":{"type":"Polygon","coordinates":[[[-64.48,-49.81],[-64.43,-50.38],[-64.86,-50.23],[-64.48,-49.81]]]}},{"type":"Feature","properties":{},"geometry":{"type":"Polygon","coordinates":[[[-160.01,-59.45],[-159.68,-59.88],[-160.76,-59.99],[-160.01,-59.45]]]}},{"type":"Feature","properties":{},"geometry":{"type":"Polygon","coordinates":[[[-62.08,-46.19],[-61.8,-46.38],[-62.47,-46.72],[-62.08,-46.19]]]}},{"type":"Feature","properties":{},"geometry":{"type":"Polygon","coordinates":[[[-138.7,-57.38],[-138.13,-57.43],[-138.74,-57.81],[-139.08,-57.51],[-138.7,-57.38]]]}},{"type":"Feature","properties":{},"geometry":{"type":"Polygon","coordinates":[[[-62.62,-43.55],[-62.11,-44.08],[-62.63,-44.31],[-62.39,-44.94],[-63.06,-45.16],[-63.36,-44.95],[-62.62,-43.55]]]}},{"type":"Feature","properties":{},"geometry":{"type":"Polygon","coordinates":[[[154.9,-63.83],[159.32,-63.69],[158.45,-63.5],[160.37,-62.81],[162,-63.95],[161.52,-63.78],[161.98,-64.75],[162.67,-64.96],[160.87,-64.83],[161.47,-65.06],[161.01,-65.17],[161.45,-65.73],[160.08,-65.98],[157.8,-65.42],[157.17,-65.06],[157.95,-65.08],[155.7,-64.51],[154.9,-63.83]]]}},{"type":"Feature","properties":{},"geometry":{"type":"Polygon","coordinates":[[[-172.63,-58.73],[-171.24,-59.3],[-170.11,-58.6],[-170.37,-59],[-169.9,-58.79],[-170.05,-59.1],[-169.46,-59.27],[-169.52,-60.06],[-172.36,-61.6],[-175.31,-64.03],[-175.15,-63.32],[-172.91,-61.47],[-173.13,-60.27],[-172.67,-59.74],[-173.06,-59.28],[-172.63,-58.73]]]}},{"type":"Feature","properties":{},"geometry":{"type":"Polygon","coordinates":[[[-151.81,-55.94],[-152.86,-56.4],[-152.97,-56.84],[-152.41,-57.07],[-154.82,-57.38],[-156.3,-58.9],[-155.99,-58.9],[-157.71,-59.5],[-161.72,-58.62],[-160.95,-58.4],[-161.28,-58.38],[-161.06,-57.97],[-160.63,-58.17],[-160.53,-57.69],[-158.09,-56.95],[-151.81,-55.94]]]}},{"type":"Feature","properties":{},"geometry":{"type":"Polygon","coordinates":[[[139.69,-61.04],[140.66,-61.19],[138.08,-61.58],[139.69,-61.04]]]}},{"type":"Feature","properties":{},"geometry":{"type":"Polygon","coordinates":[[[-176.88,-53.13],[-176.2,-53.56],[-174.71,-53.37],[-172.77,-54.82],[-171.72,-54.77],[-172.45,-54.18],[-169.89,-54.98],[-167.69,-54.14],[-167.18,-55.61],[-168.27,-56.03],[-167.68,-56.91],[-167.8,-58.22],[-168.37,-58.8],[-169.46,-58.75],[-169.55,-57.65],[-172.2,-57.36],[-171.66,-56.59],[-172.14,-55.57],[-174.01,-54.61],[-173.51,-54.67],[-173.73,-54.29],[-174.49,-54.35],[-174.21,-54.58],[-177.31,-53.3],[-176.88,-53.13]]]}},{"type":"Feature","properties":{},"geometry":{"type":"Polygon","coordinates":[[[169.19,-41.89],[169.5,-42.3],[168.94,-42.14],[169.19,-41.89]]]}},{"type":"Feature","properties":{},"geometry":{"type":"Polygon","coordinates":[[[165,-42.07],[169.47,-43.5],[166.58,-43.08],[165,-42.07]]]}},{"type":"Feature","properties":{},"geometry":{"type":"Polygon","coordinates":[[[130.73,-39.83],[131.19,-40.42],[130.39,-40.46],[130.73,-39.83]]]}},{"type":"Feature","properties":{},"geometry":{"type":"Polygon","coordinates":[[[35.91,-33.88],[35.37,-31.73],[35.96,-30.33],[37.86,-29.83],[38.3,-30.12],[38.19,-29.64],[39.03,-29.59],[38.88,-29.25],[39.95,-28.33],[39.75,-27.7],[40.15,-27.92],[40.75,-27.47],[40.63,-26.54],[41.26,-26.13],[42.62,-29.54],[42.37,-30.05],[41.69,-29.64],[41.96,-30.92],[39.08,-39.05],[36.76,-39.74],[35.52,-39.18],[34.55,-36.29],[35.91,-33.88]]]}},{"type":"Feature","properties":{},"geometry":{"type":"Polygon","coordinates":[[[122.42,-38.34],[122.81,-38.81],[122.1,-38.86],[122.42,-38.34]]]}},{"type":"Feature","properties":{},"geometry":{"type":"Polygon","coordinates":[[[122.46,-38.17],[123.91,-38.34],[123.26,-38.89],[122.46,-38.17]]]}},{"type":"Feature","properties":{},"geometry":{"type":"Polygon","coordinates":[[[149.01,-62.51],[145.7,-62.59],[141.71,-60.74],[143.48,-61.22],[142.97,-60.97],[140.48,-60.99],[140.74,-60.1],[139.64,-59.56],[139.64,-60.57],[138.27,-60.94],[138.32,-60.53],[139.03,-60.45],[138.61,-59.71],[139.13,-59.03],[138.21,-57.99],[138.56,-58.54],[136.39,-60.41],[136.68,-60.86],[135.09,-60.63],[135.76,-60.57],[131.7,-58.47],[127.46,-58.22],[119.31,-59.57],[116.4,-60.42],[115.29,-61.38],[108.91,-61.46],[105.35,-62.47],[105.64,-62.55],[103.18,-62.44],[100.49,-61.38],[100.62,-60.82],[101.81,-60.63],[102.15,-59.17],[101.22,-57.81],[101.13,-56.4],[98.97,-53.31],[99.93,-53.81],[99.6,-52.71],[99.81,-53.41],[100.57,-53.56],[100.7,-53.11],[99.6,-51.63],[100.95,-49.07],[101.27,-49.77],[101.74,-49.14],[104.91,-47.94],[106.07,-48.16],[110.87,-47.05],[112.6,-45.6],[112.31,-44.75],[113.29,-43.86],[114.2,-45.08],[114.2,-44.48],[114.69,-44.72],[114.69,-44.29],[114.07,-44.11],[114.12,-43.63],[115.97,-43.79],[115.24,-43.76],[115.74,-43.06],[115.35,-43.41],[115.22,-42.96],[115.55,-42.66],[116.38,-42.98],[115.75,-42.56],[116.63,-42.53],[116.12,-42.13],[116.68,-41.59],[117.15,-41.99],[117.19,-41.26],[117.49,-41.59],[118.28,-41.03],[119.01,-41.19],[120.14,-41.92],[119.77,-42.86],[120.05,-42.38],[120.37,-42.67],[120.13,-42.25],[120.52,-41.93],[121.96,-42.29],[122.15,-41.58],[121.55,-41.42],[122.58,-40.34],[122.59,-39.67],[123.11,-39.68],[122.85,-39.38],[123.37,-39.61],[123.15,-39.36],[123.69,-38.95],[125.56,-38.9],[125.41,-38.36],[124.18,-38.18],[124.41,-37.96],[127.3,-38.69],[128.66,-38.73],[129.4,-38.26],[129.13,-38.54],[129.59,-38.35],[129.65,-38.78],[130.19,-38.08],[130.79,-38.48],[130.25,-38.99],[130.55,-39.18],[129.67,-39.57],[129.85,-40.48],[128.82,-41.22],[131.22,-41.83],[130.89,-42.12],[136.55,-43.03],[137.41,-40.42],[136.68,-39.14],[137.02,-37.74],[136.48,-37.84],[137.01,-37.2],[136.71,-36.17],[137.12,-35.82],[139.64,-39.15],[140.48,-38.77],[141.73,-39.33],[142.29,-40.75],[143.12,-41.06],[144.21,-42.88],[147.84,-43.52],[149.94,-45.5],[150.51,-45.44],[150.24,-44.95],[151.22,-45.27],[151.12,-44.97],[151.91,-45.98],[151.31,-45.97],[155.35,-47.02],[156.06,-47.52],[156.59,-48.84],[158.16,-49.88],[159.1,-52.72],[158.83,-53.57],[159.24,-53.75],[158.37,-54.35],[158.53,-55.12],[157.76,-55.24],[158.59,-55.42],[158.28,-55.51],[158.66,-55.61],[158.31,-55.68],[158.64,-55.63],[158.44,-56.62],[158.91,-56.71],[158.39,-57.54],[159.72,-59.21],[156.72,-60.32],[157.18,-60.27],[155.35,-61.57],[156.03,-61.9],[153.88,-61.38],[152.68,-61.71],[153.24,-61.42],[152.68,-61.17],[152.07,-61.62],[152.66,-61.68],[151.45,-62.55],[149.01,-62.51]]]}},{"type":"Feature","properties":{},"geometry":{"type":"Polygon","coordinates":[[[131.93,-33.29],[132.34,-33.42],[132.14,-34.02],[130.93,-34.06],[131.93,-33.29]]]}},{"type":"Feature","properties":{},"geometry":{"type":"Polygon","coordinates":[[[122.21,4.3],[122.14,3.71],[121.4,3.26],[122.21,4.3]]]}},{"type":"Feature","properties":{},"geometry":{"type":"Polygon","coordinates":[[[126.3,-32.82],[126.79,-33.14],[126.45,-33.53],[126.3,-32.82]]]}},{"type":"Feature","properties":{},"geometry":{"type":"Polygon","coordinates":[[[126.75,-32.52],[126.86,-32.92],[126.4,-32.72],[126.75,-32.52]]]}},{"type":"Feature","properties":{},"geometry":{"type":"Polygon","coordinates":[[[115.85,-0.49],[117.7,0.82],[118.39,0.7],[119.69,1.74],[119.67,2.53],[121.17,3.32],[122.01,3.01],[123.17,3.94],[123.81,3.37],[117.17,-1.3],[116.95,-0.94],[115.89,-1.66],[115.85,-0.49]]]}},{"type":"Feature","properties":{},"geometry":{"type":"Polygon","coordinates":[[[126.56,-32.13],[126.94,-32.51],[126.43,-32.61],[126.56,-32.13]]]}},{"type":"Feature","properties":{},"geometry":{"type":"Polygon","coordinates":[[[124.63,-28.15],[125.16,-28.71],[123.8,-28.33],[124.63,-28.15]]]}},{"type":"Feature","properties":{},"geometry":{"type":"Polygon","coordinates":[[[127.87,-28.31],[128.97,-28.78],[129.19,-29.47],[126.07,-28.4],[127.87,-28.31]]]}},{"type":"Feature","properties":{},"geometry":{"type":"Polygon","coordinates":[[[115.43,3.3],[115.98,3.48],[116.11,2.98],[115.81,2.71],[115.43,3.3]]]}},{"type":"Feature","properties":{},"geometry":{"type":"Polygon","coordinates":[[[128.92,-27.31],[128.94,-27.66],[128.3,-27.43],[128.92,-27.31]]]}},{"type":"Feature","properties":{},"geometry":{"type":"Polygon","coordinates":[[[113.42,2.43],[114.39,2.18],[114.86,2.52],[115.2,2.12],[113.42,1.47],[113.42,2.43]]]}},{"type":"Feature","properties":{},"geometry":{"type":"Polygon","coordinates":[[[144.59,-30.45],[146.41,-31.48],[146.36,-32.11],[148.22,-32.54],[148.73,-33.07],[147.1,-33.22],[139.63,-30.69],[133.56,-30.28],[133.86,-30.06],[132.47,-29.69],[132.73,-28.96],[132.01,-29.96],[130.58,-28.62],[132.09,-28.39],[132.5,-28.83],[132.95,-28.11],[131.05,-28.17],[130.81,-27.27],[129.63,-27.15],[131.25,-26.27],[133.11,-26.78],[133.15,-28.38],[134.11,-29.53],[137.48,-27.86],[144.59,-30.45]]]}},{"type":"Feature","properties":{},"geometry":{"type":"Polygon","coordinates":[[[141.12,-30.98],[143.69,-32.85],[144.46,-32.61],[144.53,-33.08],[145.53,-33.05],[145.41,-33.42],[146.63,-33.34],[146.06,-33.59],[146.53,-33.74],[143.12,-33.92],[140.17,-32.38],[138.57,-32.21],[138.66,-32.58],[138.22,-32.65],[137.44,-32.25],[138.03,-32.9],[137.23,-32.93],[137.73,-33.19],[136.04,-33.48],[137.21,-33.51],[137.66,-34],[135.08,-34.68],[133.48,-33.88],[133.62,-33.51],[132.31,-34.12],[132.37,-33.41],[131.76,-33.13],[132.89,-32.92],[131.56,-32.9],[132.36,-32.83],[130.11,-31.01],[126.62,-30.71],[132.63,-29.94],[141.12,-30.98]]]}},{"type":"Feature","properties":{},"geometry":{"type":"Polygon","coordinates":[[[129.68,-25.73],[130.24,-26.08],[129,-25.85],[129.68,-25.73]]]}},{"type":"Feature","properties":{},"geometry":{"type":"Polygon","coordinates":[[[110.47,3.07],[110.81,2.82],[110.37,2.69],[110.47,3.07]]]}},{"type":"Feature","properties":{},"geometry":{"type":"Polygon","coordinates":[[[1.24,-6.8],[1.2,-7.22],[0.91,-7.07],[1.24,-6.8]]]}},{"type":"Feature","properties":{},"geometry":{"type":"Polygon","coordinates":[[[102.23,-1.34],[103.77,-0.03],[105.07,-0.29],[109.72,1.07],[113.1,-2.24],[110.27,-1.76],[108.65,-1.97],[107.31,-1.3],[106.25,-1.74],[104.56,-1.52],[102.76,-1.91],[102.08,-1.63],[102.23,-1.34]]]}},{"type":"Feature","properties":{},"geometry":{"type":"Polygon","coordinates":[[[109.37,1.09],[110.18,1.43],[110.11,0.96],[110.68,1.81],[111.28,0.92],[112.12,1.52],[113.56,0.84],[113.96,1.66],[114.71,1.63],[116.8,-0.41],[116.17,-0.47],[116.38,-0.79],[115.77,-1.12],[116.1,-1.35],[112.35,-1.97],[109.37,1.09]]]}},{"type":"Feature","properties":{},"geometry":{"type":"Polygon","coordinates":[[[114.44,16.2],[114.72,15.89],[114.68,16.46],[115.51,16.47],[116.25,16.06],[117.44,16.76],[116.95,15.63],[117.65,15.68],[116.91,14.92],[117.58,14.5],[117.06,13.95],[117.58,14.29],[117.3,14.01],[118.79,13.77],[118.93,13.25],[120.41,13.39],[119.47,12.77],[120.62,11.21],[120.28,9.51],[120.61,9.59],[120.52,9.07],[120.95,9.35],[121.28,7.76],[120.81,6.68],[120.16,7.23],[119.58,6.52],[118.78,6.48],[118.39,5.23],[117.73,5.65],[116.86,4.51],[115.32,5.65],[114.64,5.34],[114.75,5.63],[113.53,5.93],[112.68,7.36],[114.54,8.33],[114.13,8.28],[113.64,9.39],[114.45,10.84],[114.12,12.52],[114.92,13.74],[114.44,16.2]]]}},{"type":"Feature","properties":{},"geometry":{"type":"Polygon","coordinates":[[[57.23,-37.66],[57.75,-40.36],[56.8,-41.34],[55.34,-41.32],[54.91,-40.75],[55.65,-38.96],[57.23,-37.66]]]}},{"type":"Feature","properties":{},"geometry":{"type":"Polygon","coordinates":[[[-45.07,7.99],[-45.12,7.28],[-46.05,7.26],[-45.57,7.48],[-45.74,7.91],[-45.07,7.99]]]}},{"type":"Feature","properties":{},"geometry":{"type":"Polygon","coordinates":[[[-61.03,17.79],[-59.6,17.29],[-61.22,17.23],[-61.03,17.79]]]}},{"type":"Feature","properties":{},"geometry":{"type":"Polygon","coordinates":[[[-71.4,19.27],[-70.16,18.6],[-71.19,18.48],[-72.22,19.14],[-71.4,19.27]]]}},{"type":"Feature","properties":{},"geometry":{"type":"Polygon","coordinates":[[[-66.44,20.02],[-63.68,19.35],[-62.94,18.86],[-63.43,18.71],[-62.23,18.05],[-62.61,17.71],[-64.97,18.16],[-65.45,17.51],[-65.98,18.22],[-67.81,18.27],[-68.32,18.68],[-68.04,18.97],[-66.22,18.56],[-66.41,19.52],[-67.12,19.87],[-66.44,20.02]]]}},{"type":"Feature","properties":{},"geometry":{"type":"Polygon","coordinates":[[[106.7,18.37],[107.52,18.8],[107.69,17.54],[107.09,16.59],[106.16,16.55],[105.76,17.34],[106.7,18.37]]]}},{"type":"Feature","properties":{},"geometry":{"type":"Polygon","coordinates":[[[-64.78,22.97],[-62.76,22.07],[-58.27,17.93],[-61.78,18.58],[-61.07,19.27],[-61.88,19.57],[-62.18,20.58],[-64.91,21.94],[-65.18,22.25],[-64.61,22.21],[-64.83,22.45],[-68.02,22.51],[-67.33,22.47],[-66.85,23.08],[-64.78,22.97]]]}},{"type":"Feature","properties":{},"geometry":{"type":"Polygon","coordinates":[[[-57.96,26.91],[-57.7,26.12],[-58.05,25.98],[-58.39,26.39],[-57.96,26.91]]]}},{"type":"Feature","properties":{},"geometry":{"type":"Polygon","coordinates":[[[118.91,40.88],[119.9,40.84],[119.88,40.42],[120.62,40.23],[120.42,38.55],[119.84,38.03],[119.72,38.74],[119.7,38.17],[119.11,38.3],[119.15,39.73],[118.55,40.03],[118.9,39.58],[118.3,39.32],[118.03,39.8],[118.48,39.65],[117.82,40],[118.91,40.88]]]}},{"type":"Feature","properties":{},"geometry":{"type":"Polygon","coordinates":[[[122.27,42.1],[123.09,41.75],[122.72,41.04],[121.81,41.04],[121.27,40.26],[120.77,40.83],[120.4,40.62],[121.02,41.57],[122.27,42.1]]]}},{"type":"Feature","properties":{},"geometry":{"type":"Polygon","coordinates":[[[20.16,22.44],[22.23,21.8],[20.87,21.74],[19.93,22.21],[20.16,22.44]]]}},{"type":"Feature","properties":{},"geometry":{"type":"Polygon","coordinates":[[[29.53,22.74],[28.6,22.64],[27.71,23.08],[27.6,23.68],[28.39,23.65],[29.53,22.74]]]}},{"type":"Feature","properties":{},"geometry":{"type":"Polygon","coordinates":[[[13.54,26.19],[12.76,24.67],[10.69,26.19],[11.04,26.53],[13.54,26.19]]]}},{"type":"Feature","properties":{},"geometry":{"type":"Polygon","coordinates":[[[20.33,25.92],[21.18,24.77],[19.83,25.81],[20.33,25.92]]]}},{"type":"Feature","properties":{},"geometry":{"type":"Polygon","coordinates":[[[22.72,31.45],[22.96,31.08],[22.25,31.25],[22.72,31.45]]]}},{"type":"Feature","properties":{},"geometry":{"type":"Polygon","coordinates":[[[1.55,32.58],[1.64,31.89],[0.95,32],[1.55,32.58]]]}},{"type":"Feature","properties":{},"geometry":{"type":"Polygon","coordinates":[[[4.73,34.96],[4.29,34.54],[2.42,34.41],[1.77,35.12],[4.24,35.71],[4.73,34.96]]]}},{"type":"Feature","properties":{},"geometry":{"type":"Polygon","coordinates":[[[122.23,42.45],[120.35,41.67],[120.34,41.11],[118.96,40.92],[118.87,41.41],[120.63,43.03],[123.81,43.81],[123.85,45.59],[124.44,45.86],[124.07,45.37],[124.61,45.1],[125.8,46.01],[126.55,47.78],[125.81,49.41],[126.04,50.14],[127.11,49.94],[126.54,50.54],[127.23,50.56],[128.79,48.82],[128.7,47.55],[128.1,47.19],[128.63,46.21],[128.46,45.42],[129.02,44.96],[128.68,44.33],[128.09,43.98],[128.05,44.73],[127.1,43.48],[126.92,43.91],[126.55,43.3],[125.25,42.98],[125.53,43.26],[124.73,43.38],[125.24,42.67],[124.07,41.62],[123.42,41.86],[123.52,42.74],[122.23,42.45]]]}},{"type":"Feature","properties":{},"geometry":{"type":"Polygon","coordinates":[[[6.89,34.99],[4.86,35.01],[6.03,35.58],[6.89,34.99]]]}},{"type":"Feature","properties":{},"geometry":{"type":"Polygon","coordinates":[[[134.44,48.9],[134.75,48.96],[133.75,48.07],[134.44,48.9]]]}},{"type":"Feature","properties":{},"geometry":{"type":"Polygon","coordinates":[[[129.5,49.33],[132.53,48.16],[133.47,48.67],[133.34,48.1],[133.89,47.62],[132.4,47.02],[131.98,46.11],[129.03,46.25],[128.52,46.95],[129.65,47.1],[129.22,48.96],[129.5,49.33]]]}},{"type":"Feature","properties":{},"geometry":{"type":"Polygon","coordinates":[[[125.7,51.46],[125.5,51.07],[126.73,50.85],[125.82,50.23],[124.8,51.3],[125.7,51.46]]]}},{"type":"Feature","properties":{},"geometry":{"type":"Polygon","coordinates":[[[-33.73,44],[-33.95,43.3],[-34.88,42.9],[-33.89,43.32],[-33.52,42.84],[-35.06,42.77],[-35.08,43.31],[-33.73,44]]]}},{"type":"Feature","properties":{},"geometry":{"type":"Polygon","coordinates":[[[-36.95,44.6],[-36.95,44.14],[-35.3,43.78],[-36.22,43.46],[-37.28,44.18],[-37.43,44.48],[-36.95,44.6]]]}},{"type":"Feature","properties":{},"geometry":{"type":"Polygon","coordinates":[[[-35.66,47.54],[-33.82,46.25],[-35.43,46.89],[-36.04,47.54],[-35.66,47.54]]]}},{"type":"Feature","properties":{},"geometry":{"type":"Polygon","coordinates":[[[-95.76,56.11],[-95.45,55.99],[-96.67,56.16],[-95.76,56.11]]]}},{"type":"Feature","properties":{},"geometry":{"type":"Polygon","coordinates":[[[-103.61,58.87],[-100.96,57.82],[-99.9,55.72],[-101.61,56.3],[-100.9,56.67],[-101.91,56.5],[-101.92,56.98],[-102.77,57.14],[-102.08,57.27],[-103.92,58.12],[-103.04,58.49],[-104.1,58.76],[-103.61,58.87]]]}},{"type":"Feature","properties":{},"geometry":{"type":"Polygon","coordinates":[[[-28.23,44.98],[-27.26,45.18],[-27.43,44.91],[-26.51,44.69],[-27.53,44.01],[-26.38,43.98],[-27.41,43.77],[-27.42,43.07],[-26.46,43.47],[-27.05,43.08],[-26.5,42.87],[-27.26,42.13],[-27.73,42.23],[-27.44,42.76],[-28.17,42.52],[-27.63,43.51],[-29.54,42.86],[-28.27,43.43],[-29.66,43.57],[-29.11,43.93],[-30.23,43.73],[-32.39,44.33],[-28.23,44.98]]]}},{"type":"Feature","properties":{},"geometry":{"type":"Polygon","coordinates":[[[-27.55,47.42],[-27.16,47.28],[-27.87,47.19],[-27.67,46.88],[-29.33,45.86],[-27.99,45.82],[-28.76,45.54],[-27.87,45.3],[-28.23,44.98],[-32.36,44.55],[-31.07,44.96],[-31.92,45.18],[-30.88,45.58],[-30.53,45.32],[-30.7,45.72],[-30.15,45.74],[-29.32,46.86],[-27.55,47.42]]]}},{"type":"Feature","properties":{},"geometry":{"type":"Polygon","coordinates":[[[-49.74,54.37],[-49.43,53.73],[-50.53,54.33],[-49.74,54.37]]]}},{"type":"Feature","properties":{},"geometry":{"type":"Polygon","coordinates":[[[-106.43,61.89],[-106.93,61.57],[-106.46,60.68],[-107.47,61.88],[-106.43,61.89]]]}},{"type":"Feature","properties":{},"geometry":{"type":"Polygon","coordinates":[[[-103.06,61.34],[-102.72,61.06],[-103.09,60.62],[-102.91,60.97],[-103.56,60.9],[-103.06,61.34]]]}},{"type":"Feature","properties":{},"geometry":{"type":"Polygon","coordinates":[[[-151.78,70.03],[-151.16,69.83],[-152.42,69.6],[-151.78,70.03]]]}},{"type":"Feature","properties":{},"geometry":{"type":"Polygon","coordinates":[[[-107.22,63],[-106.31,62.68],[-107.01,62.31],[-105.56,62.71],[-107.23,61.89],[-107.62,62.41],[-107.22,63]]]}},{"type":"Feature","properties":{},"geometry":{"type":"Polygon","coordinates":[[[126.88,58.02],[128.18,56.66],[128.34,55.53],[131.4,52.8],[130.41,53.28],[129.34,53],[129.36,51.63],[130.69,50.83],[130.89,50.03],[129.88,50.64],[129.53,49.71],[129.02,50.35],[128.94,51.77],[128.27,52.48],[127.76,54.85],[126.9,55.35],[126.37,56.85],[127.17,57.21],[126.36,57.9],[126.88,58.02]]]}},{"type":"Feature","properties":{},"geometry":{"type":"Polygon","coordinates":[[[-145.98,70.18],[-145.45,69.66],[-148.45,69.92],[-145.98,70.18]]]}},{"type":"Feature","properties":{},"geometry":{"type":"Polygon","coordinates":[[[123.36,58.05],[123.89,58],[122.97,57.61],[123.36,58.05]]]}},{"type":"Feature","properties":{},"geometry":{"type":"Polygon","coordinates":[[[-106.49,64.02],[-106.42,63.38],[-106.8,63.74],[-106.49,64.02]]]}},{"type":"Feature","properties":{},"geometry":{"type":"Polygon","coordinates":[[[-8.59,45.37],[-7.5,45.59],[-8.65,45.56],[-7.64,46.16],[-8.74,46.42],[-8.13,46.77],[-8.55,47.24],[-7.18,47.12],[-6.78,47.53],[-7.36,47.62],[-6.85,48.05],[-4.96,47.96],[-4.52,47.22],[-6.76,45.73],[-8.59,45.37]]]}},{"type":"Feature","properties":{},"geometry":{"type":"Polygon","coordinates":[[[-7.33,44.79],[-8.66,44.44],[-8.35,44.71],[-8.98,44.63],[-8.42,44.86],[-9.15,44.87],[-8.55,45.14],[-9.16,45.21],[-5.29,46.45],[-5.6,44.98],[-7.33,44.79]]]}},{"type":"Feature","properties":{},"geometry":{"type":"Polygon","coordinates":[[[8.99,47.73],[9.23,47.21],[8.36,47.68],[8.99,47.73]]]}},{"type":"Feature","properties":{},"geometry":{"type":"Polygon","coordinates":[[[-103.43,64.29],[-103.8,63.62],[-104.26,63.72],[-103.84,64.04],[-104.57,63.95],[-103.43,64.29]]]}},{"type":"Feature","properties":{},"geometry":{"type":"Polygon","coordinates":[[[10.67,48.2],[10.43,47.1],[9.54,47.48],[9.74,48.12],[10.39,47.76],[10.2,48.08],[10.67,48.2]]]}},{"type":"Feature","properties":{},"geometry":{"type":"Polygon","coordinates":[[[-106.18,65.15],[-105.15,64.03],[-105.96,64.04],[-105.14,63.81],[-105.74,63.6],[-105.3,63.59],[-105.61,63.27],[-106.11,63.64],[-105.79,63.93],[-106.62,64.07],[-105.97,64.33],[-106.53,64.43],[-105.99,64.61],[-106.18,65.15]]]}},{"type":"Feature","properties":{},"geometry":{"type":"Polygon","coordinates":[[[-45.41,57.05],[-45.3,56.68],[-45.88,56.35],[-45.29,56.76],[-46,56.34],[-45.58,56.67],[-46.66,56.54],[-45.41,57.05]]]}},{"type":"Feature","properties":{},"geometry":{"type":"Polygon","coordinates":[[[-106.47,65.82],[-106.08,65.4],[-107.13,64.92],[-106.47,65.82]]]}},{"type":"Feature","properties":{},"geometry":{"type":"Polygon","coordinates":[[[-105.86,65.89],[-105.1,65.29],[-106.17,65.23],[-105.86,65.89]]]}},{"type":"Feature","properties":{},"geometry":{"type":"Polygon","coordinates":[[[-109.1,63.26],[-108.98,62.83],[-110.26,61.9],[-109.64,62.42],[-110.11,62.4],[-109.63,63.19],[-109.1,63.26]]]}},{"type":"Feature","properties":{},"geometry":{"type":"Polygon","coordinates":[[[-4.8,50.47],[-4.32,50],[-4.66,49.77],[-5.24,50.21],[-4.8,50.47]]]}},{"type":"Feature","properties":{},"geometry":{"type":"Polygon","coordinates":[[[16.04,49.9],[16.16,49.46],[15.48,48.95],[15.47,49.57],[16.04,49.9]]]}},{"type":"Feature","properties":{},"geometry":{"type":"Polygon","coordinates":[[[-127.18,69.52],[-126.76,69.3],[-127.16,69.16],[-126.35,69.07],[-130.11,68.73],[-129.18,69.01],[-130.4,69.1],[-129.68,69.56],[-128.67,69.45],[-128.84,69.05],[-128.31,69.58],[-127.18,69.52]]]}},{"type":"Feature","properties":{},"geometry":{"type":"Polygon","coordinates":[[[-108.4,63.93],[-108.85,63.71],[-107.99,63.46],[-108.92,63.76],[-108.37,63.25],[-108.66,63],[-109.19,63.56],[-109.72,63.27],[-109.3,64],[-108.4,63.93]]]}},{"type":"Feature","properties":{},"geometry":{"type":"Polygon","coordinates":[[[-105.95,67.23],[-105.46,66.92],[-105.5,66.23],[-106.84,65.97],[-105.99,66.41],[-106.37,66.53],[-105.95,67.23]]]}},{"type":"Feature","properties":{},"geometry":{"type":"Polygon","coordinates":[[[-125.59,69.7],[-125.03,69.38],[-126.83,69.63],[-125.59,69.7]]]}},{"type":"Feature","properties":{},"geometry":{"type":"Polygon","coordinates":[[[19.17,50.65],[19.78,50.5],[18.72,49.94],[18.55,50.53],[19.17,50.65]]]}},{"type":"Feature","properties":{},"geometry":{"type":"Polygon","coordinates":[[[-2.19,51.26],[-2.03,50.97],[-3.17,50.59],[-2.66,50.5],[-3.88,49.42],[-4.88,49.48],[-4.11,49.83],[-4.35,50.6],[-3.74,50.52],[-4.03,50.79],[-3.57,51.32],[-2.19,51.26]]]}},{"type":"Feature","properties":{},"geometry":{"type":"Polygon","coordinates":[[[-2.8,50.26],[-1.07,50.16],[-1.8,49.15],[-2.51,49],[-1.89,48.86],[-2.98,48.75],[-1.55,48.48],[-1.11,47.84],[-4.09,47.37],[-3.85,48.64],[-3.53,48.6],[-3.71,48.9],[-4.23,48.58],[-3.96,48.95],[-4.72,48.05],[-4.46,49.03],[-2.8,50.26]]]}},{"type":"Feature","properties":{},"geometry":{"type":"Polygon","coordinates":[[[-1.11,47.84],[-0.94,47.12],[-0.01,46.6],[0.14,46.07],[-0.58,46.21],[0.14,45.95],[-0.06,45.37],[1.37,45.14],[1.21,44.5],[0.09,43.91],[0.97,43.59],[-5.28,42.8],[-3.89,43.87],[-2.83,43.84],[-2.2,44.39],[-3.1,44.02],[-4.74,44.64],[-3.49,45.22],[-3.54,45.59],[-4.17,45.5],[-3.76,45.8],[-2.38,45.92],[-2.3,46.83],[-2.7,46.73],[-2.81,47.4],[-1.11,47.84]]]}},{"type":"Feature","properties":{},"geometry":{"type":"Polygon","coordinates":[[[19.16,51.13],[19.56,50.88],[18.71,50.96],[19.16,51.13]]]}},{"type":"Feature","properties":{},"geometry":{"type":"Polygon","coordinates":[[[159.31,68.04],[159.68,67.86],[158.45,67.17],[158.38,67.65],[159.31,68.04]]]}},{"type":"Feature","properties":{},"geometry":{"type":"Polygon","coordinates":[[[-158.22,72.98],[-157.07,72.58],[-160.37,72.7],[-158.22,72.98]]]}},{"type":"Feature","properties":{},"geometry":{"type":"Polygon","coordinates":[[[-115.2,69.22],[-114.84,68.99],[-115.73,69.06],[-115.2,69.22]]]}},{"type":"Feature","properties":{},"geometry":{"type":"Polygon","coordinates":[[[-28.98,58.6],[-29.15,58.23],[-29.43,58.63],[-28.98,58.6]]]}},{"type":"Feature","properties":{},"geometry":{"type":"Polygon","coordinates":[[[-40.63,62.27],[-41.77,61.65],[-41.73,62.12],[-40.63,62.27]]]}},{"type":"Feature","properties":{},"geometry":{"type":"Polygon","coordinates":[[[-42.46,63.43],[-42.5,63.11],[-44.68,63],[-43.81,63.58],[-42.46,63.43]]]}},{"type":"Feature","properties":{},"geometry":{"type":"Polygon","coordinates":[[[-38.37,62.98],[-38.01,62.64],[-38.59,62.58],[-38.74,63],[-38.37,62.98]]]}},{"type":"Feature","properties":{},"geometry":{"type":"Polygon","coordinates":[[[-170.06,75.96],[-164.35,75.74],[-165.81,75.31],[-169.81,75.54],[-170.06,75.96]]]}},{"type":"Feature","properties":{},"geometry":{"type":"Polygon","coordinates":[[[-41.76,66.65],[-42.19,65.93],[-41.47,66.05],[-40.32,64.69],[-41.14,64.22],[-40.03,64.12],[-39.77,63.63],[-40.93,63.55],[-41.94,64.05],[-41.57,64.24],[-42.16,64.47],[-41.86,64.64],[-45.2,64.22],[-44.71,64.85],[-46.23,65.04],[-44.72,65.24],[-41.76,66.65]]]}},{"type":"Feature","properties":{},"geometry":{"type":"Polygon","coordinates":[[[-40.49,66.55],[-40.05,65.97],[-40.67,66.05],[-40.49,66.55]]]}},{"type":"Feature","properties":{},"geometry":{"type":"Polygon","coordinates":[[[-29.68,66.08],[-29.15,65.84],[-30.25,65.94],[-29.68,66.08]]]}},{"type":"Feature","properties":{},"geometry":{"type":"Polygon","coordinates":[[[-30.56,66.64],[-30.13,66.31],[-31.23,65.74],[-32.93,65.96],[-31.74,66.65],[-30.56,66.64]]]}},{"type":"Feature","properties":{},"geometry":{"type":"Polygon","coordinates":[[[-29.52,66.78],[-29.75,66.4],[-29.93,66.69],[-29.52,66.78]]]}},{"type":"Feature","properties":{},"geometry":{"type":"Polygon","coordinates":[[[13.96,61.02],[13.92,60.59],[14.58,60.72],[13.35,60.34],[13.96,61.02]]]}},{"type":"Feature","properties":{},"geometry":{"type":"Polygon","coordinates":[[[179.99,78.69],[179.99,77.06],[175.91,76.74],[174.39,77.2],[174.98,77.34],[174.54,77.59],[172.88,77.2],[174.52,76.59],[173.13,76.72],[166.27,79.69],[177.95,79.24],[179.99,78.69]]]}},{"type":"Feature","properties":{},"geometry":{"type":"Polygon","coordinates":[[[-179.99,77.06],[-179.99,78.69],[-176.84,78.21],[-179.68,78.76],[-173.93,79.02],[-168.72,78.39],[-170.26,78.07],[-169.95,77.83],[-171.92,77.97],[-170.68,77.65],[-174.43,77.67],[-172.62,77.56],[-172.15,77.18],[-173.8,76.76],[-171.68,76.5],[-173.04,76.25],[-177.77,76.5],[-179.99,77.06]]]}},{"type":"Feature","properties":{},"geometry":{"type":"Polygon","coordinates":[[[174.78,76.52],[174.44,76.05],[173.51,76.61],[174.78,76.52]]]}},{"type":"Feature","properties":{},"geometry":{"type":"Polygon","coordinates":[[[13.52,61.09],[13.69,60.74],[12.95,60.68],[13.52,61.09]]]}},{"type":"Feature","properties":{},"geometry":{"type":"Polygon","coordinates":[[[-29.85,67.8],[-29.58,67.65],[-30.43,67.59],[-29.85,67.8]]]}},{"type":"Feature","properties":{},"geometry":{"type":"Polygon","coordinates":[[[39.09,62.14],[39.59,61.89],[38.12,61.53],[38.28,62.16],[39.09,62.14]]]}},{"type":"Feature","properties":{},"geometry":{"type":"Polygon","coordinates":[[[15.38,61.53],[15.64,61.24],[14.72,61.12],[15.38,61.53]]]}},{"type":"Feature","properties":{},"geometry":{"type":"Polygon","coordinates":[[[-45.72,72.38],[-46.05,72.25],[-45.68,72.32],[-45.56,71.76],[-46.08,71.57],[-45.54,71.69],[-46.08,71.36],[-45.52,71.2],[-46.21,71.13],[-47.54,71.18],[-49.29,72.17],[-45.72,72.38]]]}},{"type":"Feature","properties":{},"geometry":{"type":"Polygon","coordinates":[[[145.39,78.29],[147.86,78.09],[145.22,78.01],[145.39,78.29]]]}},{"type":"Feature","properties":{},"geometry":{"type":"Polygon","coordinates":[[[16.55,62.12],[16.88,62.01],[16.17,61.96],[16.55,62.12]]]}},{"type":"Feature","properties":{},"geometry":{"type":"Polygon","coordinates":[[[-36.31,70.44],[-36.1,70.2],[-36.65,70.34],[-36.31,70.44]]]}},{"type":"Feature","properties":{},"geometry":{"type":"Polygon","coordinates":[[[-18.57,61.65],[-17.79,60.74],[-19.57,60.91],[-18.96,60.8],[-19.74,61.29],[-18.57,61.65]]]}},{"type":"Feature","properties":{},"geometry":{"type":"Polygon","coordinates":[[[45.63,63.76],[47.02,63.11],[45.24,63.49],[45.63,63.76]]]}},{"type":"Feature","properties":{},"geometry":{"type":"Polygon","coordinates":[[[-0.62,58.79],[-0.58,58.38],[-2.43,58.46],[-0.62,58.79]]]}},{"type":"Feature","properties":{},"geometry":{"type":"Polygon","coordinates":[[[40.63,64.29],[41.1,63.88],[40.28,64.16],[40.63,64.29]]]}},{"type":"Feature","properties":{},"geometry":{"type":"Polygon","coordinates":[[[159.02,82.06],[163.83,81.94],[161.09,81.38],[157.64,81.84],[159.02,82.06]]]}},{"type":"Feature","properties":{},"geometry":{"type":"Polygon","coordinates":[[[109.53,73.6],[110.16,73.61],[109.1,73.48],[109.53,73.6]]]}},{"type":"Feature","properties":{},"geometry":{"type":"Polygon","coordinates":[[[-37.91,45],[-37.6,44.97],[-37.75,44.1],[-37.08,43.86],[-37.42,43.81],[-36.14,43.06],[-35.49,43.23],[-34.85,42.49],[-38.21,42.48],[-39.74,41.67],[-40.23,42.08],[-39.63,42.81],[-40,42.75],[-38.07,43.25],[-37.96,42.82],[-37,43.03],[-38.49,43.34],[-37.85,43.87],[-42.09,43.02],[-42.67,43.39],[-43.02,42.95],[-44.11,42.96],[-45.43,41.79],[-44.99,41.07],[-44.61,41.33],[-44.72,40.85],[-45.9,41.02],[-45.94,41.39],[-46.21,40.99],[-47.03,41.09],[-43.16,43.69],[-37.91,45]]]}},{"type":"Feature","properties":{},"geometry":{"type":"Polygon","coordinates":[[[-35.14,-31.66],[-37.66,-34.59],[-39.01,-35.5],[-37.31,-33.88],[-38.03,-33.37],[-37.85,-33.75],[-39.13,-35.05],[-39.68,-36.4],[-41.39,-37.86],[-43.5,-37.99],[-45.22,-37.43],[-45.75,-36.73],[-45.25,-35.86],[-45.68,-36.01],[-45.93,-37.33],[-44.61,-38.3],[-44.72,-39.18],[-52.34,-36.13],[-53.91,-35.17],[-54.73,-32.36],[-57.26,-27.25],[-57.2,-25.34],[-56.49,-23.57],[-56.57,-21.01],[-50.49,-25.11],[-44.21,-28.49],[-35.14,-31.66]]]}},{"type":"Feature","properties":{},"geometry":{"type":"Polygon","coordinates":[[[-49.83,-41.64],[-50.39,-41.38],[-50.06,-42.04],[-50.36,-41.93],[-50.63,-43.53],[-53.45,-43.26],[-53.53,-44.51],[-53.01,-44.91],[-52.22,-44.59],[-52.18,-45.29],[-53.56,-45.09],[-52.91,-45.45],[-54.06,-46.04],[-54.45,-47.31],[-56.05,-47.57],[-56.81,-48.32],[-56.09,-49.28],[-55.04,-49.55],[-55.19,-50.29],[-59.11,-52.64],[-59.49,-53.76],[-58.74,-54.47],[-61.42,-54.66],[-62.08,-55.79],[-63.23,-55.2],[-62.53,-55.36],[-61.71,-54.8],[-62.09,-54.44],[-63.45,-54.3],[-63.64,-54.79],[-64.15,-54.74],[-63.46,-54.33],[-64.39,-54.44],[-64.26,-53.76],[-63.41,-54.06],[-63.23,-53.75],[-63.04,-54.02],[-63.54,-54.23],[-63.11,-54.28],[-62.86,-53.6],[-63.4,-53.01],[-63.64,-53.25],[-62.93,-53.56],[-63.68,-53.34],[-63.35,-53.65],[-63.74,-53.86],[-63.8,-53.39],[-63.83,-53.93],[-64.34,-53.33],[-63.96,-52.93],[-64.51,-52.6],[-63.59,-52.44],[-63.73,-52.13],[-64.29,-52.56],[-64.16,-52.08],[-64.85,-51.86],[-64,-52.02],[-64.45,-51.68],[-63.89,-51.56],[-64.35,-51.32],[-63.69,-51.46],[-63.93,-50.8],[-64.4,-51.07],[-64.31,-50.48],[-63.91,-50.46],[-64.24,-50.29],[-63.67,-50.16],[-64.39,-49.69],[-62.96,-49.81],[-63.35,-49.31],[-64.4,-49.4],[-63.79,-49.32],[-64.14,-49.11],[-63.6,-48.89],[-63.77,-48.47],[-65.24,-48.38],[-64.09,-47.5],[-63.43,-47.55],[-63.3,-48.34],[-62.44,-47.48],[-62.89,-47.56],[-62.75,-47.23],[-62.04,-47.26],[-62.74,-46.97],[-61.66,-46.36],[-62.35,-45.97],[-61.33,-44.43],[-61.61,-44.15],[-61.18,-44.37],[-61.14,-43.85],[-61.59,-43.76],[-60.93,-43.4],[-62.47,-43.52],[-62.56,-42.88],[-61.57,-41.22],[-61.81,-39.14],[-61.24,-38.96],[-59.24,-35.52],[-58.69,-30.99],[-57.26,-27.25],[-54.73,-32.36],[-53.09,-37.75],[-49.83,-41.64]]]}},{"type":"Feature","properties":{},"geometry":{"type":"Polygon","coordinates":[[[-52.25,8.24],[-50.27,8.15],[-49.18,7.47],[-47.72,7.82],[-48.32,8.03],[-45.93,7.96],[-46.98,7.8],[-46.47,7.05],[-45.04,6.6],[-45.21,5.73],[-44.28,5.68],[-42.98,4.62],[-43,3.43],[-42.65,3.88],[-41.57,2.73],[-39.47,2.79],[-37.41,2.12],[-35.8,0.7],[-35.52,-0.97],[-34.6,-2.08],[-36.22,-3.9],[-35.5,-3.45],[-35.88,-4.11],[-35.21,-3.56],[-33.17,-3.88],[-33.71,-5],[-35.3,-5.4],[-34.16,-5.23],[-34.3,-5.68],[-33.19,-5.06],[-32.72,-4.16],[-31.65,-4.37],[-30.18,-5.05],[-30.22,-5.49],[-29.73,-5.18],[-29.48,-5.52],[-29.67,-6.03],[-29.26,-6.12],[-29.74,-7.07],[-29.22,-6.27],[-29.14,-6.64],[-28.28,-6.16],[-27.15,-6.7],[-24.87,-6.84],[-22.13,-9.04],[-20.24,-9.66],[-19.84,-11.35],[-20.26,-13.07],[-23.66,-16.98],[-24.05,-16.66],[-24.72,-21.7],[-26.85,-25.93],[-27.96,-26.87],[-30.42,-26.7],[-34.5,-29.02],[-35.04,-28.89],[-34.65,-29.12],[-35.2,-29.67],[-34.85,-29.75],[-35.14,-31.66],[-44.21,-28.49],[-50.49,-25.11],[-56.57,-21.01],[-57.62,-19.31],[-61.85,-16.36],[-64.38,-9.76],[-65.27,-8.17],[-66.34,-7.4],[-66.04,-6.9],[-66.34,-5.61],[-65.08,-4.85],[-64.67,-4.03],[-64.9,-3.76],[-65.22,-4.16],[-65.93,-3.55],[-64.79,-0.68],[-63.67,-0.36],[-63.25,0.53],[-58.63,2.21],[-56.85,5.5],[-53.56,8.03],[-52.25,8.24]]]}},{"type":"Feature","properties":{},"geometry":{"type":"Polygon","coordinates":[[[-61.93,6.77],[-61.23,5.9],[-61.34,6.55],[-59.96,7.29],[-59.47,8.65],[-57.47,8.96],[-55.77,9.99],[-55.26,9.53],[-56.14,9.11],[-55.84,8.23],[-56.46,7.39],[-56.11,6.59],[-55.38,7.2],[-55.84,8.33],[-54.26,8.83],[-54.17,9.59],[-53.83,8.82],[-52.51,8.12],[-53.84,7.65],[-57.17,5.16],[-58.98,1.89],[-63.63,0.27],[-61.82,1.93],[-62.32,2.28],[-61.91,4.6],[-62.59,5.54],[-61.93,6.77]]]}},{"type":"Feature","properties":{},"geometry":{"type":"Polygon","coordinates":[[[-44.72,-39.18],[-44.24,-39.92],[-45.28,-41.06],[-49.83,-41.64],[-52.79,-38.24],[-53.91,-35.17],[-44.72,-39.18]]]}},{"type":"Feature","properties":{},"geometry":{"type":"Polygon","coordinates":[[[-97.39,45.15],[-96.95,45.07],[-97,45.63],[-97.86,45.65],[-98.89,48.07],[-97.48,48.62],[-95.17,47.15],[-93.21,43.76],[-93.28,42.41],[-93.63,41.97],[-94.55,42.5],[-97.39,45.15]]]}},{"type":"Feature","properties":{},"geometry":{"type":"Polygon","coordinates":[[[-98.89,48.07],[-98.25,49.27],[-98.52,50.61],[-97,53.89],[-96.38,53.87],[-97.07,53.94],[-96.61,54.3],[-96.94,54.57],[-96.4,54.57],[-96.97,54.6],[-97.18,56.1],[-94.96,55.63],[-95.67,54.9],[-94.85,55.42],[-94.85,54.97],[-95.48,54.53],[-94.52,54.9],[-94.7,56.27],[-93.51,56.55],[-93.57,55.11],[-91.44,54.83],[-90.45,53.58],[-87.9,53.12],[-88.97,51.52],[-94.53,50.05],[-98.89,48.07]]]}},{"type":"Feature","properties":{},"geometry":{"type":"Polygon","coordinates":[[[-98.83,55.79],[-99.15,56.14],[-98.21,56.03],[-98.83,55.79]]]}},{"type":"Feature","properties":{},"geometry":{"type":"Polygon","coordinates":[[[-97.42,56.36],[-99.06,56.26],[-98.6,56.42],[-99.12,56.42],[-98.77,57.11],[-99.38,56.52],[-99.84,56.85],[-99.19,56.82],[-99.61,56.98],[-99.16,57.35],[-99.98,57.02],[-100.44,57.44],[-99.58,57.75],[-100.55,57.76],[-99.32,58.2],[-99.87,58.21],[-99.84,58.57],[-100.6,57.83],[-101.05,57.96],[-100.69,58.18],[-101.8,58.18],[-100.65,58.56],[-101.02,58.24],[-101.93,58.55],[-101.28,58.83],[-102.45,58.61],[-102.85,58.97],[-101.8,58.89],[-103.01,59.24],[-101.38,59.5],[-102.89,59.59],[-101.61,60.04],[-101.31,59.61],[-101.4,60],[-100.57,59.98],[-101.57,60.26],[-100.76,60.17],[-97.77,57.73],[-97.42,56.36]]]}},{"type":"Feature","properties":{},"geometry":{"type":"Polygon","coordinates":[[[-101.19,60.37],[-103.04,60.25],[-102.16,60.61],[-102.71,61.04],[-101.19,60.37]]]}},{"type":"Feature","properties":{},"geometry":{"type":"Polygon","coordinates":[[[-90.48,43.01],[-90.71,42.48],[-93.28,42.41],[-93.21,43.76],[-95.17,47.15],[-97.48,48.62],[-94.53,50.05],[-88.97,51.52],[-87.9,53.12],[-86.2,52.72],[-89.1,47.16],[-90.48,43.01]]]}},{"type":"Feature","properties":{},"geometry":{"type":"Polygon","coordinates":[[[-90.61,42.92],[-90.53,42.25],[-91.19,42.4],[-92.4,43.71],[-93.6,44.07],[-91.99,48.76],[-89.03,54.32],[-86.76,53.73],[-87.38,53.17],[-87.34,52.43],[-85.15,50.92],[-85.72,49.5],[-87.49,47.34],[-89.59,45.74],[-90.61,42.92]]]}},{"type":"Feature","properties":{},"geometry":{"type":"Polygon","coordinates":[[[-86.49,39.83],[-89.55,40.68],[-90.55,41.97],[-92.19,42.85],[-92.11,44.03],[-90.98,46.31],[-88.74,47.82],[-86.07,51.31],[-88.13,52.9],[-88.1,53.65],[-87.41,54.17],[-86.08,54.16],[-85.49,52.4],[-83.78,49.9],[-83.23,47.13],[-83.76,43.82],[-86,41.66],[-86.49,39.83]]]}},{"type":"Feature","properties":{},"geometry":{"type":"Polygon","coordinates":[[[-67.68,34.35],[-68.75,34.32],[-67.78,34.09],[-68.27,33.74],[-67.81,32.98],[-68.46,33.7],[-68.86,33.31],[-69.69,33.59],[-70.28,34.39],[-70.84,34.19],[-72.31,34.97],[-73.42,34.55],[-73.06,34.68],[-73.53,34.92],[-73.47,34.56],[-75.35,33.95],[-74.87,34.12],[-75.56,34.33],[-75.37,33.99],[-76.3,33.83],[-76.73,33.12],[-77.07,33.32],[-76.82,31.75],[-77.47,30.9],[-77.23,31.25],[-77.62,31.29],[-78.44,28],[-77.64,25.11],[-76.48,24.09],[-76.07,22.94],[-76.7,23.14],[-78.19,24.64],[-79.61,28.64],[-80.05,32.06],[-79.81,34.18],[-72.68,36.31],[-69.94,35.7],[-67.68,34.35]]]}},{"type":"Feature","properties":{},"geometry":{"type":"Polygon","coordinates":[[[-75.76,21.07],[-76.83,21.97],[-78.41,21.52],[-79.93,22.12],[-86.53,26.79],[-87.05,28],[-86.55,28.08],[-86.8,28.35],[-86.29,28.93],[-86.67,30.25],[-88.45,33.02],[-89.56,33.72],[-89.38,34.65],[-90.52,35.63],[-90.36,36.18],[-91.51,36.97],[-92.43,39.43],[-89.26,36.37],[-87.5,35.3],[-83.03,32.74],[-80.05,32.06],[-78.63,25.59],[-78.19,24.64],[-76.07,22.94],[-74.76,21.19],[-75.76,21.07]]]}},{"type":"Feature","properties":{},"geometry":{"type":"Polygon","coordinates":[[[-74.34,23.86],[-71.93,23.54],[-70.31,25.71],[-69.74,25.84],[-66.68,25.3],[-68.06,23.84],[-67.76,23.67],[-68.54,22.44],[-68.57,23.12],[-69.05,22.72],[-68.75,22.63],[-69.22,21.31],[-70.26,20.42],[-70,20.25],[-73.44,20.95],[-74.69,22.79],[-74.34,23.86]]]}},{"type":"Feature","properties":{},"geometry":{"type":"Polygon","coordinates":[[[-90.85,37.51],[-90.93,35.84],[-88.24,32.02],[-87.68,29.57],[-86.5,28.54],[-87.03,28.02],[-89.17,30.25],[-88.93,31.1],[-89.87,32.48],[-90.39,32.27],[-91.7,33.44],[-90.59,33.24],[-90.89,33.51],[-90.57,34.1],[-92.09,35.51],[-93.29,39.08],[-94.41,40.08],[-96.58,40.83],[-96.49,41.4],[-97.64,42.69],[-97.49,43.31],[-98.09,43.99],[-95.25,41.37],[-92.53,39.95],[-90.85,37.51]]]}},{"type":"Feature","properties":{},"geometry":{"type":"Polygon","coordinates":[[[-92.43,39.43],[-92.25,39.86],[-94.05,40.85],[-95.61,43.37],[-97.42,44.36],[-97.03,44.79],[-96.09,45.08],[-93.73,44.63],[-92.05,43],[-89.77,41.94],[-88.78,40.65],[-85.73,39.78],[-83.88,38.56],[-83.3,37.48],[-83.58,33.19],[-89.26,36.37],[-92.43,39.43]]]}},{"type":"Feature","properties":{},"geometry":{"type":"Polygon","coordinates":[[[-151.19,77.69],[-153.91,77.12],[-160.65,77.19],[-162.51,77.76],[-161.45,77.88],[-165.26,78.1],[-157.32,79.32],[-156.78,79.3],[-157.78,78.91],[-151.33,79.05],[-151.68,78.6],[-151.19,77.69]]]}},{"type":"Feature","properties":{},"geometry":{"type":"Polygon","coordinates":[[[-151.27,79.13],[-154.88,79.65],[-151.73,79.36],[-153.19,79.54],[-152.49,79.81],[-157.39,79.84],[-158.79,80.32],[-165.72,80.84],[-164.7,80.98],[-165.08,81.42],[-159.27,81.79],[-158.36,82.1],[-158.47,82.55],[-156.92,83.01],[-140.39,84.29],[-140.02,84.26],[-140.91,84.23],[-137.53,83.99],[-139.44,83.85],[-139.18,83.64],[-136.16,84],[-106.6,81.99],[-99.68,80.84],[-97.3,79.98],[-102.22,79.22],[-114.46,78.81],[-123.35,79.79],[-143.12,80.08],[-148.78,79.97],[-151.27,79.13]]]}},{"type":"Feature","properties":{},"geometry":{"type":"Polygon","coordinates":[[[-48.97,40.67],[-50.37,39.42],[-50.86,40.22],[-50.73,38.98],[-52.08,37.91],[-51.47,38.67],[-51.87,39.67],[-51.17,40.28],[-51.95,40.12],[-52.11,38.88],[-52.93,39.5],[-52.09,38.71],[-52.7,38.95],[-52.27,38.41],[-52.78,38.47],[-52.47,37.88],[-53.01,38.24],[-52.2,37.74],[-52.15,36.55],[-52.25,37.53],[-52.3,36.88],[-53.24,36.97],[-52.58,36.85],[-52.68,36.52],[-52.37,36.78],[-52.39,36.43],[-53.62,36.53],[-53.23,36.25],[-53.81,36.11],[-53.21,35.86],[-58.43,34.54],[-59.49,33.36],[-59.34,28.87],[-60.22,27.38],[-60.9,27.53],[-61.27,28.39],[-61.07,29.18],[-61.42,29.08],[-61.79,30.12],[-61.36,30.51],[-61.83,30.53],[-61.28,31.47],[-62.45,33.09],[-63.8,32.82],[-63.82,33.5],[-64.73,33.78],[-64.39,33.81],[-66.31,33.94],[-65.99,33.93],[-66.09,34.51],[-66.39,34.05],[-67.55,34.29],[-69.94,35.7],[-61.31,36],[-57.67,37.25],[-52.58,39.93],[-48.97,40.67]]]}},{"type":"Feature","properties":{},"geometry":{"type":"Polygon","coordinates":[[[-80.49,13.41],[-80.07,10.84],[-79.25,10.26],[-77.57,10.27],[-76.37,9.18],[-76.24,8.43],[-76.69,8.09],[-77.35,9.44],[-78,9.69],[-79.01,9.44],[-78.95,8.56],[-79.29,8.68],[-80.44,10.42],[-81.14,10.53],[-82.01,13.11],[-80.49,13.41]]]}},{"type":"Feature","properties":{},"geometry":{"type":"Polygon","coordinates":[[[-77.3,7.62],[-77.3,8.34],[-76.86,8.51],[-76.7,8.08],[-77.3,7.62]]]}},{"type":"Feature","properties":{},"geometry":{"type":"Polygon","coordinates":[[[-82.62,23.36],[-79.48,21.35],[-78.62,19.45],[-81.68,16.61],[-83.25,16.52],[-83.44,17.08],[-83.59,16.47],[-83.83,17.4],[-83.22,17.84],[-83.68,20.51],[-83.29,20.3],[-83.12,20.74],[-84.16,21.17],[-86.05,23.56],[-86.74,26.29],[-85.73,25.99],[-84.92,24.82],[-82.62,23.36]]]}},{"type":"Feature","properties":{},"geometry":{"type":"Polygon","coordinates":[[[-154.44,72.49],[-157.09,73.16],[-156.38,73.35],[-156.87,73.6],[-156.52,73.64],[-158.81,74.28],[-158.14,74.26],[-158.77,74.37],[-157.93,74.45],[-158.26,74.66],[-156.82,75.22],[-156.97,75.55],[-156.4,75.85],[-154.15,75.74],[-152.62,76.27],[-137.81,77.63],[-125.03,77.98],[-142.91,75.31],[-154.44,72.49]]]}},{"type":"Feature","properties":{},"geometry":{"type":"Polygon","coordinates":[[[-40.37,70.74],[-41.37,70.77],[-41.4,70.17],[-42.53,69.75],[-39.53,70.14],[-39.57,69.51],[-41.2,69],[-41.8,68.09],[-37.7,69],[-36.92,68.81],[-35.66,69.89],[-33.47,69.02],[-34.42,69.15],[-33.48,68.46],[-34.54,68.36],[-34.01,68.2],[-34.28,68],[-35.72,68.13],[-35.35,67.92],[-35.79,68],[-36.01,67.02],[-36.87,66.69],[-39.34,66.55],[-39.52,66.89],[-39.02,67.15],[-40.18,67.39],[-39.56,67.3],[-40.01,66.48],[-41.06,66.89],[-40.77,67.21],[-41.99,67.45],[-41.76,66.94],[-44.2,66.55],[-45.5,67.67],[-47.05,68.01],[-45.92,67.56],[-45.72,66.93],[-44.02,66.41],[-46.3,65.73],[-48.05,66.19],[-49.64,65.69],[-52.23,66.89],[-49.76,65.62],[-54.44,65.1],[-54.11,64.77],[-55.52,64.71],[-55.07,64.53],[-57.53,63.55],[-58.6,62.77],[-57.03,62.09],[-57.5,60.66],[-58.17,60.32],[-55.8,60.13],[-54.35,59.37],[-53.84,58.32],[-51.95,57.09],[-49.37,56.39],[-50.81,54.33],[-49.98,52.4],[-49.48,52.11],[-48.73,52.48],[-48.6,51.91],[-48.42,52.51],[-47.51,52.93],[-47.61,53.65],[-46.96,54.55],[-47.29,55.33],[-45,55.47],[-43.04,56.27],[-42.28,57.83],[-43.22,58.77],[-40.9,59.67],[-41.03,60.14],[-40.39,60.49],[-41.07,60.59],[-39.73,61.09],[-40.02,61.37],[-39.65,61.9],[-38.66,62.02],[-36.62,60.97],[-35.54,61.13],[-34.96,60.57],[-35.39,60.35],[-34.84,60.26],[-35.17,60.01],[-34.52,59.9],[-34.98,59.5],[-33.82,58.82],[-33.25,58.97],[-34.17,58.1],[-35.35,58.39],[-34.34,58.02],[-34.89,57.44],[-34.51,57.07],[-35.95,56.98],[-34.34,56.87],[-34.1,56.41],[-35.75,55.92],[-33.93,56.4],[-34.4,55.95],[-33.79,56.24],[-34.15,55.73],[-32.33,56.31],[-32.42,55.73],[-31.96,56.29],[-31.26,56.25],[-31.49,56.56],[-30.79,56.52],[-30.96,56.95],[-29.6,57.17],[-30.04,57.03],[-29.59,56.94],[-29.98,56.32],[-29.52,56],[-30.24,55.98],[-29.44,55.83],[-29.45,55.44],[-30.36,55.22],[-29.36,55.18],[-30.36,54.87],[-29.47,54.87],[-29.83,54.69],[-29.2,54.53],[-29.35,54.26],[-30,54.27],[-29.25,53.65],[-29.83,53.27],[-30.5,53.61],[-29.85,53.2],[-30.38,52.99],[-29.77,52.85],[-30.07,52.67],[-29.36,52.3],[-29.6,52.07],[-29.15,52.21],[-29.93,51.55],[-28.94,51.69],[-29.25,51.53],[-28.73,51.46],[-29.41,51.17],[-28.46,51.47],[-28.67,51.08],[-27.28,50.49],[-30.97,49.94],[-27.59,50.16],[-27.85,49.43],[-26.65,49.24],[-26.87,48.55],[-27.22,48.63],[-26.93,48.34],[-27.63,48.47],[-27.03,47.92],[-28.58,47.44],[-30.09,47.84],[-30.69,47.22],[-31.98,46.94],[-37.58,48.34],[-38.88,47.64],[-40.72,47.49],[-43.61,46.14],[-37.93,47.28],[-36.75,47.01],[-36.25,46.41],[-37.58,45.94],[-38.99,46.26],[-37.19,45.56],[-37.91,45],[-43.16,43.69],[-47.03,41.09],[-48.42,41.13],[-52.58,39.93],[-59.79,36.45],[-66.23,35.56],[-74.06,36.13],[-79.81,34.18],[-80.05,32.06],[-83.58,33.19],[-83.49,38.08],[-85.73,39.78],[-85.23,41.61],[-82.79,44.28],[-82.42,47.07],[-82.94,49.84],[-84.9,52.93],[-87.34,60.76],[-92.76,65.02],[-94.5,69.18],[-94.43,69.72],[-92.08,71.01],[-91.34,71.95],[-91.06,73.41],[-93.85,74.93],[-98.71,76.18],[-99.12,77.1],[-98.52,78.39],[-96.34,79.31],[-97.3,79.98],[-94.88,79.45],[-94.53,79.45],[-94.89,79.85],[-94.32,79.84],[-94.65,80.07],[-90.5,80.25],[-89.71,79.97],[-91.32,79.81],[-80.8,79.79],[-87.66,79.37],[-85.13,79.53],[-86.28,79.05],[-83.67,79.45],[-77.35,79.26],[-78.24,79.58],[-77.22,79.71],[-77.07,79.32],[-77.96,78.99],[-77.52,78.95],[-78.05,78.52],[-77.46,78.17],[-73.54,78.7],[-75.96,78.06],[-71.04,77.79],[-68.4,76.32],[-65.32,75.6],[-65.13,75.18],[-68.46,74.99],[-68.04,74.76],[-61.78,73.82],[-62.01,73.52],[-61.27,73.37],[-61.8,73.02],[-61.03,73.22],[-61.42,72.94],[-61,72.77],[-61.95,72.81],[-61.92,71.83],[-61.78,72.31],[-60.34,72.46],[-60.68,72.61],[-60.08,73.19],[-55.83,73.34],[-59.93,73.75],[-55.69,73.7],[-55.42,73.38],[-56.22,73.14],[-55.41,72.51],[-55.85,72.4],[-54.61,72.48],[-54.27,71.8],[-50.61,71.02],[-49.6,71.61],[-48.58,71.57],[-47.63,71.04],[-48.5,70.87],[-47.22,70.9],[-49.41,70.13],[-48.67,69.86],[-47.26,70.63],[-44.32,70.61],[-44.74,70.69],[-43.91,71.06],[-45.25,70.99],[-42.95,71.2],[-44.42,72.2],[-42.2,72.76],[-42.73,72.99],[-38.19,73.4],[-38.84,73.25],[-38.12,73.08],[-39.66,72.25],[-39.82,71.43],[-42.06,71.36],[-40.37,70.74]]]}},{"type":"Feature","properties":{},"geometry":{"type":"Polygon","coordinates":[[[-141.7,71.87],[-144.34,71.54],[-144.96,71.67],[-144.24,71.76],[-144.45,72.27],[-143.74,72.47],[-144.27,73.04],[-147.39,72.96],[-130.79,75.21],[-111.4,76.43],[-104.24,73.64],[-101.82,72.23],[-101.46,71.53],[-110.59,72.9],[-116.58,74.38],[-122.2,74.67],[-134.08,74.04],[-141.7,71.87]]]}},{"type":"Feature","properties":{},"geometry":{"type":"Polygon","coordinates":[[[-107.25,64.07],[-108.03,63.74],[-107.82,64.02],[-108.39,64.06],[-107.49,64.4],[-108.43,64.97],[-108.85,64.81],[-108.36,64.22],[-109.32,64.17],[-109.67,65.46],[-108.9,66.14],[-108.65,67.36],[-110.5,68.95],[-113.57,70.35],[-117.48,70.88],[-116.26,70.96],[-119.8,71.25],[-125.05,70.92],[-126.41,70.61],[-125.61,70.19],[-136.28,69.85],[-137.03,69.47],[-136.76,69.65],[-142.23,69.83],[-141.66,70],[-141.96,70.07],[-145.7,69.91],[-141.87,70.37],[-139.86,69.82],[-140.11,70.04],[-139.21,70.29],[-133.48,70.47],[-129.88,71.45],[-132.4,71.83],[-131.7,72.01],[-133.61,71.6],[-133.48,72.27],[-134.51,72.49],[-127.39,73.29],[-122.76,73.41],[-114.47,72.68],[-109.51,71.59],[-106.04,69.25],[-106.5,68.82],[-106.46,65.76],[-107.25,64.07]]]}},{"type":"Feature","properties":{},"geometry":{"type":"Polygon","coordinates":[[[-122.3,70.4],[-119.85,71],[-118.06,70.89],[-122.3,70.4]]]}},{"type":"Feature","properties":{},"geometry":{"type":"Polygon","coordinates":[[[-149.8,76.56],[-151.36,77.16],[-150.03,77.49],[-151.08,77.6],[-151.55,78.51],[-151.03,79.16],[-148.65,79.88],[-123.45,79.69],[-118.33,78.84],[-125.03,77.98],[-136.18,77.73],[-149.8,76.56]]]}},{"type":"Feature","properties":{},"geometry":{"type":"Polygon","coordinates":[[[-97.42,55.97],[-96.86,56.08],[-97.41,55.99],[-97.17,57.13],[-97.58,57.73],[-100.94,60.57],[-102.72,61.31],[-102.45,61.56],[-101.32,60.86],[-102.42,61.58],[-101.59,62.16],[-103.09,61.52],[-103.69,62.2],[-102.4,62.37],[-103.82,62.66],[-101.75,63.16],[-102.75,63.17],[-101.73,63.48],[-102.01,63.7],[-102.89,63.17],[-101.97,64.02],[-102.51,63.42],[-103.94,63.11],[-103.03,63.57],[-103.89,63.56],[-103.24,63.56],[-102.99,64.16],[-104.17,64.42],[-104.74,64.05],[-104.12,64.65],[-103.45,64.6],[-105.01,65.99],[-104.37,65.97],[-104.86,66.05],[-104.76,66.43],[-104.03,66.08],[-104.62,66.47],[-104,66.5],[-104.79,66.67],[-104.02,66.76],[-104.92,66.83],[-104.03,67.2],[-105.49,67.27],[-105.08,68.4],[-105.57,68.46],[-105.72,67.66],[-106.26,69.37],[-109.49,72.25],[-109.5,72.7],[-101.46,71.53],[-99.84,70.73],[-100.9,69.54],[-100.7,68.75],[-98.93,66.76],[-95.97,65.48],[-94.86,61.62],[-95.06,60.04],[-94.29,58.97],[-94.06,57.61],[-95.84,54.1],[-97.84,54.56],[-97.42,55.97]]]}},{"type":"Feature","properties":{},"geometry":{"type":"Polygon","coordinates":[[[-99.84,70.73],[-97.48,69.14],[-96.37,67.04],[-96.34,65.68],[-98.93,66.76],[-100.7,68.75],[-100.9,69.54],[-99.84,70.73]]]}},{"type":"Feature","properties":{},"geometry":{"type":"Polygon","coordinates":[[[-100.67,77.72],[-100.73,76.43],[-100.29,76.17],[-95.35,74.95],[-92.46,73.44],[-92.66,71.97],[-93.37,71.03],[-95.67,69.73],[-95.71,69.19],[-93.85,65.04],[-88.34,60.8],[-86.08,54.16],[-93.43,55.64],[-94.61,56.26],[-94.96,57.13],[-93.72,60.09],[-93.79,61.38],[-95.22,63.08],[-95.37,64.67],[-96.27,66.47],[-98.22,68.62],[-98.75,69.97],[-100.95,71.99],[-111.72,76.01],[-122.96,78.24],[-119.94,78.84],[-104.1,79.19],[-99.51,79.9],[-98.24,79.31],[-100.3,78.38],[-100.67,77.72]]]}},{"type":"Feature","properties":{},"geometry":{"type":"Polygon","coordinates":[[[-109.56,65.55],[-110.27,66.26],[-109.16,66.48],[-109.7,66.13],[-108.98,66.17],[-109.56,65.55]]]}},{"type":"Feature","properties":{},"geometry":{"type":"Polygon","coordinates":[[[-108.97,66.18],[-111.23,67.05],[-110.7,67.24],[-113.69,68.1],[-113.23,68.14],[-113.9,68.53],[-113.37,68.58],[-114.19,68.69],[-114.59,69],[-113.88,69.04],[-114.59,69.22],[-114.05,69.27],[-114.84,69.43],[-113.52,69.56],[-115.87,69.91],[-114.77,70.17],[-116.82,70.16],[-116.35,69.97],[-117.05,69.87],[-116.68,69.64],[-118.14,69.44],[-119.22,69.67],[-118.89,69.9],[-122.32,69.71],[-123.38,70.08],[-118.17,70.75],[-117.04,70.27],[-117.43,70.76],[-113.57,70.35],[-110.5,68.95],[-108.65,67.36],[-108.97,66.18]]]}},{"type":"Feature","properties":{},"geometry":{"type":"Polygon","coordinates":[[[-99.84,70.73],[-101.46,71.53],[-100.4,71.37],[-99.84,70.73]]]}},{"type":"Feature","properties":{},"geometry":{"type":"Polygon","coordinates":[[[1.31,60.42],[2.35,59.79],[1.77,59.61],[1.03,60.17],[1.31,60.42]]]}},{"type":"Feature","properties":{},"geometry":{"type":"Polygon","coordinates":[[[1.97,60.51],[2.54,60.07],[1.12,60.45],[1.97,60.51]]]}},{"type":"Feature","properties":{},"geometry":{"type":"Polygon","coordinates":[[[58.91,67.89],[59.39,67.55],[58.62,67.57],[58.91,67.89]]]}},{"type":"Feature","properties":{},"geometry":{"type":"Polygon","coordinates":[[[-50.64,78.74],[-53.8,78.23],[-50.74,78.19],[-50.04,77.58],[-52.01,77.39],[-47.93,77.37],[-50.53,76.06],[-45.33,77.27],[-44.42,77.03],[-44.31,76.58],[-49.03,74.95],[-49.3,74.37],[-48.59,74.33],[-48.86,74.16],[-48.24,73.69],[-48.59,73.57],[-47.92,73.53],[-48.68,73.19],[-51.38,73.71],[-52.4,73.17],[-50.55,73.12],[-51.32,72.78],[-54.77,73.44],[-54.13,73.52],[-55.41,73.94],[-54.86,74.23],[-59.09,74.17],[-64.32,74.9],[-62.76,75.48],[-65.74,76.35],[-65.21,77],[-64.27,77.01],[-57.77,75.91],[-59.13,76.76],[-63.61,77.52],[-63.55,77.83],[-57.86,77.63],[-61.88,78.51],[-58.03,79.07],[-50.64,78.74]]]}},{"type":"Feature","properties":{},"geometry":{"type":"Polygon","coordinates":[[[41.49,66.38],[42.57,66.22],[41.78,65.59],[42.17,65.51],[42.13,64.93],[44.34,63.77],[41.42,63.74],[41.28,64.03],[41.82,64.09],[41.09,64.49],[39.73,64.38],[39.51,64.89],[40.77,65.58],[39.89,65.72],[41.49,66.38]]]}},{"type":"Feature","properties":{},"geometry":{"type":"Polygon","coordinates":[[[1.3,60.99],[2.07,60.67],[0.99,60.93],[2.22,60.57],[0.62,60.85],[1.3,60.99]]]}},{"type":"Feature","properties":{},"geometry":{"type":"Polygon","coordinates":[[[52.95,67.4],[53.29,67.31],[52.14,67.04],[51.94,67.38],[52.95,67.4]]]}},{"type":"Feature","properties":{},"geometry":{"type":"Polygon","coordinates":[[[-41.39,76.91],[-44.45,76.34],[-43.85,77.14],[-41.39,76.91]]]}},{"type":"Feature","properties":{},"geometry":{"type":"Polygon","coordinates":[[[-24.18,71.79],[-22.91,71.27],[-22.88,70.48],[-25.76,70.88],[-25.16,71.34],[-25.4,71.56],[-24.18,71.79]]]}},{"type":"Feature","properties":{},"geometry":{"type":"Polygon","coordinates":[[[-33.59,63.15],[-36.32,63.26],[-37.19,63.92],[-35.4,64.52],[-32.28,63.68],[-32.26,64.5],[-29.09,64.97],[-28.47,65.96],[-28.81,66.1],[-28.45,66.12],[-28.98,66.3],[-28.4,66.45],[-29.04,66.44],[-28.71,66.75],[-29.26,67.12],[-30.63,67.08],[-29.05,67.31],[-29.35,67.8],[-28.82,67.79],[-29.62,67.97],[-28.88,68.22],[-29.78,68.15],[-29.08,68.52],[-29.6,68.68],[-29.18,69.19],[-30.23,69.05],[-29.82,68.87],[-30.44,68.5],[-32.26,69.3],[-32.32,68.81],[-32.35,69.45],[-32.89,69.72],[-32.55,69.14],[-35.6,70.06],[-35.75,70.4],[-35.07,70.58],[-36.82,70.7],[-37,71.13],[-36.39,71.69],[-34.62,71.08],[-36.09,71.97],[-35,72.43],[-29.42,73.21],[-27.07,72.7],[-30.8,72.29],[-32.09,71.71],[-32.44,70.83],[-34.49,71.03],[-32.69,70.8],[-33.2,70.58],[-31.42,71.03],[-31.97,71.23],[-31.8,71.64],[-30.36,71.38],[-30.48,71.86],[-29.63,72.22],[-24.99,71.97],[-26.24,71],[-28.43,70.5],[-26.41,70.73],[-26.75,70.54],[-26.28,70.39],[-27.05,70.2],[-26.41,70.3],[-26.44,69.75],[-26.06,70.41],[-25.47,70.09],[-25.58,70.48],[-24,70.35],[-23.33,69.84],[-23.6,69.58],[-25.39,69.39],[-23.54,69.21],[-24.88,69.24],[-25.22,69.11],[-24.43,69.06],[-25.55,68.77],[-23.53,68.96],[-24.94,68.43],[-23.04,68.67],[-22.69,68.08],[-24.71,67.83],[-22.64,67.81],[-24.6,67.56],[-23.83,67.5],[-24.88,67.15],[-22.41,67.53],[-23.57,67.33],[-21.8,66.99],[-24.39,66.79],[-22.04,66.74],[-22.12,66.05],[-24.5,66.46],[-22.52,65.51],[-24.01,66.11],[-23.5,65.81],[-24.5,65.79],[-23.49,65.57],[-25.01,65.72],[-23.46,64.88],[-24.58,64.97],[-23.58,64.54],[-24.06,64.25],[-23.42,64.39],[-24.02,64.03],[-22.58,64.11],[-23.35,63.92],[-22.63,63.92],[-22.74,63.41],[-23.68,63.26],[-22.12,63.23],[-23.23,62.93],[-21.63,62.79],[-21.51,62.27],[-23.03,62.33],[-22.64,61.85],[-23.38,62.16],[-23.11,61.74],[-23.63,61.62],[-23.93,62.09],[-24.98,61.18],[-25.35,61.59],[-24.95,61.8],[-25.58,61.55],[-25.07,61.87],[-25.7,61.97],[-25.11,62.16],[-25.65,62.31],[-24.12,62.62],[-25.73,62.57],[-24.94,62.87],[-25.64,62.73],[-25.68,63.3],[-26.57,63.58],[-26.15,63.25],[-26.74,63.48],[-26.76,62.8],[-27.52,63.18],[-27.76,62.88],[-27.39,62.81],[-28.02,62.57],[-27.14,62.61],[-27.65,61.66],[-27.24,61.91],[-27.02,61.67],[-27.42,61.48],[-26.83,61.65],[-27.09,61.24],[-26.57,61.12],[-27.23,61.08],[-26.67,60.58],[-27.26,59.91],[-27.39,60.55],[-27.63,59.62],[-28.06,59.86],[-28.18,59.43],[-29.01,60.15],[-28.73,60.46],[-29.11,60.1],[-29.5,61.06],[-29.64,60.67],[-30.4,61.26],[-29.28,59.25],[-29.89,59.02],[-31.47,59.86],[-31.93,60.71],[-33.07,61.14],[-33.29,61.64],[-32.38,61.58],[-33.32,62.1],[-33.44,62.77],[-33,62.96],[-34.04,62.84],[-33.59,63.15]]]}},{"type":"Feature","properties":{},"geometry":{"type":"Polygon","coordinates":[[[110.26,76.27],[112.93,75.89],[108.68,75.53],[109.28,75.73],[109.11,76.12],[110.26,76.27]]]}},{"type":"Feature","properties":{},"geometry":{"type":"Polygon","coordinates":[[[-36.81,75.86],[-37.03,75.6],[-35.19,75.26],[-38.63,74.98],[-37.81,74.69],[-38.74,74.41],[-37.82,74.39],[-40,73.77],[-41.99,73.98],[-41.4,74.17],[-43.58,73.99],[-42.8,74.48],[-42.65,75.11],[-43.24,75.21],[-42.65,75.74],[-41.27,75.85],[-41.51,75.31],[-40.11,75.22],[-38.91,75.6],[-39.7,75.67],[-39.54,75.98],[-36.81,75.86]]]}},{"type":"Feature","properties":{},"geometry":{"type":"Polygon","coordinates":[[[-31.68,74.69],[-30.23,73.82],[-38.79,73.55],[-34.63,74.83],[-31.68,74.69]]]}},{"type":"Feature","properties":{},"geometry":{"type":"Polygon","coordinates":[[[82.45,72.84],[83.49,72.82],[83.41,72.49],[82.01,72.51],[82.45,72.84]]]}},{"type":"Feature","properties":{},"geometry":{"type":"Polygon","coordinates":[[[-51.64,80.96],[-51.66,80.39],[-52.39,80.34],[-51.19,80.27],[-52.22,80.15],[-49.58,79.9],[-50.93,78.98],[-58.15,79.3],[-64.03,78.84],[-68.78,79.12],[-67.67,79.73],[-68.17,80.19],[-67.74,80.11],[-69.13,80.35],[-58.15,81.04],[-56.06,81.61],[-51.64,80.96]]]}},{"type":"Feature","properties":{},"geometry":{"type":"Polygon","coordinates":[[[6.2,62.27],[6.09,61.89],[5.46,62.07],[6.2,62.27]]]}},{"type":"Feature","properties":{},"geometry":{"type":"Polygon","coordinates":[[[111.66,78.17],[116.73,78.29],[114.33,77.87],[110.38,78.32],[111.66,78.17]]]}},{"type":"Feature","properties":{},"geometry":{"type":"Polygon","coordinates":[[[-26.34,74.42],[-28.51,73.66],[-29.49,74.14],[-28.55,74.58],[-26.34,74.42]]]}},{"type":"Feature","properties":{},"geometry":{"type":"Polygon","coordinates":[[[-28.7,76.16],[-29.82,76.38],[-28.39,76.2],[-28.7,76.16]]]}},{"type":"Feature","properties":{},"geometry":{"type":"Polygon","coordinates":[[[-34.88,79.67],[-37.88,79.76],[-34.24,79.68],[-34.88,79.67]]]}},{"type":"Feature","properties":{},"geometry":{"type":"Polygon","coordinates":[[[101.61,77.8],[104.34,77.56],[104.9,77.61],[103.75,78.08],[107.08,78.16],[109.7,77.85],[108.39,77.11],[104.27,76.47],[101.95,76.73],[100.76,77.36],[101.61,77.8]]]}},{"type":"Feature","properties":{},"geometry":{"type":"Polygon","coordinates":[[[67.34,72.46],[67.98,72.41],[66.97,72.37],[67.34,72.46]]]}},{"type":"Feature","properties":{},"geometry":{"type":"Polygon","coordinates":[[[-26.53,76.9],[-27.03,76.57],[-28.06,76.82],[-26.53,76.9]]]}},{"type":"Feature","properties":{},"geometry":{"type":"Polygon","coordinates":[[[-24.33,75.72],[-29.26,74.79],[-31.08,75.36],[-28.54,75.53],[-30.5,76.09],[-30.14,76.2],[-28.61,76.1],[-28.92,75.9],[-26.57,76.33],[-27.78,75.67],[-26.61,75.68],[-26.86,75.93],[-26.03,76.16],[-24.99,75.94],[-25.63,75.73],[-24.33,75.72]]]}},{"type":"Feature","properties":{},"geometry":{"type":"Polygon","coordinates":[[[-27.58,77.92],[-31.76,77.43],[-29.94,77.15],[-30.43,76.86],[-33.83,76.65],[-35.59,77.14],[-35.17,77.31],[-40.44,78.2],[-39.77,78.48],[-35.49,77.87],[-37.83,78.5],[-36.03,78.68],[-39.15,78.89],[-38.39,79.1],[-38.95,79.19],[-38.78,79.46],[-35.41,79.01],[-36.85,79.47],[-35.61,79.46],[-34.25,79.01],[-34.96,79.46],[-33.77,79.5],[-32.89,79.08],[-31.1,79.22],[-32.4,78.91],[-31.89,78.56],[-34.41,78.05],[-33.53,77.51],[-30.29,78.16],[-27.58,77.92]]]}},{"type":"Feature","properties":{},"geometry":{"type":"Polygon","coordinates":[[[47.53,70.67],[48.63,70.49],[48.51,69.99],[44.59,68.64],[43.9,68.23],[44.27,68.01],[43.66,68.01],[44.01,67.82],[43.44,67.93],[43.67,67.63],[42.98,67.72],[43.32,67.16],[42.52,67.18],[43.17,66.92],[42.2,66.95],[43.06,66.74],[42.15,66.8],[42.86,66.6],[42.65,66.33],[40.81,66.26],[41.92,66.67],[40.23,66.66],[41.97,67.06],[40.99,67.22],[41.64,67.52],[41.24,67.7],[42.03,67.75],[41.01,68.15],[42.27,68.43],[41.96,68.56],[43.75,69.54],[46.1,69.85],[47.53,70.67]]]}},{"type":"Feature","properties":{},"geometry":{"type":"Polygon","coordinates":[[[-21.85,75.29],[-21.61,74.84],[-23.27,74.58],[-21.45,74.27],[-22.15,74.21],[-21.76,73.64],[-23,73.99],[-22.88,73.7],[-23.56,73.8],[-22.94,73.62],[-23.25,73.34],[-24.15,73.1],[-23.34,73.21],[-23.7,72.98],[-22.81,72.87],[-23.18,72.57],[-19.89,72],[-19.53,71.23],[-20.99,71.1],[-20.74,70.82],[-23.04,71.04],[-23.42,71.32],[-22.85,71.67],[-24.22,71.57],[-26.49,72.47],[-25.58,72.67],[-27.18,72.8],[-27.25,73.13],[-26.62,73.18],[-27.7,73.22],[-23.22,74.45],[-24.65,74.86],[-23.44,75.08],[-23.81,75.15],[-23.54,75.42],[-21.85,75.29]]]}},{"type":"Feature","properties":{},"geometry":{"type":"Polygon","coordinates":[[[-25.99,79.77],[-32.71,79.63],[-33.27,79.69],[-30.37,79.95],[-36.05,80.13],[-36.88,80.26],[-34.96,80.46],[-37.42,80.76],[-34.15,80.9],[-27.85,80.33],[-27.19,80.06],[-27.51,79.86],[-25.99,79.77]]]}},{"type":"Feature","properties":{},"geometry":{"type":"Polygon","coordinates":[[[53.66,40.55],[52.61,40.31],[53.06,42.74],[50.93,47.08],[52.52,49.52],[52.76,50.78],[51.24,55.9],[51.13,57.7],[51.97,58.9],[53.36,59.77],[57.18,57.55],[60.97,53.51],[64.98,51.42],[67.86,47.15],[72.72,44.43],[79.85,41.36],[71.94,38.07],[63.95,32.94],[58.88,33.33],[54.15,35.55],[52.65,37.06],[54.22,38.77],[53.29,39.33],[53.66,40.55]]]}},{"type":"Feature","properties":{},"geometry":{"type":"Polygon","coordinates":[[[79,37.56],[80.2,37.49],[81.64,36.6],[80.46,34.68],[74.01,31.29],[72.65,29.5],[69.96,29.58],[65.48,31.93],[63.47,31.98],[68.01,35.42],[72.07,37.58],[79,37.56]]]}},{"type":"Feature","properties":{},"geometry":{"type":"Polygon","coordinates":[[[84.98,39.5],[81.44,38.54],[73.68,38.74],[79.85,41.36],[82.83,39.93],[84.98,39.5]]]}},{"type":"Feature","properties":{},"geometry":{"type":"Polygon","coordinates":[[[87.93,32.06],[93.66,31.03],[91.75,30.33],[86.04,30.42],[79.75,29.43],[71.94,26.6],[72.3,27.52],[77.84,31.7],[80.03,32.8],[87.93,32.06]]]}},{"type":"Feature","properties":{},"geometry":{"type":"Polygon","coordinates":[[[120.79,56.61],[121.9,56.91],[121.41,56.45],[122.18,56.55],[122.63,57.05],[122.73,56.58],[122.57,57.34],[123.75,57.52],[125.93,56.81],[125.31,56.52],[126.59,55.72],[126.02,54.69],[126.64,51.92],[123.3,46.62],[121.85,45.43],[120.4,45.24],[120.24,45.73],[119.72,45.65],[119.36,44.79],[115.05,45.2],[111.19,44.48],[102.05,42.6],[93.32,39.64],[89.83,39.79],[83.97,38.77],[81.84,39.16],[79.9,40.31],[85.15,40.8],[90.17,42.71],[93.06,44.83],[96.39,46.14],[98.5,48.19],[102.6,49.71],[104.46,52.8],[106.64,54.53],[113.07,54.97],[120.79,56.61]]]}},{"type":"Feature","properties":{},"geometry":{"type":"Polygon","coordinates":[[[79.18,71.32],[79.64,71.05],[79.18,70.92],[79.32,70.37],[79.47,70.88],[81.31,71.06],[80.83,71.17],[82.44,71.89],[81.23,72.06],[82.39,72.3],[84.02,72.34],[85.21,71.83],[85.53,72.01],[84.81,72.07],[86.53,72.55],[94.05,72.82],[93,73.5],[93.62,73.76],[99.53,73.75],[99.23,73.67],[100.14,73.44],[99.68,73.23],[100.98,72.99],[100.25,72.68],[102.75,72.09],[104.46,71.9],[104.77,72.19],[104.28,72.94],[104.66,72.76],[106.28,71.75],[107.23,69.69],[107.89,69.49],[121.18,68.9],[129.72,67.75],[133.65,66.2],[135.02,64.02],[126.1,62.46],[123.25,59.36],[120.8,57.46],[122.6,57.44],[122.83,56.64],[114.99,55.16],[108.5,54.85],[106.21,53.16],[104.17,50.1],[99.98,48.67],[97.76,46.65],[94.35,45.4],[89.98,42.69],[86.22,41.51],[80.91,41.1],[72.72,44.43],[67.86,47.15],[64.98,51.42],[61.79,53],[59.56,54.71],[56.08,58.4],[54.76,60.96],[57.59,60.61],[58.98,62.25],[58.23,63.25],[59.33,63.66],[60.58,63.29],[61.45,62.19],[63.49,62.23],[61.1,62.59],[60.92,62.94],[61.37,63.15],[60.57,63.72],[57.46,63.61],[56.91,64.18],[56.99,65.05],[55.48,65.71],[56.45,66.63],[55.83,67.2],[56.67,67.02],[57.13,65.92],[57.8,65.77],[59.9,65.71],[57.4,66.43],[59,66.61],[58.25,66.88],[58.84,67.14],[62.97,66.95],[62.59,66.41],[63.01,65.38],[65.58,65.08],[63.87,65.57],[64.37,65.81],[63.4,66.37],[63.37,66.91],[60.61,67.41],[59.43,68.42],[63.95,69.35],[62.54,69.7],[63.49,69.92],[62.12,70.14],[63.06,70.03],[62.8,70.41],[63.18,70.48],[62.43,70.5],[66.58,71.99],[65.68,72.05],[70.25,72.7],[69.13,72.96],[70.59,73.28],[69.84,73.8],[70.55,74.64],[72.75,74.58],[71.86,74.1],[74.54,74.32],[74.66,73.84],[78.1,74.63],[81.24,74.2],[81.57,73.86],[79.99,73.98],[82.12,73.57],[81.69,72.87],[80.34,72.24],[80.8,72.31],[80.3,71.55],[78.68,71.26],[79.18,71.32]]]}},{"type":"Feature","properties":{},"geometry":{"type":"Polygon","coordinates":[[[53.83,62.35],[53.92,62.99],[51.9,63.42],[51.72,64.58],[51.07,64.67],[51.88,65.7],[51.8,66.9],[54.49,66.94],[54.57,65.69],[55.71,65.18],[56.47,63.44],[57.68,62.92],[57.07,61.23],[56.08,60.97],[54.75,60.99],[53.83,62.35]]]}},{"type":"Feature","properties":{},"geometry":{"type":"Polygon","coordinates":[[[74.43,13.93],[79.13,13.88],[82.9,12.8],[84.62,11.1],[86.47,7.55],[81.62,10.32],[74.01,10.83],[71.03,11.73],[67.72,13.85],[64.77,16.97],[64.14,18.45],[69.32,15.13],[74.43,13.93]]]}},{"type":"Feature","properties":{},"geometry":{"type":"Polygon","coordinates":[[[74.01,-28.53],[74.25,-28.1],[73.49,-27.66],[73.92,-28.37],[72.66,-27.45],[73.56,-28.13],[73.58,-28.75],[71.66,-29.61],[71.62,-29.14],[71.08,-29.59],[71.04,-28.89],[69.58,-29.44],[69.52,-30.06],[68.61,-30.57],[63.13,-31.94],[62.93,-32.37],[60.41,-32.4],[59.25,-34.59],[57.82,-35.73],[57.12,-37.09],[56.32,-36.94],[55.57,-37.38],[55.84,-37.76],[54.82,-37.49],[53.24,-37.99],[52.67,-36.77],[53.8,-29.06],[55.16,-25.4],[55.92,-24.74],[56.01,-23.99],[56.58,-23.97],[56.04,-23.76],[56.52,-23.36],[56.2,-23.11],[55.41,-23.96],[53.94,-23.74],[53.27,-21.51],[54.47,-21.89],[55.02,-21.58],[53.79,-21.19],[53.44,-20.3],[54.01,-20.09],[53.45,-20.13],[53.64,-19.81],[52.95,-19.44],[53.44,-18.7],[52.81,-18.26],[53.19,-17.52],[52.44,-17.38],[54.76,-14.46],[56.31,-13.38],[62.37,-10.98],[64.07,-11.12],[64.77,-11.79],[64.81,-13.38],[66.48,-17.28],[69.7,-20.93],[71.73,-22.03],[79.49,-24.32],[80.55,-25.11],[74.01,-28.53]]]}},{"type":"Feature","properties":{},"geometry":{"type":"Polygon","coordinates":[[[66.01,23.02],[68.02,21.72],[69.48,21.37],[70.53,21.43],[71.38,22.3],[77.1,23.39],[83.03,21.74],[87.1,19.49],[87.99,17.1],[88.07,14.63],[85.79,17.72],[83.7,18.95],[80.54,19.41],[75.73,19.06],[70.39,19.78],[64.3,22.77],[63.21,22.79],[62.25,24.68],[64.11,24.44],[66.01,23.02]]]}},{"type":"Feature","properties":{},"geometry":{"type":"Polygon","coordinates":[[[91.65,23.14],[91.55,22.72],[89.86,24.73],[87.85,25.31],[79.5,25.62],[85.24,27.49],[89.75,27.82],[93.62,28.84],[92.54,26.88],[91.65,23.14]]]}},{"type":"Feature","properties":{},"geometry":{"type":"Polygon","coordinates":[[[80.2,37.49],[89.54,39.4],[93.01,39.2],[83.8,35.55],[80.46,34.68],[81.64,36.6],[80.2,37.49]]]}},{"type":"Feature","properties":{},"geometry":{"type":"Polygon","coordinates":[[[36.24,35.1],[34.71,35.98],[37.95,35.83],[41.41,34.86],[43.09,34.32],[44.45,33.16],[43.64,33.09],[43.26,31.19],[40.95,33.79],[36.24,35.1]]]}},{"type":"Feature","properties":{},"geometry":{"type":"Polygon","coordinates":[[[44.19,30.38],[45.99,29.66],[48.13,30.17],[46.22,29.53],[44.19,30.38]]]}},{"type":"Feature","properties":{},"geometry":{"type":"Polygon","coordinates":[[[48.14,30.09],[47.89,32.15],[47.11,32.38],[47.15,32.85],[47.57,32.76],[46.58,33.42],[51.63,31.2],[48.14,30.09]]]}},{"type":"Feature","properties":{},"geometry":{"type":"Polygon","coordinates":[[[54.75,60.99],[56.08,58.4],[53.36,59.77],[54.46,61.5],[54.75,60.99]]]}},{"type":"Feature","properties":{},"geometry":{"type":"Polygon","coordinates":[[[46.67,33.91],[46.17,34.87],[46.34,35.84],[44.96,36.17],[43.87,37.53],[45.04,37.54],[44.39,37.81],[44.85,38.38],[46.23,38.5],[45.75,39.96],[42.74,39.35],[42.43,38.48],[42.23,38.8],[41.47,38.44],[40.72,37.31],[41.72,36.72],[41.55,35.82],[43.09,34.32],[37.95,35.83],[43.37,40.25],[50.12,42.47],[50.92,44.04],[50.93,47.08],[53.06,42.74],[52.34,39.74],[51.32,39.41],[50.99,38.35],[51.31,37.32],[52.3,37.53],[54.15,35.55],[57.89,33.6],[64.49,33.01],[62.08,30.93],[53.48,30.24],[46.58,33.42],[46.67,33.91]]]}},{"type":"Feature","properties":{},"geometry":{"type":"Polygon","coordinates":[[[47.32,8.35],[46.72,8.59],[45.37,8.06],[44.44,8.38],[42.53,9.85],[41.69,12.24],[41.2,12.13],[40.87,12.7],[40.63,12.23],[39.78,12.4],[39.92,11.85],[39.47,11.75],[40.21,9.85],[41.25,8.73],[41.01,8.11],[41.53,6.75],[41.9,7.97],[42.41,7.84],[41.95,6.25],[42.47,5.85],[44.72,5.85],[46.9,7.75],[46.8,5.88],[48.66,4.73],[49.47,3.29],[48.15,1.65],[47.51,1.54],[47.39,0.31],[46.42,0.18],[45.87,-0.62],[44.98,-0.63],[44.51,-1.4],[41.99,-1.68],[41.65,-2.46],[38.07,-3.55],[35.06,-3.78],[34.35,-4.26],[32.91,-4.05],[32.44,-1.41],[32.81,0.05],[31.56,3.33],[30.35,4.95],[30.2,7.73],[29.4,8.48],[28.22,12.5],[27.66,12.66],[30.38,18.13],[31.05,20.78],[33.15,21.75],[36.26,21.86],[44.94,11.7],[45.89,9.91],[47.37,9.63],[47.32,8.35]]]}},{"type":"Feature","properties":{},"geometry":{"type":"Polygon","coordinates":[[[55.23,-2.54],[54.86,-5.81],[53.29,-6.82],[46.15,-6],[44.06,-6.37],[44.11,-3.27],[45.51,-1.49],[47.2,-1.96],[49.83,-0.41],[51.39,-0.25],[55.26,-1.45],[55.23,-2.54]]]}},{"type":"Feature","properties":{},"geometry":{"type":"Polygon","coordinates":[[[70.45,19.99],[59.99,24.4],[62.37,27.61],[68.03,22.22],[71.17,21.96],[70.45,19.99]]]}},{"type":"Feature","properties":{},"geometry":{"type":"Polygon","coordinates":[[[58.78,16.45],[58.42,16.85],[59.59,18.64],[61.65,20.3],[62.4,20.3],[69.47,14.35],[63.69,15.2],[61.02,15],[58.78,16.45]]]}},{"type":"Feature","properties":{},"geometry":{"type":"Polygon","coordinates":[[[43.34,27.33],[43.77,26.69],[47.12,26.15],[49,21.76],[52.72,19.93],[52.81,19.03],[51.26,18.81],[49.68,20.18],[37.27,26.7],[37.17,27.58],[38.04,28.94],[41.43,29.05],[43.34,27.33]]]}},{"type":"Feature","properties":{},"geometry":{"type":"Polygon","coordinates":[[[173.99,75.76],[167.31,75],[170.86,75.39],[172.81,74.98],[172.41,75.22],[176.81,73.71],[176.46,73.31],[173.11,73.26],[168.77,71.95],[166.11,70.22],[166.09,69.7],[162.82,70],[161.28,69.58],[160.86,68.89],[160.17,69.49],[158.97,68.92],[159.34,68.86],[159.07,68.6],[157.26,68.45],[157.75,67.62],[157.26,67.67],[157.6,67.51],[157.07,67.01],[157.17,66.41],[159.07,66.39],[158.73,65.93],[159.19,65.4],[160.39,64.95],[158.9,64.62],[158.98,63.91],[159.93,63.37],[157.83,62.42],[158.42,61.55],[156.69,61.01],[157.31,60.35],[156.07,58.75],[155.34,59.39],[155.41,61.81],[151.4,65.27],[153.23,66.24],[154.85,68.72],[156.59,69.37],[156.04,69.47],[156.34,69.85],[155.37,70.75],[157.82,72.11],[162.8,76.65],[173.04,76.6],[173.99,75.76]]]}},{"type":"Feature","properties":{},"geometry":{"type":"Polygon","coordinates":[[[154.42,70.27],[155.06,70.04],[153.86,69.85],[152.98,68.68],[152.27,68.49],[154.42,70.27]]]}},{"type":"Feature","properties":{},"geometry":{"type":"Polygon","coordinates":[[[138.11,76.25],[140.69,77.16],[145.13,77.57],[145.4,77.97],[150.8,77.56],[151.89,78.07],[147.94,78.82],[157.1,79.75],[163.08,79.84],[165.2,79.74],[172.74,76.65],[161.41,76.75],[148.94,75.84],[138.11,76.25]]]}},{"type":"Feature","properties":{},"geometry":{"type":"Polygon","coordinates":[[[138.21,76.26],[149.28,75.82],[162.8,76.65],[157.82,72.11],[153.93,70.8],[154.42,70.27],[152.27,68.59],[151.15,68.95],[151.39,69.33],[150.97,69.69],[150.51,69.32],[149.33,69.95],[141.11,71.51],[137.46,72.83],[136.52,74.22],[137.15,75.82],[138.21,76.26]]]}},{"type":"Feature","properties":{},"geometry":{"type":"Polygon","coordinates":[[[104.28,72.94],[104.65,73.33],[106.66,72.95],[107.87,73.41],[110.62,73.33],[110.21,73.68],[112.28,73.88],[110.85,74.18],[111.4,74.5],[110.09,74.44],[111.74,75.02],[110.76,75.22],[121.02,75.77],[122.47,75.57],[121.61,75.26],[126.98,74.94],[132.26,75.79],[135.59,75.73],[136.91,75.38],[136.91,74.97],[138.55,74.88],[135.38,72.91],[134.98,71.5],[137.25,69.94],[143.61,67.81],[144.32,67.11],[143.38,67.28],[140.88,66.62],[141.04,66.31],[139,64.74],[139.07,64.27],[140.46,64.17],[136.31,63.38],[135.91,63.61],[137.19,63.88],[135.05,63.91],[133.65,66.2],[130.51,67.52],[121.18,68.9],[107.89,69.49],[107.23,69.69],[106.28,71.75],[104.28,72.94]]]}},{"type":"Feature","properties":{},"geometry":{"type":"Polygon","coordinates":[[[118.71,44.14],[117.67,43.09],[117.76,42.12],[115.86,40.42],[117.06,39.86],[118.66,37.98],[115.81,37.08],[115.33,37.77],[116.18,38.01],[115.59,38.78],[114.46,38.82],[114.31,38.42],[113.52,38.77],[114.28,39.46],[113.8,39.56],[113.95,40.29],[112.77,40.55],[109.91,38.83],[110.52,39.61],[109.85,39.49],[109.97,39.93],[110.59,40.71],[109.99,41.12],[109.21,40.87],[107.68,38.97],[106.54,38.77],[106.57,38.02],[107.77,37.98],[108.28,37.04],[109.72,37.9],[111.77,37.75],[111.69,37.24],[109.49,36.2],[108.85,34.81],[110.01,34.38],[107.66,31.1],[102.96,32.03],[96.25,31.79],[83.8,35.55],[101.74,42.06],[114.65,44.52],[118.71,44.14]]]}},{"type":"Feature","properties":{},"geometry":{"type":"Polygon","coordinates":[[[115.33,41],[116.05,39.67],[114.7,38.81],[114.95,38.55],[114.66,38.73],[114.79,38.26],[114.49,38.51],[114.13,37.8],[113.37,38.41],[113.45,39.37],[113.03,39.39],[115.33,41]]]}},{"type":"Feature","properties":{},"geometry":{"type":"Polygon","coordinates":[[[108.45,35.31],[109.99,34.05],[111.45,33.66],[109.87,33.23],[111.91,33],[110.8,31.75],[112.71,32.16],[112.29,31.5],[112.74,31.85],[112.91,31.57],[112.45,31.35],[113.11,30.61],[112.35,29.92],[112.6,28.46],[112.03,28.38],[112.59,28.16],[112.83,27.13],[112.39,27.22],[112.32,26.01],[111.74,25.82],[112,25.55],[110.95,24.14],[111.14,23.68],[109.88,22.68],[109.65,22.9],[109.49,22.19],[108.32,22.6],[108.86,21.84],[108.51,21.55],[108.17,21.88],[108.43,21.27],[107.86,21.26],[107.99,20.91],[106.31,19.85],[106.81,18.76],[105.95,19.12],[105.95,19.75],[105.49,19.84],[105.28,19.36],[104.43,19.57],[103.85,18.29],[103.2,18.04],[103.51,17.77],[103.18,16.84],[95.62,19.51],[94.83,20.32],[93.92,22.64],[94.36,25.22],[95.97,28.77],[97.76,29.81],[101.69,30.99],[107.43,31.57],[108.45,35.31]]]}},{"type":"Feature","properties":{},"geometry":{"type":"Polygon","coordinates":[[[100.26,16.35],[100.54,15.33],[101.1,15.03],[105.6,14.54],[107.72,12.88],[108.23,11.62],[107.06,9.5],[107.47,8.68],[106.84,6.86],[105.94,8.12],[104.63,7.57],[104.16,8.05],[104.02,7.55],[102.75,8.27],[101.15,7.52],[100.71,8.24],[100.06,7.95],[98.09,10.64],[97.11,13.73],[92.84,16.73],[100.26,16.35]]]}},{"type":"Feature","properties":{},"geometry":{"type":"Polygon","coordinates":[[[99.13,7.36],[100.87,4.47],[101.76,3.83],[102.11,4.33],[104.5,3.57],[105.8,4.1],[109.17,1.68],[106.84,1.55],[103.45,2.92],[102.15,2.85],[101.98,2.44],[98.69,5.7],[96.52,6.31],[95.14,7.22],[95.47,7.28],[93.92,7.08],[90.3,9.2],[88.27,10.93],[86.73,13.39],[89.55,14.65],[93.79,13.17],[94.91,12.48],[96.51,9.65],[99.13,7.36]]]}},{"type":"Feature","properties":{},"geometry":{"type":"Polygon","coordinates":[[[104.86,4.15],[106.95,4.34],[108.44,3.2],[110.18,2.91],[109.78,2.24],[108.31,1.83],[104.86,4.15]]]}},{"type":"Feature","properties":{},"geometry":{"type":"Polygon","coordinates":[[[31.68,1.35],[34.91,-1.65],[34.96,-2.14],[34.12,-2.6],[34.74,-2.51],[35.85,-3.7],[40.89,-2.75],[42.22,-2.07],[42.7,-2.21],[42.48,-3.63],[42.87,-3.6],[42.37,-3.74],[42.32,-4.64],[39.53,-9.67],[33.45,-14.84],[32.84,-15.95],[31.54,-16.81],[30.45,-18.73],[30.01,-20.47],[30.77,-21.09],[30.43,-22.38],[30.86,-24.05],[31.85,-24.78],[31.53,-25.42],[31.79,-29.34],[30.84,-30.52],[28.02,-31.63],[25.12,-33.75],[25.41,-29.19],[24.39,-22.94],[26.35,-21.32],[26.29,-19.05],[27.63,-13.63],[27.47,-10.22],[28.1,-8.47],[29.37,-8.43],[29.65,-6.8],[32.85,-3.27],[31.68,1.35]]]}},{"type":"Feature","properties":{},"geometry":{"type":"Polygon","coordinates":[[[24.99,-33.62],[24.78,-34.42],[25.66,-36.14],[25.37,-38.07],[21.59,-39.63],[21.79,-40.07],[22.17,-39.79],[21.14,-42.15],[17.79,-44.64],[14.36,-46.3],[11.98,-46.78],[8.37,-46.27],[5.12,-46.69],[3.92,-45.75],[3.48,-45.96],[3.19,-44.35],[3.81,-44.18],[3.93,-43.28],[2.79,-39.96],[1.79,-38.52],[2.03,-33.49],[0.14,-28.55],[0.58,-26.61],[1.91,-24.37],[3.54,-23.01],[3.73,-21.89],[3.22,-20.18],[3.76,-19.55],[3.01,-17.16],[3.77,-17.06],[3.03,-16.85],[2.82,-15.56],[1,-13.03],[0.4,-11.15],[0.99,-11.05],[1.23,-10.26],[1.78,-10.53],[1.22,-10.09],[2.34,-7.69],[2.27,-6.65],[1.75,-6.71],[0.99,-5.65],[-0.16,-5.91],[-1.63,-5.42],[1.35,-3.91],[1.8,-2.74],[4.25,-1.7],[11.18,-3.74],[13.86,-2.94],[19.1,-2.3],[24.59,-9.68],[21.43,-14.01],[20.87,-17.26],[21.28,-19.22],[24.97,-22.95],[25.7,-29.23],[24.99,-33.62]]]}},{"type":"Feature","properties":{},"geometry":{"type":"Polygon","coordinates":[[[-10.44,22.84],[-10.38,23.87],[-9.55,24.87],[-6.95,25.81],[-5.64,27.34],[-5.07,27.31],[-4.51,26.42],[-3.14,26.42],[-2.34,25.86],[0.94,26.69],[3.27,26.6],[4.47,26.08],[5.54,26.34],[6.78,25.85],[8.55,26.03],[-1.2,23.4],[-6.84,23.68],[-10.44,22.84]]]}},{"type":"Feature","properties":{},"geometry":{"type":"Polygon","coordinates":[[[2.78,34.07],[2.77,33.28],[0.26,32.41],[-0.78,31.28],[-0.42,30.49],[-2.89,28.8],[-4.94,29.07],[-6.17,28.53],[-6.79,29.34],[-6.41,29.63],[-6.73,29.42],[-7.05,29.96],[-9.05,29.98],[-8.44,31.29],[-8.96,31.64],[-8.38,32],[-9.15,31.78],[-7.93,33.58],[-7.59,35.18],[-8.04,35.78],[-7.7,36.13],[-6.43,36.46],[-2.39,35.39],[-1.02,35.48],[2.78,34.07]]]}},{"type":"Feature","properties":{},"geometry":{"type":"Polygon","coordinates":[[[-1.63,-5.42],[-2.12,-3.92],[-3,-3.28],[-5.47,-3.04],[-9.21,-3.74],[-10.95,-2.85],[-14.67,-2.93],[-15.24,-2.57],[-18.74,1.13],[-19.27,3.88],[-20.69,5.66],[-20.08,6.17],[-21.02,6.16],[-21.06,6.74],[-21.64,7.01],[-21.24,7.06],[-21.59,7.16],[-21.34,8.01],[-20.24,7.76],[-21.16,7.86],[-21.79,9.45],[-20.6,10.2],[-19.64,12.01],[-19.69,13.71],[-19.16,14.43],[-19.5,15.61],[-19.85,15.25],[-19.45,16.18],[-14.14,21.18],[-12.73,21.23],[-10.44,22.84],[-7.69,23.56],[-1.2,23.4],[8.59,25.95],[8.85,25.36],[9.52,25.62],[8.83,24.78],[9.24,23.77],[8.1,22.99],[7.24,21.22],[5.78,14.37],[5.37,10.06],[5.62,6.53],[7.91,1.86],[4.8,-0.16],[4.25,-1.7],[1.8,-2.74],[1.35,-3.91],[-1.63,-5.42]]]}},{"type":"Feature","properties":{},"geometry":{"type":"Polygon","coordinates":[[[27.38,15.98],[27.39,15.06],[29.75,9.78],[29.66,8.82],[31.06,6.83],[30.88,5.25],[19.1,-2.3],[13.86,-2.94],[11.18,-3.74],[4.25,-1.7],[4.8,-0.16],[7.91,1.86],[5.62,6.53],[5.37,10.06],[6.86,19.84],[8.08,22.55],[9.78,21.24],[12.27,20.38],[12.58,19.33],[15.26,17.79],[16.34,18.21],[16.58,19.53],[18.36,20.04],[19.45,19.12],[20.89,18.75],[21.02,18.29],[24.37,17.2],[25.62,17.77],[26.73,17.6],[27.38,15.98]]]}},{"type":"Feature","properties":{},"geometry":{"type":"Polygon","coordinates":[[[31.81,23.52],[30.55,23.95],[28.77,23.64],[27.18,24.97],[26.93,24.52],[26.14,24.51],[25.38,25.55],[24.41,25.61],[25.33,25.74],[24.41,25.93],[24.81,26.13],[24.44,26.66],[24.77,26.88],[24.16,27.37],[27.36,28.09],[28.32,27.91],[29.35,26.86],[30.81,27.11],[34.65,26.45],[37.2,24.26],[34.03,24.35],[31.81,23.52]]]}},{"type":"Feature","properties":{},"geometry":{"type":"Polygon","coordinates":[[[24.93,-22.59],[24.55,-23.06],[20.7,-19.47],[20.21,-17.53],[20.63,-14.26],[23.63,-9.82],[28.26,-8.6],[27.63,-10.35],[27.79,-13.76],[26.45,-19.18],[26.51,-21.44],[24.93,-22.59]]]}},{"type":"Feature","properties":{},"geometry":{"type":"Polygon","coordinates":[[[28.98,15.05],[28.08,13.66],[26.38,17.63],[27.66,17.02],[29.04,17.5],[30.7,20.14],[31.11,22.1],[30.96,20.21],[28.98,15.05]]]}},{"type":"Feature","properties":{},"geometry":{"type":"Polygon","coordinates":[[[30.88,5.25],[31.07,4.49],[32.05,3.72],[32.95,0.72],[33.2,1.05],[34.21,-3.6],[30.88,-7.01],[30.54,-8.63],[27.84,-8.79],[24.59,-9.68],[19.79,-3.18],[19.48,-2.07],[30.88,5.25]]]}},{"type":"Feature","properties":{},"geometry":{"type":"Polygon","coordinates":[[[25.33,32.93],[25.21,33.33],[27.08,33.25],[28.94,34.23],[30.44,34.35],[31.73,33.54],[35.2,33.36],[36.52,34.27],[36.24,35.1],[39.92,34.25],[41.58,33.13],[38.05,33.44],[34.75,32.46],[30.62,33.38],[25.33,32.93]]]}},{"type":"Feature","properties":{},"geometry":{"type":"Polygon","coordinates":[[[30.62,37.27],[29.39,36.61],[28.86,36.79],[30.62,37.27]]]}},{"type":"Feature","properties":{},"geometry":{"type":"Polygon","coordinates":[[[34.43,36.09],[31.69,37.48],[33.01,38.35],[32.57,39.03],[33.35,39.03],[33.86,39.67],[30.21,38.33],[30.35,38.75],[30.22,38.01],[30.73,37.54],[31.72,37.67],[31.49,37.35],[29.01,36.86],[28.71,37.69],[28.03,37.57],[29.14,38.14],[27.35,38.46],[27.12,38.73],[27.92,38.66],[27.53,39.03],[25.5,37.95],[25.51,36.98],[24.92,36.85],[22.68,38.42],[20.89,40.93],[15.54,44.71],[12.61,46.11],[15.61,46.88],[16.12,46.38],[16.93,46.66],[16.5,46.26],[17.37,46.71],[16.98,46.96],[17.93,47.76],[17.47,46.99],[18.04,46.96],[17.86,48.59],[18.44,49.6],[19.19,49.8],[20.05,49.01],[20.69,49.3],[20.8,50.38],[20.11,50.39],[19.92,51.27],[25.32,51.98],[24.04,52.44],[24.09,52.87],[19.42,51.85],[19.5,52.37],[18.21,52.64],[18.44,53.58],[17.95,54.83],[20.61,56.86],[21.22,56.88],[20.98,57.67],[18.42,57.79],[18.77,57.58],[17.86,56.88],[18.33,56.47],[17.6,55.83],[15.58,54.81],[15.17,55.22],[15.47,54.7],[14.94,54.52],[14.75,52.73],[16.31,51.79],[15.38,51.48],[15.79,51.21],[15.32,50.89],[15.14,51.22],[15,50.82],[13.92,50.7],[14.53,50.53],[14.01,50.55],[14.45,50.22],[14.03,48.73],[13.56,48.13],[12.29,48.03],[12.14,47.46],[10.99,47.48],[10.72,48.4],[11.14,48.67],[10.18,49.83],[10.39,50.46],[9.83,50.48],[9.53,52.04],[9.07,51.89],[9.07,51.18],[8.46,51.29],[7.34,50.31],[6.35,50.2],[5.26,50.8],[5.22,51.3],[5.78,51.09],[6.1,51.29],[5.48,51.33],[6.11,51.79],[4.97,51.77],[6.6,52.71],[5.46,52.24],[5.5,52.65],[5.02,52.64],[5.56,52.98],[5.13,52.81],[4.88,53.09],[5.41,53.13],[4.99,53.34],[6.65,53.08],[7.15,53.43],[5.14,53.38],[5.49,53.63],[5.04,53.6],[5.38,53.75],[5.03,54.02],[6.51,54.09],[5.15,54.46],[6.11,54.3],[5.83,54.47],[6.47,54.68],[6.83,54.32],[6.13,54.82],[7.64,54.88],[6.72,54.94],[6.99,55.23],[7.95,54.85],[7.46,55.22],[8.08,54.99],[7.7,55.32],[8.97,55.8],[9.04,55.47],[9.8,55.55],[10.31,56.23],[9.27,55.64],[8.83,55.87],[11.62,57.41],[10.86,57.33],[11.85,57.91],[11.48,58.18],[12.62,58.4],[11.73,58.27],[12.31,58.69],[11.9,58.81],[12.51,58.88],[12.14,59.04],[13.66,59.16],[12.78,59.34],[14,59.64],[13.17,59.91],[14.08,60.32],[14.48,59.87],[14.24,60.38],[15.55,60.46],[14.46,60.56],[15.38,60.72],[15.05,60.8],[15.48,60.79],[15.24,61.04],[15.76,61.51],[16.78,61.25],[16.47,61.78],[16.91,61.84],[16.86,61.46],[17.37,61.99],[17.05,61.3],[18.02,62.05],[18.68,61.78],[18.21,62.35],[19.64,62.02],[19.43,62.26],[20.51,62.68],[20.17,62.88],[20.45,63.04],[21.38,62.92],[20.75,62.1],[21.83,63.01],[21.85,62.41],[22.65,62.87],[22.3,63.1],[23,63.18],[22.82,62.51],[23.56,62.97],[25.14,62.48],[23.35,62.26],[24.18,62.08],[24.07,61.76],[25.94,62.08],[26.73,61.89],[25.99,61.89],[26.1,61.56],[27.05,61.57],[26.76,61.22],[28.8,61.42],[32.92,60.1],[33.26,59.23],[31.44,58.38],[26.08,59.27],[27.58,58.59],[27.06,58.42],[28.5,58.1],[28.14,57.57],[28.62,56.73],[30.8,56.08],[31.2,56.64],[29.97,56.98],[30.13,57.41],[31.39,57.16],[31.15,56.89],[33.13,56.92],[32.37,57.7],[33.05,58.38],[34.13,58.97],[35.73,58.42],[35.79,59.45],[35.14,59.77],[35.41,60.56],[34.43,61.15],[37.03,60.75],[37.22,60.45],[35.93,59.87],[36.91,59.42],[38.16,59.57],[38.17,60.28],[39.08,60.37],[38.65,60.64],[41.44,61.25],[41.25,61.5],[42.33,61.96],[42.86,62.01],[42.16,61.88],[42.58,61.41],[42.03,61.1],[42.74,61],[46.12,62.29],[47.03,61.74],[47.02,62.09],[47.97,62.26],[46.86,62.93],[47.23,63.28],[50.07,63.16],[54.09,62.2],[54.46,61.5],[54.19,60.91],[51.13,57.7],[51.24,55.9],[52.76,50.78],[52.52,49.52],[51.08,47.69],[50.49,42.88],[49.05,41.82],[43.37,40.25],[37.95,35.83],[34.43,36.09]]]}},{"type":"Feature","properties":{},"geometry":{"type":"Polygon","coordinates":[[[7.48,47.31],[7.02,47.76],[7.23,48.95],[9.31,49.88],[8.86,48.85],[9.49,48.56],[8.26,47.87],[8.39,47.09],[7.48,47.31]]]}},{"type":"Feature","properties":{},"geometry":{"type":"Polygon","coordinates":[[[23.15,30.65],[23.26,31.63],[22.46,31.54],[22.56,32.06],[25.93,32.87],[25.33,32.93],[30.62,33.38],[33.48,32.63],[29.39,32.1],[28.06,31.43],[26.62,32.1],[25.61,31.98],[23.15,30.65]]]}},{"type":"Feature","properties":{},"geometry":{"type":"Polygon","coordinates":[[[20.01,27.51],[20.34,26.1],[20.01,26.32],[19.57,25.87],[20.72,25.14],[20.74,24.63],[19.84,24.89],[20.2,24.36],[19.53,24.57],[19.7,23.88],[19.07,23.67],[18.95,24.1],[18.53,23.95],[18.22,25.13],[18.91,25.44],[20.06,25.1],[18.27,25.53],[18.04,26.09],[18.4,26.22],[17.11,27.82],[17.63,29.15],[14.93,31.28],[14.36,33.02],[14,33.32],[13.51,32.81],[13.46,33.87],[12.51,33.79],[12.12,32.5],[12.99,31.66],[13.07,30.8],[13.87,29.86],[14.74,29.69],[14.48,29.28],[16.37,27.61],[16.09,27.38],[15.07,28.14],[14.59,27.55],[15.01,26.66],[13.61,25.82],[14.18,26.68],[13.94,27.92],[10.6,30.89],[10.2,32.57],[9.15,33.25],[8.03,32.8],[7.57,33.34],[7.66,35],[11.46,36.12],[16.64,35.83],[15.51,33.91],[18.24,30.69],[20.01,27.51]]]}},{"type":"Feature","properties":{},"geometry":{"type":"Polygon","coordinates":[[[5.96,36.01],[4.6,35.29],[2.77,35.9],[1.8,35.06],[-2.19,36.15],[-1.72,38.06],[-1.25,37.55],[-1.8,38.24],[-1.64,38.84],[-2.92,40.25],[-4.37,40.49],[-4.67,40.76],[-4.16,40.99],[-4.65,41.25],[-1.65,41.19],[-2.05,42.31],[-0.6,41.76],[0.26,42.3],[2.51,41.24],[4.8,41.02],[9.1,43.42],[12.15,44.06],[16.8,43.68],[19.32,41.77],[16.44,41.35],[14.13,40.29],[9.25,39.9],[6.8,39.22],[5.06,38.11],[5.36,36.47],[5.96,36.01]]]}},{"type":"Feature","properties":{},"geometry":{"type":"Polygon","coordinates":[[[0.26,42.3],[1.13,42.6],[1.12,43.29],[3.45,43.67],[2.77,43.88],[3.82,44.02],[3.3,44.29],[4,45.26],[4.46,44.99],[3.99,44.7],[4.29,44.62],[4.76,44.88],[4.77,45.58],[6.13,45.46],[6.06,45.82],[6.72,45.92],[7.23,45.55],[7.41,46.08],[8.38,45.69],[7.36,46.49],[7.77,46.65],[7.14,46.94],[7.48,47.31],[8.39,47.09],[8.1,47],[8.67,46.47],[9.53,46.52],[9.2,46.03],[10.71,46.59],[12.41,45.65],[12.61,46.11],[13.42,45.8],[16.8,43.68],[10.77,43.89],[8.18,42.98],[4.8,41.02],[2.51,41.24],[0.26,42.3]]]}},{"type":"Feature","properties":{},"geometry":{"type":"Polygon","coordinates":[[[24.85,36.64],[24.64,35.66],[24.03,35.22],[19.88,35.24],[19.19,36.19],[19.4,36.88],[22.1,37.6],[22.68,38.42],[24.85,36.64]]]}},{"type":"Feature","properties":{},"geometry":{"type":"Polygon","coordinates":[[[-23.15,77.39],[-24.92,77.18],[-22.44,77.58],[-23.15,77.39]]]}},{"type":"Feature","properties":{},"geometry":{"type":"Polygon","coordinates":[[[-19.15,75.54],[-18.58,75.2],[-19.75,75.04],[-20.49,75.5],[-19.15,75.54]]]}},{"type":"Feature","properties":{},"geometry":{"type":"Polygon","coordinates":[[[-21.76,78.54],[-26.15,78.79],[-23.35,79.16],[-21.76,78.54]]]}},{"type":"Feature","properties":{},"geometry":{"type":"Polygon","coordinates":[[[19.02,70.27],[19.85,69.71],[18.88,69.28],[18.77,69.65],[17.73,69.48],[18.16,69.94],[17.73,70.15],[19.02,70.27]]]}},{"type":"Feature","properties":{},"geometry":{"type":"Polygon","coordinates":[[[18.07,70.62],[18.55,70.4],[17.33,70.52],[18.07,70.62]]]}},{"type":"Feature","properties":{},"geometry":{"type":"Polygon","coordinates":[[[-18.59,78.73],[-20.67,78.46],[-21.02,78.64],[-20.58,78.82],[-21.52,79.2],[-18.59,78.73]]]}},{"type":"Feature","properties":{},"geometry":{"type":"Polygon","coordinates":[[[-16.12,76.15],[-17.98,75.55],[-19.65,75.88],[-17.29,76.38],[-15.98,76.43],[-16.12,76.15]]]}},{"type":"Feature","properties":{},"geometry":{"type":"Polygon","coordinates":[[[-14.7,77.6],[-16.73,77.25],[-15.6,77.17],[-17.23,76.6],[-20.62,76.43],[-18.91,77.16],[-19.82,77.46],[-17.48,77.36],[-16.52,77.57],[-17.54,77.69],[-16.03,77.88],[-14.7,77.6]]]}},{"type":"Feature","properties":{},"geometry":{"type":"Polygon","coordinates":[[[65.99,75.87],[67.26,75.35],[67.35,75.82],[69.04,75.65],[69.83,75.2],[67.15,74.33],[65.94,75.39],[66.42,75.41],[65.69,75.59],[66.33,75.67],[65.99,75.87]]]}},{"type":"Feature","properties":{},"geometry":{"type":"Polygon","coordinates":[[[15.18,72.11],[16.14,71.77],[15.89,71.41],[16.28,71.66],[18.14,70.79],[16.6,70.51],[15.9,69.55],[14.77,71.74],[15.18,72.11]]]}},{"type":"Feature","properties":{},"geometry":{"type":"Polygon","coordinates":[[[15.9,69.55],[14.83,68.62],[14.37,68.93],[15,69.06],[13.46,69.6],[14.87,69.48],[13.98,69.71],[15.4,69.97],[13.51,69.79],[13.33,70.12],[15.39,70.41],[15.9,69.55]]]}},{"type":"Feature","properties":{},"geometry":{"type":"Polygon","coordinates":[[[15.17,70.77],[12.99,70.28],[12.67,70.58],[13.18,70.62],[12.14,71.06],[12.82,71],[12.36,71.17],[12.68,71.38],[12.09,71.22],[11.88,71.64],[13.74,71.94],[12.89,71.66],[13.79,71.33],[14.22,71.85],[15.17,70.77]]]}},{"type":"Feature","properties":{},"geometry":{"type":"Polygon","coordinates":[[[58.11,75.42],[59.59,75.32],[57.56,75.33],[58.11,75.42]]]}},{"type":"Feature","properties":{},"geometry":{"type":"Polygon","coordinates":[[[61.04,75.98],[62.26,75.5],[62.03,76],[63.62,75.95],[65.39,75.24],[62.11,74.81],[59.71,75.09],[60.37,75.42],[59.82,75.72],[61.04,75.98]]]}},{"type":"Feature","properties":{},"geometry":{"type":"Polygon","coordinates":[[[37.8,73.25],[38.11,72.98],[37.26,73.15],[37.8,73.25]]]}},{"type":"Feature","properties":{},"geometry":{"type":"Polygon","coordinates":[[[35.76,73.11],[36.21,73],[35.23,72.94],[35.76,73.11]]]}},{"type":"Feature","properties":{},"geometry":{"type":"Polygon","coordinates":[[[38.28,73.42],[39.13,73.34],[37.71,73.34],[38.28,73.42]]]}},{"type":"Feature","properties":{},"geometry":{"type":"Polygon","coordinates":[[[18.89,72.47],[19.03,72.15],[21.32,72.12],[19.35,71.26],[17.29,71.5],[18.22,71.81],[16.56,71.75],[16.17,71.94],[16.66,72.09],[15.97,72.17],[17.03,72.18],[16.71,72.38],[17.07,72.54],[18.5,72.01],[18.89,72.47]]]}},{"type":"Feature","properties":{},"geometry":{"type":"Polygon","coordinates":[[[32.25,73.34],[33,73.2],[30.9,73.01],[32.25,73.34]]]}},{"type":"Feature","properties":{},"geometry":{"type":"Polygon","coordinates":[[[40.12,73.96],[40.11,73.47],[38.79,73.79],[40.12,73.96]]]}},{"type":"Feature","properties":{},"geometry":{"type":"Polygon","coordinates":[[[33.92,73.54],[34.6,73.37],[33.18,72.62],[32.12,72.78],[33.92,73.54]]]}},{"type":"Feature","properties":{},"geometry":{"type":"Polygon","coordinates":[[[39.23,74.18],[39.54,74.18],[38.78,73.99],[39.23,74.18]]]}},{"type":"Feature","properties":{},"geometry":{"type":"Polygon","coordinates":[[[41.14,74.43],[41.77,74.22],[40.38,73.94],[41.14,74.43]]]}},{"type":"Feature","properties":{},"geometry":{"type":"Polygon","coordinates":[[[55.15,76.3],[55.7,76.27],[54.73,76.21],[55.15,76.3]]]}},{"type":"Feature","properties":{},"geometry":{"type":"Polygon","coordinates":[[[57.78,76.73],[60.9,76.05],[57.44,75.53],[58.03,75.71],[56.9,76.25],[57.78,76.73]]]}},{"type":"Feature","properties":{},"geometry":{"type":"Polygon","coordinates":[[[-4.63,76.26],[-8.7,75.21],[-7.43,75.12],[-10.52,74.77],[-9.76,74.51],[-10.69,74.23],[-13.64,74.44],[-12.59,74.68],[-15.69,74.45],[-14.46,74.85],[-15.85,74.56],[-15.53,74.78],[-16.57,75.07],[-15.22,75.12],[-15.57,75.44],[-14.32,75.77],[-12.51,75.22],[-12.89,75.57],[-12.04,75.59],[-13.37,76.03],[-11.54,75.99],[-12.07,76.25],[-11.26,76.44],[-10.19,76.52],[-10.36,76.09],[-9.58,76.09],[-10.07,76.28],[-9.4,76.55],[-8.25,76.49],[-8.16,76.13],[-7.21,76.47],[-4.63,76.26]]]}},{"type":"Feature","properties":{},"geometry":{"type":"Polygon","coordinates":[[[36.51,74.25],[37.33,74.2],[36.04,74.06],[36.51,74.25]]]}},{"type":"Feature","properties":{},"geometry":{"type":"Polygon","coordinates":[[[36.87,74.44],[37.51,74.35],[36.54,74.31],[36.87,74.44]]]}},{"type":"Feature","properties":{},"geometry":{"type":"Polygon","coordinates":[[[-0.5,71.1],[-0.91,71.28],[-0.45,71.42],[-0.5,71.1]]]}},{"type":"Feature","properties":{},"geometry":{"type":"Polygon","coordinates":[[[2.37,71.05],[1.58,70.5],[1.82,71.17],[2.37,71.05]]]}},{"type":"Feature","properties":{},"geometry":{"type":"Polygon","coordinates":[[[5.35,73.76],[4.98,73.57],[5.47,73.29],[4.05,73.4],[5.72,73.11],[4.59,72.36],[2.36,72.45],[1.12,73.06],[0.7,72.86],[1.2,72.62],[-0.93,72.83],[1.86,72.37],[-3.49,72.38],[-4.13,72.72],[-4.54,72.63],[-3.89,72.37],[-5.17,72.32],[-5.74,72.48],[-5.61,72.82],[-6.22,72.47],[-8.37,73.15],[-7.58,72.5],[-8.72,73.03],[-8.46,72.7],[-9.56,72.92],[-8.79,72.34],[-11.54,72.04],[-12.58,72.45],[-14.08,72.14],[-15.05,72.39],[-15.04,72.82],[-15.87,72.8],[-14.88,72.22],[-15.72,71.89],[-14.93,71.89],[-16.5,71.61],[-18.53,71.92],[-17.66,72.03],[-17.99,72.34],[-17.59,72.54],[-18.66,72.4],[-18.11,72.66],[-19.87,72.76],[-20.56,73.25],[-20.27,73.41],[-21.08,73.49],[-20.12,73.74],[-21.26,73.62],[-20.16,73.97],[-17.98,73.57],[-16.44,74.2],[-15.85,73.86],[-16.93,73.54],[-16.78,73.22],[-13.64,73.23],[-16.23,73.4],[-13.67,73.81],[-15.31,74.2],[-14.39,74.32],[-11.91,74.12],[-12.16,73.48],[-10.51,73.57],[-11.45,74.1],[-7.56,74.9],[-7.09,74.49],[-8.51,73.68],[-7.92,73.58],[-8.28,73.87],[-6.7,74.4],[-4.62,73.72],[-4.94,74.02],[-3.3,73.62],[-3.81,73.99],[-1.46,73.9],[-5.04,74.19],[-5.93,74.45],[-4.66,74.37],[-5.5,74.55],[-4.92,74.59],[-6.65,74.91],[-3.54,74.58],[-6.61,75.17],[-5.87,75.55],[-3.59,74.96],[-5.55,75.62],[-3.29,75.38],[-4.26,75.8],[-2.91,75.86],[-3.8,75.99],[-3.39,76.09],[-1.03,75.65],[-1.71,75.42],[-1.07,75.48],[-1.4,75.11],[0.8,75.35],[-0.53,74.97],[0.39,74.98],[-0.7,74.38],[0.79,75.02],[2.51,74.99],[2.13,74.74],[3.45,74.58],[1.98,74.23],[3.7,74.56],[4.33,74.23],[3.51,73.89],[5.35,73.76]]]}},{"type":"Feature","properties":{},"geometry":{"type":"Polygon","coordinates":[[[-22.11,56.05],[-21.1,56.44],[-21.93,56.4],[-21.4,56.84],[-21.79,56.95],[-20.12,56.96],[-21.71,56.99],[-21.54,57.4],[-21.94,57.43],[-20.67,57.49],[-21.91,57.74],[-19.13,57.95],[-21.98,57.84],[-20.42,58.27],[-21.4,58.79],[-18.89,58.27],[-21.24,58.89],[-20.05,59.18],[-18.43,58.53],[-19.11,58.92],[-18.21,58.86],[-18.98,58.93],[-18.69,59.11],[-20.89,59.13],[-20.01,59.52],[-19.38,59.27],[-20.04,59.67],[-18.14,58.93],[-18.79,59.38],[-18.12,59.55],[-19.97,59.81],[-18.2,59.66],[-17.76,60.17],[-17.32,59.88],[-17.14,60.25],[-17.73,60.24],[-16.42,60.83],[-17.73,61.18],[-18.56,62.07],[-16.34,61.15],[-16.64,61.48],[-16.02,61.7],[-16.55,61.99],[-15.92,61.83],[-16.64,62.12],[-16.01,62.17],[-16.77,62.21],[-15.73,62.3],[-16.78,62.49],[-15.67,62.55],[-16.64,62.79],[-16,62.96],[-16.49,63.08],[-17.3,62.65],[-18.26,62.92],[-17.15,63.25],[-17.74,63.4],[-16.94,63.58],[-17.24,63.79],[-16.19,63.96],[-16.55,64.36],[-15.83,64.49],[-16.05,64.89],[-15.31,65.41],[-16.16,65.45],[-15.13,65.51],[-15.18,66.69],[-14.48,66.95],[-15.95,68.2],[-17.57,68.24],[-17.26,68.47],[-17.85,68.64],[-18.28,68.31],[-18.98,68.77],[-19,69.16],[-17.6,69.12],[-18.59,69.9],[-15.71,69.29],[-15.05,69.53],[-16.67,69.88],[-16.94,70.13],[-16.35,70.09],[-16.85,70.28],[-16.3,70.3],[-16.97,70.41],[-16.84,70.96],[-11.52,70.62],[-8.54,71.13],[-10.16,71.36],[-9.63,71.61],[-6.42,71.65],[-7.05,71.31],[-3.8,71.86],[-3.27,71.66],[-3.67,71.03],[-3.14,71.8],[-0.77,71.57],[-2.3,70.91],[-1.01,71.18],[-0.88,70.58],[0.58,71.37],[1.05,71.19],[1.16,70.23],[2.12,70.65],[2.76,70.41],[2.68,71.12],[3.79,70.82],[3.44,70.57],[3.87,70.8],[3.76,70.34],[4.33,70.65],[3.18,71.1],[3.75,71.07],[3.47,71.39],[4.41,71.32],[4.86,70.57],[6.05,70.78],[5.62,70.96],[5.97,71.15],[7.45,71.03],[9.71,70.25],[5.86,70.35],[9.69,70.11],[8.97,69.79],[10.31,69.39],[5.2,69.2],[8.52,69],[7.24,68.59],[9.78,68.9],[7.25,67.66],[11.6,68.41],[12.94,67.87],[10.7,67.24],[8.47,67.46],[10.46,67.06],[8.24,67.03],[8.13,66.62],[9.55,66.75],[6.07,65.2],[5.62,64.61],[6.41,65.02],[6.97,64.69],[5.95,64.58],[7.05,64.21],[6.71,63.67],[5.18,64.18],[5.77,63.97],[4.56,63.93],[4.83,63.38],[5.68,63.31],[4.49,63.18],[5.63,62.77],[5.17,62.23],[3.88,62.83],[4.68,62.29],[3.66,62.45],[4.56,62.21],[4.07,61.88],[5.12,61.55],[3.5,61.89],[4.34,61.36],[3.13,61.63],[3.05,60.96],[3.37,61.34],[4.08,61.06],[3.83,60.73],[2.51,60.63],[1.83,61.16],[2.83,60.98],[1.55,61.07],[1.11,61.57],[1.41,61.07],[-0.54,60.97],[0.91,60.66],[-0.54,60.68],[0.9,60.26],[-0.2,60.13],[0.42,60.04],[0.03,59.72],[0.8,60.02],[1.74,59.32],[1.23,59.11],[2,59.12],[1.47,58.91],[1.98,58.78],[1.4,58.49],[1.81,58.46],[1.49,57.85],[1.07,57.92],[1.2,58.32],[0.48,58.01],[0.19,58.97],[-1.79,60.08],[-1.21,59.58],[-1.98,59.53],[-0.3,59.03],[-1.9,59.1],[-3.11,58.57],[-1.38,58.2],[-2.91,58.17],[-2.24,57.91],[-0.69,58.14],[1.1,57.59],[-2.28,56.57],[-5.5,56.46],[-6.23,57.18],[-6.3,56.46],[-8.86,55.29],[-9.63,55.52],[-9.62,55.18],[-10.78,55.37],[-10.93,55.04],[-11.3,55.25],[-10.59,55.55],[-11,55.77],[-11.68,55.06],[-13.99,54.97],[-13.91,54.16],[-14.78,54.23],[-14.18,53.96],[-14.37,53.54],[-14.97,53.84],[-14.59,53.46],[-15.49,53.54],[-15.33,53.12],[-15.9,53.22],[-15.6,52.96],[-16.76,53.03],[-16.24,52.54],[-16.77,52.79],[-16.41,52.18],[-17.09,52.06],[-16.66,51.9],[-17.59,51.71],[-17.27,51.39],[-17.97,51.58],[-17.33,51.37],[-18.05,51.28],[-17.69,50.92],[-18.65,51.19],[-18.13,50.5],[-18.7,50.94],[-19.65,50.83],[-18.88,51.17],[-19.65,50.88],[-18.9,51.37],[-20.02,51.42],[-19.29,51.62],[-20.1,51.63],[-19.1,51.89],[-19.88,51.76],[-19.46,52.11],[-21.56,52.02],[-21.03,52.45],[-21.84,52.71],[-21.16,52.69],[-21.91,52.89],[-21.34,52.85],[-21.72,53.02],[-21.26,53.21],[-21.86,53.17],[-21.28,53.3],[-21.97,53.38],[-21.49,53.56],[-22.11,53.94],[-21.3,54.36],[-21.97,54.21],[-21.46,54.58],[-22.15,54.86],[-21.42,54.74],[-22.17,54.97],[-21.5,55.05],[-22.23,55.26],[-21.16,55.56],[-22.05,55.75],[-20.73,55.73],[-20.94,56.03],[-20.39,55.54],[-20.44,56.08],[-20.8,56.59],[-20.86,56.09],[-22.11,56.05]]]}}]}
