{"type":"FeatureCollection","features":[{"type":"Feature","properties":{},"geometry":{"type":"Polygon","coordinates":[[[-160.32,-79.9],[-164.36,-79.16],[-161.66,-78.82],[-159.15,-79.71],[-160.32,-79.9]]]}},{"type":"Feature","properties":{},"geometry":{"type":"Polygon","coordinates":[[[-66.24,-78.37],[-65.47,-78.4],[-70.83,-79.15],[-66.24,-78.37]]]}},{"type":"Feature","properties":{},"geometry":{"type":"Polygon","coordinates":[[[167.52,-77.46],[169.28,-77.56],[166.59,-77.89],[166,-77.58],[166.57,-77.21],[167.52,-77.46]]]}},{"type":"Feature","properties":{},"geometry":{"type":"Polygon","coordinates":[[[-77.53,-77.04],[-75.71,-78.06],[-80.75,-77.76],[-77.53,-77.04]]]}},{"type":"Feature","properties":{},"geometry":{"type":"Polygon","coordinates":[[[-127.24,-74.61],[-127.87,-74.26],[-126.89,-74.39],[-127.24,-74.61]]]}},{"type":"Feature","properties":{},"geometry":{"type":"Polygon","coordinates":[[[-116.36,-74.02],[-117.72,-74.17],[-115.88,-73.88],[-116.36,-74.02]]]}},{"type":"Feature","properties":{},"geometry":{"type":"Polygon","coordinates":[[[-122.46,-73.6],[-118.63,-73.8],[-121.81,-74.32],[-122.61,-74.24],[-122.27,-73.83],[-122.87,-73.74],[-122.46,-73.6]]]}},{"type":"Feature","properties":{},"geometry":{"type":"Polygon","coordinates":[[[-125.77,-73.08],[-124.83,-73.32],[-124.97,-73.74],[-123.38,-73.97],[-126.92,-73.37],[-125.77,-73.08]]]}},{"type":"Feature","properties":{},"geometry":{"type":"Polygon","coordinates":[[[-75.22,-72.82],[-74.29,-72.99],[-74.38,-73.55],[-76.2,-73.16],[-75.22,-72.82]]]}},{"type":"Feature","properties":{},"geometry":{"type":"Polygon","coordinates":[[[-91.29,-73.17],[-91.68,-72.61],[-91.02,-72.53],[-90.81,-72.85],[-91.29,-73.17]]]}},{"type":"Feature","properties":{},"geometry":{"type":"Polygon","coordinates":[[[-98.42,-71.8],[-97.44,-72.16],[-96.25,-71.77],[-97.09,-72.13],[-95.42,-72.3],[-98.52,-72.52],[-102.41,-72.11],[-98.42,-71.8]]]}},{"type":"Feature","properties":{},"geometry":{"type":"Polygon","coordinates":[[[-74.88,-69.53],[-74.45,-69.8],[-76.09,-69.67],[-74.88,-69.53]]]}},{"type":"Feature","properties":{},"geometry":{"type":"Polygon","coordinates":[[[-72.53,-69.31],[-72.1,-69.54],[-72.85,-69.46],[-72.53,-69.31]]]}},{"type":"Feature","properties":{},"geometry":{"type":"Polygon","coordinates":[[[-62.03,-69.72],[-62.61,-69.2],[-61.94,-69.39],[-62.03,-69.72]]]}},{"type":"Feature","properties":{},"geometry":{"type":"Polygon","coordinates":[[[-70.16,-68.86],[-68.42,-70.65],[-68.11,-71.65],[-68.45,-72.26],[-71.97,-72.69],[-72.68,-72.46],[-70.68,-71.99],[-72.33,-71.56],[-73.6,-72.16],[-75.71,-71.45],[-73.52,-71.56],[-74.17,-71.24],[-70.73,-70.96],[-71.56,-70.37],[-70.02,-70.22],[-71.91,-69.8],[-71.68,-69.27],[-72.19,-69.12],[-70.16,-68.86]]]}},{"type":"Feature","properties":{},"geometry":{"type":"Polygon","coordinates":[[[-67.78,-66.62],[-68.13,-67.56],[-69.2,-67.59],[-67.78,-66.62]]]}},{"type":"Feature","properties":{},"geometry":{"type":"Polygon","coordinates":[[[121.57,-65.79],[122.52,-66.62],[121.32,-66.7],[121.75,-66.46],[121.19,-65.73],[121.57,-65.79]]]}},{"type":"Feature","properties":{},"geometry":{"type":"Polygon","coordinates":[[[100.57,-65.7],[100.25,-65.59],[101.21,-65.51],[100.57,-65.7]]]}},{"type":"Feature","properties":{},"geometry":{"type":"Polygon","coordinates":[[[-63.36,-64.26],[-62.85,-64.56],[-64.31,-64.68],[-63.36,-64.26]]]}},{"type":"Feature","properties":{},"geometry":{"type":"Polygon","coordinates":[[[-62.37,-64.01],[-62.05,-64.14],[-62.83,-64.49],[-62.37,-64.01]]]}},{"type":"Feature","properties":{},"geometry":{"type":"Polygon","coordinates":[[[-57.81,-63.8],[-57.06,-64.17],[-58.24,-64.4],[-58.46,-64.06],[-57.81,-63.8]]]}},{"type":"Feature","properties":{},"geometry":{"type":"Polygon","coordinates":[[[-119.47,-82.89],[-112.27,-82.76],[-109.38,-83.18],[-106.38,-84.27],[-124.82,-85.1],[-139.04,-83.93],[-142.25,-83.05],[-142.56,-82.57],[-119.47,-82.89]]]}},{"type":"Feature","properties":{},"geometry":{"type":"Polygon","coordinates":[[[-85.59,-76.74],[-87.75,-76.66],[-84.62,-74.62],[-80.17,-76.18],[-85.59,-76.74]]]}},{"type":"Feature","properties":{},"geometry":{"type":"Polygon","coordinates":[[[-67.59,-77.25],[-67.64,-77.63],[-69.06,-78.09],[-73.4,-77.85],[-67.59,-77.25]]]}},{"type":"Feature","properties":{},"geometry":{"type":"Polygon","coordinates":[[[-78.52,-79.66],[-77.33,-79.98],[-78.48,-80.02],[-78.52,-79.66]]]}},{"type":"Feature","properties":{},"geometry":{"type":"Polygon","coordinates":[[[-78.44,-80.13],[-72.33,-80.78],[-60.03,-80.18],[-59.04,-79.64],[-54.2,-79.23],[-48.87,-77.71],[-44.89,-78.52],[-48.45,-78.92],[-44.5,-78.8],[-44.06,-79.07],[-46.52,-79.3],[-42.88,-79.45],[-42.97,-79.91],[-44.91,-79.88],[-44.26,-80.16],[-45,-80.41],[-48.87,-80.72],[-51.45,-80.71],[-54.79,-79.98],[-60.77,-81.03],[-70.59,-81.3],[-72.05,-81.66],[-67.83,-82.41],[-60.18,-82.42],[-58.88,-82.99],[-84.44,-84.63],[-82.89,-83.64],[-85.26,-81.82],[-78.99,-80.73],[-78.44,-80.13]]]}},{"type":"Feature","properties":{},"geometry":{"type":"Polygon","coordinates":[[[-57.57,-82.8],[-51.64,-81.84],[-43.98,-81.61],[-57.57,-82.8]]]}},{"type":"Feature","properties":{},"geometry":{"type":"Polygon","coordinates":[[[-77.91,-76.78],[-80.99,-76.96],[-81.36,-77.47],[-83.22,-77.15],[-81.99,-77.9],[-82.39,-78.13],[-82.04,-78.38],[-81.07,-78.65],[-81.42,-78.88],[-81.03,-79.07],[-81.56,-79.18],[-80.34,-79.74],[-79.99,-79.57],[-80.35,-79.3],[-78.69,-79.45],[-79.03,-79.52],[-78.48,-80.02],[-80.03,-79.98],[-78.33,-80.41],[-85.26,-81.82],[-82.89,-83.64],[-84.44,-84.63],[-106.38,-84.27],[-109.38,-83.18],[-112.27,-82.76],[-108.47,-81.69],[-103.64,-81.38],[-91.08,-78.42],[-90.51,-78.25],[-90.96,-77.79],[-90.64,-77.42],[-87.75,-76.66],[-80.17,-76.18],[-77.91,-76.78]]]}},{"type":"Feature","properties":{},"geometry":{"type":"Polygon","coordinates":[[[-57.27,-63.23],[-56.77,-63.59],[-58.13,-63.68],[-58.83,-64.53],[-59.67,-64.33],[-62.21,-65.32],[-61.7,-65.53],[-62.38,-65.95],[-60.61,-65.94],[-60.93,-66.26],[-62.86,-66.23],[-62.42,-66.44],[-62.62,-66.74],[-63.56,-66.16],[-64.18,-66.77],[-63.72,-66.88],[-65.53,-67.35],[-65.74,-67.89],[-65.34,-67.98],[-65.72,-68.14],[-64.79,-68.11],[-65.53,-68.32],[-64.98,-68.4],[-65.18,-68.65],[-62.94,-68.47],[-63.88,-68.67],[-63.22,-68.83],[-63.82,-69.03],[-62.43,-69.51],[-62.67,-69.81],[-61.89,-70.19],[-62.41,-70.46],[-61.42,-70.51],[-62.1,-70.92],[-61.36,-70.84],[-60.99,-71.36],[-61.57,-71.47],[-60.78,-71.77],[-61.96,-71.97],[-60.64,-72.02],[-61.06,-72.17],[-60.64,-72.4],[-61.56,-72.68],[-60.53,-72.69],[-60.96,-73.07],[-59.79,-72.92],[-60.57,-73.19],[-61.04,-73.95],[-60.75,-74.1],[-61.68,-74.31],[-60.75,-74.38],[-64.47,-75.31],[-63.14,-75.34],[-69.88,-76.43],[-67.64,-76.89],[-67.59,-77.25],[-73.39,-77.85],[-75.79,-77.13],[-75.76,-76.64],[-77.91,-76.78],[-84.62,-74.62],[-83.03,-73.69],[-80.81,-73.76],[-81.1,-73.33],[-80.09,-73.39],[-80.24,-73.01],[-78.57,-73.64],[-76.59,-73.59],[-76.99,-73.88],[-67.6,-72.85],[-66.86,-72.41],[-66.92,-71.88],[-68.87,-69.41],[-66.77,-69.04],[-67.51,-68.83],[-66.94,-68.78],[-67.19,-68.29],[-66.63,-68.22],[-67.34,-67.96],[-66.53,-67.5],[-67.61,-67.55],[-67.51,-67.05],[-66.49,-67.31],[-66.6,-66.65],[-65.78,-66.69],[-65.72,-66.14],[-63.67,-65.5],[-64.09,-65.41],[-63.85,-65.03],[-63.11,-65.15],[-60.97,-64.04],[-57.27,-63.23]]]}},{"type":"Feature","properties":{},"geometry":{"type":"Polygon","coordinates":[[[179.99,-84.36],[179.99,-89.99],[-179.99,-89.99],[-179.99,-84.43],[-178.3,-84.35],[-179.07,-84.25],[-160.5,-85.39],[-161.03,-85.49],[-137.45,-85.07],[-151.13,-84.45],[-153.22,-83.86],[-152.86,-83.36],[-154.19,-82.62],[-143.16,-82.47],[-139.04,-83.93],[-124.82,-85.1],[-106.38,-84.27],[-86.7,-84.77],[-61.59,-83.36],[-44.6,-81.76],[-34.58,-80.21],[-30.67,-80.43],[-30.08,-80.04],[-30.77,-79.54],[-29.96,-79.28],[-36.53,-78.65],[-35.4,-77.82],[-24.77,-75.76],[-22.72,-74.63],[-18.41,-73.54],[-12.08,-72.58],[-11.08,-71.9],[-12.32,-71.36],[-10.99,-71.73],[-10.22,-70.92],[-9.52,-70.93],[-8.45,-71.82],[-7.4,-71.69],[-7.68,-70.86],[-6.96,-70.69],[-5.82,-70.71],[-5.96,-71.42],[-3.04,-71.27],[-3.73,-71.11],[-2.99,-70.3],[-2.69,-70.43],[-3.17,-70.66],[-2,-70.83],[-2.57,-71],[-2.21,-71.47],[-1.02,-71.3],[-0.46,-71.68],[4.44,-70.25],[24.3,-70.48],[33.28,-69.67],[33.59,-69.17],[33.26,-68.76],[34.04,-68.6],[38.66,-70.07],[39.81,-69.64],[39.81,-68.98],[41.05,-68.57],[46.32,-67.67],[46.49,-67.3],[48.22,-67.65],[49.34,-67.29],[48.37,-67],[49.3,-66.81],[49.8,-67.27],[50.92,-67.19],[50.4,-66.43],[53.84,-65.84],[55.71,-66],[57.4,-66.61],[56.32,-66.84],[59.17,-67.45],[69.86,-67.77],[70.14,-68.69],[69.15,-68.95],[70.05,-68.92],[69.07,-69.12],[69.88,-69.25],[68.69,-69.3],[68.97,-69.41],[68.45,-69.62],[69.23,-69.84],[68.09,-70.27],[71.46,-71.44],[73.28,-70.44],[72.87,-70.08],[75.93,-69.72],[78.11,-69.12],[78.17,-68.6],[79.36,-68.15],[84.6,-67.07],[91.95,-66.47],[97.72,-66.6],[98.99,-66.42],[98.74,-65.75],[100.04,-65.65],[100.33,-66.19],[102.98,-65.84],[108.9,-66.92],[113.2,-65.7],[114.52,-66.45],[116.1,-66.37],[117.71,-66.99],[121.1,-66.78],[121.13,-67.1],[126.15,-66.27],[127.92,-67.02],[129.3,-67.02],[130.01,-66.24],[129.5,-65.94],[134.14,-66.21],[134.87,-65.27],[135.48,-65.65],[135.15,-66],[136.44,-66.39],[144.58,-67.17],[146.46,-66.85],[146.81,-67.1],[145.24,-67.61],[148.49,-67.85],[148.6,-68.28],[147.87,-68.41],[151,-68.31],[151.37,-68.74],[153.82,-68.34],[154.87,-69.03],[158.89,-69.34],[160.98,-70.34],[166.65,-70.65],[166.33,-70.73],[170.14,-71.71],[170.32,-71.4],[170.92,-71.87],[169.76,-72.26],[170.25,-72.62],[169.01,-73.47],[166.46,-73.63],[165.59,-73.96],[166.23,-74.13],[164.75,-74.16],[165.33,-74.69],[163.81,-74.95],[163.94,-74.64],[163.4,-74.52],[162.41,-74.95],[164.67,-75.43],[162.69,-75.48],[162.98,-75.97],[162.23,-76.16],[162.88,-76.77],[162.27,-77.07],[164.42,-77.79],[163.3,-78.33],[165.34,-78.06],[167.13,-78.71],[160.27,-79.25],[159.99,-79.73],[160.39,-80.02],[159.99,-80.18],[160.78,-80.55],[159.66,-80.69],[160.97,-80.71],[160.07,-80.9],[160.66,-80.98],[160.45,-81.41],[163.75,-82.24],[161.22,-82.4],[161.67,-82.55],[164.7,-82.42],[168.57,-83.21],[167.7,-83.51],[179.99,-84.36]]]}},{"type":"Feature","properties":{},"geometry":{"type":"Polygon","coordinates":[[[-154.19,-82.62],[-154.94,-81.64],[-145.2,-80.7],[-151.15,-80.26],[-157.57,-78.77],[-156.77,-78.15],[-158.47,-78.18],[-157.69,-77.52],[-157.99,-77.18],[-149.37,-77.82],[-146.02,-77.42],[-146.35,-77.03],[-145.33,-77.08],[-146.2,-76.89],[-145.53,-76.78],[-149.53,-76.37],[-145.63,-76.49],[-146.4,-76.09],[-137.39,-75.14],[-136.72,-74.96],[-137.16,-74.72],[-135.53,-74.49],[-129.73,-74.87],[-117.81,-74.23],[-114.68,-74.49],[-114.89,-74.08],[-113.95,-73.84],[-113.6,-73.93],[-114.21,-74.18],[-113.22,-74.03],[-113.61,-74.38],[-112.76,-74.88],[-111.22,-74.72],[-111.74,-74.57],[-111.33,-74.19],[-108.76,-74.81],[-107.33,-74.56],[-106.56,-74.8],[-106.74,-75.28],[-105.28,-75.15],[-104.95,-74.69],[-100.4,-75.11],[-101.72,-74.49],[-100.5,-74.13],[-102.29,-73.56],[-99.99,-73.33],[-102.66,-73.38],[-103.51,-72.95],[-103.1,-72.79],[-90.94,-73.3],[-89.45,-73.07],[-89.6,-72.64],[-89.14,-72.6],[-88.12,-72.77],[-88.6,-73.06],[-86.76,-73.33],[-85.8,-72.99],[-85.39,-73.42],[-83.03,-73.69],[-87.75,-76.66],[-90.64,-77.42],[-90.96,-77.79],[-90.51,-78.25],[-103.64,-81.38],[-108.47,-81.69],[-112.27,-82.76],[-154.19,-82.62]]]}},{"type":"Feature","properties":{},"geometry":{"type":"Polygon","coordinates":[[[-55.48,-63.15],[-55.02,-63.31],[-56.58,-63.36],[-55.48,-63.15]]]}},{"type":"Feature","properties":{},"geometry":{"type":"Polygon","coordinates":[[[-57.96,-61.93],[-57.6,-62.02],[-59.02,-62.2],[-57.96,-61.93]]]}},{"type":"Feature","properties":{},"geometry":{"type":"Polygon","coordinates":[[[-68.49,-54.93],[-69.06,-55.07],[-67.97,-55.68],[-70.02,-55.16],[-68.49,-54.93]]]}},{"type":"Feature","properties":{},"geometry":{"type":"Polygon","coordinates":[[[-68.1,-54.91],[-67.04,-55.14],[-68.12,-55.22],[-68.1,-54.91]]]}},{"type":"Feature","properties":{},"geometry":{"type":"Polygon","coordinates":[[[-37.71,-53.97],[-35.79,-54.76],[-38.02,-54.06],[-37.71,-53.97]]]}},{"type":"Feature","properties":{},"geometry":{"type":"Polygon","coordinates":[[[-71.9,-53.86],[-71.78,-54.35],[-72.24,-54.07],[-71.9,-53.86]]]}},{"type":"Feature","properties":{},"geometry":{"type":"Polygon","coordinates":[[[-70.49,-53.56],[-70.46,-54.26],[-70.89,-53.93],[-70.49,-53.56]]]}},{"type":"Feature","properties":{},"geometry":{"type":"Polygon","coordinates":[[[-73.05,-53.38],[-72.13,-53.81],[-72.84,-54.13],[-72.65,-53.86],[-73.62,-53.75],[-73.05,-53.38]]]}},{"type":"Feature","properties":{},"geometry":{"type":"Polygon","coordinates":[[[-72.15,-52.66],[-71.4,-52.8],[-72.6,-53.07],[-72.2,-53.19],[-72.68,-53.32],[-72.4,-53.54],[-73.32,-53.16],[-72.72,-53.3],[-73.02,-52.85],[-72.15,-52.66]]]}},{"type":"Feature","properties":{},"geometry":{"type":"Polygon","coordinates":[[[-71.5,-54.42],[-70.08,-54.55],[-70.92,-54.13],[-69.2,-54.45],[-69.36,-54.71],[-68.96,-54.47],[-70.18,-53.84],[-69.38,-53.35],[-70.46,-53.36],[-70.1,-52.93],[-70.43,-52.77],[-69.42,-52.46],[-68.61,-52.66],[-68.2,-53.13],[-68.52,-53.26],[-67.28,-54.08],[-65.11,-54.66],[-66.51,-55.06],[-72.02,-54.51],[-71.5,-54.42]]]}},{"type":"Feature","properties":{},"geometry":{"type":"Polygon","coordinates":[[[-59.38,-51.34],[-60.36,-52.18],[-61.07,-52.02],[-60.01,-51.74],[-60.65,-51.35],[-59.38,-51.34]]]}},{"type":"Feature","properties":{},"geometry":{"type":"Polygon","coordinates":[[[-58.87,-51.29],[-57.71,-51.69],[-59.58,-52.26],[-58.87,-51.29]]]}},{"type":"Feature","properties":{},"geometry":{"type":"Polygon","coordinates":[[[-74.63,-50.71],[-74.38,-51.1],[-74.96,-51],[-74.63,-50.71]]]}},{"type":"Feature","properties":{},"geometry":{"type":"Polygon","coordinates":[[[-75.27,-50.02],[-74.77,-50.16],[-75.34,-50.44],[-75.27,-50.02]]]}},{"type":"Feature","properties":{},"geometry":{"type":"Polygon","coordinates":[[[-74.73,-49.45],[-75.06,-49.92],[-75.47,-49.31],[-74.88,-49.39],[-74.73,-48.68],[-74.63,-50.07],[-74.73,-49.45]]]}},{"type":"Feature","properties":{},"geometry":{"type":"Polygon","coordinates":[[[69.07,-48.68],[68.99,-49.09],[69.62,-48.98],[69.4,-49.28],[70.55,-49.28],[69.61,-49.39],[70.22,-49.7],[68.77,-49.73],[69.07,-48.68]]]}},{"type":"Feature","properties":{},"geometry":{"type":"Polygon","coordinates":[[[-74.72,-48.14],[-74.57,-48.71],[-75.01,-48.59],[-74.72,-48.14]]]}},{"type":"Feature","properties":{},"geometry":{"type":"Polygon","coordinates":[[[167.88,-46.69],[168.22,-47.09],[167.45,-47.27],[167.88,-46.69]]]}},{"type":"Feature","properties":{},"geometry":{"type":"Polygon","coordinates":[[[-73.8,-45],[-73.7,-45.28],[-74.22,-45.17],[-73.8,-45]]]}},{"type":"Feature","properties":{},"geometry":{"type":"Polygon","coordinates":[[[-73,-44.37],[-72.7,-44.53],[-73.29,-44.92],[-73,-44.37]]]}},{"type":"Feature","properties":{},"geometry":{"type":"Polygon","coordinates":[[[-176.62,-43.7],[-176.19,-43.74],[-176.55,-43.74],[-176.33,-44.05],[-176.9,-43.83],[-176.62,-43.7]]]}},{"type":"Feature","properties":{},"geometry":{"type":"Polygon","coordinates":[[[-73.9,-41.78],[-73.34,-42.27],[-73.8,-42.54],[-73.46,-42.88],[-73.84,-43.43],[-74.42,-43.23],[-73.9,-41.78]]]}},{"type":"Feature","properties":{},"geometry":{"type":"Polygon","coordinates":[[[144.72,-40.66],[147.12,-41.41],[146.79,-41.06],[148.22,-40.85],[148.01,-43.22],[147.19,-42.73],[146.87,-43.64],[146.03,-43.57],[146.23,-43.33],[145.26,-42.63],[145.16,-42.2],[145.55,-42.36],[144.74,-41.42],[144.72,-40.66]]]}},{"type":"Feature","properties":{},"geometry":{"type":"Polygon","coordinates":[[[172.7,-40.5],[173.19,-41.33],[174.31,-41],[173.72,-42.42],[167.81,-44.6],[170.83,-42.86],[172.7,-40.5]]]}},{"type":"Feature","properties":{},"geometry":{"type":"Polygon","coordinates":[[[173.41,-42.68],[172.67,-43.19],[173.11,-43.83],[171.34,-44.28],[170.73,-45.87],[169.58,-46.58],[166.44,-46],[167.13,-44.98],[168.82,-44.07],[173.41,-42.68]]]}},{"type":"Feature","properties":{},"geometry":{"type":"Polygon","coordinates":[[[137.63,-35.57],[138.13,-35.84],[136.53,-35.88],[137.63,-35.57]]]}},{"type":"Feature","properties":{},"geometry":{"type":"Polygon","coordinates":[[[173.01,-34.63],[174.33,-35.17],[174.84,-36.97],[175.56,-37.19],[175.4,-36.47],[176.63,-37.84],[178.55,-37.68],[177.99,-39.12],[177.04,-39.2],[176.87,-40.13],[175.44,-41.58],[174.61,-41.29],[175.11,-40.03],[173.75,-39.27],[174.56,-38.83],[174.78,-38.08],[174.15,-36.47],[174.45,-36.65],[174.5,-36.25],[174.04,-36.39],[172.64,-34.47],[173.01,-34.63]]]}},{"type":"Feature","properties":{},"geometry":{"type":"Polygon","coordinates":[[[55.45,-20.86],[55.81,-21.34],[55.3,-21.22],[55.45,-20.86]]]}},{"type":"Feature","properties":{},"geometry":{"type":"Polygon","coordinates":[[[167.27,-20.72],[167.38,-21.18],[167.01,-20.92],[167.27,-20.72]]]}},{"type":"Feature","properties":{},"geometry":{"type":"Polygon","coordinates":[[[164.01,-20.09],[167.01,-22.33],[164.94,-21.36],[164.01,-20.09]]]}},{"type":"Feature","properties":{},"geometry":{"type":"Polygon","coordinates":[[[57.64,-20],[57.72,-20.43],[57.3,-20.47],[57.64,-20]]]}},{"type":"Feature","properties":{},"geometry":{"type":"Polygon","coordinates":[[[178.19,-17.32],[178.58,-17.65],[178.19,-18.19],[177.34,-18.12],[177.52,-17.51],[178.19,-17.32]]]}},{"type":"Feature","properties":{},"geometry":{"type":"Polygon","coordinates":[[[166.61,-14.65],[167.24,-15.52],[166.77,-15.65],[166.61,-14.65]]]}},{"type":"Feature","properties":{},"geometry":{"type":"Polygon","coordinates":[[[136.69,-13.66],[136.95,-14.31],[136.32,-14.25],[136.69,-13.66]]]}},{"type":"Feature","properties":{},"geometry":{"type":"Polygon","coordinates":[[[-172.35,-13.43],[-172.23,-13.8],[-172.8,-13.52],[-172.35,-13.43]]]}},{"type":"Feature","properties":{},"geometry":{"type":"Polygon","coordinates":[[[44.41,-19.75],[43.93,-17.6],[44.45,-16.2],[46.16,-15.71],[46.56,-16],[46.46,-15.51],[47.21,-15.47],[48.06,-14.22],[47.9,-13.59],[48.26,-13.82],[48.81,-13.37],[48.72,-12.44],[49.23,-11.98],[49.93,-13.04],[50.45,-15.48],[50.22,-15.99],[49.62,-15.56],[49.83,-16.85],[47.14,-24.93],[45.52,-25.58],[44.09,-25.05],[43.23,-22.33],[44.41,-19.75]]]}},{"type":"Feature","properties":{},"geometry":{"type":"Polygon","coordinates":[[[130.35,-11.33],[130.61,-11.83],[130.04,-11.83],[130.35,-11.33]]]}},{"type":"Feature","properties":{},"geometry":{"type":"Polygon","coordinates":[[[130.4,-11.16],[131.54,-11.46],[130.96,-11.94],[130.4,-11.16]]]}},{"type":"Feature","properties":{},"geometry":{"type":"Polygon","coordinates":[[[142.24,-38.39],[140.39,-37.92],[138.89,-35.56],[139.72,-36.29],[139.52,-35.97],[138.1,-35.63],[138.56,-34.81],[138.1,-34.14],[137.76,-35.11],[136.85,-35.28],[137.45,-34.91],[137.97,-33.56],[137.75,-32.43],[137.78,-33],[135.93,-34.54],[135.96,-35.01],[135.11,-34.59],[135.51,-34.62],[135.25,-33.99],[133.67,-32.11],[131.15,-31.47],[126.03,-32.27],[124.24,-33.02],[123.53,-33.94],[119.85,-33.97],[117.95,-35.13],[115.13,-34.38],[115,-33.54],[115.68,-33.3],[115.74,-31.83],[114.87,-29.12],[113.15,-26.15],[113.83,-26.6],[113.5,-25.52],[113.72,-26.2],[114.23,-26.31],[113.39,-24.44],[113.93,-21.98],[114.19,-21.81],[114.37,-22.49],[114.64,-21.85],[116.82,-20.53],[117.66,-20.71],[121.08,-19.56],[122.37,-18.12],[122.17,-17.27],[122.92,-16.4],[123.57,-17.63],[123.96,-16.85],[123.55,-16.18],[124.94,-16.4],[124.39,-16.34],[124.8,-15.66],[124.49,-16],[124.41,-15.54],[124.68,-15.25],[125.29,-15.61],[124.83,-15.16],[125.51,-15.17],[125.14,-14.75],[125.6,-14.23],[125.93,-14.64],[126.01,-13.92],[126.22,-14.27],[126.87,-13.75],[127.42,-13.95],[128.23,-14.74],[127.87,-15.65],[128.52,-14.77],[129.59,-15.23],[129.81,-14.53],[129.36,-14.33],[130.35,-12.67],[130.75,-12.72],[130.58,-12.4],[130.97,-12.67],[131.29,-12.04],[132.77,-12.16],[131.98,-11.12],[134.18,-12.14],[135.25,-12.33],[135.91,-11.95],[135.65,-12.2],[136.04,-12.07],[136.02,-12.5],[136.56,-11.88],[136.97,-12.34],[136.66,-13.01],[135.91,-13.28],[135.9,-14.2],[134.98,-14.81],[136.72,-15.7],[136.42,-15.94],[140.51,-17.64],[141.75,-15.23],[141.47,-13.86],[142.04,-12.55],[141.59,-12.56],[142.54,-10.69],[143.77,-14.38],[144.52,-14.17],[145.35,-14.95],[146.26,-18.87],[148.76,-20.24],[149.63,-22.59],[150.06,-22.66],[150.04,-22.13],[150.63,-22.66],[150.67,-22.35],[150.87,-23.49],[150.45,-23.35],[152.91,-25.29],[153.02,-27.29],[153.64,-28.64],[152.54,-32.45],[151.69,-32.8],[151.41,-33.53],[150.88,-33.46],[151.31,-33.82],[150.1,-35.7],[149.98,-37.5],[147.65,-37.85],[146.21,-38.7],[146.4,-39.14],[145.49,-38.24],[144.65,-38.31],[145.12,-38.15],[144.93,-37.81],[143.56,-38.86],[142.24,-38.39]]]}},{"type":"Feature","properties":{},"geometry":{"type":"Polygon","coordinates":[[[120.03,-9.4],[120.73,-10.18],[118.93,-9.56],[120.03,-9.4]]]}},{"type":"Feature","properties":{},"geometry":{"type":"Polygon","coordinates":[[[159.76,-9.28],[160.83,-9.86],[159.82,-9.8],[159.76,-9.28]]]}},{"type":"Feature","properties":{},"geometry":{"type":"Polygon","coordinates":[[[127.12,-8.37],[124.69,-9.1],[125.13,-8.65],[127.12,-8.37]]]}},{"type":"Feature","properties":{},"geometry":{"type":"Polygon","coordinates":[[[127.27,-8.4],[123.45,-10.36],[123.98,-9.34],[127.27,-8.4]]]}},{"type":"Feature","properties":{},"geometry":{"type":"Polygon","coordinates":[[[116.38,-8.21],[116.6,-8.88],[115.84,-8.82],[116.38,-8.21]]]}},{"type":"Feature","properties":{},"geometry":{"type":"Polygon","coordinates":[[[124.52,-8.13],[125.13,-8.32],[124.34,-8.44],[124.52,-8.13]]]}},{"type":"Feature","properties":{},"geometry":{"type":"Polygon","coordinates":[[[117.96,-8.11],[119.18,-8.73],[116.73,-9.01],[117.12,-8.37],[118.28,-8.66],[117.96,-8.11]]]}},{"type":"Feature","properties":{},"geometry":{"type":"Polygon","coordinates":[[[122.87,-8.08],[122.82,-8.6],[121.79,-8.9],[119.81,-8.77],[120.43,-8.23],[122.46,-8.61],[122.87,-8.08]]]}},{"type":"Feature","properties":{},"geometry":{"type":"Polygon","coordinates":[[[115.29,-8.1],[115.72,-8.4],[115.13,-8.84],[114.62,-8.41],[115.29,-8.1]]]}},{"type":"Feature","properties":{},"geometry":{"type":"Polygon","coordinates":[[[157.51,-7.96],[157.8,-8.66],[157.21,-8.32],[157.51,-7.96]]]}},{"type":"Feature","properties":{},"geometry":{"type":"Polygon","coordinates":[[[138.79,-7.39],[139.11,-7.57],[138.83,-8.13],[137.83,-8.01],[138.79,-7.39]]]}},{"type":"Feature","properties":{},"geometry":{"type":"Polygon","coordinates":[[[113.99,-6.88],[113.53,-7.25],[112.67,-7.06],[113.99,-6.88]]]}},{"type":"Feature","properties":{},"geometry":{"type":"Polygon","coordinates":[[[134.16,-6.21],[134.53,-6.58],[134.2,-6.93],[134.16,-6.21]]]}},{"type":"Feature","properties":{},"geometry":{"type":"Polygon","coordinates":[[[134.58,-5.96],[134.62,-6.37],[134.26,-6.13],[134.58,-5.96]]]}},{"type":"Feature","properties":{},"geometry":{"type":"Polygon","coordinates":[[[106.04,-5.88],[108.3,-6.24],[108.7,-6.81],[110.37,-6.97],[110.91,-6.4],[112.55,-6.86],[112.95,-7.67],[114.44,-7.79],[114.51,-8.65],[106.41,-7.38],[106.52,-6.97],[105.25,-6.73],[106.04,-5.88]]]}},{"type":"Feature","properties":{},"geometry":{"type":"Polygon","coordinates":[[[134.48,-5.56],[134.74,-5.97],[134.3,-6.02],[134.48,-5.56]]]}},{"type":"Feature","properties":{},"geometry":{"type":"Polygon","coordinates":[[[154.81,-5.49],[155.91,-6.8],[155.25,-6.64],[154.81,-5.49]]]}},{"type":"Feature","properties":{},"geometry":{"type":"Polygon","coordinates":[[[123.08,-4.36],[123.22,-5.27],[122.65,-5.7],[123.08,-4.36]]]}},{"type":"Feature","properties":{},"geometry":{"type":"Polygon","coordinates":[[[152.35,-4.73],[152.08,-5.44],[150.46,-6.25],[148.32,-5.69],[149.88,-5.52],[150.09,-5],[150.09,-5.52],[150.9,-5.48],[151.68,-4.88],[151.49,-4.21],[152.35,-4.73]]]}},{"type":"Feature","properties":{},"geometry":{"type":"Polygon","coordinates":[[[127.24,-3.53],[126.69,-3.84],[126.1,-3.49],[127.24,-3.53]]]}},{"type":"Feature","properties":{},"geometry":{"type":"Polygon","coordinates":[[[126.69,-3.05],[127.24,-3.53],[126,-3.35],[126.69,-3.05]]]}},{"type":"Feature","properties":{},"geometry":{"type":"Polygon","coordinates":[[[129.54,-2.79],[130.56,-3.11],[130.84,-3.78],[127.99,-3.1],[129.54,-2.79]]]}},{"type":"Feature","properties":{},"geometry":{"type":"Polygon","coordinates":[[[150.84,-2.61],[152.93,-3.98],[152.87,-4.85],[152.34,-3.64],[150.84,-2.61]]]}},{"type":"Feature","properties":{},"geometry":{"type":"Polygon","coordinates":[[[107.81,-2.53],[108.29,-2.86],[107.98,-3.27],[107.58,-3.2],[107.81,-2.53]]]}},{"type":"Feature","properties":{},"geometry":{"type":"Polygon","coordinates":[[[146.85,-1.96],[147.35,-2.04],[146.51,-2.22],[146.85,-1.96]]]}},{"type":"Feature","properties":{},"geometry":{"type":"Polygon","coordinates":[[[130.33,-1.67],[130.39,-2.01],[129.79,-1.86],[130.33,-1.67]]]}},{"type":"Feature","properties":{},"geometry":{"type":"Polygon","coordinates":[[[124.52,-1.64],[125.32,-1.88],[124.4,-2.03],[124.52,-1.64]]]}},{"type":"Feature","properties":{},"geometry":{"type":"Polygon","coordinates":[[[105.89,-1.5],[106.29,-2.42],[106.84,-2.58],[106.74,-3.09],[105.13,-2.09],[105.89,-1.5]]]}},{"type":"Feature","properties":{},"geometry":{"type":"Polygon","coordinates":[[[127.64,-1.34],[128.14,-1.67],[127.56,-1.74],[127.64,-1.34]]]}},{"type":"Feature","properties":{},"geometry":{"type":"Polygon","coordinates":[[[123.17,-1.16],[123.51,-1.46],[122.88,-1.61],[123.17,-1.16]]]}},{"type":"Feature","properties":{},"geometry":{"type":"Polygon","coordinates":[[[99.01,-1.16],[99.23,-1.8],[98.59,-1.23],[99.01,-1.16]]]}},{"type":"Feature","properties":{},"geometry":{"type":"Polygon","coordinates":[[[147.74,-6.26],[147.86,-6.65],[147.29,-6.73],[147.74,-6.26]]]}},{"type":"Feature","properties":{},"geometry":{"type":"Polygon","coordinates":[[[144.24,-3.82],[145.8,-4.85],[145.76,-5.48],[147.76,-6.46],[146.38,-6.59],[139.97,-4.19],[134.71,-4.15],[134.95,-3.91],[133.7,-3.67],[133.86,-2.91],[133.34,-3.98],[132.8,-3.84],[132.84,-3.3],[131.94,-2.78],[133.24,-2.41],[133.64,-2.81],[133.97,-2.05],[132.3,-2.29],[131.99,-1.42],[130.93,-1.43],[131.23,-0.83],[132.71,-0.36],[134.03,-0.76],[134.17,-2.3],[135.11,-3.37],[137.93,-1.47],[144.24,-3.82]]]}},{"type":"Feature","properties":{},"geometry":{"type":"Polygon","coordinates":[[[146.94,-6.74],[148.6,-9.08],[149.3,-9.02],[149.23,-9.5],[150.06,-9.69],[149.86,-10.02],[150.87,-10.22],[150.34,-10.33],[150.68,-10.58],[147.86,-10],[145.81,-7.9],[144.52,-7.43],[144.13,-7.79],[143.57,-7.26],[143.92,-8],[143.25,-7.88],[143.61,-8.24],[142.15,-8.22],[143.11,-8.46],[143.38,-9.01],[141.12,-9.23],[139.96,-8.19],[140.15,-7.86],[138.95,-8.26],[139.13,-7.57],[138.68,-7.2],[139.65,-7.16],[138.55,-6.95],[139.23,-6.99],[137.64,-4.89],[134.71,-4.15],[139.97,-4.19],[146.94,-6.74]]]}},{"type":"Feature","properties":{},"geometry":{"type":"Polygon","coordinates":[[[127.54,-0.32],[127.82,-0.87],[127.3,-0.52],[127.54,-0.32]]]}},{"type":"Feature","properties":{},"geometry":{"type":"Polygon","coordinates":[[[130.8,-0.01],[131.34,-0.3],[130.21,-0.21],[130.8,-0.01]]]}},{"type":"Feature","properties":{},"geometry":{"type":"Polygon","coordinates":[[[-91.36,0.17],[-90.78,-0.75],[-91.17,-1.05],[-91.51,-0.9],[-91.07,-0.61],[-91.36,0.17]]]}},{"type":"Feature","properties":{},"geometry":{"type":"Polygon","coordinates":[[[104.58,1.23],[104.59,0.81],[104.22,1.06],[104.58,1.23]]]}},{"type":"Feature","properties":{},"geometry":{"type":"Polygon","coordinates":[[[97.38,1.5],[97.82,0.55],[97.06,1.4],[97.38,1.5]]]}},{"type":"Feature","properties":{},"geometry":{"type":"Polygon","coordinates":[[[121.51,-4.72],[121.6,-4.06],[120.88,-3.53],[121.09,-2.72],[120.68,-2.65],[120.19,-2.97],[120.47,-5.62],[119.36,-5.42],[119.63,-3.97],[119.42,-3.46],[118.93,-3.57],[118.75,-2.78],[119.33,-1.17],[119.88,-0.86],[119.78,0.22],[120.68,-1.42],[121.23,-1.23],[121.77,-1.79],[121.34,-2],[122.85,-4.06],[122.01,-4.9],[121.51,-4.72]]]}},{"type":"Feature","properties":{},"geometry":{"type":"Polygon","coordinates":[[[119.84,0.22],[120.82,1.33],[123.94,0.83],[124.98,1.76],[125.23,1.47],[124.26,0.43],[119.84,0.22]]]}},{"type":"Feature","properties":{},"geometry":{"type":"Polygon","coordinates":[[[121.23,-1.23],[121.63,-0.8],[123.44,-0.71],[121.77,-1.79],[121.23,-1.23]]]}},{"type":"Feature","properties":{},"geometry":{"type":"Polygon","coordinates":[[[127.98,2.19],[127.65,0.88],[128.75,1.4],[128.19,0.79],[128.71,0.32],[127.86,0.3],[128.44,-0.92],[127.69,-0.28],[127.39,1.05],[127.98,2.19]]]}},{"type":"Feature","properties":{},"geometry":{"type":"Polygon","coordinates":[[[8.73,3.76],[8.78,3.34],[8.46,3.44],[8.73,3.76]]]}},{"type":"Feature","properties":{},"geometry":{"type":"Polygon","coordinates":[[[95.51,5.6],[97.51,5.25],[98.15,4.08],[102.16,1.37],[101.76,-3.34],[100.33,-0.87],[99.14,0.25],[98.8,1.72],[95.41,4.82],[95.19,5.52],[95.51,5.6]]]}},{"type":"Feature","properties":{},"geometry":{"type":"Polygon","coordinates":[[[102.35,0.88],[103.11,0.45],[102.7,0.22],[103.72,0.29],[103.38,-0.73],[104.37,-1.03],[104.72,-2.59],[105.61,-2.4],[106.05,-3.01],[105.73,-5.9],[105.29,-5.44],[105.17,-5.81],[104.53,-5.52],[104.55,-5.93],[101.76,-3.34],[102.35,0.88]]]}},{"type":"Feature","properties":{},"geometry":{"type":"Polygon","coordinates":[[[116.8,6.98],[116.77,6.57],[117.15,7.01],[117.72,6.45],[117.94,5.66],[119.25,5.36],[118.12,4.88],[118.63,4.44],[117.6,4.39],[117.77,3.65],[117.02,3.6],[117.62,3.5],[117.23,3.49],[118.09,2.31],[117.84,1.83],[118.97,0.94],[117.89,1.12],[117.62,-0.78],[116.21,-1.78],[116.49,-1.94],[116.07,-2.26],[116.57,-2.36],[115.71,-3.73],[114.63,-4.19],[114.54,-3.35],[113.63,-3.46],[113.03,-2.94],[111.88,-3.57],[111.7,-2.8],[110.28,-3.02],[109.99,-1.13],[109.28,-0.88],[109.57,-0.75],[108.91,0.32],[109.32,1.93],[111.32,1.32],[110.99,1.57],[111.43,2.7],[113.02,3.17],[113.97,4.6],[115.38,4.91],[116.8,6.98]]]}},{"type":"Feature","properties":{},"geometry":{"type":"Polygon","coordinates":[[[125.54,9.78],[126.21,9.31],[126.51,7.77],[126.06,6.87],[125.85,7.36],[125.5,7],[125.47,5.68],[124.05,6.38],[124.26,7.38],[123.67,7.82],[122.81,7.44],[122.61,7.77],[121.93,6.97],[122.25,7.99],[123.39,8.73],[123.84,8.43],[123.67,7.95],[124.72,8.48],[124.8,9],[125.52,9.02],[125.54,9.78]]]}},{"type":"Feature","properties":{},"geometry":{"type":"Polygon","coordinates":[[[80.21,9.83],[81.79,7.59],[81.58,6.39],[80.59,5.92],[80.03,6.27],[79.7,8.12],[80.21,9.83]]]}},{"type":"Feature","properties":{},"geometry":{"type":"Polygon","coordinates":[[[124.3,10.17],[124.58,9.73],[123.86,9.64],[124.3,10.17]]]}},{"type":"Feature","properties":{},"geometry":{"type":"Polygon","coordinates":[[[-61,10.83],[-60.99,10.13],[-61.92,10.05],[-61.46,10.3],[-61.66,10.71],[-61,10.83]]]}},{"type":"Feature","properties":{},"geometry":{"type":"Polygon","coordinates":[[[123.22,11],[123.57,10.8],[123.02,9.04],[122.38,9.84],[123.22,11]]]}},{"type":"Feature","properties":{},"geometry":{"type":"Polygon","coordinates":[[[119.48,11.43],[119.7,10.5],[117.18,8.34],[119.25,10.48],[119.22,10.95],[119.46,10.72],[119.48,11.43]]]}},{"type":"Feature","properties":{},"geometry":{"type":"Polygon","coordinates":[[[125.13,10.17],[124.76,10.16],[124.31,11.57],[124.98,11.4],[125.13,10.17]]]}},{"type":"Feature","properties":{},"geometry":{"type":"Polygon","coordinates":[[[121.99,11.92],[123.17,11.47],[121.96,10.42],[121.99,11.92]]]}},{"type":"Feature","properties":{},"geometry":{"type":"Polygon","coordinates":[[[125.58,11.11],[124.98,11.29],[124.28,12.59],[125.49,12.25],[125.58,11.11]]]}},{"type":"Feature","properties":{},"geometry":{"type":"Polygon","coordinates":[[[123.27,12.58],[124.07,11.73],[123.54,12.21],[123.16,11.91],[123.27,12.58]]]}},{"type":"Feature","properties":{},"geometry":{"type":"Polygon","coordinates":[[[53.57,12.7],[54.53,12.55],[53.67,12.3],[53.57,12.7]]]}},{"type":"Feature","properties":{},"geometry":{"type":"Polygon","coordinates":[[[121.38,12.3],[120.33,13.49],[121.56,13.13],[121.38,12.3]]]}},{"type":"Feature","properties":{},"geometry":{"type":"Polygon","coordinates":[[[-67.08,18.52],[-65.59,18.23],[-67.19,17.94],[-67.08,18.52]]]}},{"type":"Feature","properties":{},"geometry":{"type":"Polygon","coordinates":[[[-77.57,18.5],[-76.24,18.01],[-77.24,17.75],[-78.36,18.25],[-77.57,18.5]]]}},{"type":"Feature","properties":{},"geometry":{"type":"Polygon","coordinates":[[[120.85,18.65],[122.34,18.31],[122.46,16.87],[121.37,15.32],[121.74,14.16],[122.23,13.9],[122.68,14.34],[123.11,13.73],[123.34,14.11],[123.94,13.8],[123.53,13.57],[124.19,13.07],[124.08,12.54],[122.53,13.96],[122.6,13.16],[121.76,13.97],[120.66,13.77],[120.94,14.67],[120.6,14.9],[120.49,14.41],[120.08,14.79],[119.78,16.28],[120.42,16.16],[120.35,17.68],[120.85,18.65]]]}},{"type":"Feature","properties":{},"geometry":{"type":"Polygon","coordinates":[[[-72.8,19.95],[-69.97,19.68],[-69.15,19.3],[-69.62,19.08],[-68.32,18.6],[-68.64,18.21],[-71.05,18.32],[-71.42,17.61],[-72.06,18.24],[-73.88,18.02],[-74.44,18.35],[-74.22,18.68],[-72.35,18.54],[-72.69,19.46],[-73.45,19.7],[-72.8,19.95]]]}},{"type":"Feature","properties":{},"geometry":{"type":"Polygon","coordinates":[[[110,19.93],[110.95,19.99],[110.54,18.78],[109.57,18.16],[108.7,18.5],[108.68,19.37],[110,19.93]]]}},{"type":"Feature","properties":{},"geometry":{"type":"Polygon","coordinates":[[[-155.69,20.2],[-155.21,19.54],[-155.85,19.14],[-156.06,19.73],[-155.69,20.2]]]}},{"type":"Feature","properties":{},"geometry":{"type":"Polygon","coordinates":[[[-155.55,20.14],[-154.81,19.52],[-155.68,18.91],[-155.91,19.23],[-155.21,19.54],[-155.55,20.14]]]}},{"type":"Feature","properties":{},"geometry":{"type":"Polygon","coordinates":[[[-157.9,21.61],[-157.67,21.29],[-158.28,21.58],[-157.9,21.61]]]}},{"type":"Feature","properties":{},"geometry":{"type":"Polygon","coordinates":[[[-82.02,23.19],[-79.79,22.9],[-74.13,20.2],[-77.73,19.84],[-77.26,20.7],[-78.14,20.76],[-78.75,21.64],[-81.81,22.18],[-82.16,22.4],[-81.61,22.52],[-81.89,22.68],[-84.96,21.86],[-84.28,22.01],[-84.03,22.72],[-82.02,23.19]]]}},{"type":"Feature","properties":{},"geometry":{"type":"Polygon","coordinates":[[[-78.17,25.2],[-77.71,24.49],[-78.01,24.28],[-78.45,24.61],[-78.17,25.2]]]}},{"type":"Feature","properties":{},"geometry":{"type":"Polygon","coordinates":[[[121.58,25.29],[122,25.01],[120.73,21.92],[120.12,23.61],[121.58,25.29]]]}},{"type":"Feature","properties":{},"geometry":{"type":"Polygon","coordinates":[[[-77.57,26.91],[-77.03,26.55],[-77.2,25.85],[-77.57,26.91]]]}},{"type":"Feature","properties":{},"geometry":{"type":"Polygon","coordinates":[[[-16.13,28.56],[-16.54,28.02],[-16.91,28.34],[-16.13,28.56]]]}},{"type":"Feature","properties":{},"geometry":{"type":"Polygon","coordinates":[[[-13.88,28.76],[-13.92,28.24],[-14.5,28.06],[-13.88,28.76]]]}},{"type":"Feature","properties":{},"geometry":{"type":"Polygon","coordinates":[[[130.83,33.92],[131.67,33.66],[131.51,33.27],[132.09,32.92],[131.35,31.36],[130.66,30.99],[130.8,31.69],[130.59,31.15],[130.11,31.41],[130.63,32.77],[130.21,33.19],[130.36,32.68],[129.74,32.56],[129.68,33.09],[130.01,32.84],[129.56,33.32],[130.83,33.92]]]}},{"type":"Feature","properties":{},"geometry":{"type":"Polygon","coordinates":[[[134.16,34.36],[134.75,33.84],[134.18,33.24],[133.4,33.44],[132.67,32.81],[132.43,33.46],[132.03,33.34],[132.9,34.12],[134.16,34.36]]]}},{"type":"Feature","properties":{},"geometry":{"type":"Polygon","coordinates":[[[23.82,35.54],[26.25,35.17],[24.74,34.94],[23.6,35.28],[23.82,35.54]]]}},{"type":"Feature","properties":{},"geometry":{"type":"Polygon","coordinates":[[[34.6,35.7],[33.04,34.56],[32.29,35.03],[34.6,35.7]]]}},{"type":"Feature","properties":{},"geometry":{"type":"Polygon","coordinates":[[[15.61,38.27],[15.09,36.65],[12.43,37.8],[12.73,38.19],[15.61,38.27]]]}},{"type":"Feature","properties":{},"geometry":{"type":"Polygon","coordinates":[[[23.38,39.01],[24.56,37.98],[22.83,38.83],[23.38,39.01]]]}},{"type":"Feature","properties":{},"geometry":{"type":"Polygon","coordinates":[[[26.35,39.38],[26.61,39.02],[25.83,39.19],[26.35,39.38]]]}},{"type":"Feature","properties":{},"geometry":{"type":"Polygon","coordinates":[[[3.2,39.95],[3.47,39.71],[3.07,39.27],[2.36,39.53],[3.2,39.95]]]}},{"type":"Feature","properties":{},"geometry":{"type":"Polygon","coordinates":[[[9.23,41.26],[9.72,40.85],[9.63,39.3],[8.64,38.87],[8.18,40.94],[9.23,41.26]]]}},{"type":"Feature","properties":{},"geometry":{"type":"Polygon","coordinates":[[[134.25,34.7],[132.36,34.36],[132.15,33.83],[130.88,33.95],[130.98,34.44],[133.09,35.6],[136.08,35.67],[136.76,37.36],[137.36,37.5],[136.87,37.11],[137.23,36.74],[138.55,37.37],[139.83,38.91],[139.86,40.61],[140.34,41.26],[141.13,40.87],[140.91,41.54],[141.47,41.43],[142.06,39.47],[141.52,38.27],[140.9,38.04],[140.56,36.27],[140.88,35.72],[140.38,35.18],[139.76,34.96],[139.99,35.69],[138.76,34.68],[138.76,35.13],[138.23,34.61],[137.02,34.58],[137.35,34.78],[136.72,35.06],[136.91,34.28],[135.54,33.51],[135.07,33.88],[135.46,34.7],[134.25,34.7]]]}},{"type":"Feature","properties":{},"geometry":{"type":"Polygon","coordinates":[[[9.42,43.02],[9.18,41.37],[8.54,42.38],[9.42,43.02]]]}},{"type":"Feature","properties":{},"geometry":{"type":"Polygon","coordinates":[[[141.94,45.52],[144.34,43.96],[145.34,44.34],[145.06,43.8],[145.43,43.25],[143.92,42.87],[143.28,42.03],[140.62,42.58],[140.35,43.33],[141.42,43.32],[141.94,45.52]]]}},{"type":"Feature","properties":{},"geometry":{"type":"Polygon","coordinates":[[[140.62,42.58],[140.29,42.25],[141.19,41.8],[140.08,41.42],[139.83,42.61],[140.62,42.58]]]}},{"type":"Feature","properties":{},"geometry":{"type":"Polygon","coordinates":[[[147.79,44.98],[147,44.58],[147.92,45.42],[147.79,44.98]]]}},{"type":"Feature","properties":{},"geometry":{"type":"Polygon","coordinates":[[[-60.52,47.01],[-60.43,46.3],[-61.18,45.72],[-60.37,46.33],[-59.8,45.96],[-61.3,45.55],[-61.56,46.05],[-60.52,47.01]]]}},{"type":"Feature","properties":{},"geometry":{"type":"Polygon","coordinates":[[[-64,46.87],[-63.79,46.43],[-61.98,46.46],[-62.76,45.95],[-64.42,46.65],[-64,46.87]]]}},{"type":"Feature","properties":{},"geometry":{"type":"Polygon","coordinates":[[[-64.15,49.94],[-61.67,49.13],[-64.52,49.86],[-64.15,49.94]]]}},{"type":"Feature","properties":{},"geometry":{"type":"Polygon","coordinates":[[[-123.55,48.54],[-123.26,48.45],[-124.32,48.49],[-123.55,48.54]]]}},{"type":"Feature","properties":{},"geometry":{"type":"Polygon","coordinates":[[[-128.06,50.87],[-125.44,50.33],[-123.55,48.54],[-125.21,48.78],[-124.81,49.25],[-125.54,48.92],[-125.78,49.37],[-126.53,49.38],[-126.05,49.61],[-127.91,50.11],[-127.42,50.6],[-128.05,50.44],[-128.43,50.78],[-128.06,50.87]]]}},{"type":"Feature","properties":{},"geometry":{"type":"Polygon","coordinates":[[[-55.39,49.16],[-54.48,49.56],[-53.47,49.26],[-54.21,48.39],[-53.01,48.6],[-53.98,48.18],[-53.68,47.52],[-52.86,48.1],[-53.3,47.6],[-52.64,47.52],[-53.11,46.65],[-53.63,46.64],[-53.56,47.22],[-54.21,46.83],[-53.82,47.42],[-54.09,47.88],[-55.76,46.85],[-54.71,47.68],[-56.2,47.5],[-55.63,47.69],[-55.8,47.97],[-56.86,47.53],[-59.32,47.62],[-55.39,49.16]]]}},{"type":"Feature","properties":{},"geometry":{"type":"Polygon","coordinates":[[[-55.89,51.62],[-55.42,51.57],[-56.1,51.33],[-55.73,51.08],[-56.93,49.75],[-55.54,50.01],[-56.2,49.58],[-55.17,49.54],[-55.39,49.16],[-59.39,47.84],[-58.28,48.52],[-59.24,48.54],[-58.38,49.15],[-57.9,48.97],[-58.27,49.32],[-57.71,49.46],[-57.97,49.68],[-57.42,50.7],[-55.89,51.62]]]}},{"type":"Feature","properties":{},"geometry":{"type":"Polygon","coordinates":[[[-174.14,52.42],[-174.09,52.1],[-175.33,52.02],[-174.14,52.42]]]}},{"type":"Feature","properties":{},"geometry":{"type":"Polygon","coordinates":[[[172.84,52.99],[173.43,52.82],[172.45,52.92],[172.84,52.99]]]}},{"type":"Feature","properties":{},"geometry":{"type":"Polygon","coordinates":[[[-81.37,53.22],[-80.7,52.68],[-82.05,53.01],[-81.37,53.22]]]}},{"type":"Feature","properties":{},"geometry":{"type":"Polygon","coordinates":[[[-131.81,53.26],[-132.01,52.88],[-131.01,52.17],[-132.58,53.08],[-131.81,53.26]]]}},{"type":"Feature","properties":{},"geometry":{"type":"Polygon","coordinates":[[[-128.98,53.28],[-128.59,52.6],[-128.66,52.97],[-129.11,52.79],[-128.98,53.28]]]}},{"type":"Feature","properties":{},"geometry":{"type":"Polygon","coordinates":[[[-166.71,53.53],[-167.85,53.31],[-166.7,53.71],[-167.01,53.96],[-166.71,53.53]]]}},{"type":"Feature","properties":{},"geometry":{"type":"Polygon","coordinates":[[[-166.68,54.01],[-166.28,53.68],[-166.71,53.53],[-166.68,54.01]]]}},{"type":"Feature","properties":{},"geometry":{"type":"Polygon","coordinates":[[[13.82,54.17],[14.76,54.02],[13.88,53.84],[13.82,54.17]]]}},{"type":"Feature","properties":{},"geometry":{"type":"Polygon","coordinates":[[[-133.03,54.18],[-132.17,54.02],[-132.48,53.56],[-131.65,54.17],[-131.97,53.27],[-132.71,53.25],[-132.41,53.32],[-132.99,53.56],[-133.03,54.18]]]}},{"type":"Feature","properties":{},"geometry":{"type":"Polygon","coordinates":[[[142.77,54.33],[143.33,52.84],[143.03,51.73],[144.75,48.65],[144.03,49.26],[142.98,49.13],[142.54,47.79],[143.62,46.37],[143.41,46.02],[142.69,46.75],[142.08,45.89],[141.84,48.77],[142.25,51.15],[141.67,51.75],[141.72,52.44],[141.84,53.4],[142.79,53.7],[142.26,54.29],[142.77,54.33]]]}},{"type":"Feature","properties":{},"geometry":{"type":"Polygon","coordinates":[[[-163.76,55.04],[-163.05,54.67],[-164.94,54.53],[-163.76,55.04]]]}},{"type":"Feature","properties":{},"geometry":{"type":"Polygon","coordinates":[[[137.76,55.14],[138.22,55.02],[137.24,54.76],[137.76,55.14]]]}},{"type":"Feature","properties":{},"geometry":{"type":"Polygon","coordinates":[[[-9.84,52.38],[-8.62,52.67],[-9.94,52.56],[-8.88,53.23],[-10.19,53.41],[-9.55,53.8],[-10.11,54.25],[-8.51,54.22],[-8.12,54.65],[-8.8,54.7],[-8.29,55.16],[-6.07,55.2],[-5.43,54.49],[-7.79,52.86],[-9.84,52.38]]]}},{"type":"Feature","properties":{},"geometry":{"type":"Polygon","coordinates":[[[-8.31,51.89],[-9.77,51.45],[-9.46,51.74],[-10.16,51.62],[-9.56,51.88],[-10.4,51.85],[-9.75,52.16],[-10.47,52.18],[-6.09,53.56],[-6.35,52.19],[-8.31,51.89]]]}},{"type":"Feature","properties":{},"geometry":{"type":"Polygon","coordinates":[[[10.43,55.59],[10.75,55.07],[9.68,55.52],[10.43,55.59]]]}},{"type":"Feature","properties":{},"geometry":{"type":"Polygon","coordinates":[[[-131.23,55.94],[-131.07,55.26],[-131.46,55.28],[-131.36,55.64],[-131.83,55.44],[-131.23,55.94]]]}},{"type":"Feature","properties":{},"geometry":{"type":"Polygon","coordinates":[[[12.4,56.09],[12.6,55.69],[12.05,54.96],[10.88,55.74],[11.78,55.98],[12.08,55.65],[11.85,55.97],[12.4,56.09]]]}},{"type":"Feature","properties":{},"geometry":{"type":"Polygon","coordinates":[[[-133.6,56.36],[-132.14,55.47],[-132.74,55.35],[-132,55.27],[-132.31,54.98],[-132.01,54.69],[-133.23,55.28],[-132.92,55.62],[-133.39,55.63],[-133.12,55.88],[-133.6,56.36]]]}},{"type":"Feature","properties":{},"geometry":{"type":"Polygon","coordinates":[[[-79.26,56.63],[-78.88,56.31],[-79.18,55.88],[-78.94,56.39],[-79.28,55.85],[-79.14,56.24],[-80.02,55.89],[-79.26,56.63]]]}},{"type":"Feature","properties":{},"geometry":{"type":"Polygon","coordinates":[[[-134.25,56.94],[-133.69,56.6],[-134.13,56],[-134.25,56.94]]]}},{"type":"Feature","properties":{},"geometry":{"type":"Polygon","coordinates":[[[-133.87,57.09],[-132.93,56.66],[-133.36,56.84],[-133.08,56.53],[-133.65,56.44],[-133.87,57.09]]]}},{"type":"Feature","properties":{},"geometry":{"type":"Polygon","coordinates":[[[-135.41,57.56],[-134.84,57.26],[-134.66,56.16],[-135.68,57.35],[-135.41,57.56]]]}},{"type":"Feature","properties":{},"geometry":{"type":"Polygon","coordinates":[[[-6.31,57.71],[-5.67,57.21],[-6.79,57.42],[-6.31,57.71]]]}},{"type":"Feature","properties":{},"geometry":{"type":"Polygon","coordinates":[[[18.8,57.86],[18.95,57.42],[18.14,56.91],[18.11,57.53],[18.8,57.86]]]}},{"type":"Feature","properties":{},"geometry":{"type":"Polygon","coordinates":[[[-153.28,58],[-152.16,57.59],[-153.98,56.74],[-153.78,57.17],[-154.31,56.84],[-154.8,57.29],[-154.21,57.66],[-153.63,57.27],[-153.94,57.81],[-153.18,57.7],[-153.28,58]]]}},{"type":"Feature","properties":{},"geometry":{"type":"Polygon","coordinates":[[[-135.76,58.28],[-134.93,58.03],[-135.89,58],[-134.83,57.48],[-135.83,57.77],[-135.83,57.39],[-136.41,57.82],[-135.76,58.28]]]}},{"type":"Feature","properties":{},"geometry":{"type":"Polygon","coordinates":[[[-134.87,58.32],[-133.86,57.36],[-134.6,57.02],[-134.32,57.56],[-134.87,58.32]]]}},{"type":"Feature","properties":{},"geometry":{"type":"Polygon","coordinates":[[[-152.66,58.48],[-151.97,58.26],[-153.23,58.16],[-152.66,58.48]]]}},{"type":"Feature","properties":{},"geometry":{"type":"Polygon","coordinates":[[[-6.26,58.51],[-6.39,58],[-7.12,57.82],[-6.26,58.51]]]}},{"type":"Feature","properties":{},"geometry":{"type":"Polygon","coordinates":[[[22.6,58.62],[23.33,58.46],[22.04,57.9],[21.84,58.5],[22.6,58.62]]]}},{"type":"Feature","properties":{},"geometry":{"type":"Polygon","coordinates":[[[-3.35,58.65],[-3.11,58.37],[-4.41,57.92],[-3.78,57.87],[-5.04,56.71],[-6.24,56.72],[-5.39,57.11],[-5.81,57.86],[-5.07,57.82],[-5.46,58.08],[-4.94,58.22],[-5.01,58.63],[-3.35,58.65]]]}},{"type":"Feature","properties":{},"geometry":{"type":"Polygon","coordinates":[[[-3.9,57.62],[-1.83,57.61],[-2.55,56.57],[-3.36,56.38],[-2.6,56.27],[-3.87,56.11],[-2.15,55.92],[-1.54,55.3],[-4.96,54.67],[-4.88,55.94],[-4.49,55.93],[-4.75,56.21],[-5.32,55.86],[-4.92,56.27],[-5.8,55.3],[-5.67,56.3],[-3.9,57.62]]]}},{"type":"Feature","properties":{},"geometry":{"type":"Polygon","coordinates":[[[-1.54,55.3],[-1.25,54.59],[-0.08,54.12],[0.15,53.6],[-0.71,53.71],[0.16,53.48],[0,52.9],[1.69,52.73],[1.57,52.09],[0.34,51.45],[1.39,51.16],[0.24,50.74],[-3.48,50.69],[-3.66,50.22],[-5.68,50.04],[-4.23,51.19],[-3.01,51.22],[-2.35,51.8],[-3.34,51.38],[-5.32,51.91],[-3.95,52.56],[-4.06,52.93],[-4.77,52.8],[-4.35,53.12],[-2.76,53.32],[-3.11,53.56],[-2.79,54.23],[-3.24,54.11],[-3.47,54.77],[-1.54,55.3]]]}},{"type":"Feature","properties":{},"geometry":{"type":"Polygon","coordinates":[[[22.59,59.09],[23.07,58.84],[22.04,58.92],[22.59,59.09]]]}},{"type":"Feature","properties":{},"geometry":{"type":"Polygon","coordinates":[[[-166.13,60.41],[-165.56,59.93],[-167.46,60.21],[-166.13,60.41]]]}},{"type":"Feature","properties":{},"geometry":{"type":"Polygon","coordinates":[[[-1.22,60.46],[-1.29,59.85],[-1.71,60.26],[-1.22,60.46]]]}},{"type":"Feature","properties":{},"geometry":{"type":"Polygon","coordinates":[[[-65,61.69],[-64.62,61.61],[-64.82,61.31],[-65.47,61.61],[-65,61.69]]]}},{"type":"Feature","properties":{},"geometry":{"type":"Polygon","coordinates":[[[-79.46,62.38],[-79.69,61.61],[-80.22,61.8],[-79.46,62.38]]]}},{"type":"Feature","properties":{},"geometry":{"type":"Polygon","coordinates":[[[-82.26,63],[-81.97,62.71],[-83.08,62.19],[-83.95,62.42],[-82.26,63]]]}},{"type":"Feature","properties":{},"geometry":{"type":"Polygon","coordinates":[[[-78.19,63.49],[-77.51,63.2],[-78.55,63.43],[-78.19,63.49]]]}},{"type":"Feature","properties":{},"geometry":{"type":"Polygon","coordinates":[[[-171.66,63.79],[-168.69,63.29],[-169.66,62.94],[-171.74,63.37],[-171.66,63.79]]]}},{"type":"Feature","properties":{},"geometry":{"type":"Polygon","coordinates":[[[-37.6,65.89],[-37.33,65.65],[-37.95,65.59],[-37.6,65.89]]]}},{"type":"Feature","properties":{},"geometry":{"type":"Polygon","coordinates":[[[-85.48,65.92],[-84.9,65.22],[-84.47,65.48],[-81.83,64.55],[-81.58,64.13],[-81.99,63.97],[-80.15,63.76],[-81.07,63.44],[-83.08,64.18],[-85.44,63.1],[-85.72,63.75],[-87.2,63.6],[-86.18,64.09],[-86.09,65.51],[-85.48,65.92]]]}},{"type":"Feature","properties":{},"geometry":{"type":"Polygon","coordinates":[[[-22.09,63.85],[-22.77,63.97],[-21.36,64.39],[-24.06,64.88],[-21.82,65.02],[-22.57,65.17],[-21.69,65.45],[-24.55,65.5],[-23.27,65.68],[-23.88,65.88],[-23.2,65.84],[-23.83,66.03],[-23.48,66.19],[-22.34,65.9],[-22.94,66.47],[-21.33,66],[-21.79,65.76],[-21.08,65.15],[-20.9,65.61],[-20.38,65.53],[-20.42,66.09],[-19.45,65.72],[-19.46,66.04],[-18.54,66.07],[-19.58,64.9],[-22.09,63.85]]]}},{"type":"Feature","properties":{},"geometry":{"type":"Polygon","coordinates":[[[-15.47,64.24],[-18.71,63.39],[-22.09,63.85],[-20.52,64.31],[-18.47,65.95],[-18.07,65.64],[-18.29,66.17],[-14.54,66.38],[-15.18,66.11],[-13.61,65.51],[-14,65.19],[-13.5,65.07],[-15.47,64.24]]]}},{"type":"Feature","properties":{},"geometry":{"type":"Polygon","coordinates":[[[-74.26,68.07],[-73.34,67.84],[-74.78,68.01],[-74.26,68.07]]]}},{"type":"Feature","properties":{},"geometry":{"type":"Polygon","coordinates":[[[-86.47,68.26],[-86.42,67.8],[-86.88,67.84],[-86.47,68.26]]]}},{"type":"Feature","properties":{},"geometry":{"type":"Polygon","coordinates":[[[-75.9,68.34],[-75.02,68.17],[-75.19,67.44],[-77.22,67.45],[-76.96,68.09],[-75.9,68.34]]]}},{"type":"Feature","properties":{},"geometry":{"type":"Polygon","coordinates":[[[15.75,68.96],[15.72,68.54],[16.26,68.92],[16.61,68.67],[14.98,68.28],[15.75,68.96]]]}},{"type":"Feature","properties":{},"geometry":{"type":"Polygon","coordinates":[[[-179.99,68.98],[-175.28,67.66],[-174.38,66.32],[-173.68,66.44],[-174.62,67.06],[-173.64,67.12],[-171.72,66.96],[-169.66,66.08],[-170.58,65.6],[-171.47,65.84],[-171.05,65.46],[-172.91,65.7],[-172.08,65.48],[-172.08,65.09],[-173.18,64.78],[-172.23,64.41],[-173.09,64.25],[-175.42,64.79],[-176.02,65.46],[-178.53,65.49],[-178.91,66.03],[-178.47,66.39],[-179.67,66.16],[-179.38,65.46],[-179.99,65.7],[-179.99,68.98]]]}},{"type":"Feature","properties":{},"geometry":{"type":"Polygon","coordinates":[[[-179.47,65.41],[-179.99,65.03],[-179.99,65.64],[-179.47,65.41]]]}},{"type":"Feature","properties":{},"geometry":{"type":"Polygon","coordinates":[[[15.16,69.03],[15.41,68.69],[14.36,68.69],[15.16,69.03]]]}},{"type":"Feature","properties":{},"geometry":{"type":"Polygon","coordinates":[[[-100.47,69.06],[-100.14,68.81],[-100.61,68.78],[-100.47,69.06]]]}},{"type":"Feature","properties":{},"geometry":{"type":"Polygon","coordinates":[[[-77.11,69.45],[-76.62,69.39],[-77.26,69.15],[-77.11,69.45]]]}},{"type":"Feature","properties":{},"geometry":{"type":"Polygon","coordinates":[[[49.73,69.38],[50.29,69.09],[48.22,68.83],[48.67,69.45],[49.73,69.38]]]}},{"type":"Feature","properties":{},"geometry":{"type":"Polygon","coordinates":[[[17.65,69.49],[18.01,69.2],[16.77,69.07],[17.65,69.49]]]}},{"type":"Feature","properties":{},"geometry":{"type":"Polygon","coordinates":[[[-95.72,69.62],[-95.32,69.51],[-95.98,69.37],[-95.72,69.62]]]}},{"type":"Feature","properties":{},"geometry":{"type":"Polygon","coordinates":[[[-79.66,69.82],[-79.33,69.71],[-80.8,69.69],[-79.66,69.82]]]}},{"type":"Feature","properties":{},"geometry":{"type":"Polygon","coordinates":[[[-97.39,69.75],[-95.16,68.87],[-96.55,68.46],[-99.56,69.04],[-97.98,69.45],[-98.34,69.62],[-98.01,69.9],[-97.39,69.75]]]}},{"type":"Feature","properties":{},"geometry":{"type":"Polygon","coordinates":[[[-51.11,69.93],[-50.67,69.86],[-51.24,69.53],[-51.11,69.93]]]}},{"type":"Feature","properties":{},"geometry":{"type":"Polygon","coordinates":[[[168.37,70.02],[169.46,69.81],[167.78,69.81],[168.37,70.02]]]}},{"type":"Feature","properties":{},"geometry":{"type":"Polygon","coordinates":[[[19.23,70.08],[19.68,69.98],[18.7,69.93],[19.23,70.08]]]}},{"type":"Feature","properties":{},"geometry":{"type":"Polygon","coordinates":[[[-87.06,70.16],[-86.44,70.01],[-87.36,70.11],[-87.06,70.16]]]}},{"type":"Feature","properties":{},"geometry":{"type":"Polygon","coordinates":[[[-54.04,70.29],[-51.85,69.64],[-53.57,69.23],[-54.29,69.4],[-53.36,69.58],[-54.99,69.7],[-54.23,69.91],[-54.82,70.22],[-54.04,70.29]]]}},{"type":"Feature","properties":{},"geometry":{"type":"Polygon","coordinates":[[[59.08,70.47],[60.55,69.8],[58.41,70.24],[59.08,70.47]]]}},{"type":"Feature","properties":{},"geometry":{"type":"Polygon","coordinates":[[[-71.86,71.05],[-71.35,70.99],[-72.23,70.92],[-71.86,71.05]]]}},{"type":"Feature","properties":{},"geometry":{"type":"Polygon","coordinates":[[[-25.7,71.04],[-25.29,70.66],[-28.15,70.46],[-25.7,71.04]]]}},{"type":"Feature","properties":{},"geometry":{"type":"Polygon","coordinates":[[[25.68,71.16],[26.22,71.03],[25.25,71.04],[25.68,71.16]]]}},{"type":"Feature","properties":{},"geometry":{"type":"Polygon","coordinates":[[[-52.84,71.37],[-52.34,71.28],[-53.2,71.31],[-52.84,71.37]]]}},{"type":"Feature","properties":{},"geometry":{"type":"Polygon","coordinates":[[[52.77,71.38],[53.18,70.95],[52.24,71.29],[52.77,71.38]]]}},{"type":"Feature","properties":{},"geometry":{"type":"Polygon","coordinates":[[[178.75,70.78],[179.51,71.39],[179.53,70.9],[178.75,70.78]]]}},{"type":"Feature","properties":{},"geometry":{"type":"Polygon","coordinates":[[[-179.99,70.97],[-179.99,71.53],[-177.46,71.22],[-179.99,70.97]]]}},{"type":"Feature","properties":{},"geometry":{"type":"Polygon","coordinates":[[[137.52,71.59],[138.04,71.52],[137,71.54],[137.52,71.59]]]}},{"type":"Feature","properties":{},"geometry":{"type":"Polygon","coordinates":[[[-65.13,47.04],[-64.56,46.21],[-63.8,46.13],[-64.11,46.02],[-62.51,45.59],[-61.93,45.89],[-60.97,45.32],[-64.31,44.57],[-65.47,43.45],[-66.13,43.74],[-65.85,44.57],[-66.19,44.43],[-64.5,45.33],[-64.21,44.95],[-63.35,45.37],[-64.95,45.32],[-64.29,45.79],[-64.56,45.98],[-65.58,45.3],[-67.04,45.17],[-67.2,44.64],[-69.06,44.45],[-69.21,43.94],[-70.26,43.72],[-71.06,42.31],[-70.34,41.71],[-70.08,42.05],[-70,41.56],[-71.2,41.46],[-71.39,41.81],[-71.49,41.36],[-72.31,41.28],[-69.66,44.61],[-65.13,47.04]]]}},{"type":"Feature","properties":{},"geometry":{"type":"Polygon","coordinates":[[[-48.65,-28.14],[-52.07,-32.19],[-50.57,-30.47],[-51.29,-30.01],[-51.09,-30.37],[-52.22,-31.75],[-52.63,-33.13],[-54.14,-34.68],[-56.16,-34.94],[-57.86,-34.48],[-58.43,-33.82],[-58.04,-32.92],[-58.43,-33.09],[-58.55,-34.43],[-57.19,-35.31],[-57.21,-36.2],[-64.84,-33.66],[-66.46,-32.81],[-67.54,-30.06],[-70.48,-25.15],[-70.6,-23.24],[-70.06,-21.43],[-70.34,-18.89],[-64.05,-22.55],[-57.66,-25.51],[-48.65,-28.14]]]}},{"type":"Feature","properties":{},"geometry":{"type":"Polygon","coordinates":[[[-61.84,-38.98],[-62.4,-38.75],[-62.01,-39.38],[-62.32,-39.3],[-62.39,-40.91],[-65.11,-40.83],[-65.03,-42.08],[-64.48,-42.44],[-63.76,-42.07],[-63.64,-42.77],[-64.99,-42.66],[-64.31,-42.98],[-65.33,-43.65],[-65.52,-44.93],[-67.01,-45.3],[-67.63,-46.11],[-66.79,-47.01],[-65.75,-47.21],[-65.77,-47.95],[-69.08,-50.56],[-69.23,-51.7],[-68.37,-52.35],[-70.87,-52.74],[-71.26,-53.9],[-72.47,-53.4],[-71.78,-53.51],[-71.12,-52.9],[-71.56,-52.56],[-72.88,-52.52],[-72.95,-53.02],[-73.45,-53.01],[-72.88,-52.55],[-73.74,-52.74],[-73.76,-52.05],[-72.89,-52.29],[-72.78,-51.96],[-72.54,-52.22],[-72.98,-52.46],[-72.56,-52.48],[-72.46,-51.79],[-73.09,-51.24],[-73.27,-51.5],[-72.54,-51.75],[-73.3,-51.59],[-72.92,-51.87],[-73.24,-52.11],[-73.4,-51.65],[-73.32,-52.18],[-73.93,-51.63],[-73.64,-51.2],[-74.23,-50.92],[-73.38,-50.69],[-73.57,-50.39],[-74.03,-50.86],[-74,-50.38],[-74.7,-50.21],[-73.85,-50.3],[-74.32,-49.64],[-73.66,-49.72],[-74.01,-49.09],[-74.41,-49.4],[-74.44,-48.8],[-74.06,-48.75],[-74.4,-48.61],[-73.88,-48.43],[-74.65,-48.02],[-73.26,-48.03],[-73.72,-47.57],[-74.72,-47.73],[-74.14,-47.6],[-74.51,-47.42],[-74.03,-47.16],[-74.27,-46.76],[-75.69,-46.78],[-74.73,-45.82],[-74.09,-45.82],[-73.84,-46.59],[-73.15,-45.67],[-73.57,-45.79],[-73.48,-45.45],[-72.8,-45.43],[-73.52,-45.19],[-72.57,-44.5],[-73.29,-44.17],[-72.53,-42.56],[-72.84,-42.3],[-72.39,-42.49],[-72.43,-41.98],[-72.88,-41.91],[-72.29,-41.51],[-73.76,-41.75],[-73.93,-41.11],[-73.19,-39.39],[-73.68,-37.33],[-73.16,-37.12],[-71.6,-33.54],[-71.53,-28.98],[-70.48,-25.15],[-67.54,-30.06],[-65.4,-35.33],[-61.84,-38.98]]]}},{"type":"Feature","properties":{},"geometry":{"type":"Polygon","coordinates":[[[-68.23,10.59],[-66.23,10.64],[-65.09,10.04],[-63.64,10.49],[-64.26,10.66],[-61.85,10.76],[-62.9,10.52],[-62.34,9.81],[-60.87,9.46],[-60.98,8.57],[-60.05,8.59],[-58.67,7.61],[-58.61,6.42],[-58.29,6.89],[-57.14,5.82],[-55.04,6],[-52.93,5.46],[-51.23,4.12],[-50.86,2.48],[-49.88,1.42],[-51.4,-0.49],[-50.71,0],[-51.05,-0.68],[-50.41,-0.09],[-48.36,-0.3],[-48.84,-1.45],[-50.4,-1.93],[-49.28,-1.71],[-49.38,-2.16],[-48.32,-1.48],[-47.89,-0.55],[-46.82,-0.71],[-45.32,-1.32],[-45.34,-1.75],[-44.86,-1.43],[-44.6,-1.75],[-44.76,-2.26],[-44.36,-2.33],[-44.78,-3.31],[-44.31,-2.49],[-44.21,-2.86],[-43.38,-2.33],[-42.23,-2.82],[-39.96,-2.85],[-37.15,-4.94],[-35.25,-5.48],[-34.79,-7.16],[-35.14,-8.9],[-38.32,-12.93],[-38.72,-12.63],[-39.14,-17.69],[-40.99,-22.01],[-42.02,-23],[-44.41,-22.94],[-48.21,-25.47],[-48.74,-25.37],[-48.35,-25.58],[-48.84,-26.16],[-48.49,-26.22],[-48.65,-28.14],[-57.66,-25.51],[-64.05,-22.55],[-70.34,-18.89],[-71.51,-17.27],[-75.94,-14.64],[-78.97,-8.25],[-79.98,-6.74],[-81.11,-6.06],[-80.85,-5.53],[-81.25,-4.27],[-80.06,-3.41],[-79.72,-2.57],[-79.96,-2.31],[-80.25,-2.74],[-81.01,-2.19],[-80.09,0.76],[-79.01,1.17],[-78.65,2.09],[-74.17,4.11],[-72.64,7.53],[-69.52,10.29],[-68.23,10.59]]]}},{"type":"Feature","properties":{},"geometry":{"type":"Polygon","coordinates":[[[-77.55,8.72],[-76.77,7.91],[-76.94,8.55],[-75.62,9.41],[-75.26,10.81],[-73.28,11.29],[-71.66,12.46],[-71.11,12.05],[-71.96,11.56],[-71.58,10.71],[-72.13,9.81],[-71.7,9.05],[-71.02,9.72],[-71.59,10.8],[-70.05,11.44],[-70.02,12.2],[-69.61,11.46],[-68.23,10.88],[-69.52,10.29],[-72.64,7.53],[-74.17,4.11],[-78.65,2.09],[-77,3.91],[-77.53,4.21],[-77.33,6.56],[-78.1,7.43],[-77.55,8.72]]]}},{"type":"Feature","properties":{},"geometry":{"type":"Polygon","coordinates":[[[-57.21,-36.2],[-56.67,-36.91],[-57.55,-38.11],[-61.84,-38.98],[-65.06,-35.79],[-66.46,-32.81],[-57.21,-36.2]]]}},{"type":"Feature","properties":{},"geometry":{"type":"Polygon","coordinates":[[[-122.52,37.55],[-122.11,37.52],[-122.26,38.07],[-123.02,37.99],[-124.37,40.29],[-123.26,40.98],[-121.49,40.27],[-118.96,37.31],[-118.36,35.93],[-118.59,34.81],[-122.52,37.55]]]}},{"type":"Feature","properties":{},"geometry":{"type":"Polygon","coordinates":[[[-124.37,40.29],[-124.05,41.54],[-124.56,42.84],[-124.02,46.23],[-123.49,46.26],[-124.08,46.26],[-123.79,46.67],[-124.13,46.9],[-123.69,46.96],[-124.17,46.93],[-124.73,48.38],[-122.76,48.14],[-123.15,47.35],[-122.61,47.94],[-122.49,47.51],[-122.9,47.01],[-122.19,47.47],[-122.72,48.79],[-121.81,49.19],[-121.46,47.78],[-119.6,47.72],[-118.41,46.61],[-116.11,46.46],[-116.59,44.76],[-121.02,42.69],[-124.37,40.29]]]}},{"type":"Feature","properties":{},"geometry":{"type":"Polygon","coordinates":[[[-122.72,48.79],[-123.15,49.06],[-122.34,49.14],[-122.72,48.79]]]}},{"type":"Feature","properties":{},"geometry":{"type":"Polygon","coordinates":[[[-121.87,49.59],[-123.14,49.2],[-122.86,49.43],[-123.27,49.34],[-123.34,50.05],[-123.27,49.59],[-123.95,49.5],[-123.53,49.7],[-123.94,49.78],[-123.77,50.2],[-124.26,49.75],[-124.84,50.06],[-124.32,50.51],[-125.09,50.35],[-124.35,50.98],[-124.96,51.24],[-125.17,50.41],[-126.29,50.52],[-125.59,51.08],[-126.18,50.67],[-126.58,50.85],[-126.22,51.23],[-127.4,50.92],[-126.66,51.2],[-127.78,51.32],[-126.67,51.84],[-127.78,51.52],[-127.88,51.9],[-127.14,52.31],[-126.67,51.96],[-126.96,52.31],[-126.31,52.43],[-127.24,52.52],[-126.56,52.58],[-122.87,50.82],[-121.87,49.59]]]}},{"type":"Feature","properties":{},"geometry":{"type":"Polygon","coordinates":[[[-127,52.69],[-128.35,52.26],[-127.89,52.75],[-128.55,53.06],[-127,52.69]]]}},{"type":"Feature","properties":{},"geometry":{"type":"Polygon","coordinates":[[[-115.97,36.2],[-116.08,35.65],[-118.36,35.28],[-118.55,36.63],[-120.95,39.77],[-123.26,40.98],[-121.02,42.69],[-116.59,44.76],[-116.11,46.46],[-115.43,46.47],[-114.54,46.26],[-115.97,36.2]]]}},{"type":"Feature","properties":{},"geometry":{"type":"Polygon","coordinates":[[[-113.23,34.86],[-113.03,34.2],[-116.08,35.65],[-114.54,46.26],[-112.48,45.94],[-112.84,45.33],[-112.6,44.6],[-110.34,43.39],[-110.45,41.92],[-111.44,39.58],[-112.91,37.76],[-113.23,34.86]]]}},{"type":"Feature","properties":{},"geometry":{"type":"Polygon","coordinates":[[[-107.27,32.16],[-110.19,32.49],[-111.39,33.59],[-113.03,34.2],[-112.91,37.76],[-111.44,39.58],[-110.35,42.42],[-110.34,43.39],[-112.6,44.6],[-112.84,45.33],[-112.48,45.94],[-111.39,46.14],[-107.93,42.4],[-106.53,39.81],[-105.97,36.51],[-107.33,34.02],[-107.27,32.16]]]}},{"type":"Feature","properties":{},"geometry":{"type":"Polygon","coordinates":[[[-63.77,-42],[-63,-41.82],[-62.73,-40.98],[-61.46,-41.57],[-63.77,-42]]]}},{"type":"Feature","properties":{},"geometry":{"type":"Polygon","coordinates":[[[-89.42,30.33],[-90.4,30.07],[-89.43,30.05],[-89.78,29.62],[-89.14,28.98],[-89.95,29.53],[-90.21,29.08],[-91.06,29.18],[-91.83,29.83],[-92.29,29.53],[-93.86,29.99],[-94.76,29.36],[-94.46,29.55],[-94.97,29.7],[-94.81,29.36],[-96.36,28.4],[-95.98,28.65],[-96.66,28.72],[-96.4,28.43],[-97.21,28.09],[-97.42,27.32],[-97.78,27.45],[-97.14,25.96],[-97.53,25.02],[-97.4,25.41],[-97.76,25.37],[-97.72,22],[-96.31,19.34],[-94.99,18.57],[-94.34,17.52],[-94.98,17.59],[-96.72,18.76],[-98.96,22.4],[-100.5,27.77],[-94.58,31.21],[-91.89,31.17],[-89.42,30.33]]]}},{"type":"Feature","properties":{},"geometry":{"type":"Polygon","coordinates":[[[-93.63,15.76],[-94.84,16.43],[-96.23,15.67],[-97.8,15.97],[-104.96,19.31],[-105.7,20.41],[-105.26,20.58],[-105.55,20.79],[-105.2,21.46],[-105.84,22.68],[-108.07,25.09],[-109.23,25.58],[-109.28,26.53],[-111.71,28.46],[-113.1,30.72],[-109.57,28.23],[-107.73,27.48],[-103.08,25.76],[-100.19,25.65],[-98.96,22.4],[-96.72,18.76],[-92.7,16.08],[-93.63,15.76]]]}},{"type":"Feature","properties":{},"geometry":{"type":"Polygon","coordinates":[[[-93.65,18.38],[-91.31,18.56],[-90.32,21.02],[-89.82,21.26],[-86.8,21.39],[-87.73,19.67],[-87.41,19.57],[-87.85,18.22],[-88.04,18.86],[-88.39,18.38],[-88.21,16.97],[-88.99,15.88],[-88.7,15.76],[-92.12,15.72],[-93.73,17.26],[-93.65,18.38]]]}},{"type":"Feature","properties":{},"geometry":{"type":"Polygon","coordinates":[[[-114.85,31.86],[-114.57,30.03],[-111.57,26.71],[-110.67,24.35],[-109.4,23.46],[-109.84,22.89],[-112.18,24.85],[-112.07,25.72],[-113.16,26.99],[-113.62,26.72],[-115.02,27.74],[-113.95,27.66],[-114.06,28.51],[-115.7,29.75],[-117.36,33.16],[-118.54,34.04],[-120.64,34.56],[-122.52,37.55],[-119.51,35.23],[-116.8,34.1],[-114.85,31.86]]]}},{"type":"Feature","properties":{},"geometry":{"type":"Polygon","coordinates":[[[-113.1,30.72],[-113.04,31.17],[-114.85,31.86],[-116.8,34.1],[-118.59,34.81],[-118.36,35.28],[-117.63,35.7],[-115.5,35.61],[-113.64,34.27],[-111.39,33.59],[-110.19,32.49],[-107.27,32.16],[-105.31,31.29],[-104.5,30.34],[-103.69,26.1],[-109.57,28.23],[-113.1,30.72]]]}},{"type":"Feature","properties":{},"geometry":{"type":"Polygon","coordinates":[[[-161.29,64.84],[-162.78,64.33],[-163.13,64.65],[-165.01,64.43],[-166.94,65.15],[-166.35,65.28],[-168.13,65.65],[-163.84,66.59],[-164.2,66.2],[-161.12,66.21],[-161.29,64.84]]]}},{"type":"Feature","properties":{},"geometry":{"type":"Polygon","coordinates":[[[-161.08,66.29],[-161.9,66.27],[-162.62,66.86],[-161.51,66.44],[-161.88,66.72],[-161.5,66.98],[-163.7,67.11],[-164.14,67.61],[-166.84,68.34],[-166.21,68.88],[-163.69,69.08],[-162.24,70.23],[-156.48,71.39],[-155.52,71.11],[-156,70.75],[-155.08,71.14],[-151.2,70.35],[-143.21,70.12],[-137.03,68.91],[-138.35,67.85],[-144.78,66.54],[-148.36,67.24],[-158.38,67.18],[-159.81,67.1],[-161.08,66.29]]]}},{"type":"Feature","properties":{},"geometry":{"type":"Polygon","coordinates":[[[-74.01,40.45],[-74.86,38.94],[-75.63,39.6],[-75.05,38.44],[-75.95,37.12],[-75.64,37.97],[-76.38,38.85],[-75.95,39.58],[-76.63,39.26],[-76.32,38.04],[-77.33,38.45],[-76.25,37.88],[-76.91,37.98],[-76.31,37],[-76.95,37.22],[-76,36.93],[-75.54,35.79],[-75.97,36.71],[-75.8,36.07],[-76.72,35.96],[-75.73,35.62],[-76.93,35.45],[-76.47,35.26],[-76.98,35],[-76.33,34.89],[-80.84,32.48],[-81.48,31.11],[-80.03,26.8],[-80.45,25.16],[-81.14,25.16],[-81.73,25.91],[-81.75,26.73],[-82.05,26.55],[-82.7,27.48],[-82.4,27.94],[-82.86,27.87],[-82.6,28.9],[-84.17,30.21],[-85.36,29.66],[-85.58,30.31],[-86.51,30.39],[-86.19,30.49],[-88.02,30.22],[-87.99,30.81],[-88.13,30.31],[-89.28,30.3],[-91.89,31.17],[-83.99,33.26],[-81,35.25],[-77.15,38.94],[-74.01,40.45]]]}},{"type":"Feature","properties":{},"geometry":{"type":"Polygon","coordinates":[[[-83.72,10.97],[-82.09,8.92],[-81.09,8.8],[-79.63,9.62],[-78.05,9.24],[-77.57,8.64],[-77.79,8.13],[-79.03,9],[-79.72,8.91],[-80.48,8.21],[-80,7.46],[-80.35,7.4],[-82.21,8.38],[-82.87,8.14],[-84.88,9.99],[-83.72,10.97]]]}},{"type":"Feature","properties":{},"geometry":{"type":"Polygon","coordinates":[[[-78.1,7.43],[-78.45,8.06],[-78.15,8.42],[-77.8,8.12],[-78.1,7.43]]]}},{"type":"Feature","properties":{},"geometry":{"type":"Polygon","coordinates":[[[-88.7,15.76],[-85.04,15.99],[-83.16,15],[-83.72,10.97],[-84.88,9.99],[-85.37,10.32],[-85.11,9.75],[-85.87,10.35],[-85.67,11.06],[-87.69,12.9],[-87.26,12.96],[-87.4,13.41],[-88.47,13.15],[-91.39,13.98],[-93.63,15.76],[-92.7,16.08],[-91.35,15.61],[-88.7,15.76]]]}},{"type":"Feature","properties":{},"geometry":{"type":"Polygon","coordinates":[[[-80.35,7.4],[-80.89,7.2],[-80.98,7.59],[-80.35,7.4]]]}},{"type":"Feature","properties":{},"geometry":{"type":"Polygon","coordinates":[[[-163.98,59.81],[-165.42,60.55],[-164.99,61.02],[-166.18,61.56],[-164.43,63.21],[-163.24,63.04],[-154.61,64.86],[-148.33,65.5],[-163.98,59.81]]]}},{"type":"Feature","properties":{},"geometry":{"type":"Polygon","coordinates":[[[-90.64,69.54],[-90.35,69.46],[-91.43,69.36],[-90.43,68.89],[-90.59,68.32],[-90.09,68.26],[-89.74,68.98],[-88.97,69.25],[-87.92,68.74],[-87.78,68.32],[-88.38,67.99],[-87.28,67.1],[-86.51,67.33],[-85.64,68.72],[-84.5,69.01],[-85.44,69.26],[-85.16,69.79],[-85.54,69.86],[-82.24,69.65],[-83.25,69.55],[-81.3,69.19],[-82.03,68.89],[-81.22,68.64],[-82.63,68.45],[-81.19,67.46],[-83.34,66.35],[-83.9,66.92],[-85.19,66.88],[-84.56,66.94],[-83.8,66.15],[-86.74,66.54],[-85.85,66.16],[-87.34,65.32],[-91.48,65.96],[-86.9,65.14],[-88.58,64],[-89.99,64.21],[-89.83,63.93],[-90.68,63.45],[-94.09,63.97],[-90.65,63.16],[-92.41,62.84],[-91.84,62.61],[-93.87,61.97],[-93.27,61.74],[-94.33,61.4],[-93.81,61.34],[-94.69,60.46],[-95.03,59.06],[-93.19,58.76],[-92.44,57.36],[-92.74,56.93],[-90.62,57.23],[-85.12,55.26],[-82.35,55.16],[-82.3,52.95],[-80.42,51.33],[-79.8,51.17],[-79.32,51.67],[-78.87,51.17],[-79.04,51.77],[-78.47,52.36],[-78.99,53.01],[-78.96,53.99],[-79.76,54.63],[-77.77,55.27],[-76.52,56.43],[-77,58.02],[-78.61,58.68],[-77.25,59.99],[-77.79,60.39],[-77.36,60.52],[-77.84,60.63],[-77.52,60.84],[-78.23,60.79],[-77.49,61.53],[-78.2,62.26],[-77.43,62.58],[-74.54,62.1],[-73.69,62.48],[-71.98,61.68],[-72.27,61.57],[-71.55,61.61],[-71.93,61.45],[-71.62,61.15],[-69.5,61.07],[-69.62,60.07],[-71,60.07],[-69.72,59.96],[-69.76,59.31],[-69.1,59.06],[-70.41,58.65],[-68.78,58.92],[-68.19,58.55],[-69.41,57.73],[-68.01,58.58],[-68.12,58.06],[-67.75,58.46],[-67.72,57.92],[-66.38,58.85],[-66.03,58.3],[-66,58.91],[-65.28,59.04],[-65.74,59.27],[-65.03,59.39],[-65.54,59.75],[-64.38,60.25],[-64.7,60.02],[-63.35,59.19],[-64.06,59.02],[-62.85,58.7],[-63.6,58.29],[-62.56,58.48],[-63.35,57.97],[-62.45,58.17],[-62.67,57.92],[-61.89,57.63],[-62.55,57.49],[-61.36,57.09],[-61.93,56.8],[-61.69,56.61],[-62.59,56.77],[-61.66,56.54],[-62.23,56.46],[-60.67,55.54],[-60.31,55.77],[-60.68,54.98],[-59.76,55.34],[-59.97,55.11],[-59.4,55.16],[-59.91,54.74],[-59.13,55.23],[-59.11,54.82],[-57.32,54.57],[-59.58,54.03],[-58.37,54.22],[-60.75,53.24],[-57.45,54.2],[-57.06,53.81],[-57.29,53.45],[-55.95,53.54],[-56.26,53.55],[-55.74,53.14],[-56.17,53.03],[-55.8,52.84],[-56.2,52.84],[-55.74,52.62],[-56.53,52.6],[-55.62,52.21],[-56.96,51.42],[-58.72,51.46],[-59,50.74],[-60.16,50.19],[-66.45,50.26],[-67.37,49.32],[-69.07,48.77],[-71.2,46.85],[-68.19,48.64],[-66.25,49.19],[-64.17,48.74],[-64.63,48.83],[-64.23,48.5],[-65.25,48],[-66.78,47.99],[-64.68,47.73],[-65.13,47.04],[-69.66,44.61],[-72.31,41.28],[-73.66,41],[-77.15,38.94],[-82.72,34.03],[-88.44,31.8],[-95.78,30.76],[-100.5,27.77],[-100.19,25.65],[-101.58,25.57],[-103.69,26.1],[-104.5,30.34],[-105.31,31.29],[-107.27,32.16],[-107.33,34.02],[-105.97,37.04],[-106.53,39.81],[-107.93,42.4],[-110.7,45.04],[-116.02,52.17],[-122.2,55.48],[-125.84,59.22],[-126.15,59.73],[-125.56,61.21],[-126.91,63.55],[-134.14,65.54],[-135.75,67.38],[-135.78,68.39],[-137.04,68.83],[-135.3,68.63],[-136,69.2],[-134.5,69.71],[-133.74,69.53],[-134.07,69.25],[-129.37,70.1],[-132,69.52],[-131.97,69.21],[-131.1,69.59],[-130.89,69.08],[-130.34,69.68],[-127.25,70.2],[-128.02,70.57],[-125.44,69.31],[-124.63,69.98],[-125.21,70.01],[-124.53,70.2],[-124.5,69.72],[-124.03,69.68],[-124.38,69.33],[-121.72,69.8],[-113.89,68.4],[-115.75,67.91],[-115.16,67.79],[-110.05,68.01],[-107.96,67.28],[-108.61,67.15],[-107.2,66.35],[-107.79,66.77],[-107.06,66.82],[-107.42,67.06],[-107.09,67.14],[-108.03,67.78],[-105.63,68.64],[-108.82,68.26],[-108.36,68.6],[-106.15,68.94],[-104.1,67.88],[-103.44,68.17],[-101.51,67.65],[-98.44,67.74],[-98.69,68.41],[-97.31,68.51],[-96.38,68.33],[-96.72,68.02],[-95.88,68.3],[-96.45,67.47],[-95.31,67.17],[-95.46,68.07],[-93.31,68.64],[-93.75,68.62],[-93.79,69.08],[-94.61,68.76],[-93.52,69.54],[-96.5,70.14],[-95.75,70.72],[-96.58,70.8],[-96.47,71.28],[-94.57,71.87],[-95.16,71.96],[-93.68,71.77],[-92.95,71.36],[-93,70.85],[-91.51,70.19],[-92.28,70.29],[-92.58,70.09],[-91.93,70.03],[-93,69.69],[-90.64,69.54]]]}},{"type":"Feature","properties":{},"geometry":{"type":"Polygon","coordinates":[[[-160.29,59.01],[-161.76,58.55],[-162.17,58.65],[-161.71,59.5],[-162.21,60.04],[-163.98,59.81],[-146.67,65.91],[-139.68,64.32],[-135.82,62.84],[-141.79,62.79],[-147.37,63.5],[-150.7,63.2],[-156.86,61.62],[-160.29,59.01]]]}},{"type":"Feature","properties":{},"geometry":{"type":"Polygon","coordinates":[[[-135.19,58.71],[-135.14,58.21],[-135.91,58.38],[-135.75,58.89],[-137.06,59.06],[-136.03,58.38],[-136.65,58.21],[-140.39,60.77],[-143.71,61.44],[-147.36,61.69],[-150.07,61.16],[-149.61,61.5],[-151.74,60.92],[-154.27,59.14],[-153.25,58.86],[-154.22,58.14],[-158.41,56.45],[-158.42,55.99],[-161.24,55.35],[-161.57,55.62],[-161.97,55.1],[-162.63,55.3],[-162.55,54.96],[-163.39,54.85],[-161.79,55.89],[-160.24,55.77],[-160.35,56.28],[-157.59,57.5],[-157.54,58.38],[-156.89,58.98],[-158.18,58.61],[-158.44,59.08],[-158.89,58.39],[-160.33,58.95],[-157.45,61.33],[-149.88,63.32],[-147.37,63.5],[-141.79,62.79],[-136.89,60.2],[-135.19,58.71]]]}},{"type":"Feature","properties":{},"geometry":{"type":"Polygon","coordinates":[[[-151.83,59.73],[-151.42,60.72],[-150.21,60.93],[-151.83,59.73]]]}},{"type":"Feature","properties":{},"geometry":{"type":"Polygon","coordinates":[[[-160.78,63.79],[-161.51,64.41],[-160.78,64.72],[-161.29,64.84],[-161.37,65.76],[-159.81,67.1],[-148.36,67.24],[-145.51,66.62],[-148.33,65.5],[-160.78,63.79]]]}},{"type":"Feature","properties":{},"geometry":{"type":"Polygon","coordinates":[[[-121.81,49.19],[-121.42,49.41],[-121.82,49.22],[-122.87,50.82],[-127.08,52.88],[-128.86,53.27],[-127.54,53.09],[-128.8,53.58],[-128.52,54.26],[-129.27,53.42],[-130.11,53.95],[-129.25,54.32],[-130.49,54.36],[-129.98,54.3],[-130.38,54.63],[-129.27,55.16],[-130.01,55.01],[-129.46,55.46],[-129.81,55.62],[-130.12,54.99],[-130,55.93],[-129.99,55.28],[-130.71,54.76],[-131.01,55.01],[-130.47,55.33],[-131.09,55.19],[-130.62,55.3],[-130.82,55.89],[-131.84,55.94],[-132.02,55.51],[-131.97,56.17],[-131.45,56.23],[-133.5,57.27],[-133.04,57.35],[-133.64,57.71],[-132.88,57.5],[-133.84,57.94],[-133.37,58.13],[-134.04,58.06],[-133.7,58.54],[-134.75,58.38],[-135.34,59.48],[-135.71,59.46],[-135.19,58.71],[-136.89,60.2],[-141.79,62.79],[-135.82,62.84],[-134.01,62.37],[-133.56,61.15],[-132.72,60.46],[-129.84,58.94],[-126.73,58.28],[-120.4,51.98],[-119.8,50.75],[-119.6,47.72],[-121.46,47.78],[-121.81,49.19]]]}},{"type":"Feature","properties":{},"geometry":{"type":"Polygon","coordinates":[[[-134.01,62.37],[-130.94,61.32],[-127.16,58.4],[-129.84,58.94],[-132.72,60.46],[-133.56,61.15],[-134.01,62.37]]]}},{"type":"Feature","properties":{},"geometry":{"type":"Polygon","coordinates":[[[-135.28,66.74],[-133.67,65.33],[-126.91,63.55],[-125.56,61.21],[-126.15,59.73],[-125.84,59.22],[-122.2,55.48],[-116.02,52.17],[-111.39,46.14],[-117.85,46.48],[-119.01,46.92],[-119.6,47.72],[-119.8,50.75],[-120.4,51.98],[-122.23,53.44],[-124.65,56.56],[-130.94,61.32],[-139.68,64.32],[-146.67,65.91],[-145.51,66.62],[-138.35,67.85],[-137.04,68.83],[-135.78,68.39],[-135.28,66.74]]]}},{"type":"Feature","properties":{},"geometry":{"type":"Polygon","coordinates":[[[-138.5,59.19],[-139.85,59.54],[-139.48,60],[-138.5,59.19]]]}},{"type":"Feature","properties":{},"geometry":{"type":"Polygon","coordinates":[[[-138.97,59.83],[-144.25,60.03],[-146.7,60.72],[-146.19,61.13],[-148.08,60.93],[-147.71,61.27],[-148.73,60.79],[-147.94,60.44],[-148.44,59.95],[-149.44,60.12],[-149.53,59.7],[-149.73,59.95],[-150.97,59.2],[-151.98,59.26],[-150.92,59.79],[-151.83,59.73],[-150.24,60.91],[-149,60.82],[-149.88,61.08],[-147.36,61.69],[-140.39,60.77],[-138.97,59.83]]]}},{"type":"Feature","properties":{},"geometry":{"type":"Polygon","coordinates":[[[-24.19,72.88],[-21.93,72.42],[-22.7,72.17],[-24.41,72.61],[-24.19,72.88]]]}},{"type":"Feature","properties":{},"geometry":{"type":"Polygon","coordinates":[[[-23.21,73.07],[-21.87,72.72],[-24.59,72.96],[-23.21,73.07]]]}},{"type":"Feature","properties":{},"geometry":{"type":"Polygon","coordinates":[[[79.3,73.1],[79.53,72.71],[78.61,72.83],[79.3,73.1]]]}},{"type":"Feature","properties":{},"geometry":{"type":"Polygon","coordinates":[[[-114.5,73.37],[-113.93,72.82],[-114.57,72.56],[-113.07,73.01],[-111.18,72.72],[-111.66,72.28],[-109.75,72.48],[-110.72,72.96],[-109.63,72.93],[-108.65,72.62],[-107.82,71.6],[-107.27,71.91],[-108.23,73.17],[-106.44,73.22],[-105.31,72.77],[-104.33,71.59],[-104.55,71.06],[-101.01,70.21],[-100.85,69.81],[-103.52,69.72],[-103,69.5],[-103.18,69.11],[-102.3,69.53],[-101.71,69.16],[-102.89,68.8],[-105.13,68.9],[-104.89,69.08],[-106.59,69.5],[-109.01,68.73],[-113.25,68.46],[-113.68,68.83],[-113.36,69.17],[-116.49,69.4],[-117.4,69.99],[-111.41,70.29],[-117.61,70.61],[-118.41,71],[-115.04,71.53],[-118.15,71.38],[-117.67,71.68],[-119.12,71.79],[-118.08,72.24],[-118.54,72.41],[-118.16,72.64],[-114.5,73.37]]]}},{"type":"Feature","properties":{},"geometry":{"type":"Polygon","coordinates":[[[55.2,73.37],[56.57,73.13],[55.08,72.58],[55.55,72.47],[55.12,72.45],[55.57,72.17],[55.14,71.91],[57.58,70.71],[53.54,70.79],[54.25,71.1],[51.43,71.79],[53.28,72.56],[52.7,72.62],[53.69,72.64],[52.4,72.72],[53.62,72.88],[53.17,73.13],[55.2,73.37]]]}},{"type":"Feature","properties":{},"geometry":{"type":"Polygon","coordinates":[[[-24.79,73.43],[-23.22,73.24],[-25.23,73.33],[-22.87,73.16],[-25.74,73.2],[-24.79,73.43]]]}},{"type":"Feature","properties":{},"geometry":{"type":"Polygon","coordinates":[[[71.3,73.3],[71.65,73.17],[69.92,73.04],[70.31,73.45],[71.3,73.3]]]}},{"type":"Feature","properties":{},"geometry":{"type":"Polygon","coordinates":[[[-105.15,73.75],[-104.44,73.53],[-105.23,72.85],[-107,73.46],[-105.15,73.75]]]}},{"type":"Feature","properties":{},"geometry":{"type":"Polygon","coordinates":[[[-80.45,73.77],[-77.19,73.51],[-76.05,72.87],[-79.58,72.76],[-80.87,73.34],[-80.45,73.77]]]}},{"type":"Feature","properties":{},"geometry":{"type":"Polygon","coordinates":[[[-74.05,64.69],[-74.63,64.9],[-74.98,64.78],[-74.46,64.39],[-75.86,64.62],[-75.61,64.44],[-76.66,64.19],[-78.29,64.7],[-77.32,65.48],[-73.47,65.45],[-74.46,66.16],[-72.16,67.27],[-73.5,68.28],[-73.2,68.38],[-73.96,68.41],[-73.66,68.66],[-75.48,69.03],[-76.63,68.69],[-75.59,69.23],[-77.19,69.64],[-76.69,69.85],[-77.31,69.84],[-76.97,70],[-77.63,69.75],[-77.67,70.2],[-78.97,70.71],[-79.6,70.37],[-78.94,70.32],[-78.81,69.89],[-81.75,70.13],[-80.92,69.72],[-83.02,70.32],[-81.7,69.94],[-85.8,70.01],[-86.55,70.25],[-86.37,70.53],[-87.92,70.26],[-89.53,71.1],[-86.98,71],[-89.89,71.37],[-90.11,71.94],[-89.56,72.17],[-89.91,72.43],[-88,73.65],[-84.97,73.79],[-86.74,72.71],[-86.24,72.43],[-86.39,72.01],[-84.82,71.28],[-86.8,71],[-84.9,70.92],[-84.44,71.65],[-86.03,72.03],[-84.35,72.13],[-85.69,72.9],[-84.5,72.88],[-85.54,73.03],[-84.13,73.04],[-85.18,73.24],[-82.85,73.74],[-81.54,73.72],[-80.53,73.12],[-80.22,72.74],[-80.9,72.46],[-80.47,72.46],[-80.94,71.89],[-79.78,72.5],[-77.73,71.75],[-78.88,72.23],[-77.6,72.22],[-78.55,72.5],[-77.58,72.76],[-75.21,72.5],[-74.92,72.25],[-76.09,71.7],[-74.29,72.08],[-75.39,71.52],[-74.6,71.66],[-75.04,71.18],[-73.59,71.78],[-74.3,71.4],[-73.58,71.57],[-73.86,71.05],[-73.03,71.28],[-73.35,70.97],[-72.57,71.66],[-71.13,71.26],[-72.78,70.82],[-72.17,70.84],[-72.54,70.61],[-70.6,71.06],[-71.97,70.42],[-71.16,70.55],[-71.54,70.02],[-69.87,70.88],[-70.62,70.46],[-68.35,70.58],[-70.48,69.84],[-68.63,70.17],[-69.98,69.61],[-67.78,70.26],[-67.11,69.73],[-70.05,69.54],[-66.81,69.36],[-69.03,69.36],[-68.07,69.22],[-69,68.98],[-67.75,68.78],[-69.39,68.81],[-66.65,68.44],[-67.87,68.27],[-66.29,68.13],[-66.76,67.87],[-66.36,67.77],[-65.92,68.03],[-66.02,67.59],[-64.71,67.98],[-65.21,67.64],[-64.5,67.81],[-63.94,67.34],[-64.78,67.36],[-63.95,67.26],[-64.69,67],[-63.08,67.32],[-63.83,66.82],[-62.83,66.96],[-62.91,66.63],[-62.02,67.05],[-61.26,66.62],[-62.88,66.33],[-61.93,66],[-63.04,66.11],[-62.28,65.8],[-62.85,65.91],[-62.66,65.57],[-63.52,65.92],[-63.54,64.88],[-65.5,65.74],[-64.34,66.35],[-65.87,65.94],[-65.47,66.38],[-65.98,66.1],[-67.93,66.63],[-67.11,66.44],[-67.97,66.51],[-67.13,66.02],[-68.36,66.07],[-67.79,65.78],[-68.11,65.43],[-67.31,65.66],[-66.72,64.71],[-66.61,65.03],[-65.07,64.48],[-65.68,64.3],[-64.6,63.98],[-64.97,63.8],[-64.51,63.24],[-65.29,63.79],[-64.6,62.9],[-65.27,63.03],[-65.18,62.56],[-66.52,63.41],[-66.53,63],[-67.89,63.77],[-67.62,63.39],[-68.98,63.75],[-65.89,62.21],[-66.23,62.08],[-65.95,61.87],[-71.4,63.05],[-72.12,63.44],[-71.19,63.59],[-72.63,63.84],[-73.48,64.4],[-73.28,64.66],[-74.12,64.33],[-74.05,64.69]]]}},{"type":"Feature","properties":{},"geometry":{"type":"Polygon","coordinates":[[[142.3,73.86],[143.62,73.22],[139.8,73.4],[142.3,73.86]]]}},{"type":"Feature","properties":{},"geometry":{"type":"Polygon","coordinates":[[[-99.77,73.93],[-96.94,73.74],[-98.49,73],[-96.53,72.76],[-96.27,72.42],[-96.79,72.03],[-96.47,71.9],[-98.26,71.91],[-98.04,71.54],[-98.7,71.29],[-102.74,72.77],[-99.98,72.89],[-100.58,73.14],[-100.25,73.36],[-101.61,73.49],[-100.5,73.44],[-101.11,73.73],[-99.77,73.93]]]}},{"type":"Feature","properties":{},"geometry":{"type":"Polygon","coordinates":[[[-93.47,74.18],[-90.16,73.9],[-92.05,72.75],[-94.29,72.77],[-93.44,72.45],[-95.17,71.98],[-95.12,72.46],[-95.83,72.86],[-95.69,73.69],[-93.47,74.18]]]}},{"type":"Feature","properties":{},"geometry":{"type":"Polygon","coordinates":[[[140.81,73.96],[140.22,74.19],[141.12,74.2],[140.81,73.96]]]}},{"type":"Feature","properties":{},"geometry":{"type":"Polygon","coordinates":[[[112.49,74.52],[113.46,74.36],[111.49,74.29],[112.49,74.52]]]}},{"type":"Feature","properties":{},"geometry":{"type":"Polygon","coordinates":[[[-121.39,74.54],[-119.1,74],[-117.39,74.23],[-115.28,73.48],[-119.11,72.64],[-120.19,72.22],[-120.55,71.52],[-122.79,71.08],[-126.01,71.97],[-123.75,73.75],[-124.78,74.34],[-121.39,74.54]]]}},{"type":"Feature","properties":{},"geometry":{"type":"Polygon","coordinates":[[[-20.12,75.01],[-19.75,74.85],[-20.68,74.81],[-20.12,75.01]]]}},{"type":"Feature","properties":{},"geometry":{"type":"Polygon","coordinates":[[[-17.82,75.31],[-18.21,75.22],[-17.36,75.03],[-18.92,75.03],[-17.82,75.31]]]}},{"type":"Feature","properties":{},"geometry":{"type":"Polygon","coordinates":[[[-104.04,75.05],[-104.91,75.13],[-103.57,75.16],[-104.04,75.05]]]}},{"type":"Feature","properties":{},"geometry":{"type":"Polygon","coordinates":[[[147.03,75.32],[150.98,75.13],[149,74.73],[146.17,75.22],[146.49,75.59],[147.03,75.32]]]}},{"type":"Feature","properties":{},"geometry":{"type":"Polygon","coordinates":[[[-94.71,75.62],[-93.47,75.26],[-93.45,74.71],[-96.62,74.99],[-94.71,75.62]]]}},{"type":"Feature","properties":{},"geometry":{"type":"Polygon","coordinates":[[[136.01,75.45],[135.54,75.37],[135.72,75.87],[136.01,75.45]]]}},{"type":"Feature","properties":{},"geometry":{"type":"Polygon","coordinates":[[[139.16,76.2],[140.56,75.66],[141.73,76],[141.41,76.18],[145.41,75.5],[143.56,74.9],[139.69,74.97],[139.18,74.64],[136.96,75.26],[137.48,75.94],[139.16,76.2]]]}},{"type":"Feature","properties":{},"geometry":{"type":"Polygon","coordinates":[[[95.91,76.26],[96.69,76.23],[95.31,76.22],[95.91,76.26]]]}},{"type":"Feature","properties":{},"geometry":{"type":"Polygon","coordinates":[[[-104.1,76.67],[-102.98,76.44],[-104.65,76.56],[-104.1,76.67]]]}},{"type":"Feature","properties":{},"geometry":{"type":"Polygon","coordinates":[[[-98.48,76.68],[-97.66,76.49],[-97.88,75.75],[-97.26,75.4],[-98.12,75.31],[-97.55,75.14],[-100.09,74.99],[-100.77,75.35],[-99.75,75.67],[-102.85,75.62],[-101.23,75.75],[-102.15,76.23],[-101.87,76.45],[-99.88,75.89],[-100.23,76.13],[-99.4,76.16],[-100.98,76.49],[-98.48,76.68]]]}},{"type":"Feature","properties":{},"geometry":{"type":"Polygon","coordinates":[[[-18.73,76.6],[-18.46,75.94],[-19.18,76.71],[-18.73,76.6]]]}},{"type":"Feature","properties":{},"geometry":{"type":"Polygon","coordinates":[[[-90.05,76.84],[-89.67,76.51],[-90.59,76.72],[-90.05,76.84]]]}},{"type":"Feature","properties":{},"geometry":{"type":"Polygon","coordinates":[[[-108.61,76.81],[-108.04,76.28],[-108.41,76.06],[-107.58,75.99],[-108.01,75.8],[-106.31,76.06],[-105.35,75.67],[-105.99,75.05],[-112.69,74.4],[-114.42,74.69],[-110.88,75.24],[-117.65,75.25],[-115.1,75.68],[-117.22,75.58],[-114.78,75.89],[-116.72,75.91],[-114.75,76.16],[-115.9,76.29],[-114.9,76.52],[-112.41,76.18],[-111.19,75.52],[-108.93,75.48],[-110.05,75.89],[-109.28,76.12],[-110.4,76.35],[-108.61,76.81]]]}},{"type":"Feature","properties":{},"geometry":{"type":"Polygon","coordinates":[[[-114.03,76.9],[-113.45,76.77],[-114.84,76.77],[-114.03,76.9]]]}},{"type":"Feature","properties":{},"geometry":{"type":"Polygon","coordinates":[[[67.8,77],[69.07,76.7],[68.27,76.25],[61.33,75.32],[59.46,74.79],[59.77,74.57],[59.09,74.73],[59.15,74.42],[58.27,74.56],[58.73,74.22],[57.19,74.08],[57.9,73.77],[56.59,73.88],[57.6,73.6],[56.41,73.74],[57.23,73.48],[56.74,73.23],[54.18,73.31],[55.99,73.63],[53.64,73.75],[56.35,74.01],[55.11,74.24],[56.97,74.68],[55.88,74.79],[56.73,74.94],[55.87,75.15],[57.89,75.31],[57.56,75.48],[58.06,75.67],[67.8,77]]]}},{"type":"Feature","properties":{},"geometry":{"type":"Polygon","coordinates":[[[-95.63,77.06],[-93.18,76.74],[-93.59,76.41],[-91.43,76.69],[-89.28,76.3],[-91.29,76.18],[-88.93,75.43],[-81.56,75.81],[-79.59,75.46],[-80.38,75.01],[-79.34,74.89],[-81.8,74.46],[-83.52,74.9],[-83.46,74.59],[-84.25,74.51],[-91.58,74.65],[-92.51,75.22],[-92.11,75.85],[-93.1,76.36],[-95.38,76.23],[-94.79,76.31],[-96.97,76.73],[-95.63,77.06]]]}},{"type":"Feature","properties":{},"geometry":{"type":"Polygon","coordinates":[[[96.24,77.02],[95.3,76.98],[96.58,77.14],[96.24,77.02]]]}},{"type":"Feature","properties":{},"geometry":{"type":"Polygon","coordinates":[[[-116.39,77.55],[-115.34,77.31],[-116.39,77.14],[-115.71,76.94],[-117.28,76.26],[-118.04,76.41],[-117.84,76.82],[-119.93,75.85],[-123.02,76.09],[-119.18,77.32],[-116.39,77.55]]]}},{"type":"Feature","properties":{},"geometry":{"type":"Polygon","coordinates":[[[-90.79,77.65],[-89.62,77.35],[-91.22,77.39],[-90.79,77.65]]]}},{"type":"Feature","properties":{},"geometry":{"type":"Polygon","coordinates":[[[61.5,46.81],[60.29,46.66],[61.23,49.04],[59.71,53.54],[62.08,55.81],[62.68,57.04],[62.4,60.81],[63.02,64.02],[64.53,65.12],[66.62,65.84],[70.14,63.28],[72.91,58.9],[76.67,56.39],[78.53,51.86],[83.02,48.59],[89.75,44.67],[80.73,42.41],[71.33,38.24],[64.98,39.51],[61.23,41.8],[59.83,43.44],[61.81,44.99],[60.89,45.63],[61.5,46.81]]]}},{"type":"Feature","properties":{},"geometry":{"type":"Polygon","coordinates":[[[89.49,41.92],[90.74,41.69],[92.04,40.62],[90.39,38.88],[82.99,36.36],[81.26,34.75],[78.43,35.15],[74.06,37.98],[71.92,38.25],[77.38,41.16],[82.15,42.82],[89.49,41.92]]]}},{"type":"Feature","properties":{},"geometry":{"type":"Polygon","coordinates":[[[94.59,42.17],[90.74,41.69],[82.7,42.87],[89.75,44.67],[92.49,42.87],[94.59,42.17]]]}},{"type":"Feature","properties":{},"geometry":{"type":"Polygon","coordinates":[[[100.77,36.42],[105.97,33.81],[103.83,33.7],[98.22,35.4],[91.46,36.21],[82.29,35.58],[82.99,36.36],[90.39,38.88],[93.11,39.33],[94.05,39.29],[100.77,36.42]]]}},{"type":"Feature","properties":{},"geometry":{"type":"Polygon","coordinates":[[[136.74,53.84],[137.86,53.97],[137.22,53.59],[137.96,53.57],[138.58,53.99],[138.46,53.52],[138.66,54.29],[139.78,54.29],[141.41,53.3],[140.73,53.11],[141.55,52.15],[140.63,51.23],[140.17,48.45],[135.15,43.51],[133.73,42.81],[132.32,42.84],[132.31,43.34],[131.8,43.34],[131.21,42.55],[127.25,43.61],[113.91,43.11],[104.37,41.58],[100.87,42.28],[94.59,42.17],[92.49,42.87],[90.78,44.28],[96.35,43.98],[101.28,44.84],[105.64,46.7],[109.41,47.45],[112.23,49.11],[116.81,49.94],[119.86,52.63],[122.71,53.96],[128.94,53.4],[136.74,53.84]]]}},{"type":"Feature","properties":{},"geometry":{"type":"Polygon","coordinates":[[[106.72,73.61],[107.07,73.52],[105.26,72.78],[110.89,73.68],[109.53,73.81],[110.28,74.02],[112.83,73.99],[113.5,73.24],[115.91,73.7],[121.08,72.93],[123.27,72.91],[123.74,73.1],[123.45,73.65],[124.44,73.8],[128.45,73.36],[129.59,72.94],[128.82,72.52],[129.58,72.14],[128.5,71.96],[129.61,71.7],[128.86,71.64],[129.84,71.1],[131.06,70.7],[132.28,71.66],[132.41,70.33],[130.94,68.31],[131.31,68.03],[142.07,65.83],[147.55,64.09],[150.56,61.84],[150.57,59.6],[142.19,59.09],[135.21,54.89],[136.84,54.64],[136.74,53.84],[128.94,53.4],[122.71,53.96],[119.86,52.63],[116.81,49.94],[112.23,49.11],[109.41,47.45],[105.64,46.7],[100.49,44.63],[93,43.91],[89.75,44.67],[83.02,48.59],[78.53,51.86],[76.67,56.39],[72.91,58.9],[69.22,64.22],[68.92,66.86],[72.1,66.22],[74.73,67.67],[74.48,68.71],[76.55,68.99],[77.31,68.49],[77.04,67.79],[77.6,67.33],[80.01,67.13],[77.46,67.75],[78.15,68.26],[77.61,68.91],[73.8,69.16],[73.54,69.76],[74.31,70.59],[72.99,71.4],[74.99,72.17],[74.92,72.86],[75.64,72.52],[75.2,71.41],[75.89,71.2],[78.39,70.89],[75.99,71.88],[78.11,71.86],[77.39,72.11],[78.42,72.39],[83.22,71.71],[82.24,71.25],[82.42,70.74],[81.81,70.21],[82.16,70.45],[82.21,70.05],[84.29,69.55],[82.99,70.29],[83.79,70.45],[83.16,71.11],[83.65,71.63],[80.86,72.44],[80.82,73.02],[80.31,73.16],[80.81,73.19],[80.53,73.54],[87.1,73.85],[87.45,74.08],[85.9,74.36],[87.32,74.44],[85.75,74.65],[86.97,74.6],[87.75,75],[86.88,75.11],[89.31,75.51],[94.19,75.94],[92.82,75.96],[93.25,76.11],[99.62,76.08],[98.89,76.46],[101.12,76.54],[101.42,77.11],[104.11,77.73],[106.3,77.38],[104.24,77.08],[107.54,76.91],[106.6,76.47],[111.2,76.77],[113.92,75.88],[113.54,75.54],[112.25,75.86],[113.75,75.43],[111.8,74.65],[108.21,73.67],[106.12,73.64],[106.72,73.61]]]}},{"type":"Feature","properties":{},"geometry":{"type":"Polygon","coordinates":[[[68.57,68.31],[69.07,68.93],[68.16,69.52],[66.85,69.55],[67.44,70.02],[67.4,70.7],[66.71,70.75],[66.77,71.1],[68.45,71.77],[69.35,72.94],[72.83,72.69],[71.83,71.48],[72.83,70.86],[72.38,70.29],[72.49,69.09],[73.6,68.46],[73.09,68.21],[73.13,67.7],[71.83,66.88],[68.91,66.89],[68.57,68.31]]]}},{"type":"Feature","properties":{},"geometry":{"type":"Polygon","coordinates":[[[96.71,17.35],[96.8,16.73],[96.12,16.81],[95.37,15.7],[95.4,16.23],[95.18,15.77],[95.14,16.23],[94.83,15.8],[95.05,16.33],[94.55,15.95],[94.72,16.73],[94.24,15.95],[94.61,17.55],[94.07,19.38],[93.94,18.85],[93.47,19.36],[94.01,19.38],[93.65,19.44],[94,19.45],[93.79,19.92],[93.03,20.64],[92.85,20.12],[92.2,21.15],[92.31,20.75],[91.81,22.19],[92.14,22.47],[91.8,22.22],[91.49,22.9],[90.57,23.1],[96.22,27.78],[97.27,26.81],[96.02,23.45],[96.71,17.35]]]}},{"type":"Feature","properties":{},"geometry":{"type":"Polygon","coordinates":[[[90.31,22.95],[90.59,22.26],[90.11,21.8],[90.3,22.65],[89.88,22.25],[90.31,22.95]]]}},{"type":"Feature","properties":{},"geometry":{"type":"Polygon","coordinates":[[[90.01,22.67],[89.89,21.91],[89.11,21.81],[90.01,22.67]]]}},{"type":"Feature","properties":{},"geometry":{"type":"Polygon","coordinates":[[[86.9,32.07],[92.28,32.02],[96.55,30.83],[98.41,29.06],[100.24,25.41],[95.01,28.4],[86.48,28.96],[83.1,29.79],[79.23,31.75],[75.59,34.68],[74.71,36.1],[80.99,33.11],[86.9,32.07]]]}},{"type":"Feature","properties":{},"geometry":{"type":"Polygon","coordinates":[[[90.65,23.26],[90.76,23.72],[89.93,23.98],[90.53,23.39],[89.09,24],[90.13,23.55],[90.31,22.95],[88.79,21.66],[88.63,22.12],[88.29,21.56],[88.03,22.22],[86.89,21.31],[87.05,20.7],[86.42,19.98],[84.96,19.29],[82.3,17.04],[82.32,16.58],[80.29,15.7],[79.88,10.31],[79.23,10.14],[78.9,9.48],[79.27,9.24],[78.42,9.11],[78.07,8.37],[77.32,8.12],[76.55,8.9],[73.46,16.06],[72.66,19.84],[72.95,20.76],[72.64,21.45],[73.11,21.72],[72.54,21.66],[72.75,22.23],[72.33,22.3],[72.11,21.2],[70.75,20.72],[68.93,22.31],[70.18,22.56],[70.49,23.09],[69.2,22.83],[68.39,23.42],[68.77,23.88],[68.3,23.57],[68.29,23.94],[67.47,23.9],[67.46,24.78],[66.65,24.83],[66.54,25.64],[65.79,25.38],[66.13,29.04],[67.41,31.38],[71.67,35.77],[74.23,36.31],[79.23,31.75],[84.04,29.42],[94.23,28.52],[96.22,27.78],[90.65,23.26]]]}},{"type":"Feature","properties":{},"geometry":{"type":"Polygon","coordinates":[[[76.2,36.51],[78.43,35.15],[80.07,34.74],[81.26,34.75],[82.29,35.58],[88.88,36.28],[94.1,34.59],[97.25,33.11],[99.52,31.41],[100.09,26.98],[99.88,26.47],[97.84,29.8],[95.71,31.25],[92.28,32.02],[86.9,32.07],[80.99,33.11],[74.23,36.31],[72.98,36.35],[71.92,38.25],[74.06,37.98],[76.2,36.51]]]}},{"type":"Feature","properties":{},"geometry":{"type":"Polygon","coordinates":[[[100.44,29.27],[100.14,28.93],[99.52,31.41],[97.89,32.73],[89.77,36.22],[96.49,35.71],[101.05,34.23],[105.26,33.6],[103.19,32.28],[100.44,29.27]]]}},{"type":"Feature","properties":{},"geometry":{"type":"Polygon","coordinates":[[[90.74,41.69],[100.87,42.28],[104.37,41.58],[90.39,38.88],[92.04,40.62],[90.74,41.69]]]}},{"type":"Feature","properties":{},"geometry":{"type":"Polygon","coordinates":[[[42.02,39.2],[41.92,38.79],[39.66,40.04],[42.75,40.63],[42.02,39.2]]]}},{"type":"Feature","properties":{},"geometry":{"type":"Polygon","coordinates":[[[41.5,42.61],[39.87,43.56],[43.47,43.25],[47.21,42.09],[49,41.44],[50.36,40.2],[49.47,40.17],[48.87,38.3],[46.6,41.04],[41.5,42.61]]]}},{"type":"Feature","properties":{},"geometry":{"type":"Polygon","coordinates":[[[49.79,37.44],[51.67,36.6],[54.03,36.94],[51.91,36.45],[49.79,37.44]]]}},{"type":"Feature","properties":{},"geometry":{"type":"Polygon","coordinates":[[[54.04,36.86],[53.99,38.94],[53.18,39.22],[53.27,39.69],[53.72,39.57],[52.72,40.3],[57.93,37.69],[54.04,36.86]]]}},{"type":"Feature","properties":{},"geometry":{"type":"Polygon","coordinates":[[[68.91,66.89],[69.22,64.22],[66.62,65.84],[68.84,67.42],[68.91,66.89]]]}},{"type":"Feature","properties":{},"geometry":{"type":"Polygon","coordinates":[[[52.87,40.78],[52.44,41.77],[52.74,42.73],[51.27,43.15],[50.22,44.58],[51.52,44.52],[50.84,44.83],[51.42,45.36],[52.96,45.39],[53.08,46.42],[52.63,46.87],[51.25,47.02],[49.62,46.27],[49.18,46.47],[48.73,45.63],[48.55,45.96],[47.66,45.65],[46.69,44.57],[47.74,43.91],[47.46,43.03],[49,41.44],[43.47,43.25],[50.01,47.33],[57.9,49.03],[59.08,50.52],[59.71,53.54],[61.23,49.04],[59.9,46.13],[58.72,45.89],[58.2,44.86],[58.39,43.81],[59.51,43.93],[61.23,41.8],[64.98,39.51],[71.92,38.25],[69.04,36.44],[59.79,36.58],[52.72,40.3],[52.87,40.78]]]}},{"type":"Feature","properties":{},"geometry":{"type":"Polygon","coordinates":[[[61.44,32.73],[61.05,32.1],[60.79,32.81],[61.44,32.73]]]}},{"type":"Feature","properties":{},"geometry":{"type":"Polygon","coordinates":[[[65.79,25.38],[61.26,25.13],[58.12,25.55],[57.31,25.78],[56.9,27],[57.16,27.43],[60.61,26.84],[66.13,29.04],[65.79,25.38]]]}},{"type":"Feature","properties":{},"geometry":{"type":"Polygon","coordinates":[[[56.9,27],[56.21,27.17],[54.79,26.5],[53.72,26.7],[51.4,27.93],[50.1,30.17],[49.56,30],[49.1,30.52],[48.91,30.02],[47.93,30.06],[48.19,29.54],[47.7,29.37],[48.1,29.35],[48.85,27.6],[50.17,26.64],[50.01,25.99],[50.78,24.71],[51,25.98],[51.58,25.92],[51.31,24.28],[51.93,23.95],[54.36,24.23],[56.5,26.36],[56.62,24.49],[58.75,23.52],[59.77,22.17],[58.52,20.41],[57.85,20.24],[57.84,19],[56.84,18.78],[56.35,17.92],[55.43,17.82],[55.02,17.01],[52.45,16.42],[52.2,15.6],[48.69,14.04],[45.67,13.35],[45.04,12.75],[43.55,12.72],[42.31,17.45],[40.79,19.73],[39.2,21.1],[38.45,23.79],[37.43,24.37],[35.22,28.05],[34.58,28.09],[36.16,34.01],[36.2,36.73],[38.34,38.1],[41.92,38.79],[53.82,30.06],[55.13,28.39],[56.81,28.28],[57.17,27.84],[56.9,27]]]}},{"type":"Feature","properties":{},"geometry":{"type":"Polygon","coordinates":[[[53.94,36.81],[57.93,37.69],[59.79,36.58],[61.71,29.61],[62.9,27.77],[59.6,26.77],[57.16,27.43],[56.95,29.17],[54.13,31.02],[53.23,32.38],[52.68,36.4],[53.94,36.81]]]}},{"type":"Feature","properties":{},"geometry":{"type":"Polygon","coordinates":[[[72.98,36.35],[61.44,32.73],[60.79,32.81],[59.79,36.58],[69.04,36.44],[71.92,38.25],[72.98,36.35]]]}},{"type":"Feature","properties":{},"geometry":{"type":"Polygon","coordinates":[[[63.48,27.88],[62.9,27.77],[61.71,29.61],[61.05,32.1],[61.44,32.73],[71.67,35.77],[67.41,31.38],[66.13,29.04],[63.48,27.88]]]}},{"type":"Feature","properties":{},"geometry":{"type":"Polygon","coordinates":[[[48.87,38.3],[49.16,37.6],[52.68,36.4],[52.81,33.92],[53.5,31.74],[56.95,29.17],[56.81,28.28],[55.13,28.39],[53.82,30.06],[41.92,38.79],[42.04,39.67],[43.37,40.86],[47.22,40.35],[48.87,38.3]]]}},{"type":"Feature","properties":{},"geometry":{"type":"Polygon","coordinates":[[[179.53,64.8],[175.21,64.72],[178.29,64.4],[179.62,62.73],[179.13,62.28],[177.12,62.53],[173.56,61.73],[170.29,59.93],[168.37,60.6],[166.27,59.82],[166.26,60.47],[164.86,59.78],[163.52,59.89],[163.25,59.05],[162,58.01],[163.33,57.72],[162.78,56.78],[163.24,56.75],[163.37,56.19],[162.09,56.08],[161.74,55.41],[162.12,54.75],[160.05,54.17],[160.02,53.25],[158.42,53.01],[158.55,52.28],[156.77,50.98],[156.55,51.68],[157.88,53.95],[157.08,57.83],[159.09,58.43],[162.1,60.48],[163.79,60.83],[163.51,61],[164.02,61.31],[164.17,62.27],[174.46,66.68],[179.75,65.67],[179.53,64.8]]]}},{"type":"Feature","properties":{},"geometry":{"type":"Polygon","coordinates":[[[163.12,61.96],[163.04,61.51],[162.39,61.66],[160.18,60.57],[163.12,61.96]]]}},{"type":"Feature","properties":{},"geometry":{"type":"Polygon","coordinates":[[[161.13,69.46],[167.81,69.76],[169.74,68.76],[171.07,69.05],[170.2,69.59],[170.49,70.12],[178.82,69.39],[179.61,69.12],[179.75,65.67],[173.98,66.85],[166.23,67.55],[161.13,69.46]]]}},{"type":"Feature","properties":{},"geometry":{"type":"Polygon","coordinates":[[[160.98,69.45],[166.23,67.55],[174.46,66.68],[166.95,63.18],[163.29,62.52],[163.12,61.96],[160.24,60.74],[160.44,61.03],[159.79,61.24],[160.33,61.94],[159.69,61.67],[159.48,62.41],[155.76,65.08],[155.15,66.79],[156.63,68.08],[160.98,69.45]]]}},{"type":"Feature","properties":{},"geometry":{"type":"Polygon","coordinates":[[[132.28,71.66],[133.15,71.96],[132.76,71.8],[134.27,71.36],[139.87,71.44],[139.38,71.95],[140.29,72.17],[139.18,72.28],[141.33,72.59],[140.88,72.88],[149.35,72.2],[150.11,71.86],[149.07,71.68],[152.56,70.82],[157.34,71.07],[159.58,70.7],[160.12,70.26],[159.69,69.87],[160.76,69.64],[156.63,68.08],[155.15,66.79],[155.76,65.08],[159.48,62.41],[159.69,61.67],[156.68,61.51],[154.22,59.87],[154.06,59.41],[155.18,59.17],[151.36,58.83],[151.12,59.1],[152.32,59.22],[150.54,59.48],[150.56,61.84],[148.27,63.76],[142.07,65.83],[131.31,68.03],[130.94,68.31],[132.41,70.33],[132.28,71.66]]]}},{"type":"Feature","properties":{},"geometry":{"type":"Polygon","coordinates":[[[156.67,51.89],[155.55,55.19],[155.99,56.69],[157.01,57.86],[157.88,53.95],[156.67,51.89]]]}},{"type":"Feature","properties":{},"geometry":{"type":"Polygon","coordinates":[[[131.04,42.64],[129.76,41.76],[129.59,40.8],[127.33,39.41],[128.36,38.68],[129.46,36.61],[126.49,36.13],[126.18,36.88],[127.06,36.99],[126.67,37.83],[125.59,38.04],[125.34,37.67],[124.65,38.13],[125.56,38.7],[125.13,38.87],[125.44,39.56],[124.37,39.99],[121.14,38.72],[121.94,39.4],[121.25,39.38],[121.47,39.79],[122.28,40.47],[121.8,40.95],[120.97,40.82],[118.99,39.19],[117.82,39.17],[117.66,38.42],[118.84,38.21],[119.12,37.2],[120.74,37.84],[122.7,37.39],[122.51,36.9],[120.12,36.2],[119.18,34.93],[120.22,34.33],[117.21,31.45],[112.74,33.06],[105.97,33.81],[94.05,39.29],[104.37,41.58],[113.91,43.11],[127.25,43.61],[131.04,42.64]]]}},{"type":"Feature","properties":{},"geometry":{"type":"Polygon","coordinates":[[[129.46,36.61],[129.23,35.18],[126.52,34.29],[126.25,35.11],[126.9,35.91],[126.56,36.09],[129.46,36.61]]]}},{"type":"Feature","properties":{},"geometry":{"type":"Polygon","coordinates":[[[120.22,34.33],[120.83,32.62],[121.87,31.7],[120.26,31.95],[121.9,30.94],[120.26,30.27],[122.14,29.88],[121.42,29.47],[122,29.6],[122,29.28],[121.48,29.27],[121.67,28.34],[120.64,28.04],[120.11,26.63],[119.57,26.79],[119.96,26.37],[119.66,25.35],[119.31,25.61],[118.65,24.55],[118.17,24.68],[117.59,23.72],[116.53,23.42],[116.48,22.94],[114.78,22.83],[114.3,22.25],[113.43,23.09],[113.57,22.19],[113.12,22.08],[112.96,22.5],[112.92,21.85],[112.39,22.08],[112.34,21.71],[110.33,21.43],[110.29,20.24],[109.66,20.92],[109.95,21.48],[109.58,21.75],[109.16,21.4],[108.48,21.94],[107.36,21.01],[106.64,21.04],[106.81,20.68],[106.08,19.97],[100.24,25.41],[99.88,26.47],[100.14,28.93],[101.85,31.07],[105.26,33.6],[107.5,33.79],[111.76,33.25],[117.21,31.45],[120.22,34.33]]]}},{"type":"Feature","properties":{},"geometry":{"type":"Polygon","coordinates":[[[106.08,19.97],[105.59,19.02],[105.81,18.44],[108.94,15.24],[109.46,12.64],[109.02,11.36],[106.74,10.46],[106.53,9.57],[104.88,8.56],[104.99,10.1],[103.62,10.5],[103.55,11.16],[103.12,10.87],[102.6,12.22],[100.86,12.64],[100.98,13.48],[100.27,13.66],[100.49,16.97],[101.81,19.95],[100.54,24.92],[106.08,19.97]]]}},{"type":"Feature","properties":{},"geometry":{"type":"Polygon","coordinates":[[[100.32,13.52],[99.15,10.35],[99.22,9.26],[99.84,9.3],[100.77,6.98],[102.01,6.31],[102.28,2.17],[100.7,3.89],[99.59,7.37],[98.71,8.33],[98.28,8.2],[98.72,12.81],[97.79,14.87],[97.63,16.5],[97.89,16.29],[96.71,17.35],[96.06,21.47],[96.16,24.11],[97.27,26.81],[100.24,25.41],[101.68,21.25],[101.81,19.95],[100.49,16.97],[100.32,13.52]]]}},{"type":"Feature","properties":{},"geometry":{"type":"Polygon","coordinates":[[[102.01,6.31],[103.44,4.78],[103.44,2.91],[104.28,1.36],[103.51,1.26],[102.28,2.17],[102.01,6.31]]]}},{"type":"Feature","properties":{},"geometry":{"type":"Polygon","coordinates":[[[39.95,15.43],[43.02,12.89],[43.37,11.99],[42.52,11.52],[43.15,11.61],[44.29,10.43],[49.42,11.33],[50.79,11.99],[51.28,11.83],[51.02,10.42],[51.41,10.44],[50.9,10.31],[50.83,9.42],[47.94,4.44],[40.19,-2.73],[38.78,-6],[39.55,-7.02],[39.27,-8.32],[39.71,-9.98],[40.64,-10.69],[40.4,-12.95],[40.84,-14.83],[39.85,-16.45],[37.36,-17.63],[34.89,-19.85],[34.91,-15.29],[33.65,-9.09],[35.41,-7.39],[35.25,-5.13],[36.33,0.34],[36.04,3.74],[36.6,5.52],[37.86,5.6],[38.09,7.24],[41.24,10.84],[39.95,15.43]]]}},{"type":"Feature","properties":{},"geometry":{"type":"Polygon","coordinates":[[[34.71,-19.72],[34.6,-20.52],[35.55,-22.17],[35.5,-24.11],[32.45,-25.98],[32.68,-26.39],[32.96,-26.09],[32.4,-28.52],[30,-31.31],[27.48,-33.31],[25.63,-34.05],[22.57,-34],[20.01,-34.84],[18.79,-34.09],[18.48,-34.36],[17.85,-32.82],[18.31,-32.57],[18.2,-31.67],[15.09,-26.74],[14.43,-22.35],[11.73,-17.81],[11.75,-15.83],[12.53,-13.41],[13.65,-12.24],[13.87,-11.01],[12.99,-9.08],[13.39,-8.36],[12.27,-6.13],[12.97,-5.91],[12.24,-5.83],[11.8,-4.59],[9.63,-2.41],[8.7,-0.67],[9.26,-0.47],[9.35,0.36],[9.93,0.19],[9.31,0.52],[9.98,3.08],[9.72,4.09],[9.22,3.94],[8.29,4.85],[7.21,4.39],[5.67,4.6],[8.33,6.62],[8.56,7.85],[10.82,9.31],[18.06,8.39],[20.62,9.56],[25.83,10.86],[30.79,5.95],[32.07,4.09],[29.42,-0.53],[29.23,-3.81],[29.83,-5.72],[33.65,-9.09],[34.91,-15.29],[34.71,-19.72]]]}},{"type":"Feature","properties":{},"geometry":{"type":"Polygon","coordinates":[[[-9.62,30.38],[-9.85,31.39],[-9.28,32.55],[-6.83,34.04],[-5.9,35.81],[-5.28,35.91],[-4.43,35.16],[-2.96,35.45],[-1.95,35.08],[1.35,36.56],[3.91,36.93],[5.36,36.65],[6.47,37.09],[7.95,36.85],[9.87,37.34],[-0.06,32.91],[-6.1,32],[-9.62,30.38]]]}},{"type":"Feature","properties":{},"geometry":{"type":"Polygon","coordinates":[[[3.05,42.68],[3.2,41.9],[0.59,40.72],[0.89,40.72],[-0.33,39.47],[0.23,38.73],[-2.12,36.74],[-4.4,36.72],[-5.61,36.01],[-6.43,36.73],[-6.09,37.06],[-6.38,36.81],[-6.84,37.3],[-8.99,37.02],[-8.62,38.41],[-9.27,38.67],[-8.72,39.11],[-9.5,38.78],[-8.61,40.73],[-8.62,42.35],[-9.27,42.88],[-8.98,43.28],[-7.68,43.79],[-2.98,43.31],[-1.48,43.59],[3.05,42.68]]]}},{"type":"Feature","properties":{},"geometry":{"type":"Polygon","coordinates":[[[5.67,4.6],[4.91,5.98],[3.92,6.43],[1.43,6.18],[-2.09,4.74],[-3.99,5.25],[-7.6,4.35],[-12.52,7.39],[-13.68,9.94],[-15.51,11.33],[-15.03,11.97],[-15.96,11.73],[-16.39,12.07],[-16.14,12.29],[-16.78,12.41],[-16.4,12.56],[-16.77,12.57],[-16.73,13.46],[-15.59,13.48],[-16.51,13.35],[-17.54,14.75],[-16.55,15.76],[-16.04,17.74],[-16.54,19.38],[-16.2,20.21],[-16.85,21.27],[-17.1,20.83],[-16.78,22.21],[-14.89,24.7],[-14.43,26.23],[-13.57,26.73],[-12.95,27.92],[-10.53,29.02],[-9.62,30.38],[-6.1,32],[-0.06,32.91],[9.94,37.26],[10.36,36.73],[11.04,37.09],[10.47,36.16],[11.16,35.23],[10.09,34.28],[9.55,32.39],[9.84,21.09],[10.75,17.65],[13.89,13.42],[11.1,10.92],[10.82,9.31],[8.56,7.85],[8.33,6.62],[5.67,4.6]]]}},{"type":"Feature","properties":{},"geometry":{"type":"Polygon","coordinates":[[[32.51,29.89],[32.62,28.98],[35.69,23.91],[35.67,22.94],[36.88,22.02],[37.24,19.47],[25.83,10.86],[20.62,9.56],[18.06,8.39],[10.82,9.31],[11.1,10.92],[13.89,13.42],[10.75,17.65],[9.84,21.09],[9.44,30.96],[10.17,33.84],[12.31,32.84],[15.21,32.39],[15.75,31.4],[18.95,30.28],[20.06,30.85],[20.1,32.19],[22.17,32.93],[23.33,32.16],[24.98,31.97],[25.19,31.52],[29.04,30.82],[30.36,31.51],[31.62,31.45],[32.51,29.89]]]}},{"type":"Feature","properties":{},"geometry":{"type":"Polygon","coordinates":[[[36.2,36.73],[34.66,36.81],[32.83,36.03],[30.62,36.85],[30.52,36.35],[29.68,36.12],[28.46,36.88],[27.41,36.67],[28.33,37.05],[27.27,36.97],[27.61,37.27],[27.01,37.67],[27.27,37.97],[26.41,38.25],[29.55,39.86],[30.68,39.96],[32.23,39.25],[33.73,39.89],[38.28,40.27],[39.66,40.04],[41.92,38.79],[38.34,38.1],[36.2,36.73]]]}},{"type":"Feature","properties":{},"geometry":{"type":"Polygon","coordinates":[[[33.99,-8.6],[33.65,-9.09],[29.83,-5.72],[29.23,-3.81],[29.42,-0.53],[32.07,4.09],[36.6,5.52],[36.04,3.74],[36.33,0.34],[35.25,-5.13],[35.41,-7.39],[33.99,-8.6]]]}},{"type":"Feature","properties":{},"geometry":{"type":"Polygon","coordinates":[[[34.93,29.27],[34.17,27.77],[31.62,31.45],[33.14,31.04],[34.58,31.7],[35.99,34.54],[35.73,35.58],[36.11,36.54],[36.27,34.65],[34.93,29.27]]]}},{"type":"Feature","properties":{},"geometry":{"type":"Polygon","coordinates":[[[37.24,19.47],[37.5,18.73],[38.58,18.03],[39.71,15.09],[39.95,15.43],[41.24,10.84],[38.09,7.24],[37.86,5.6],[35.2,5.25],[32.07,4.09],[30.79,5.95],[26.62,10.06],[26.18,11.13],[37.24,19.47]]]}},{"type":"Feature","properties":{},"geometry":{"type":"Polygon","coordinates":[[[29.27,40.82],[29.16,41.22],[31.23,41.1],[33.34,42.03],[35.02,42.1],[36.4,41.25],[40.23,40.92],[41.75,41.76],[41.5,42.61],[45.5,41.56],[47.22,40.35],[43.37,40.86],[39.66,40.04],[35.16,41.13],[29.27,40.82]]]}},{"type":"Feature","properties":{},"geometry":{"type":"Polygon","coordinates":[[[35.39,45.01],[33.97,44.39],[33.38,44.59],[35.39,45.01]]]}},{"type":"Feature","properties":{},"geometry":{"type":"Polygon","coordinates":[[[39.57,43.68],[36.6,45.19],[38.15,46],[37.7,46.7],[38.59,46.66],[39.21,47.28],[34.81,46.17],[35.53,45.28],[36.65,45.38],[36.37,45.06],[33.55,44.66],[32.99,45.33],[33.26,45.5],[32.48,45.39],[33.77,45.93],[31.76,46.31],[32.06,46.39],[31.51,46.58],[32.42,46.48],[31.99,46.87],[29.64,45.83],[29.61,44.86],[28.95,44.75],[26.46,46.35],[24.48,48.88],[18.27,52.67],[14.79,54.04],[18.33,54.84],[18.94,54.34],[19.89,54.63],[19.38,54.23],[20.41,54.68],[19.95,54.93],[20.7,55.08],[21.08,55.72],[20.53,54.96],[21.22,54.92],[21,56.56],[21.7,57.56],[22.61,57.76],[23.64,56.97],[24.41,57.25],[24.58,58.33],[23.74,58.35],[23.52,59.23],[30.17,59.86],[28.62,60.35],[28.71,60.77],[22.92,59.81],[23.03,60.33],[21.43,60.6],[21.72,61.55],[21.12,62.79],[24.54,64.82],[25.33,64.83],[25.05,65.62],[21.74,65.76],[22.19,65.55],[21.31,65.38],[21.54,65.03],[21,64.85],[21.61,64.44],[20.68,63.79],[18.13,62.77],[17.61,63.17],[18,62.66],[17.34,62.48],[17.67,62.23],[17.05,61.58],[17.15,60.68],[19.09,59.76],[17.97,59.44],[18.48,59.17],[17.9,58.85],[17.68,59.18],[17.51,58.78],[16.2,58.64],[16.96,58.48],[16.31,58.49],[16.86,58.18],[16.42,57.93],[16.74,57.7],[16.4,56.68],[15.86,56.07],[14.34,55.96],[14.19,55.38],[12.81,55.38],[13.07,55.67],[12.45,56.29],[12.94,56.58],[11.71,57.72],[11.92,58.35],[11.24,58.35],[11.23,59.13],[10.59,59.43],[10.76,59.91],[10.51,59.52],[10.22,59.74],[10.28,59.04],[9.52,59.13],[8.24,58.12],[7.06,57.98],[5.68,58.54],[5.58,59.04],[6.29,58.84],[6.65,59.06],[5.89,59.07],[6.61,59.56],[5.22,59.5],[7.1,60.49],[5.77,59.98],[5.76,60.39],[5.17,60.37],[5.79,60.73],[5.29,60.54],[4.95,60.81],[5.59,60.87],[5.05,61.06],[7.13,60.87],[7.71,61.23],[5.23,61.11],[4.99,61.28],[5.63,61.37],[5.08,61.32],[5.47,61.49],[5,61.75],[6.84,61.87],[5.1,62.19],[6.31,62.06],[5.94,62.23],[6.72,62.46],[7.21,62.1],[6.27,62.58],[8.15,62.69],[6.99,62.72],[7.29,63.02],[8.55,62.67],[7.89,63.03],[8.69,62.82],[8.18,63.13],[9.73,63.65],[9.85,63.32],[10.91,63.48],[11.38,64.11],[10.11,63.5],[9.53,63.72],[12.15,64.97],[11.3,64.88],[12.95,65.32],[11.98,65.23],[12.77,65.46],[12.36,65.63],[12.66,65.92],[13.21,65.83],[12.7,66.09],[14.17,66.33],[13.02,66.18],[13.56,66.31],[12.97,66.53],[13.74,66.61],[13.2,66.73],[13.99,66.8],[13.49,66.96],[15.47,67.1],[14.31,67.27],[15.89,67.58],[14.77,67.84],[15.89,67.92],[15.27,68.06],[15.96,68.27],[16.52,67.82],[16.18,68.02],[16.74,68.09],[16.17,68.33],[17.91,68.42],[16.46,68.51],[17.68,68.68],[17.24,68.76],[17.81,68.75],[17.47,69],[18.16,69.47],[19.55,69.22],[18.94,69.58],[19.73,69.81],[19.65,69.42],[20.34,69.96],[19.93,69.27],[20.92,69.48],[20.46,69.77],[21.24,70.01],[22.14,69.74],[21.77,70.04],[22.06,70.13],[21.17,70.22],[21.5,70.32],[23.47,69.98],[23.18,70.22],[24.69,70.63],[24.23,70.84],[24.63,70.99],[25.91,70.87],[25.04,70.51],[24.98,70.05],[26.54,70.95],[26.51,70.35],[27.67,70.8],[27.22,71.03],[28.19,71.1],[28.55,70.97],[27.8,70.8],[28.31,70.69],[27.86,70.43],[28.95,70.88],[31.05,70.36],[28.56,70.18],[29.68,69.98],[29.49,69.66],[32.08,69.94],[33.12,69.72],[32.11,69.74],[32.52,69.5],[32.21,69.41],[33.5,69.39],[33.05,69.05],[35.82,69.18],[40.97,67.7],[41.2,66.82],[38.68,66.05],[31.85,67.13],[33.71,66.41],[33.01,66.25],[34.83,65.88],[34.28,65.37],[34.96,64.83],[34.78,64.51],[37.45,63.79],[38.04,64.33],[36.44,64.92],[40.53,64.52],[39.8,65.59],[42.26,66.52],[44.18,65.89],[44.53,66.9],[43.77,67.26],[44.36,68.03],[43.26,68.67],[46.53,68.12],[46.67,67.81],[44.83,67.31],[45.96,66.81],[47.6,66.89],[47.85,67.59],[49.06,67.62],[48.59,67.92],[52.43,68.33],[53.88,68.96],[54.58,68.98],[53.62,68.9],[53.95,68.4],[53.12,68.13],[58.9,68.98],[59.52,68.73],[59.11,68.41],[59.77,68.36],[61.23,68.79],[60.18,69.55],[60.86,69.86],[64.38,69.48],[68.79,68.14],[68.84,67.42],[68.19,66.88],[63.02,64.02],[62.4,60.81],[62.68,57.04],[62.08,55.81],[60.01,54.12],[58.38,49.41],[56.59,48.47],[50.01,47.33],[43.47,43.25],[39.57,43.68]]]}},{"type":"Feature","properties":{},"geometry":{"type":"Polygon","coordinates":[[[8.66,55.12],[8.08,55.56],[8.17,56.66],[8.56,56.56],[8.23,56.76],[10.66,57.74],[10.19,56.7],[10.96,56.43],[9.54,55.71],[9.76,54.93],[8.66,55.12]]]}},{"type":"Feature","properties":{},"geometry":{"type":"Polygon","coordinates":[[[26.81,38.58],[26.95,39.56],[26.07,39.48],[26.18,40],[29.95,40.75],[29.27,40.82],[35.16,41.13],[38.28,40.27],[33.73,39.89],[32.23,39.25],[30.68,39.96],[29.55,39.86],[26.81,38.58]]]}},{"type":"Feature","properties":{},"geometry":{"type":"Polygon","coordinates":[[[22.7,40.54],[22.6,40.02],[23.35,39.19],[22.94,39.36],[23.06,39.02],[22.52,38.86],[23.97,38.28],[24.09,37.79],[23.02,37.92],[23.52,37.45],[22.72,37.56],[23.05,36.91],[22.37,36.61],[22.15,37.02],[21.71,36.82],[21.13,37.94],[21.85,38.34],[23.23,38.16],[21.11,38.34],[20.73,38.86],[21.12,39.04],[20.73,38.95],[19.3,40.43],[19.6,41.81],[15.96,43.5],[14.84,45.11],[14.33,45.35],[13.91,44.77],[13.55,45.8],[12.46,45.56],[12.15,45.39],[12.54,44.96],[12.39,44.23],[13.63,43.55],[13.95,42.72],[15.11,41.93],[16.15,41.91],[15.96,41.46],[18.5,40.11],[18.24,39.84],[16.9,40.43],[16.49,39.78],[17.17,38.97],[15.78,37.92],[16.22,38.86],[15.66,40.04],[11.1,42.39],[10.17,43.96],[8.76,44.43],[7.62,43.79],[6.93,44.23],[6.5,45.85],[10.51,47.66],[16.72,48.24],[15.94,46.18],[19.96,43.42],[22.7,40.54]]]}},{"type":"Feature","properties":{},"geometry":{"type":"Polygon","coordinates":[[[27.65,42.56],[28.79,40.99],[26.79,40.56],[24.43,40.95],[23.7,40.7],[24.4,40.15],[23.74,40.36],[24.03,40.02],[23.41,40.29],[23.71,39.91],[23.36,39.96],[20.5,42.44],[19.96,43.42],[15.78,46.58],[16.72,48.24],[18.7,49.15],[23.2,49.57],[25.22,48.29],[26.46,46.35],[25.79,45.54],[22.72,44.85],[22.79,43.51],[23.93,43.09],[27.9,43.14],[27.65,42.56]]]}},{"type":"Feature","properties":{},"geometry":{"type":"Polygon","coordinates":[[[7.62,43.79],[6.15,43.03],[4.07,43.57],[3.05,42.68],[-1.48,43.59],[-1.13,45.52],[-0.56,45.04],[-1.23,45.69],[-1.12,46.29],[-2.71,47.64],[-4.37,47.79],[-4.74,48.04],[-4.19,48.3],[-4.77,48.53],[-3.08,48.89],[-2.69,48.5],[-1.36,48.64],[-1.94,49.73],[-0.23,49.27],[0.7,49.84],[3.37,48.89],[6,48.76],[10.81,51.28],[14.33,51.98],[19.76,51.65],[22.67,49.73],[19.36,49.32],[16.72,48.24],[11.91,47.88],[8.39,47.02],[6.5,45.85],[6.93,44.23],[7.62,43.79]]]}},{"type":"Feature","properties":{},"geometry":{"type":"Polygon","coordinates":[[[0.7,49.84],[1.67,50.19],[1.59,50.88],[4.24,51.35],[3.44,51.54],[4.64,51.71],[4.01,51.96],[4.74,52.97],[5.3,52.71],[4.78,52.41],[5.14,52.33],[5.66,52.61],[5.61,53.31],[7.22,53.24],[7.1,53.59],[7.87,53.72],[8.5,53.36],[8.67,53.89],[9.83,53.53],[8.58,54.31],[9.05,54.48],[8.28,54.75],[8.66,55.12],[9.76,54.93],[9.42,54.83],[10.13,54.32],[11.14,54.39],[10.78,53.89],[12.53,54.49],[14.58,53.58],[14.79,54.04],[15.75,53.74],[19.76,51.65],[12.73,51.79],[9.77,50.82],[6,48.76],[3.37,48.89],[0.7,49.84]]]}},{"type":"Feature","properties":{},"geometry":{"type":"Polygon","coordinates":[[[28.86,44.54],[28.6,43.56],[27.9,43.14],[23.25,43.2],[22.48,44.15],[22.72,44.85],[25.79,45.54],[26.46,46.35],[28.86,44.54]]]}},{"type":"Feature","properties":{},"geometry":{"type":"Polygon","coordinates":[[[-105.04,77.55],[-104.34,77.21],[-106.09,77.73],[-105.04,77.55]]]}},{"type":"Feature","properties":{},"geometry":{"type":"Polygon","coordinates":[[[-95.41,77.79],[-93.08,77.66],[-96.33,77.6],[-95.41,77.79]]]}},{"type":"Feature","properties":{},"geometry":{"type":"Polygon","coordinates":[[[-101.67,77.9],[-100.9,77.73],[-102.52,77.8],[-101.67,77.9]]]}},{"type":"Feature","properties":{},"geometry":{"type":"Polygon","coordinates":[[[-114.3,78.07],[-113.54,77.82],[-115.08,77.96],[-114.3,78.07]]]}},{"type":"Feature","properties":{},"geometry":{"type":"Polygon","coordinates":[[[-109.96,78.11],[-109.54,78.04],[-110.89,77.86],[-110.02,77.74],[-110.87,77.4],[-113.29,77.79],[-109.96,78.11]]]}},{"type":"Feature","properties":{},"geometry":{"type":"Polygon","coordinates":[[[22.98,78.23],[24.37,77.83],[22.68,77.24],[22.52,77.61],[20.85,77.45],[21.55,77.91],[20.84,78.12],[22.98,78.23]]]}},{"type":"Feature","properties":{},"geometry":{"type":"Polygon","coordinates":[[[21.4,78.59],[22.21,78.36],[20.17,78.48],[21.4,78.59]]]}},{"type":"Feature","properties":{},"geometry":{"type":"Polygon","coordinates":[[[-110.38,78.76],[-109.23,78.45],[-113.31,78.34],[-110.38,78.76]]]}},{"type":"Feature","properties":{},"geometry":{"type":"Polygon","coordinates":[[[-96.9,78.69],[-94.91,78.39],[-95.44,78.23],[-94.9,78.06],[-97.11,77.8],[-97.78,78.03],[-96.87,78.13],[-98.43,78.5],[-96.9,78.69]]]}},{"type":"Feature","properties":{},"geometry":{"type":"Polygon","coordinates":[[[10.96,78.77],[12.15,78.21],[10.49,78.9],[10.96,78.77]]]}},{"type":"Feature","properties":{},"geometry":{"type":"Polygon","coordinates":[[[28.45,78.96],[29.69,78.9],[27.86,78.85],[28.45,78.96]]]}},{"type":"Feature","properties":{},"geometry":{"type":"Polygon","coordinates":[[[-103.88,79.37],[-99.97,78.73],[-98.93,78.06],[-99.9,77.78],[-104.41,78.26],[-105.02,78.5],[-103.3,78.73],[-105.62,79.14],[-103.88,79.37]]]}},{"type":"Feature","properties":{},"geometry":{"type":"Polygon","coordinates":[[[102.54,79.39],[103.2,79.29],[102.42,78.78],[103.87,79.16],[105.39,78.54],[99.49,78.03],[102.54,79.39]]]}},{"type":"Feature","properties":{},"geometry":{"type":"Polygon","coordinates":[[[16.29,80.07],[18.04,79.73],[17.66,79.37],[18.3,79.62],[21.53,78.76],[18.96,78.47],[19.05,78.12],[17.88,77.51],[15.66,79.69],[16.29,80.07]]]}},{"type":"Feature","properties":{},"geometry":{"type":"Polygon","coordinates":[[[17.88,77.51],[17.09,76.64],[16.29,76.57],[15.51,76.88],[16.5,77.01],[13.94,77.53],[16.23,77.43],[14.75,77.65],[17.02,77.93],[13.97,77.72],[13.61,78.05],[16.95,78.36],[17.88,77.51]]]}},{"type":"Feature","properties":{},"geometry":{"type":"Polygon","coordinates":[[[16.53,78.72],[13,78.2],[12.38,78.49],[13.22,78.54],[11.34,78.97],[12.5,78.91],[11.67,79.07],[12.13,79.3],[11.19,79.12],[10.66,79.54],[13.79,79.88],[12.39,79.58],[14.07,79.27],[13.84,79.54],[14.67,79.79],[16.53,78.72]]]}},{"type":"Feature","properties":{},"geometry":{"type":"Polygon","coordinates":[[[91.96,80.07],[93.91,79.91],[91.79,79.65],[91.27,79.74],[92.41,79.76],[91,80.07],[91.96,80.07]]]}},{"type":"Feature","properties":{},"geometry":{"type":"Polygon","coordinates":[[[-99.62,80.15],[-98.62,79.78],[-100.16,79.92],[-99.62,80.15]]]}},{"type":"Feature","properties":{},"geometry":{"type":"Polygon","coordinates":[[[97.27,80.16],[98.13,80.05],[96.48,79.72],[99.33,80.06],[100.16,79.78],[99.84,79.28],[99.22,79.29],[100.05,78.95],[95.11,79.03],[93.95,79.64],[92.96,79.58],[97.27,80.16]]]}},{"type":"Feature","properties":{},"geometry":{"type":"Polygon","coordinates":[[[33.15,80.3],[33.5,80.19],[31.45,80.11],[33.15,80.3]]]}},{"type":"Feature","properties":{},"geometry":{"type":"Polygon","coordinates":[[[53.39,80.38],[53.95,80.23],[52.22,80.24],[53.39,80.38]]]}},{"type":"Feature","properties":{},"geometry":{"type":"Polygon","coordinates":[[[58.08,80.48],[59.32,80.32],[57.86,80.09],[57.01,80.45],[58.08,80.48]]]}},{"type":"Feature","properties":{},"geometry":{"type":"Polygon","coordinates":[[[22.95,80.44],[23.33,80.42],[23.16,80.11],[27.24,80.06],[23.63,79.22],[17.7,80.13],[19.59,80.15],[19,80.34],[19.82,80.22],[19.64,80.51],[22.21,79.98],[22.95,80.44]]]}},{"type":"Feature","properties":{},"geometry":{"type":"Polygon","coordinates":[[[56.4,80.76],[57.01,80.67],[55.41,80.68],[56.4,80.76]]]}},{"type":"Feature","properties":{},"geometry":{"type":"Polygon","coordinates":[[[47.66,80.84],[48.79,80.65],[44.89,80.59],[47.66,80.84]]]}},{"type":"Feature","properties":{},"geometry":{"type":"Polygon","coordinates":[[[62.14,80.83],[61.16,80.37],[59.34,80.49],[62.14,80.83]]]}},{"type":"Feature","properties":{},"geometry":{"type":"Polygon","coordinates":[[[55.31,80.84],[55.97,80.77],[54.04,80.82],[55.31,80.84]]]}},{"type":"Feature","properties":{},"geometry":{"type":"Polygon","coordinates":[[[50.9,80.93],[50.21,80.75],[51.8,80.71],[48.34,80.07],[46.73,80.3],[50.9,80.93]]]}},{"type":"Feature","properties":{},"geometry":{"type":"Polygon","coordinates":[[[79.19,80.83],[78.61,80.85],[79.95,80.9],[79.19,80.83]]]}},{"type":"Feature","properties":{},"geometry":{"type":"Polygon","coordinates":[[[54.92,81.08],[57.83,80.76],[54.45,81.02],[54.92,81.08]]]}},{"type":"Feature","properties":{},"geometry":{"type":"Polygon","coordinates":[[[56.45,81.08],[58.34,80.9],[56.1,81.1],[56.45,81.08]]]}},{"type":"Feature","properties":{},"geometry":{"type":"Polygon","coordinates":[[[61.14,81.11],[61.66,81.09],[60,80.97],[61.14,81.11]]]}},{"type":"Feature","properties":{},"geometry":{"type":"Polygon","coordinates":[[[64.86,81.17],[65.38,80.91],[62.52,80.78],[64.86,81.17]]]}},{"type":"Feature","properties":{},"geometry":{"type":"Polygon","coordinates":[[[91.1,81.21],[91.72,81.11],[90.08,81.11],[91.1,81.21]]]}},{"type":"Feature","properties":{},"geometry":{"type":"Polygon","coordinates":[[[96,81.21],[98.02,80.67],[96.72,80.71],[97.32,80.23],[93.82,80.01],[91.47,80.26],[92.77,80.33],[91.99,80.41],[92.88,80.48],[93.38,80.76],[92.59,80.73],[93.15,80.93],[96,81.21]]]}},{"type":"Feature","properties":{},"geometry":{"type":"Polygon","coordinates":[[[-93.47,81.37],[-88.8,80.13],[-87.67,80.4],[-88.1,80.12],[-86.93,79.91],[-87.43,79.53],[-84.87,79.27],[-87.61,78.64],[-88.16,79],[-88.36,78.66],[-87.88,78.55],[-88.81,78.61],[-88.83,78.15],[-89.98,78.61],[-89.44,78.16],[-92.05,78.2],[-92.99,78.47],[-91.62,78.54],[-94.31,78.98],[-90.73,79.22],[-95.21,79.29],[-95.75,79.53],[-94.29,79.7],[-96.79,80.08],[-94.42,80],[-94.82,80.08],[-94.11,80.18],[-96.69,80.33],[-93.81,80.52],[-95.55,80.81],[-93.06,81.18],[-94.41,81.25],[-93.47,81.37]]]}},{"type":"Feature","properties":{},"geometry":{"type":"Polygon","coordinates":[[[56.65,81.41],[57.96,81.29],[55.46,81.26],[56.65,81.41]]]}},{"type":"Feature","properties":{},"geometry":{"type":"Polygon","coordinates":[[[57.67,81.56],[58.58,81.42],[56.83,81.47],[57.67,81.56]]]}},{"type":"Feature","properties":{},"geometry":{"type":"Polygon","coordinates":[[[-51.63,82.08],[-51.2,81.99],[-53.42,82.23],[-51.63,82.08]]]}},{"type":"Feature","properties":{},"geometry":{"type":"Polygon","coordinates":[[[-46.06,82.64],[-44.42,82.35],[-45.05,82.06],[-47.75,82.63],[-46.06,82.64]]]}},{"type":"Feature","properties":{},"geometry":{"type":"Polygon","coordinates":[[[-45.85,83.07],[-44.9,82.86],[-46.95,82.96],[-45.85,83.07]]]}},{"type":"Feature","properties":{},"geometry":{"type":"Polygon","coordinates":[[[-69.96,83.11],[-66.38,82.93],[-68.67,82.62],[-64.85,82.91],[-61.13,82.32],[-64.41,81.72],[-69.34,81.71],[-66.65,81.51],[-70.23,81.17],[-64.46,81.48],[-69.52,80.37],[-70.82,80.55],[-70.12,80.19],[-72.41,80.21],[-70.47,80.09],[-71.43,79.73],[-74.24,79.88],[-74.92,79.84],[-73.12,79.55],[-78.06,79.35],[-74.4,79.05],[-77.8,79.21],[-74.6,78.59],[-76.91,78.21],[-75.6,78.13],[-75.88,77.96],[-78.35,77.93],[-77.7,77.6],[-78.33,77.37],[-82.21,77.29],[-77.74,76.81],[-81.06,76.13],[-80.76,76.41],[-82.5,76.72],[-82.15,76.43],[-89.65,76.57],[-86.61,77.18],[-88.22,77.86],[-84.46,77.29],[-82.31,78.07],[-83.9,77.49],[-85.69,77.93],[-84.81,78.35],[-87.52,78.13],[-86.82,78.75],[-82.34,78.56],[-83.27,78.83],[-81.59,79.02],[-84.73,79.03],[-83.52,79.02],[-86.43,79.76],[-86.53,80.3],[-79.88,79.65],[-83.23,80.32],[-76.51,80.85],[-79,80.88],[-76.75,81.44],[-80.98,80.65],[-85.17,80.51],[-86.76,80.59],[-82.35,81.18],[-87.54,80.62],[-89.45,80.91],[-84.71,81.29],[-89.73,81.01],[-90.32,81.18],[-87.27,81.49],[-91.96,81.63],[-88.08,82.1],[-84.55,81.88],[-86.9,82.21],[-85.18,82.48],[-79.2,81.81],[-82.73,82.39],[-80.58,82.54],[-81.57,82.81],[-78.5,82.68],[-80.42,82.89],[-79.94,82.94],[-75.86,82.59],[-76.27,82.44],[-75.46,82.61],[-77.45,82.98],[-72.63,82.69],[-73.64,82.94],[-69.96,83.11]]]}},{"type":"Feature","properties":{},"geometry":{"type":"Polygon","coordinates":[[[-40.33,83.35],[-38.65,83.12],[-40.74,83.28],[-40.33,83.35]]]}},{"type":"Feature","properties":{},"geometry":{"type":"Polygon","coordinates":[[[-52.11,64.44],[-51.25,65.02],[-52.22,64.8],[-52,65.32],[-52.57,65.34],[-50.56,65.71],[-52.51,65.39],[-52.7,65.8],[-53.26,65.68],[-51.75,66.07],[-53.48,66.03],[-50.32,66.83],[-53.56,66.09],[-53.1,66.29],[-53.64,66.51],[-52.42,66.55],[-53.49,66.64],[-52.23,66.84],[-53.99,67.1],[-50.36,67.17],[-53.9,67.23],[-52.79,67.75],[-50.07,67.51],[-51.33,67.71],[-50.15,67.85],[-51.39,67.87],[-51.03,67.98],[-53.77,67.6],[-53.11,68.06],[-52.06,67.97],[-53.33,68.19],[-50.14,67.93],[-51.45,68.2],[-50.82,68.5],[-53.42,68.33],[-51.04,68.58],[-50.67,68.83],[-51.31,68.75],[-51.1,69.14],[-50.2,68.97],[-50.71,69.11],[-50.12,69.22],[-50.42,69.35],[-51.15,69.21],[-50.25,69.51],[-50.9,69.49],[-50.23,70.02],[-54.63,70.66],[-50.55,70.33],[-51.47,70.74],[-50.88,70.88],[-51.97,71.03],[-50.94,71.03],[-52.26,71.12],[-51.54,71.3],[-52.56,71.17],[-51.37,71.48],[-53,71.42],[-51.65,71.71],[-53.53,72],[-54.11,71.73],[-53.9,71.45],[-55.52,71.47],[-55.88,71.7],[-54.63,72],[-55.61,72],[-54.9,72.33],[-55.65,72.45],[-54.58,72.83],[-55.74,73.09],[-55.06,73.37],[-56.07,73.65],[-55.6,73.87],[-56.43,74.07],[-56.13,74.26],[-57.31,74.11],[-56.09,74.38],[-58.69,75.35],[-58.14,75.52],[-58.41,75.73],[-63.42,76.38],[-68.51,76.09],[-69.64,76.38],[-67.94,76.69],[-71.38,77.02],[-66.03,77.5],[-70.18,77.55],[-69.5,77.69],[-73.04,78.17],[-65.64,79.21],[-64.81,79.54],[-65.07,80],[-63.6,80.12],[-67.41,80.33],[-63.64,81.14],[-62.72,80.75],[-63.33,81.15],[-61.08,81.12],[-61.34,81.35],[-60.78,81.5],[-61.45,81.74],[-60.82,81.88],[-56.53,81.33],[-59.52,81.99],[-54.5,82.36],[-53.6,82.11],[-53.88,81.69],[-53.5,81.5],[-52.92,82.03],[-49.88,81.6],[-51.14,81.93],[-49.48,81.92],[-51.07,82.51],[-44.69,81.76],[-44.22,81.83],[-44.98,82.03],[-44.35,82.11],[-44.66,82.28],[-42.33,82.22],[-45.82,82.77],[-39.75,82.5],[-45.6,83.13],[-42.89,83.09],[-44.03,83.2],[-42.93,83.21],[-43.29,83.27],[-38.64,82.75],[-39.19,82.98],[-36.96,83.15],[-38.91,83.43],[-30.31,83.6],[-25.7,83.29],[-35.67,82.91],[-25.26,83.17],[-24.77,83],[-25.94,82.77],[-21.33,82.6],[-32.82,81.76],[-24.55,81.99],[-26.73,81.47],[-26.34,81.43],[-21,81.93],[-21.31,81.46],[-23.97,80.57],[-18.94,81.6],[-19.54,81.36],[-15.63,81.83],[-11.31,81.46],[-15.47,80.62],[-20.88,80.55],[-15.7,80.42],[-20.52,80.11],[-19.98,79.72],[-17.16,80.01],[-19.45,79.6],[-19.67,79.11],[-18.8,79.24],[-21.07,78.76],[-20.77,78.58],[-21.95,77.66],[-19.26,77.73],[-18.94,77.59],[-21.06,77.5],[-18.47,77.28],[-18.23,76.9],[-22.7,76.69],[-19.75,76.11],[-21.87,75.97],[-19.36,75.72],[-19.58,75.15],[-22.15,75.67],[-21.4,75.45],[-22.51,75.55],[-20.5,75.14],[-22.46,75.16],[-18.98,74.48],[-22.46,74.3],[-22.02,74.3],[-22.51,74.06],[-21.89,73.65],[-21.75,74.06],[-20.27,73.88],[-20.54,73.45],[-22.45,73.26],[-24.1,73.67],[-22.27,73.64],[-25.73,73.96],[-24.69,73.52],[-27.32,73.5],[-26.36,73.24],[-27.71,73.13],[-25.07,73.06],[-27.41,72.86],[-24.7,72.68],[-26.31,72.39],[-25.25,72.39],[-25.55,72.03],[-24.63,72.43],[-22.49,71.9],[-23.12,71.62],[-21.91,71.73],[-22.57,71.46],[-21.67,71.4],[-22.33,71.04],[-21.68,71.07],[-22.01,70.97],[-21.59,70.95],[-21.7,70.44],[-22.4,70.45],[-22.51,70.86],[-22.63,70.44],[-23.37,70.45],[-24.61,71.34],[-28.72,72.1],[-27.34,71.71],[-28.47,71.55],[-25.43,71.32],[-27.93,71.15],[-27.63,70.95],[-29.26,70.45],[-26.34,70.37],[-28.55,70.04],[-25.26,70.41],[-22.1,70.13],[-26.38,68.67],[-30.84,68.24],[-30.44,68.07],[-32.53,68.61],[-32.03,67.92],[-33.22,67.68],[-34.62,66.37],[-37.48,66],[-37.2,65.75],[-37.84,65.88],[-37.15,66.31],[-37.88,66.44],[-38,65.94],[-38.48,66.02],[-38.21,65.64],[-39.35,65.75],[-40.21,65.49],[-39.77,65.39],[-40.15,65.01],[-41.13,65.11],[-40.4,64.37],[-41.56,64.26],[-40.59,64.12],[-40.52,63.69],[-41.5,63.85],[-40.76,63.52],[-41.93,63.47],[-41.43,63.11],[-42.19,63.19],[-41.78,62.82],[-43.15,62.74],[-42.15,62.38],[-42.99,62.51],[-42.11,62],[-42.88,61.76],[-42.23,61.69],[-43.25,61.33],[-42.65,61.09],[-43.63,61.13],[-42.71,61.06],[-43.53,60.83],[-42.85,60.56],[-44.2,60.62],[-43.13,60.07],[-44.09,60.38],[-45.16,60.08],[-44.47,60.56],[-45.2,60.12],[-44.62,60.74],[-46,60.56],[-45.26,60.9],[-46.23,60.74],[-45.21,61.19],[-46.06,60.91],[-45.79,61.33],[-48.24,60.81],[-47.68,61],[-48.41,60.97],[-47.93,61.32],[-49.28,61.55],[-48.58,61.63],[-49.16,61.71],[-48.75,61.98],[-49.44,61.82],[-48.85,62.07],[-49.72,62],[-49.3,62.26],[-50.33,62.49],[-49.7,63.05],[-50.38,62.77],[-50.16,63],[-50.62,63.09],[-50.06,63.22],[-51.11,63.33],[-50.16,63.38],[-51.56,63.69],[-50.91,63.92],[-51.63,64.02],[-50.54,64.2],[-51.76,64.18],[-50.17,64.44],[-50.92,64.59],[-50.5,64.7],[-49.59,64.34],[-51.04,65.22],[-50.64,64.75],[-52.11,64.44]]]}}]}
