{"type":"FeatureCollection","features":[{"type":"Feature","properties":{},"geometry":{"type":"Polygon","coordinates":[[[-167.25,-80.57],[-171.6,-79.84],[-168.74,-79.49],[-166.01,-80.37],[-167.25,-80.57]]]}},{"type":"Feature","properties":{},"geometry":{"type":"Polygon","coordinates":[[[158.68,-78.09],[160.52,-78.19],[157.65,-78.51],[157.07,-78.2],[157.7,-77.83],[158.68,-78.09]]]}},{"type":"Feature","properties":{},"geometry":{"type":"Polygon","coordinates":[[[-82.22,-77],[-80.15,-77.99],[-85.25,-77.75],[-82.22,-77]]]}},{"type":"Feature","properties":{},"geometry":{"type":"Polygon","coordinates":[[[-133.13,-75.1],[-133.83,-74.75],[-132.79,-74.87],[-133.13,-75.1]]]}},{"type":"Feature","properties":{},"geometry":{"type":"Polygon","coordinates":[[[-122.02,-74.41],[-123.4,-74.58],[-121.55,-74.27],[-122.02,-74.41]]]}},{"type":"Feature","properties":{},"geometry":{"type":"Polygon","coordinates":[[[-128.34,-74.04],[-124.38,-74.21],[-127.58,-74.77],[-128.41,-74.69],[-128.11,-74.28],[-128.74,-74.19],[-128.34,-74.04]]]}},{"type":"Feature","properties":{},"geometry":{"type":"Polygon","coordinates":[[[-131.79,-73.56],[-130.8,-73.79],[-130.89,-74.21],[-129.23,-74.43],[-132.94,-73.86],[-131.79,-73.56]]]}},{"type":"Feature","properties":{},"geometry":{"type":"Polygon","coordinates":[[[-80.67,-72.75],[-79.72,-72.91],[-79.73,-73.46],[-81.59,-73.1],[-80.67,-72.75]]]}},{"type":"Feature","properties":{},"geometry":{"type":"Polygon","coordinates":[[[-96.69,-73.29],[-97.16,-72.73],[-96.29,-72.8],[-96.69,-73.29]]]}},{"type":"Feature","properties":{},"geometry":{"type":"Polygon","coordinates":[[[-104.07,-72],[-103.03,-72.35],[-101.88,-71.95],[-102.68,-72.32],[-100.97,-72.46],[-104.08,-72.72],[-108.07,-72.36],[-104.07,-72]]]}},{"type":"Feature","properties":{},"geometry":{"type":"Polygon","coordinates":[[[-80.7,-69.46],[-80.25,-69.73],[-81.9,-69.61],[-80.7,-69.46]]]}},{"type":"Feature","properties":{},"geometry":{"type":"Polygon","coordinates":[[[-78.38,-69.21],[-77.93,-69.43],[-78.69,-69.36],[-78.38,-69.21]]]}},{"type":"Feature","properties":{},"geometry":{"type":"Polygon","coordinates":[[[-76.07,-68.73],[-74.17,-70.5],[-73.75,-71.49],[-74.02,-72.11],[-77.46,-72.58],[-78.19,-72.35],[-76.26,-71.87],[-77.95,-71.45],[-79.14,-72.07],[-81.33,-71.39],[-79.14,-71.46],[-79.82,-71.15],[-76.43,-70.84],[-77.32,-70.26],[-75.8,-70.09],[-77.72,-69.69],[-77.54,-69.16],[-78.07,-69.01],[-76.07,-68.73]]]}},{"type":"Feature","properties":{},"geometry":{"type":"Polygon","coordinates":[[[-73.88,-66.46],[-74.16,-67.41],[-75.22,-67.45],[-73.88,-66.46]]]}},{"type":"Feature","properties":{},"geometry":{"type":"Polygon","coordinates":[[[112.53,-66.04],[113.43,-66.87],[112.21,-66.94],[112.67,-66.7],[112.15,-65.97],[112.53,-66.04]]]}},{"type":"Feature","properties":{},"geometry":{"type":"Polygon","coordinates":[[[91.44,-65.7],[91.13,-65.59],[92.1,-65.52],[91.44,-65.7]]]}},{"type":"Feature","properties":{},"geometry":{"type":"Polygon","coordinates":[[[-69.65,-64.05],[-69.12,-64.35],[-70.57,-64.49],[-69.65,-64.05]]]}},{"type":"Feature","properties":{},"geometry":{"type":"Polygon","coordinates":[[[-68.68,-63.79],[-68.35,-63.92],[-69.11,-64.28],[-68.68,-63.79]]]}},{"type":"Feature","properties":{},"geometry":{"type":"Polygon","coordinates":[[[-64.17,-63.54],[-63.41,-63.9],[-64.56,-64.14],[-64.81,-63.8],[-64.17,-63.54]]]}},{"type":"Feature","properties":{},"geometry":{"type":"Polygon","coordinates":[[[-82.66,-76.73],[-85.69,-76.96],[-85.93,-77.47],[-87.87,-77.17],[-86.45,-77.9],[-86.79,-78.13],[-86.37,-78.39],[-85.32,-78.64],[-85.6,-78.87],[-85.15,-79.06],[-85.63,-79.18],[-84.22,-79.72],[-83.94,-79.55],[-84.39,-79.28],[-82.69,-79.41],[-83,-79.48],[-82.27,-79.98],[-83.82,-79.95],[-81.96,-80.36],[-88.16,-81.85],[-84.43,-83.63],[-84.84,-84.64],[-107.63,-84.54],[-115.15,-83.1],[-111.85,-81.99],[-107.04,-81.62],[-95.42,-78.53],[-94.9,-78.35],[-95.47,-77.9],[-95.25,-77.53],[-92.52,-76.73],[-85.04,-76.16],[-82.66,-76.73]]]}},{"type":"Feature","properties":{},"geometry":{"type":"Polygon","coordinates":[[[-63.67,-62.96],[-63.16,-63.32],[-64.5,-63.42],[-65.14,-64.27],[-65.99,-64.08],[-68.44,-65.11],[-67.92,-65.31],[-68.57,-65.73],[-66.82,-65.71],[-67.12,-66.02],[-69.03,-66.02],[-68.75,-66.53],[-69.73,-65.96],[-70.3,-66.57],[-69.84,-66.68],[-71.6,-67.17],[-71.77,-67.71],[-71.36,-67.79],[-71.72,-67.96],[-70.8,-67.92],[-71.52,-68.14],[-70.97,-68.22],[-71.15,-68.46],[-68.94,-68.26],[-69.85,-68.47],[-69.19,-68.62],[-69.77,-68.83],[-68.34,-69.29],[-68.56,-69.6],[-67.74,-69.97],[-68.24,-70.25],[-67.25,-70.28],[-67.88,-70.69],[-67.16,-70.61],[-66.75,-71.13],[-67.3,-71.24],[-66.49,-71.53],[-67.63,-71.74],[-66.33,-71.78],[-66.72,-71.94],[-66.28,-72.16],[-67.15,-72.45],[-65.37,-72.68],[-66.11,-72.95],[-66.47,-73.71],[-66.16,-73.86],[-67.05,-74.08],[-66.12,-74.14],[-69.64,-75.11],[-68.33,-75.13],[-74.77,-76.3],[-72.46,-76.72],[-72.33,-77.08],[-77.91,-77.75],[-80.47,-77.06],[-80.55,-76.58],[-82.66,-76.73],[-89.78,-74.66],[-88.33,-73.71],[-86.11,-73.75],[-86.47,-73.33],[-85.44,-73.37],[-85.65,-72.99],[-83.89,-73.61],[-81.92,-73.54],[-82.28,-73.83],[-73.1,-72.69],[-72.43,-72.24],[-72.54,-71.72],[-74.73,-69.27],[-72.69,-68.88],[-73.44,-68.67],[-72.88,-68.61],[-73.17,-68.12],[-72.62,-68.06],[-73.34,-67.8],[-72.57,-67.33],[-73.64,-67.4],[-73.58,-66.89],[-72.55,-67.14],[-72.71,-66.48],[-71.89,-66.51],[-71.87,-65.96],[-69.88,-65.3],[-70.3,-65.21],[-70.09,-64.83],[-69.35,-64.94],[-67.3,-63.81],[-63.67,-62.96]]]}},{"type":"Feature","properties":{},"geometry":{"type":"Polygon","coordinates":[[[170.6,-86.07],[171.03,-85.1],[172.98,-85.02],[172.13,-84.92],[179.99,-85.27],[179.99,-89.99],[-179.99,-89.99],[-179.99,-85.27],[-166.46,-86.06],[-167.04,-86.16],[-140.27,-85.62],[-156.17,-85.09],[-158.78,-84.51],[-158.57,-84],[-160.23,-83.27],[-148.25,-83.07],[-143.03,-84.49],[-126.24,-85.55],[-107.63,-84.54],[-85.93,-84.77],[-63.88,-83.12],[-48.59,-81.35],[-39.59,-79.71],[-35.82,-79.9],[-35.35,-79.51],[-36.12,-79.01],[-35.4,-78.75],[-41.19,-78.45],[-41.77,-77.97],[-40.88,-77.34],[-30.94,-75.19],[-29.07,-74.05],[-24.99,-72.94],[-18.93,-71.95],[-17.99,-71.27],[-19.22,-70.73],[-17.91,-71.09],[-17.19,-70.28],[-16.52,-70.29],[-15.45,-71.18],[-14.44,-71.04],[-14.74,-70.21],[-14.05,-70.04],[-12.94,-70.06],[-13.05,-70.77],[-10.23,-70.61],[-10.91,-70.45],[-10.21,-69.63],[-9.92,-69.76],[-10.38,-70],[-9.24,-70.16],[-9.79,-70.34],[-9.43,-70.81],[-8.28,-70.63],[-7.73,-71.01],[-3.02,-69.58],[16.21,-69.82],[24.94,-69.04],[25.27,-68.54],[24.96,-68.13],[25.72,-67.98],[30.16,-69.48],[31.29,-69.05],[31.33,-68.39],[32.55,-67.98],[37.74,-67.12],[37.92,-66.75],[39.6,-67.11],[40.71,-66.76],[39.77,-66.47],[40.69,-66.28],[41.16,-66.75],[42.26,-66.67],[41.78,-65.91],[45.19,-65.35],[47.02,-65.53],[48.64,-66.15],[47.57,-66.37],[50.33,-67],[60.82,-67.43],[61.02,-68.35],[60.04,-68.6],[60.93,-68.58],[59.95,-68.76],[60.73,-68.9],[59.56,-68.94],[59.29,-69.26],[60.05,-69.49],[58.88,-69.9],[62.09,-71.11],[63.98,-70.13],[63.6,-69.77],[66.65,-69.44],[68.86,-68.86],[68.96,-68.34],[70.17,-67.91],[75.44,-66.88],[82.79,-66.37],[88.53,-66.56],[89.81,-66.4],[89.61,-65.73],[90.91,-65.65],[91.17,-66.19],[93.84,-65.87],[99.7,-67.02],[104.11,-65.85],[105.38,-66.61],[106.98,-66.55],[108.56,-67.19],[111.99,-67.02],[111.99,-67.34],[117.12,-66.56],[118.86,-67.33],[120.27,-67.35],[121.03,-66.57],[120.53,-66.27],[125.22,-66.59],[126.02,-65.66],[126.62,-66.04],[126.26,-66.39],[127.54,-66.79],[135.78,-67.65],[137.72,-67.34],[138.07,-67.59],[136.44,-68.08],[139.74,-68.35],[139.83,-68.79],[139.07,-68.91],[142.28,-68.83],[142.64,-69.27],[145.17,-68.88],[146.2,-69.59],[150.32,-69.92],[152.41,-70.93],[158.24,-71.28],[157.91,-71.35],[161.8,-72.35],[162,-72.04],[162.6,-72.51],[161.38,-72.9],[161.87,-73.26],[160.55,-74.11],[157.89,-74.25],[156.96,-74.57],[157.61,-74.75],[156.07,-74.77],[156.64,-75.31],[155.04,-75.55],[155.2,-75.25],[154.64,-75.13],[153.58,-75.54],[155.89,-76.04],[153.82,-76.08],[153.6,-76.32],[154.07,-76.58],[153.28,-76.76],[153.88,-77.37],[153.21,-77.67],[155.38,-78.4],[154.13,-78.93],[156.31,-78.67],[158.12,-79.33],[150.78,-79.83],[150.4,-80.32],[150.75,-80.6],[150.29,-80.77],[151.04,-81.14],[149.82,-81.27],[151.21,-81.3],[150.2,-81.49],[150.81,-81.56],[150.47,-81.99],[153.76,-82.85],[150.95,-82.99],[151.38,-83.14],[154.72,-83.03],[158.67,-83.84],[157.59,-84.13],[171.05,-85.03],[170.6,-86.07]]]}},{"type":"Feature","properties":{},"geometry":{"type":"Polygon","coordinates":[[[-160.23,-83.27],[-161.25,-82.29],[-150.95,-81.31],[-157.39,-80.89],[-164.4,-79.43],[-163.6,-78.81],[-165.4,-78.85],[-164.62,-78.18],[-164.95,-77.84],[-155.82,-78.45],[-152.33,-78.03],[-152.73,-77.65],[-151.65,-77.7],[-152.58,-77.5],[-151.89,-77.39],[-156.12,-77],[-152.02,-77.11],[-152.87,-76.7],[-143.57,-75.71],[-142.9,-75.52],[-143.38,-75.29],[-141.71,-75.04],[-135.67,-75.38],[-123.48,-74.63],[-120.24,-74.86],[-120.51,-74.46],[-119.58,-74.21],[-119.22,-74.29],[-119.8,-74.55],[-118.81,-74.38],[-119.16,-74.74],[-118.22,-75.23],[-116.67,-75.05],[-117.22,-74.92],[-116.86,-74.53],[-114.15,-75.12],[-112.72,-74.86],[-111.9,-75.09],[-112.01,-75.57],[-110.54,-75.43],[-110.29,-74.96],[-105.6,-75.33],[-107.03,-74.72],[-105.85,-74.35],[-107.75,-73.81],[-105.45,-73.55],[-108.15,-73.63],[-109.07,-73.21],[-108.68,-73.04],[-96.33,-73.41],[-94.86,-73.16],[-95.07,-72.73],[-94.62,-72.69],[-93.57,-72.85],[-94.01,-73.14],[-92.13,-73.39],[-91.21,-73.05],[-90.74,-73.47],[-88.33,-73.71],[-92.52,-76.73],[-95.25,-77.53],[-95.47,-77.9],[-94.9,-78.35],[-107.04,-81.62],[-111.85,-81.99],[-115.15,-83.1],[-160.23,-83.27]]]}},{"type":"Feature","properties":{},"geometry":{"type":"Polygon","coordinates":[[[-61.9,-62.86],[-61.44,-63.01],[-62.98,-63.09],[-61.9,-62.86]]]}},{"type":"Feature","properties":{},"geometry":{"type":"Polygon","coordinates":[[[-63.71,-62.38],[-63.37,-62.5],[-64.84,-62.59],[-63.71,-62.38]]]}},{"type":"Feature","properties":{},"geometry":{"type":"Polygon","coordinates":[[[-51.96,-59.43],[-52.64,-59.53],[-51.56,-60.21],[-53.73,-59.55],[-51.96,-59.43]]]}},{"type":"Feature","properties":{},"geometry":{"type":"Polygon","coordinates":[[[-51.51,-59.44],[-50.38,-59.74],[-51.62,-59.75],[-51.51,-59.44]]]}},{"type":"Feature","properties":{},"geometry":{"type":"Polygon","coordinates":[[[-55.14,-58.23],[-54.57,-58.64],[-55.32,-58.5],[-55.14,-58.23]]]}},{"type":"Feature","properties":{},"geometry":{"type":"Polygon","coordinates":[[[-55.5,-58.12],[-55.23,-58.38],[-55.68,-58.58],[-55.91,-58.16],[-55.5,-58.12]]]}},{"type":"Feature","properties":{},"geometry":{"type":"Polygon","coordinates":[[[-53.86,-57.93],[-54,-58.62],[-54.39,-58.46],[-53.86,-57.93]]]}},{"type":"Feature","properties":{},"geometry":{"type":"Polygon","coordinates":[[[-56.66,-57.56],[-55.74,-58.06],[-56.61,-58.32],[-56.34,-58.07],[-57.37,-57.88],[-56.66,-57.56]]]}},{"type":"Feature","properties":{},"geometry":{"type":"Polygon","coordinates":[[[-55.49,-56.91],[-54.7,-57.11],[-56.09,-57.29],[-55.68,-57.43],[-56.23,-57.52],[-55.98,-57.77],[-56.91,-57.32],[-56.27,-57.5],[-56.5,-57.03],[-55.49,-56.91]]]}},{"type":"Feature","properties":{},"geometry":{"type":"Polygon","coordinates":[[[-55.2,-58.71],[-53.64,-58.94],[-54.47,-58.46],[-52.64,-58.9],[-52.88,-59.15],[-52.38,-58.94],[-53.59,-58.23],[-52.58,-57.8],[-53.79,-57.73],[-53.29,-57.33],[-53.62,-57.15],[-52.44,-56.91],[-51.58,-57.17],[-51.22,-57.66],[-51.61,-57.77],[-50.41,-58.67],[-48.1,-59.4],[-49.77,-59.7],[-55.8,-58.76],[-55.2,-58.71]]]}},{"type":"Feature","properties":{},"geometry":{"type":"Polygon","coordinates":[[[-41.01,-56.44],[-42.25,-57.21],[-43.02,-57.01],[-41.78,-56.8],[-42.43,-56.37],[-41.01,-56.44]]]}},{"type":"Feature","properties":{},"geometry":{"type":"Polygon","coordinates":[[[-40.42,-56.42],[-39.18,-56.87],[-40.58,-56.91],[-40.31,-57.27],[-40.97,-57.1],[-40.74,-57.37],[-41.09,-57.45],[-41.53,-57.21],[-40.42,-56.42]]]}},{"type":"Feature","properties":{},"geometry":{"type":"Polygon","coordinates":[[[-57.78,-54.79],[-57.6,-55.19],[-58.16,-55.12],[-57.78,-54.79]]]}},{"type":"Feature","properties":{},"geometry":{"type":"Polygon","coordinates":[[[-58.33,-54.05],[-57.82,-54.23],[-58.5,-54.46],[-58.33,-54.05]]]}},{"type":"Feature","properties":{},"geometry":{"type":"Polygon","coordinates":[[[-57.63,-53.53],[-58.08,-53.97],[-58.41,-53.33],[-57.78,-53.46],[-57.88,-52.9],[-57.26,-52.81],[-57.37,-54],[-57.83,-54.13],[-57.63,-53.53]]]}},{"type":"Feature","properties":{},"geometry":{"type":"Polygon","coordinates":[[[60.78,-48.33],[60.7,-48.74],[61.33,-48.64],[61.1,-48.93],[62.24,-48.94],[61.31,-49.04],[61.91,-49.36],[60.47,-49.38],[60.78,-48.33]]]}},{"type":"Feature","properties":{},"geometry":{"type":"Polygon","coordinates":[[[-57.37,-52.23],[-57.19,-52.74],[-57.77,-52.66],[-57.37,-52.23]]]}},{"type":"Feature","properties":{},"geometry":{"type":"Polygon","coordinates":[[[-58.03,-52.12],[-58.03,-52.76],[-58.34,-52.41],[-58.03,-52.12]]]}},{"type":"Feature","properties":{},"geometry":{"type":"Polygon","coordinates":[[[-158.5,-66.24],[-158.28,-66.7],[-159.67,-66.7],[-158.5,-66.24]]]}},{"type":"Feature","properties":{},"geometry":{"type":"Polygon","coordinates":[[[-54.86,-48.62],[-54.56,-48.8],[-55.27,-49.14],[-54.86,-48.62]]]}},{"type":"Feature","properties":{},"geometry":{"type":"Polygon","coordinates":[[[-130.73,-65.44],[-129.99,-65.5],[-130.82,-65.86],[-130.7,-65.58],[-131.23,-65.55],[-130.73,-65.44]]]}},{"type":"Feature","properties":{},"geometry":{"type":"Polygon","coordinates":[[[-55.43,-45.97],[-54.9,-46.5],[-55.44,-46.73],[-55.19,-47.36],[-55.89,-47.58],[-56.2,-47.37],[-55.43,-45.97]]]}},{"type":"Feature","properties":{},"geometry":{"type":"Polygon","coordinates":[[[151.42,-66.84],[156.4,-66.92],[155.49,-66.68],[157.81,-66.09],[159.37,-67.3],[158.79,-67.29],[159.12,-68.09],[159.85,-68.34],[157.84,-68.12],[158.46,-68.38],[157.89,-68.47],[158.23,-69.05],[156.59,-69.23],[156.18,-69.08],[156.7,-68.95],[154.18,-68.56],[153.58,-68.18],[154.46,-68.23],[152.11,-67.56],[151.42,-66.84]]]}},{"type":"Feature","properties":{},"geometry":{"type":"Polygon","coordinates":[[[179.99,-66.52],[179.99,-68.53],[171.58,-70.82],[177.2,-68.82],[177.95,-67.65],[178.96,-67.22],[178.83,-66.72],[179.99,-66.52]]]}},{"type":"Feature","properties":{},"geometry":{"type":"Polygon","coordinates":[[[-179.99,-68.53],[-179.99,-66.52],[-178.92,-67.01],[-177,-66.51],[-177.6,-66.85],[-176.88,-66.73],[-177.28,-67],[-176.66,-67.25],[-177.35,-68],[-179.99,-68.53]]]}},{"type":"Feature","properties":{},"geometry":{"type":"Polygon","coordinates":[[[-147.1,-63.4],[-148.53,-63.78],[-148.79,-64.22],[-148.15,-64.48],[-151.27,-64.62],[-153.63,-66.01],[-153.25,-66.03],[-155.65,-66.49],[-157.73,-66.28],[-158.4,-65.67],[-160.26,-65.27],[-159.21,-65.12],[-159.61,-65.08],[-159.18,-64.7],[-158.73,-64.92],[-158.42,-64.46],[-155.16,-63.94],[-147.1,-63.4]]]}},{"type":"Feature","properties":{},"geometry":{"type":"Polygon","coordinates":[[[149.24,-66],[149.8,-66.29],[149.56,-66.55],[149.24,-66]]]}},{"type":"Feature","properties":{},"geometry":{"type":"Polygon","coordinates":[[[135.7,-63.19],[136.69,-63.4],[133.83,-63.62],[135.7,-63.19]]]}},{"type":"Feature","properties":{},"geometry":{"type":"Polygon","coordinates":[[[179.99,-60.88],[179.99,-61.72],[177.54,-60.32],[179.99,-60.88]]]}},{"type":"Feature","properties":{},"geometry":{"type":"Polygon","coordinates":[[[-179.99,-61.72],[-179.99,-60.88],[-179.45,-60.79],[-177.91,-62.48],[-176.61,-62.59],[-177.18,-61.91],[-175.4,-62.93],[-173.29,-63.08],[-171.78,-62.45],[-171.34,-62.53],[-171.32,-63.4],[-171.8,-63.65],[-171.62,-64.2],[-173.07,-64.29],[-172.85,-65.23],[-173.82,-66.48],[-174.94,-66.96],[-176.28,-66.75],[-175.66,-65.68],[-178.75,-65.01],[-177.6,-64.35],[-177.56,-63.3],[-179.28,-62.09],[-178.72,-62.22],[-179.16,-61.93],[-178.77,-61.82],[-179.99,-61.72]]]}},{"type":"Feature","properties":{},"geometry":{"type":"Polygon","coordinates":[[[167.39,-47.03],[167.58,-47.48],[167.04,-47.23],[167.39,-47.03]]]}},{"type":"Feature","properties":{},"geometry":{"type":"Polygon","coordinates":[[[162.91,-46.47],[167.13,-48.64],[164.21,-47.73],[162.91,-46.47]]]}},{"type":"Feature","properties":{},"geometry":{"type":"Polygon","coordinates":[[[130.16,-41.51],[130.56,-42.13],[129.74,-42.12],[130.16,-41.51]]]}},{"type":"Feature","properties":{},"geometry":{"type":"Polygon","coordinates":[[[35.35,-38.3],[34.85,-36.13],[35.5,-34.74],[37.51,-34.28],[37.97,-34.58],[37.86,-34.1],[38.74,-34.06],[38.59,-33.72],[39.73,-32.81],[39.54,-32.18],[39.95,-32.41],[40.59,-31.96],[40.48,-31.03],[41.14,-30.63],[41.86,-31.62],[42.51,-34.05],[42.25,-34.56],[41.54,-34.14],[41.8,-35.43],[38.57,-43.52],[36.07,-44.16],[34.76,-43.59],[33.83,-40.68],[35.35,-38.3]]]}},{"type":"Feature","properties":{},"geometry":{"type":"Polygon","coordinates":[[[121.88,-39.47],[122.22,-39.96],[121.5,-39.96],[121.88,-39.47]]]}},{"type":"Feature","properties":{},"geometry":{"type":"Polygon","coordinates":[[[121.94,-39.29],[123.39,-39.57],[122.67,-40.07],[121.94,-39.29]]]}},{"type":"Feature","properties":{},"geometry":{"type":"Polygon","coordinates":[[[145.32,-65.21],[141.69,-65.1],[140.13,-64.48],[139.49,-63.52],[137.94,-63.02],[139.7,-63.61],[139.22,-63.32],[136.56,-63.19],[137.08,-62.32],[136.06,-61.72],[135.78,-62.72],[134.22,-63],[135.17,-62.56],[134.92,-61.8],[135.65,-61.16],[134.94,-60.06],[135.17,-60.63],[132.39,-62.35],[132.56,-62.82],[130.95,-62.48],[131.67,-62.47],[127.99,-60.11],[123.67,-59.58],[114.97,-60.34],[111.78,-60.98],[110.37,-61.85],[103.99,-61.47],[100.41,-62.32],[98.04,-62.03],[95.77,-60.79],[96.06,-60.24],[97.27,-60.14],[98,-58.72],[97.44,-57.3],[97.69,-55.91],[96.23,-52.68],[97.07,-53.25],[96.96,-52.13],[97.03,-52.85],[97.74,-53.05],[97.96,-52.6],[97.16,-51.06],[98.92,-48.61],[99.12,-49.33],[99.69,-48.74],[103.02,-47.78],[104.14,-48.07],[109.09,-47.31],[111.05,-45.99],[110.88,-45.13],[111.98,-44.31],[112.73,-45.59],[112.8,-45],[113.27,-45.27],[113.33,-44.84],[112.73,-44.62],[112.85,-44.14],[114.69,-44.44],[113.95,-44.35],[114.55,-43.69],[114.11,-44.02],[114.05,-43.56],[114.42,-43.28],[115.21,-43.66],[114.63,-43.2],[115.52,-43.23],[115.06,-42.79],[115.7,-42.3],[116.11,-42.72],[116.25,-42],[116.51,-42.36],[117.38,-41.86],[118.09,-42.07],[119.14,-42.87],[118.64,-43.78],[118.99,-43.32],[119.27,-43.63],[119.09,-43.2],[119.52,-42.9],[120.93,-43.37],[121.21,-42.67],[120.63,-42.47],[121.81,-41.47],[121.9,-40.8],[122.42,-40.85],[122.19,-40.53],[122.7,-40.8],[122.5,-40.53],[123.09,-40.16],[125,-40.24],[124.91,-39.69],[123.68,-39.43],[123.94,-39.23],[126.79,-40.15],[128.18,-40.28],[128.98,-39.86],[128.67,-40.13],[129.16,-39.97],[129.17,-40.4],[129.81,-39.74],[130.38,-40.17],[129.77,-40.65],[130.05,-40.86],[129.11,-41.18],[129.18,-42.1],[128.04,-42.77],[130.42,-43.54],[130.05,-43.81],[135.75,-45.08],[136.94,-42.53],[136.33,-41.21],[136.65,-40.68],[136.34,-40.3],[136.83,-39.84],[136.26,-39.9],[136.87,-39.3],[136.67,-38.25],[137.12,-37.93],[138.78,-39.92],[139.38,-41.4],[140.28,-41.08],[141.52,-41.71],[141.94,-43.16],[142.77,-43.52],[143.7,-45.4],[147.42,-46.24],[149.4,-48.33],[150,-48.3],[149.78,-47.79],[150.77,-48.17],[150.7,-47.86],[151.42,-48.91],[150.79,-48.87],[154.93,-50.12],[155.63,-50.66],[156.04,-52],[157.6,-53.11],[158.25,-55.99],[157.84,-56.82],[158.26,-57.02],[157.23,-57.58],[157.29,-58.35],[156.43,-58.43],[157.31,-58.65],[156.95,-58.73],[157.35,-58.84],[156.96,-58.89],[157.33,-58.86],[156.95,-59.84],[157.44,-59.95],[156.74,-60.75],[157.89,-62.48],[154.34,-63.44],[154.19,-63.72],[154.86,-63.41],[152.54,-64.61],[153.2,-64.98],[150.96,-64.35],[149.55,-64.62],[150.25,-64.36],[149.7,-64.08],[148.91,-64.49],[149.55,-64.59],[147.98,-65.39],[145.32,-65.21]]]}},{"type":"Feature","properties":{},"geometry":{"type":"Polygon","coordinates":[[[132.07,-35.08],[132.48,-35.23],[132.21,-35.81],[130.98,-35.78],[132.07,-35.08]]]}},{"type":"Feature","properties":{},"geometry":{"type":"Polygon","coordinates":[[[125.64,6.58],[125.58,6],[124.85,5.53],[125.64,6.58]]]}},{"type":"Feature","properties":{},"geometry":{"type":"Polygon","coordinates":[[[126.4,-34.23],[126.86,-34.58],[126.48,-34.95],[126.4,-34.23]]]}},{"type":"Feature","properties":{},"geometry":{"type":"Polygon","coordinates":[[[126.89,-33.96],[126.95,-34.37],[126.51,-34.14],[126.89,-33.96]]]}},{"type":"Feature","properties":{},"geometry":{"type":"Polygon","coordinates":[[[119.39,1.64],[121.21,3],[121.9,2.9],[123.17,3.97],[123.14,4.76],[124.62,5.59],[125.47,5.3],[126.61,6.25],[127.27,5.69],[120.72,0.87],[120.5,1.23],[119.45,0.48],[119.39,1.64]]]}},{"type":"Feature","properties":{},"geometry":{"type":"Polygon","coordinates":[[[126.73,-33.56],[127.07,-33.96],[126.55,-34.03],[126.73,-33.56]]]}},{"type":"Feature","properties":{},"geometry":{"type":"Polygon","coordinates":[[[125.14,-29.46],[125.62,-30.05],[124.29,-29.58],[125.14,-29.46]]]}},{"type":"Feature","properties":{},"geometry":{"type":"Polygon","coordinates":[[[128.4,-29.84],[129.48,-30.38],[129.64,-31.09],[126.58,-29.81],[128.4,-29.84]]]}},{"type":"Feature","properties":{},"geometry":{"type":"Polygon","coordinates":[[[118.86,5.43],[119.41,5.61],[119.55,5.12],[119.27,4.85],[118.86,5.43]]]}},{"type":"Feature","properties":{},"geometry":{"type":"Polygon","coordinates":[[[129.56,-28.92],[129.54,-29.26],[128.91,-28.99],[129.56,-28.92]]]}},{"type":"Feature","properties":{},"geometry":{"type":"Polygon","coordinates":[[[116.88,4.5],[117.86,4.27],[118.32,4.63],[118.67,4.24],[116.9,3.54],[116.88,4.5]]]}},{"type":"Feature","properties":{},"geometry":{"type":"Polygon","coordinates":[[[130.36,-28.28],[130.34,-28.75],[130.06,-28.31],[130.36,-28.28]]]}},{"type":"Feature","properties":{},"geometry":{"type":"Polygon","coordinates":[[[145.26,-33.02],[147.04,-34.15],[146.95,-34.78],[148.83,-35.3],[149.31,-35.86],[147.62,-35.92],[140.16,-32.97],[134,-32.18],[134.33,-31.98],[132.94,-31.52],[133.28,-30.81],[132.46,-31.76],[131.12,-30.33],[132.67,-30.2],[133.05,-30.67],[133.57,-29.98],[131.64,-29.91],[131.47,-29],[130.28,-28.81],[132,-28.03],[133.84,-28.66],[133.75,-30.26],[134.63,-31.47],[138.2,-30.02],[145.26,-33.02]]]}},{"type":"Feature","properties":{},"geometry":{"type":"Polygon","coordinates":[[[141.66,-33.35],[144.14,-35.36],[144.95,-35.16],[144.98,-35.64],[146.01,-35.67],[145.86,-36.03],[147.12,-36.02],[146.52,-36.24],[146.98,-36.41],[143.46,-36.4],[140.57,-34.69],[138.94,-34.42],[139,-34.79],[138.55,-34.83],[137.78,-34.39],[138.33,-35.07],[137.51,-35.05],[138,-35.35],[136.24,-35.53],[137.43,-35.64],[137.85,-36.14],[135.15,-36.66],[133.59,-35.76],[133.77,-35.41],[132.37,-35.93],[132.5,-35.22],[131.91,-34.9],[133.08,-34.77],[131.73,-34.67],[132.55,-34.64],[130.43,-32.69],[126.92,-32.15],[133.09,-31.78],[141.66,-33.35]]]}},{"type":"Feature","properties":{},"geometry":{"type":"Polygon","coordinates":[[[130.46,-27.39],[130.99,-27.78],[129.76,-27.46],[130.46,-27.39]]]}},{"type":"Feature","properties":{},"geometry":{"type":"Polygon","coordinates":[[[113.9,5.05],[114.25,4.82],[113.82,4.67],[113.9,5.05]]]}},{"type":"Feature","properties":{},"geometry":{"type":"Polygon","coordinates":[[[0.98,-9.81],[0.92,-10.23],[0.64,-10.06],[0.98,-9.81]]]}},{"type":"Feature","properties":{},"geometry":{"type":"Polygon","coordinates":[[[105.79,0.39],[107.29,1.75],[108.6,1.53],[113.2,3.03],[116.68,-0.18],[113.85,0.22],[112.24,-0.04],[110.87,0.6],[109.83,0.11],[108.13,0.28],[106.35,-0.17],[105.65,0.09],[105.79,0.39]]]}},{"type":"Feature","properties":{},"geometry":{"type":"Polygon","coordinates":[[[112.86,3.04],[113.66,3.41],[113.6,2.94],[114.15,3.81],[114.77,2.93],[115.6,3.56],[117.06,2.91],[117.44,3.74],[118.19,3.74],[120.33,1.75],[119.7,1.67],[119.92,1.36],[119.32,1.02],[119.66,0.79],[115.93,0.08],[112.86,3.04]]]}},{"type":"Feature","properties":{},"geometry":{"type":"Polygon","coordinates":[[[117.51,18.29],[117.8,17.99],[117.74,18.56],[118.58,18.59],[119.34,18.2],[120.52,18.94],[120.07,17.79],[120.76,17.85],[120.05,17.08],[120.73,16.68],[120.22,16.11],[120.74,16.47],[120.46,16.18],[121.97,15.97],[122.13,15.46],[123.62,15.64],[122.69,14.99],[123.88,13.46],[123.59,11.75],[123.91,11.85],[123.83,11.32],[124.27,11.61],[124.63,10.02],[124.18,8.94],[123.52,9.47],[122.95,8.75],[122.15,8.69],[121.79,7.43],[121.11,7.83],[120.27,6.67],[118.69,7.78],[118.02,7.44],[118.12,7.74],[116.89,8],[115.99,9.41],[117.84,10.43],[117.43,10.36],[116.9,11.47],[117.68,12.94],[117.29,14.61],[118.06,15.85],[117.51,18.29]]]}},{"type":"Feature","properties":{},"geometry":{"type":"Polygon","coordinates":[[[47.48,-46.24],[47.62,-47.99],[46.93,-49.35],[45.47,-49.79],[43.98,-49.23],[45.36,-47.28],[47.48,-46.24]]]}},{"type":"Feature","properties":{},"geometry":{"type":"Polygon","coordinates":[[[-38.09,5.71],[-38.13,5],[-39.05,4.97],[-38.57,5.19],[-38.76,5.62],[-38.09,5.71]]]}},{"type":"Feature","properties":{},"geometry":{"type":"Polygon","coordinates":[[[-56.17,10.6],[-54.84,10],[-56.41,10.05],[-56.17,10.6]]]}},{"type":"Feature","properties":{},"geometry":{"type":"Polygon","coordinates":[[[-61.19,13.26],[-58.6,12.37],[-57.93,11.81],[-58.42,11.7],[-57.31,10.95],[-57.7,10.64],[-59.95,11.28],[-60.47,10.67],[-60.91,11.43],[-62.68,11.64],[-63.13,12.09],[-62.83,12.36],[-61.11,11.79],[-61.21,12.76],[-61.86,13.17],[-61.19,13.26]]]}},{"type":"Feature","properties":{},"geometry":{"type":"Polygon","coordinates":[[[109.61,20.23],[110.42,20.68],[110.64,19.44],[110.07,18.47],[109.13,18.4],[108.7,19.17],[109.61,20.23]]]}},{"type":"Feature","properties":{},"geometry":{"type":"Polygon","coordinates":[[[-59.42,15.79],[-57.57,14.72],[-53.64,10.23],[-56.96,11.16],[-56.22,11.79],[-56.97,12.15],[-57.16,13.19],[-59.64,14.78],[-59.87,15.11],[-59.33,15.03],[-59.51,15.28],[-62.55,15.64],[-61.9,15.53],[-61.38,16.09],[-59.42,15.79]]]}},{"type":"Feature","properties":{},"geometry":{"type":"Polygon","coordinates":[[[-49.88,23.74],[-49.64,22.94],[-49.98,22.81],[-50.31,23.22],[-49.88,23.74]]]}},{"type":"Feature","properties":{},"geometry":{"type":"Polygon","coordinates":[[[117.13,39.37],[117.36,39.17],[116.75,38.86],[117.13,39.37]]]}},{"type":"Feature","properties":{},"geometry":{"type":"Polygon","coordinates":[[[121.2,43.08],[122.23,43.06],[122.23,42.65],[123,42.47],[122.86,40.79],[122.28,40.26],[122.14,40.96],[122.14,40.39],[121.51,40.5],[121.5,41.94],[120.87,42.22],[121.25,41.77],[120.64,41.5],[120.34,41.98],[120.81,41.84],[120.12,42.17],[121.2,43.08]]]}},{"type":"Feature","properties":{},"geometry":{"type":"Polygon","coordinates":[[[124.63,44.38],[125.5,44.04],[125.14,43.32],[124.2,43.31],[123.67,42.52],[123.13,43.07],[122.75,42.85],[123.36,43.82],[124.63,44.38]]]}},{"type":"Feature","properties":{},"geometry":{"type":"Polygon","coordinates":[[[20.47,18.58],[22.43,17.82],[21.11,17.84],[20.23,18.37],[20.47,18.58]]]}},{"type":"Feature","properties":{},"geometry":{"type":"Polygon","coordinates":[[[29.4,17.39],[28.5,17.34],[27.67,17.82],[27.59,18.42],[28.35,18.36],[29.4,17.39]]]}},{"type":"Feature","properties":{},"geometry":{"type":"Polygon","coordinates":[[[14.35,22.79],[13.46,21.33],[11.58,23],[11.95,23.31],[14.35,22.79]]]}},{"type":"Feature","properties":{},"geometry":{"type":"Polygon","coordinates":[[[20.9,22.05],[21.63,20.84],[20.42,21.97],[20.9,22.05]]]}},{"type":"Feature","properties":{},"geometry":{"type":"Polygon","coordinates":[[[25.07,29.82],[25.24,29.42],[24.61,29.61],[25.07,29.82]]]}},{"type":"Feature","properties":{},"geometry":{"type":"Polygon","coordinates":[[[3.9,29.84],[3.98,29.14],[3.3,29.27],[3.9,29.84]]]}},{"type":"Feature","properties":{},"geometry":{"type":"Polygon","coordinates":[[[7.32,32.78],[6.9,32.36],[5.08,32.19],[4.42,32.88],[6.81,33.53],[7.32,32.78]]]}},{"type":"Feature","properties":{},"geometry":{"type":"Polygon","coordinates":[[[124.58,44.73],[122.66,43.9],[122.67,43.35],[121.25,43.12],[121.14,43.61],[122.89,45.27],[126.16,46.12],[126.12,47.9],[126.72,48.19],[126.36,47.69],[126.94,47.43],[128.13,48.36],[128.84,50.15],[128.72,50.94],[128.13,51.14],[128.2,52.49],[129.32,52.32],[128.7,52.91],[129.42,52.94],[131.15,51.23],[131.11,49.96],[130.49,49.59],[131.09,48.62],[130.94,47.82],[131.54,47.37],[131.21,46.73],[130.61,46.37],[130.54,47.12],[129.6,45.86],[129.39,46.29],[129.03,45.66],[127.69,45.33],[127.97,45.6],[127.14,45.71],[127.13,45.23],[127.69,45.01],[126.51,43.93],[125.83,44.16],[125.91,45.04],[124.58,44.73]]]}},{"type":"Feature","properties":{},"geometry":{"type":"Polygon","coordinates":[[[9.42,32.87],[7.44,32.84],[8.56,33.44],[9.42,32.87]]]}},{"type":"Feature","properties":{},"geometry":{"type":"Polygon","coordinates":[[[137.09,51.39],[137.41,51.46],[136.39,50.56],[137.09,51.39]]]}},{"type":"Feature","properties":{},"geometry":{"type":"Polygon","coordinates":[[[131.88,51.75],[135.1,50.62],[136.08,51.15],[135.96,50.58],[136.55,50.11],[135.01,49.49],[134.59,48.57],[131.5,48.66],[130.94,49.35],[132.12,49.52],[132.06,50.84],[131.59,51.38],[131.88,51.75]]]}},{"type":"Feature","properties":{},"geometry":{"type":"Polygon","coordinates":[[[127.77,53.81],[127.58,53.41],[128.89,53.22],[127.8,52.58],[126.83,53.63],[127.77,53.81]]]}},{"type":"Feature","properties":{},"geometry":{"type":"Polygon","coordinates":[[[-26.71,40.97],[-26.9,40.27],[-27.77,39.86],[-26.84,40.29],[-26.48,39.82],[-27.94,39.73],[-27.98,40.26],[-26.71,40.97]]]}},{"type":"Feature","properties":{},"geometry":{"type":"Polygon","coordinates":[[[-29.79,41.52],[-29.78,41.06],[-28.2,40.73],[-29.06,40.39],[-30.1,41.1],[-29.79,41.52]]]}},{"type":"Feature","properties":{},"geometry":{"type":"Polygon","coordinates":[[[-28.66,44.48],[-26.87,43.22],[-28.42,43.84],[-29.02,44.48],[-28.66,44.48]]]}},{"type":"Feature","properties":{},"geometry":{"type":"Polygon","coordinates":[[[-85.78,53.77],[-85.5,53.65],[-86.63,53.85],[-85.78,53.77]]]}},{"type":"Feature","properties":{},"geometry":{"type":"Polygon","coordinates":[[[-92.94,55.38],[-90.77,54.17],[-90.2,52.02],[-91.66,52.7],[-90.94,53.02],[-91.89,52.92],[-91.8,53.39],[-92.55,53.61],[-91.91,53.78],[-93.38,54.65],[-92.52,54.96],[-93.26,54.99],[-93.39,55.4],[-92.94,55.38]]]}},{"type":"Feature","properties":{},"geometry":{"type":"Polygon","coordinates":[[[-21.51,42.06],[-20.6,42.29],[-20.74,42],[-19.86,41.81],[-20.8,41.1],[-19.71,41.1],[-20.68,40.87],[-20.66,40.17],[-19.76,40.59],[-20.47,39.23],[-20.92,39.32],[-20.66,39.86],[-21.35,39.6],[-20.88,40.6],[-22.67,39.91],[-21.48,40.51],[-22.82,40.62],[-22.3,40.99],[-23.37,40.77],[-25.45,41.33],[-21.51,42.06]]]}},{"type":"Feature","properties":{},"geometry":{"type":"Polygon","coordinates":[[[-20.97,44.52],[-20.6,44.38],[-21.26,44.28],[-21.05,43.97],[-22.59,42.92],[-21.32,42.9],[-22.04,42.61],[-21.18,42.39],[-21.51,42.06],[-25.36,41.44],[-24.21,41.98],[-25.03,42.19],[-24.05,42.61],[-23.71,42.35],[-23.89,42.75],[-23.37,42.78],[-22.62,43.92],[-20.97,44.52]]]}},{"type":"Feature","properties":{},"geometry":{"type":"Polygon","coordinates":[[[-42,51.19],[-41.71,50.54],[-42.73,51.15],[-42,51.19]]]}},{"type":"Feature","properties":{},"geometry":{"type":"Polygon","coordinates":[[[-94.74,58.55],[-95.28,58.27],[-94.88,57.52],[-95.17,57.39],[-95.67,58.61],[-94.74,58.55]]]}},{"type":"Feature","properties":{},"geometry":{"type":"Polygon","coordinates":[[[-91.88,57.79],[-91.71,57.36],[-92.24,57.12],[-91.83,57.42],[-92.33,57.2],[-91.96,57.51],[-92.38,57.55],[-91.88,57.79]]]}},{"type":"Feature","properties":{},"geometry":{"type":"Polygon","coordinates":[[[-132.66,70.21],[-132.95,70.05],[-132.21,69.97],[-133.61,69.86],[-132.66,70.21]]]}},{"type":"Feature","properties":{},"geometry":{"type":"Polygon","coordinates":[[[-95.14,59.71],[-94.42,59.33],[-95.15,59.01],[-93.75,59.31],[-95.46,58.61],[-95.67,59.14],[-95.14,59.71]]]}},{"type":"Feature","properties":{},"geometry":{"type":"Polygon","coordinates":[[[128.6,60.38],[130.08,59.05],[130.33,57.93],[133.72,55.25],[132.65,55.72],[131.53,55.41],[131.62,54.04],[133.07,53.26],[133.31,52.48],[132.22,53.06],[131.89,52.13],[131.32,52.76],[131.17,54.18],[130.43,54.88],[129.76,57.24],[128.8,57.72],[128.13,59.2],[128.97,59.58],[128.05,60.26],[128.6,60.38]]]}},{"type":"Feature","properties":{},"geometry":{"type":"Polygon","coordinates":[[[-126.96,69.84],[-126.62,69.72],[-126.85,69.29],[-129.53,69.81],[-126.96,69.84]]]}},{"type":"Feature","properties":{},"geometry":{"type":"Polygon","coordinates":[[[124.82,60.34],[125.4,60.3],[125.06,59.82],[124.45,59.89],[124.82,60.34]]]}},{"type":"Feature","properties":{},"geometry":{"type":"Polygon","coordinates":[[[-5.91,42.93],[-4.87,43.16],[-5.98,43.11],[-5.03,43.73],[-6.09,43.97],[-5.52,44.33],[-5.93,44.8],[-4.62,44.7],[-4.25,45.11],[-4.81,45.19],[-3.58,45.81],[-3.22,45.65],[-3.64,45.37],[-2.52,45.58],[-2.07,44.84],[-2.85,44.56],[-2.78,44.06],[-5.91,42.93]]]}},{"type":"Feature","properties":{},"geometry":{"type":"Polygon","coordinates":[[[-4.69,42.37],[-5.96,42],[-5.66,42.26],[-6.26,42.18],[-5.73,42.42],[-6.44,42.42],[-5.86,42.7],[-6.46,42.76],[-2.78,44.06],[-3.03,42.58],[-4.69,42.37]]]}},{"type":"Feature","properties":{},"geometry":{"type":"Polygon","coordinates":[[[10.86,45.66],[11.13,45.14],[10.26,45.59],[10.86,45.66]]]}},{"type":"Feature","properties":{},"geometry":{"type":"Polygon","coordinates":[[[-91.41,60.73],[-91.93,60.1],[-92.31,60.23],[-91.84,60.52],[-92.51,60.47],[-91.41,60.73]]]}},{"type":"Feature","properties":{},"geometry":{"type":"Polygon","coordinates":[[[12.45,46.17],[12.28,45.07],[11.41,45.42],[11.56,46.07],[12.2,45.73],[12.01,46.04],[12.45,46.17]]]}},{"type":"Feature","properties":{},"geometry":{"type":"Polygon","coordinates":[[[-93.56,61.76],[-93.15,61.62],[-93,60.58],[-93.71,60.65],[-93.05,60.37],[-93.63,59.87],[-93.96,60.26],[-93.6,60.53],[-94.28,60.73],[-93.63,60.93],[-94.09,61.07],[-93.56,61.22],[-93.56,61.76]]]}},{"type":"Feature","properties":{},"geometry":{"type":"Polygon","coordinates":[[[-38.02,53.89],[-38.45,53.18],[-37.91,53.6],[-38.55,53.17],[-38.17,53.5],[-39.17,53.37],[-38.02,53.89]]]}},{"type":"Feature","properties":{},"geometry":{"type":"Polygon","coordinates":[[[-93.58,62.44],[-93.38,62],[-94.46,61.6],[-93.58,62.44]]]}},{"type":"Feature","properties":{},"geometry":{"type":"Polygon","coordinates":[[[-93.02,62.47],[-92.56,61.84],[-93.51,61.84],[-93.02,62.47]]]}},{"type":"Feature","properties":{},"geometry":{"type":"Polygon","coordinates":[[[-96.73,60.09],[-96.75,59.66],[-98.18,58.83],[-97.23,60.06],[-96.73,60.09]]]}},{"type":"Feature","properties":{},"geometry":{"type":"Polygon","coordinates":[[[-2.47,48.09],[-2,47.62],[-2.31,47.39],[-2.88,47.82],[-2.47,48.09]]]}},{"type":"Feature","properties":{},"geometry":{"type":"Polygon","coordinates":[[[17.5,48.03],[17.65,47.59],[17.03,47.06],[16.98,47.69],[17.5,48.03]]]}},{"type":"Feature","properties":{},"geometry":{"type":"Polygon","coordinates":[[[-110.14,67.59],[-109.9,67.34],[-110.33,67.24],[-109.64,67.21],[-109.96,66.87],[-113.39,67.14],[-112.26,67.22],[-113.37,67.26],[-112.95,67.76],[-111.65,67.75],[-111.9,67.27],[-111.11,67.74],[-110.68,67.66],[-111.1,67.43],[-110.14,67.59]]]}},{"type":"Feature","properties":{},"geometry":{"type":"Polygon","coordinates":[[[-95.9,60.71],[-96.38,60.52],[-95.69,60.21],[-96.16,60.09],[-96.42,60.57],[-96.08,60.03],[-96.42,59.81],[-96.72,60.39],[-97.29,60.14],[-96.68,60.83],[-95.9,60.71]]]}},{"type":"Feature","properties":{},"geometry":{"type":"Polygon","coordinates":[[[-92.62,63.8],[-92.59,62.79],[-93.85,62.61],[-92.96,63],[-93.28,63.02],[-92.62,63.8]]]}},{"type":"Feature","properties":{},"geometry":{"type":"Polygon","coordinates":[[[-108.61,67.64],[-108.36,67.34],[-108.71,67.27],[-108.31,67.29],[-109.76,67.67],[-108.61,67.64]]]}},{"type":"Feature","properties":{},"geometry":{"type":"Polygon","coordinates":[[[20.46,48.88],[21.05,48.75],[20.08,48.16],[19.87,48.74],[20.46,48.88]]]}},{"type":"Feature","properties":{},"geometry":{"type":"Polygon","coordinates":[[[-0.02,48.93],[0.14,48.64],[-0.93,48.23],[-0.43,48.16],[-1.55,47.05],[-2.51,47.1],[-1.79,47.46],[-2.05,48.22],[-1.47,48.15],[-1.75,48.42],[-1.34,48.96],[-0.02,48.93]]]}},{"type":"Feature","properties":{},"geometry":{"type":"Polygon","coordinates":[[[-0.55,47.91],[1.1,47.85],[0.44,46.82],[-0.23,46.66],[0.38,46.53],[-0.66,46.4],[0.72,46.16],[1.16,45.53],[-1.59,44.97],[-1.83,45.32],[-1.18,46.24],[-1.37,46.54],[-1.85,46.2],[-1.61,46.58],[-2.3,45.67],[-2.09,46.65],[-0.55,47.91]]]}},{"type":"Feature","properties":{},"geometry":{"type":"Polygon","coordinates":[[[1.16,45.53],[1.35,44.81],[2.28,44.31],[2.44,43.78],[1.74,43.91],[2.44,43.67],[2.28,43.08],[3.66,42.88],[3.54,42.24],[2.49,41.63],[3.35,41.32],[-2.65,40.41],[-1.35,41.51],[-0.33,41.49],[0.26,42.06],[-0.59,41.67],[-2.2,42.26],[-1.01,42.86],[-1.07,43.23],[-1.67,43.13],[-1.3,43.44],[0.03,43.58],[0.06,44.49],[-0.31,44.39],[-0.45,45.05],[1.16,45.53]]]}},{"type":"Feature","properties":{},"geometry":{"type":"Polygon","coordinates":[[[20.41,49.36],[20.81,49.12],[19.99,49.18],[20.41,49.36]]]}},{"type":"Feature","properties":{},"geometry":{"type":"Polygon","coordinates":[[[167.83,71],[168.23,70.81],[166.69,70.15],[167.04,70.67],[166.7,70.63],[167.83,71]]]}},{"type":"Feature","properties":{},"geometry":{"type":"Polygon","coordinates":[[[-142.87,74.14],[-141.93,73.69],[-143.16,73.49],[-145.33,73.98],[-142.87,74.14]]]}},{"type":"Feature","properties":{},"geometry":{"type":"Polygon","coordinates":[[[-22.94,55.66],[-23.07,55.28],[-23.36,55.68],[-22.94,55.66]]]}},{"type":"Feature","properties":{},"geometry":{"type":"Polygon","coordinates":[[[-33.81,59.15],[-34.82,58.51],[-34.8,58.99],[-33.81,59.15]]]}},{"type":"Feature","properties":{},"geometry":{"type":"Polygon","coordinates":[[[-35.52,60.29],[-35.54,59.97],[-37.51,59.84],[-36.73,60.42],[-35.52,60.29]]]}},{"type":"Feature","properties":{},"geometry":{"type":"Polygon","coordinates":[[[-31.8,59.88],[-31.53,59.48],[-31.97,59.48],[-32.14,59.9],[-31.8,59.88]]]}},{"type":"Feature","properties":{},"geometry":{"type":"Polygon","coordinates":[[[-149.68,77.12],[-143.91,76.6],[-145.82,76.26],[-149.82,76.7],[-149.68,77.12]]]}},{"type":"Feature","properties":{},"geometry":{"type":"Polygon","coordinates":[[[-35.04,63.51],[-35.38,62.79],[-34.75,62.92],[-33.65,61.56],[-34.36,61.09],[-33.35,61],[-33.1,60.52],[-34.14,60.42],[-35.07,60.91],[-34.75,61.1],[-35.29,61.32],[-35.03,61.5],[-38.01,61.05],[-37.59,61.69],[-38.96,61.87],[-37.61,62.08],[-35.04,63.51]]]}},{"type":"Feature","properties":{},"geometry":{"type":"Polygon","coordinates":[[[-33.9,63.42],[-33.47,62.85],[-34.03,62.92],[-33.9,63.42]]]}},{"type":"Feature","properties":{},"geometry":{"type":"Polygon","coordinates":[[[55.67,60.91],[55.9,60.69],[55.13,60.62],[55.67,60.91]]]}},{"type":"Feature","properties":{},"geometry":{"type":"Polygon","coordinates":[[[-24.21,63.11],[-23.81,62.74],[-24.72,62.97],[-24.21,63.11]]]}},{"type":"Feature","properties":{},"geometry":{"type":"Polygon","coordinates":[[[-25.07,63.66],[-24.64,63.34],[-25.57,62.75],[-27.11,62.93],[-26.11,63.65],[-25.07,63.66]]]}},{"type":"Feature","properties":{},"geometry":{"type":"Polygon","coordinates":[[[14.5,59.07],[14.51,58.64],[14.86,59.04],[15.07,58.69],[14,58.38],[14.5,59.07]]]}},{"type":"Feature","properties":{},"geometry":{"type":"Polygon","coordinates":[[[-170.68,81.88],[-158.55,80.93],[-156.99,80.53],[-157.34,80.36],[-156.7,80.02],[-157.25,79.94],[-155.8,79.62],[-154.29,79.75],[-156.67,80.35],[-149.9,80.29],[-145.32,79.41],[-147.4,78.94],[-149.32,79.18],[-148.42,78.8],[-152.43,79.02],[-150.62,78.82],[-150.58,78.42],[-152.84,78.11],[-150.84,77.74],[-152.57,77.57],[-157.46,78.06],[-159,78.7],[-164.27,78.61],[-165.49,79.12],[-164.65,79.24],[-164.86,79.5],[-167.23,79.2],[-166.01,78.53],[-167.47,78.72],[-171.61,81.93],[-170.68,81.88]]]}},{"type":"Feature","properties":{},"geometry":{"type":"Polygon","coordinates":[[[-170.21,78.93],[-171.03,78.48],[-171.64,79.08],[-170.21,78.93]]]}},{"type":"Feature","properties":{},"geometry":{"type":"Polygon","coordinates":[[[14.08,59.13],[14.28,58.79],[13.59,58.71],[14.08,59.13]]]}},{"type":"Feature","properties":{},"geometry":{"type":"Polygon","coordinates":[[[-24.57,64.83],[-24.3,64.69],[-25.05,64.61],[-24.57,64.83]]]}},{"type":"Feature","properties":{},"geometry":{"type":"Polygon","coordinates":[[[38.22,61.09],[38.76,60.86],[37.4,60.43],[37.44,61.07],[38.22,61.09]]]}},{"type":"Feature","properties":{},"geometry":{"type":"Polygon","coordinates":[[[15.78,59.63],[16.05,59.34],[15.21,59.2],[15.78,59.63]]]}},{"type":"Feature","properties":{},"geometry":{"type":"Polygon","coordinates":[[[-38.79,69.21],[-38.62,68.59],[-39.06,68.4],[-38.6,68.52],[-39.04,68.19],[-38.56,68.03],[-39.15,67.95],[-40.3,68],[-41.83,68.99],[-38.79,69.21]]]}},{"type":"Feature","properties":{},"geometry":{"type":"Polygon","coordinates":[[[159.71,81.27],[162.82,81.01],[159.28,80.99],[159.71,81.27]]]}},{"type":"Feature","properties":{},"geometry":{"type":"Polygon","coordinates":[[[16.8,60.25],[17.13,60.15],[16.46,60.08],[16.8,60.25]]]}},{"type":"Feature","properties":{},"geometry":{"type":"Polygon","coordinates":[[[-15.53,58.69],[-14.87,57.76],[-16.23,57.69],[-16.5,57.96],[-15.8,57.96],[-16.63,58.34],[-15.53,58.69]]]}},{"type":"Feature","properties":{},"geometry":{"type":"Polygon","coordinates":[[[44.23,62.97],[45.71,62.39],[43.9,62.69],[44.23,62.97]]]}},{"type":"Feature","properties":{},"geometry":{"type":"Polygon","coordinates":[[[0.83,55.69],[0.86,55.29],[-0.84,55.37],[0.83,55.69]]]}},{"type":"Feature","properties":{},"geometry":{"type":"Polygon","coordinates":[[[39.29,63.29],[39.82,62.9],[38.98,63.15],[39.29,63.29]]]}},{"type":"Feature","properties":{},"geometry":{"type":"Polygon","coordinates":[[[-179.99,83.7],[-178.96,84.18],[-177.3,83.72],[-179.99,83.7]]]}},{"type":"Feature","properties":{},"geometry":{"type":"Polygon","coordinates":[[[-175.41,84.52],[-169.2,84.32],[-174.59,83.78],[-177.99,84.36],[-175.41,84.52]]]}},{"type":"Feature","properties":{},"geometry":{"type":"Polygon","coordinates":[[[107.9,75.68],[108.62,75.7],[107.47,75.54],[107.9,75.68]]]}},{"type":"Feature","properties":{},"geometry":{"type":"Polygon","coordinates":[[[-30.72,41.91],[-30.54,41.01],[-29.9,40.78],[-30.22,40.73],[-28.98,40],[-28.36,40.17],[-27.73,39.44],[-30.94,39.38],[-32.38,38.55],[-32.86,38.96],[-32.31,39.7],[-32.65,39.64],[-30.83,40.15],[-30.71,39.73],[-29.8,39.96],[-31.22,40.24],[-30.63,40.78],[-34.65,39.89],[-35.21,40.25],[-35.54,39.8],[-36.57,39.81],[-37.82,38.63],[-37.39,37.9],[-37.03,38.17],[-37.13,37.69],[-38.26,37.85],[-38.3,38.22],[-38.56,37.82],[-39.34,37.92],[-35.68,40.54],[-30.72,41.91]]]}},{"type":"Feature","properties":{},"geometry":{"type":"Polygon","coordinates":[[[-27.28,-33.75],[-29.77,-36.74],[-31.13,-37.67],[-29.43,-36.01],[-30.18,-35.52],[-29.98,-35.89],[-31.26,-37.22],[-31.79,-38.59],[-33.5,-40.07],[-35.69,-40.24],[-37.47,-39.71],[-38.03,-39.01],[-37.54,-38.13],[-37.98,-38.29],[-38.21,-39.62],[-36.82,-40.56],[-36.91,-41.45],[-44.84,-38.5],[-46.47,-37.55],[-47.35,-34.74],[-49.99,-29.65],[-49.95,-27.74],[-49.24,-25.97],[-49.34,-23.41],[-43.1,-27.46],[-37.9,-30.16],[-32.37,-32.35],[-27.28,-33.75]]]}},{"type":"Feature","properties":{},"geometry":{"type":"Polygon","coordinates":[[[-42.15,-43.98],[-42.73,-43.72],[-42.37,-44.37],[-42.69,-44.27],[-42.41,-44.43],[-42.94,-45.87],[-45.88,-45.63],[-45.94,-46.88],[-45.39,-47.27],[-44.57,-46.95],[-44.51,-47.65],[-45.97,-47.46],[-45.28,-47.82],[-46.46,-48.42],[-46.85,-49.69],[-48.52,-49.96],[-49.31,-50.72],[-48.54,-51.67],[-47.43,-51.94],[-47.57,-52.68],[-51.67,-55.05],[-52.06,-56.17],[-51.25,-56.88],[-54.11,-57.08],[-54.8,-58.21],[-56.02,-57.62],[-55.28,-57.79],[-54.41,-57.22],[-54.82,-56.86],[-56.27,-56.72],[-56.69,-57.28],[-57.11,-56.95],[-56.3,-56.7],[-57.27,-56.87],[-57.13,-56.18],[-56.22,-56.49],[-56.03,-56.17],[-55.83,-56.44],[-56.36,-56.65],[-55.9,-56.7],[-55.65,-56.02],[-56.21,-55.43],[-56.47,-55.68],[-55.72,-55.98],[-56.52,-55.76],[-56.16,-56.07],[-56.57,-56.28],[-56.64,-55.81],[-56.67,-56.35],[-56.71,-55.85],[-57.22,-55.75],[-56.81,-55.35],[-57.4,-55.03],[-56.42,-54.86],[-56.57,-54.55],[-57.17,-54.98],[-57.38,-54.58],[-57.03,-54.51],[-57.75,-54.28],[-56.85,-54.44],[-57.34,-54.1],[-56.74,-53.98],[-57.23,-53.74],[-56.53,-53.88],[-56.96,-53.63],[-56.78,-53.22],[-57.28,-53.5],[-57.19,-52.91],[-56.76,-52.88],[-57.11,-52.72],[-56.51,-52.58],[-57.27,-52.11],[-55.77,-52.24],[-56.18,-51.73],[-57.29,-51.82],[-56.64,-51.74],[-57.01,-51.53],[-56.44,-51.31],[-56.62,-50.89],[-58.17,-50.8],[-56.96,-49.92],[-56.27,-49.97],[-56.13,-50.76],[-55.23,-49.9],[-55.7,-49.98],[-55.55,-49.65],[-54.81,-49.68],[-55.55,-49.39],[-54.42,-48.78],[-55.14,-48.39],[-54.08,-46.85],[-54.38,-46.57],[-53.93,-46.79],[-53.89,-46.27],[-54.36,-46.18],[-53.67,-45.82],[-55.28,-45.94],[-55.37,-45.3],[-54.35,-43.64],[-54.61,-41.56],[-54.02,-41.38],[-51.97,-37.93],[-51.43,-33.39],[-49.99,-29.65],[-47.35,-34.74],[-45.59,-40.12],[-42.15,-43.98]]]}},{"type":"Feature","properties":{},"geometry":{"type":"Polygon","coordinates":[[[-45.24,5.87],[-43.27,5.8],[-42.18,5.14],[-40.72,5.5],[-41.32,5.71],[-38.94,5.67],[-39.99,5.49],[-39.47,4.75],[-38.04,4.32],[-38.2,3.45],[-37.27,3.42],[-35.96,2.37],[-35.96,1.18],[-35.61,1.64],[-34.52,0.51],[-32.42,0.61],[-30.35,-0.02],[-28.71,-1.42],[-28.39,-3.08],[-27.45,-4.17],[-29.04,-6.03],[-28.32,-5.56],[-28.7,-6.23],[-28.03,-5.66],[-25.98,-5.94],[-26.5,-7.07],[-28.09,-7.5],[-26.95,-7.31],[-27.07,-7.76],[-25.97,-7.11],[-25.52,-6.2],[-24.44,-6.39],[-22.95,-7.04],[-22.98,-7.47],[-22.49,-7.16],[-22.24,-7.49],[-22.41,-8],[-22.01,-8.08],[-22.45,-9.05],[-21.96,-8.23],[-21.67,-8.15],[-21.87,-8.6],[-21.02,-8.1],[-19.87,-8.61],[-17.58,-8.69],[-14.76,-10.81],[-12.84,-11.37],[-12.38,-13.05],[-12.75,-14.78],[-16.06,-18.79],[-16.46,-18.48],[-16.98,-23.53],[-19,-27.83],[-20.1,-28.79],[-22.61,-28.68],[-26.7,-31.1],[-27.25,-30.98],[-26.85,-31.2],[-27.39,-31.76],[-27.03,-31.84],[-27.28,-33.75],[-32.37,-32.35],[-37.9,-30.16],[-43.1,-27.46],[-49.34,-23.41],[-50.42,-21.71],[-54.73,-18.78],[-57.29,-12.18],[-58.19,-10.59],[-59.27,-9.82],[-58.96,-9.32],[-59.26,-8.03],[-58,-7.27],[-57.59,-6.45],[-57.81,-6.18],[-58.14,-6.58],[-58.85,-5.97],[-57.7,-3.11],[-56.59,-2.78],[-56.17,-1.89],[-51.55,-0.2],[-49.8,3.1],[-46.53,5.66],[-45.24,5.87]]]}},{"type":"Feature","properties":{},"geometry":{"type":"Polygon","coordinates":[[[-55.23,4],[-54.54,3.12],[-54.64,3.78],[-53.26,4.5],[-52.76,5.85],[-50.76,6.14],[-49.06,7.15],[-48.56,6.69],[-49.45,6.28],[-49.15,5.39],[-49.78,4.56],[-49.43,3.76],[-48.7,4.36],[-49.15,5.49],[-47.58,5.98],[-47.48,6.74],[-47.15,5.96],[-45.84,5.26],[-47.17,4.79],[-50.5,2.33],[-52.35,-0.92],[-57.02,-2.47],[-55.19,-0.83],[-55.68,-0.48],[-55.24,1.83],[-55.9,2.79],[-55.23,4]]]}},{"type":"Feature","properties":{},"geometry":{"type":"Polygon","coordinates":[[[-36.91,-41.45],[-36.39,-42.18],[-37.44,-43.34],[-42.15,-43.98],[-45.28,-40.61],[-46.47,-37.55],[-36.91,-41.45]]]}},{"type":"Feature","properties":{},"geometry":{"type":"Polygon","coordinates":[[[-88.19,42.88],[-87.77,42.78],[-87.79,43.35],[-88.61,43.39],[-89.42,45.84],[-88.04,46.35],[-86.35,45.38],[-84.5,42.09],[-84.23,40.64],[-84.76,39.58],[-88.19,42.88]]]}},{"type":"Feature","properties":{},"geometry":{"type":"Polygon","coordinates":[[[-89.42,45.84],[-88.72,47.02],[-88.88,48.37],[-87.16,51.6],[-86.57,51.55],[-87.21,51.64],[-86.75,51.99],[-87.04,52.27],[-86.53,52.26],[-87.07,52.31],[-87.12,53.81],[-85.07,53.27],[-85.8,52.56],[-84.99,53.05],[-85.03,52.61],[-85.66,52.19],[-84.72,52.53],[-84.77,53.89],[-83.62,54.14],[-83.81,52.71],[-81.83,52.36],[-80.99,51.09],[-78.62,50.56],[-79.74,48.99],[-85.12,47.68],[-89.42,45.84]]]}},{"type":"Feature","properties":{},"geometry":{"type":"Polygon","coordinates":[[[-89.22,52.02],[-89.45,52.38],[-88.62,52.22],[-89.22,52.02]]]}},{"type":"Feature","properties":{},"geometry":{"type":"Polygon","coordinates":[[[-87.84,52.5],[-89.34,52.5],[-88.9,52.63],[-89.37,52.66],[-88.93,53.33],[-89.58,52.78],[-89.95,53.13],[-89.36,53.07],[-89.71,53.25],[-89.23,53.59],[-90.04,53.31],[-90.38,53.76],[-89.54,54.01],[-90.42,54.08],[-89.22,54.44],[-89.71,54.48],[-89.61,54.84],[-90.45,54.16],[-90.83,54.31],[-90.46,54.51],[-91.46,54.57],[-90.34,54.88],[-90.74,54.59],[-91.5,54.95],[-90.85,55.19],[-91.95,55.04],[-92.24,55.43],[-91.31,55.29],[-92.32,55.7],[-90.8,55.86],[-92.14,56.04],[-90.89,56.41],[-90.71,55.97],[-90.71,56.36],[-89.97,56.29],[-90.8,56.63],[-90.09,56.49],[-87.91,53.89],[-87.84,52.5]]]}},{"type":"Feature","properties":{},"geometry":{"type":"Polygon","coordinates":[[[-90.44,56.71],[-92.12,56.71],[-91.25,57.01],[-91.64,57.47],[-90.44,56.71]]]}},{"type":"Feature","properties":{},"geometry":{"type":"Polygon","coordinates":[[[-81.67,40.52],[-81.92,40.01],[-84.4,40.01],[-84.25,41.36],[-85.93,44.81],[-88.04,46.35],[-85.12,47.68],[-79.74,48.99],[-78.62,50.56],[-77.03,50.11],[-80.13,44.64],[-81.67,40.52]]]}},{"type":"Feature","properties":{},"geometry":{"type":"Polygon","coordinates":[[[-81.8,40.44],[-81.76,39.77],[-82.39,39.94],[-83.48,41.28],[-84.62,41.68],[-82.78,46.31],[-79.59,51.79],[-77.5,51.13],[-78.12,50.6],[-78.13,49.85],[-76.16,48.29],[-78.58,44.77],[-80.67,43.23],[-81.8,40.44]]]}},{"type":"Feature","properties":{},"geometry":{"type":"Polygon","coordinates":[[[-77.98,37.24],[-80.89,38.18],[-81.79,39.49],[-83.32,40.42],[-83.31,41.1],[-81.44,44.44],[-79.74,45.29],[-77.44,47.78],[-77,48.7],[-78.85,50.35],[-78.76,51.09],[-78.08,51.6],[-76.82,51.55],[-76.38,49.78],[-74.91,47.24],[-74.53,44.46],[-75.19,41.17],[-77.43,39.05],[-77.98,37.24]]]}},{"type":"Feature","properties":{},"geometry":{"type":"Polygon","coordinates":[[[-59.22,31.27],[-60.25,31.25],[-59.31,31.01],[-59.79,30.67],[-59.36,29.91],[-59.98,30.63],[-60.38,30.25],[-61.18,30.54],[-61.72,31.35],[-62.27,31.16],[-63.67,31.97],[-64.75,31.56],[-64.4,31.69],[-64.86,31.94],[-64.81,31.58],[-66.63,31],[-66.17,31.16],[-66.83,31.38],[-66.66,31.05],[-67.56,30.9],[-68,30.2],[-68.32,30.41],[-68.13,28.83],[-68.78,28],[-68.54,28.35],[-68.92,28.39],[-69.81,25.12],[-69.11,22.22],[-68.01,21.17],[-67.64,20.01],[-68.25,20.22],[-69.67,21.76],[-70.93,25.8],[-71.25,29.22],[-70.95,31.34],[-63.99,33.31],[-61.36,32.65],[-59.22,31.27]]]}},{"type":"Feature","properties":{},"geometry":{"type":"Polygon","coordinates":[[[-67.38,18.13],[-68.41,19.06],[-69.97,18.64],[-71.44,19.28],[-77.75,24.13],[-78.22,25.35],[-77.73,25.42],[-77.96,25.7],[-77.43,26.27],[-77.76,27.59],[-79.37,30.42],[-80.42,31.15],[-80.2,32.08],[-82.15,34.47],[-82.91,36.95],[-80.01,33.79],[-78.35,32.67],[-74.12,29.98],[-71.25,29.22],[-70.07,22.72],[-69.67,21.76],[-66.39,18.24],[-67.38,18.13]]]}},{"type":"Feature","properties":{},"geometry":{"type":"Polygon","coordinates":[[[-66.09,20.85],[-63.75,20.49],[-62.12,22.63],[-61.56,22.75],[-58.58,22.17],[-59.95,20.72],[-59.66,20.55],[-60.45,19.34],[-60.46,20.01],[-60.93,19.62],[-61.13,18.21],[-62.17,17.34],[-61.91,17.16],[-65.28,17.92],[-66.46,19.79],[-66.09,20.85]]]}},{"type":"Feature","properties":{},"geometry":{"type":"Polygon","coordinates":[[[-81.49,34.98],[-81.65,33.31],[-79.21,29.41],[-78.76,26.95],[-77.65,25.88],[-78.2,25.38],[-80.19,27.67],[-79.92,28.52],[-80.77,29.93],[-81.29,29.73],[-82.51,30.95],[-81.44,30.7],[-81.38,31.56],[-82.79,33.03],[-83.76,36.64],[-84.78,37.68],[-86.83,38.5],[-86.71,39.07],[-88.08,41.72],[-85.51,38.99],[-82.98,37.48],[-81.49,34.98]]]}},{"type":"Feature","properties":{},"geometry":{"type":"Polygon","coordinates":[[[-82.91,36.95],[-82.71,37.38],[-84.39,38.43],[-85.73,41],[-87.41,42.06],[-87,42.47],[-86.08,42.73],[-83.84,42.19],[-82.34,40.51],[-80.21,39.37],[-79.33,38.05],[-76.43,37.09],[-74.71,35.82],[-74.19,34.72],[-74.64,30.44],[-80.01,33.79],[-82.91,36.95]]]}},{"type":"Feature","properties":{},"geometry":{"type":"Polygon","coordinates":[[[-128.56,77.76],[-131.9,77.36],[-132.34,77.71],[-138.57,77.8],[-139.8,78.4],[-138.52,78.51],[-142.11,78.94],[-133.45,79.7],[-131.72,79.62],[-133.34,79.3],[-132.52,79.14],[-126.83,79.08],[-128.56,77.76]]]}},{"type":"Feature","properties":{},"geometry":{"type":"Polygon","coordinates":[[[-126.64,79.15],[-128.39,79.2],[-128.06,79.44],[-129.27,79.85],[-127.37,79.35],[-126.72,79.4],[-127.83,79.65],[-126.69,79.87],[-131.38,80.17],[-131.83,80.7],[-137.6,81.57],[-135.49,82.08],[-128.77,82.1],[-122.63,83.08],[-103.9,83.36],[-104.52,83.33],[-102.75,83.03],[-105.42,82.72],[-101.8,82.9],[-101.28,82.7],[-102.19,82.63],[-97.09,82.17],[-98.9,81.98],[-84.13,79.79],[-82.99,79.01],[-80.2,78.43],[-80.33,78.12],[-79.12,77.52],[-83.71,76.93],[-94.19,77.01],[-97.23,77.28],[-100.61,78.35],[-117.5,79.61],[-122.89,79.82],[-126.64,79.15]]]}},{"type":"Feature","properties":{},"geometry":{"type":"Polygon","coordinates":[[[-41.19,37.49],[-42.52,36.23],[-42.99,37.04],[-42.87,35.8],[-44.16,34.73],[-43.58,35.48],[-43.96,36.48],[-43.29,37.09],[-44.04,36.93],[-44.19,35.69],[-44.98,36.31],[-44.17,35.52],[-44.75,35.76],[-44.53,34.69],[-45.05,35.05],[-44.27,34.55],[-44.22,33.37],[-44.32,34.35],[-44.37,33.69],[-45.27,33.78],[-44.64,33.66],[-44.73,33.33],[-44.43,33.6],[-44.45,33.24],[-45.64,33.34],[-45.27,33.06],[-45.82,32.92],[-45.25,32.68],[-50.29,31.37],[-51.32,30.19],[-51.21,25.71],[-52.07,24.22],[-52.74,24.37],[-53.1,25.24],[-52.89,26.03],[-53.23,25.93],[-53.58,26.97],[-53.15,27.35],[-53.62,27.38],[-53.06,28.32],[-54.18,29.95],[-55.49,29.69],[-55.5,30.37],[-56.38,30.66],[-56.04,30.69],[-57.89,30.84],[-57.68,31.4],[-57.97,30.95],[-59.09,31.21],[-61.36,32.65],[-53.04,32.85],[-49.53,34.07],[-44.64,36.74],[-41.19,37.49]]]}},{"type":"Feature","properties":{},"geometry":{"type":"Polygon","coordinates":[[[-74.04,20.6],[-71.03,18.51],[-70.23,16.58],[-73.32,13.82],[-74.87,13.77],[-75.04,14.33],[-75.21,13.73],[-75.42,14.67],[-74.8,15.09],[-75.18,17.77],[-74.8,17.55],[-74.62,17.98],[-75.63,18.44],[-77.4,20.89],[-77.97,23.64],[-77,23.31],[-76.25,22.12],[-74.04,20.6]]]}},{"type":"Feature","properties":{},"geometry":{"type":"Polygon","coordinates":[[[-139.24,73.46],[-141.56,74.26],[-140.62,74.71],[-142.65,75.29],[-138.62,76.86],[-136.39,76.62],[-134.26,77.05],[-117.99,77.55],[-105.65,77.19],[-125.37,75.58],[-139.24,73.46]]]}},{"type":"Feature","properties":{},"geometry":{"type":"Polygon","coordinates":[[[-34.09,67.61],[-34.95,67.63],[-34.93,67.03],[-35.89,66.61],[-33.3,67.03],[-33.28,66.39],[-34.68,65.86],[-35.01,64.89],[-30.38,65.91],[-30.72,66.31],[-29.91,66.82],[-27.89,65.99],[-28.74,66.1],[-27.84,65.43],[-28.77,65.31],[-28.29,65.16],[-28.51,64.95],[-29.79,65.07],[-29.45,64.86],[-29.84,64.93],[-29.95,63.94],[-30.69,63.61],[-32.88,63.43],[-32.64,64.04],[-33.67,64.27],[-33.12,64.19],[-33.47,63.36],[-34.43,63.76],[-34.18,64.08],[-35.28,64.31],[-35.05,63.8],[-37.2,63.39],[-38.39,64.5],[-39.77,64.83],[-38.76,64.39],[-38.56,63.76],[-37.03,63.25],[-39.04,62.55],[-40.61,63.01],[-42.02,62.51],[-44.33,63.71],[-42.12,62.43],[-46.3,61.92],[-46.01,61.58],[-47.28,61.52],[-46.88,61.35],[-49.1,60.37],[-50.08,59.6],[-48.67,58.91],[-49.12,57.48],[-49.74,57.15],[-47.58,56.95],[-44.06,53.9],[-41.67,53.2],[-42.99,51.14],[-42.21,49.22],[-41.75,48.93],[-41.05,49.29],[-40.92,48.72],[-40.75,49.33],[-39.91,49.76],[-40.01,50.48],[-39.41,51.38],[-39.74,52.15],[-37.61,52.31],[-35.82,53.12],[-35.16,54.69],[-36.05,55.62],[-33.95,56.54],[-34.09,57.01],[-33.52,57.36],[-34.14,57.46],[-32.94,57.98],[-32.9,58.78],[-32.01,58.91],[-30.1,57.89],[-29.12,58.06],[-28.56,57.51],[-28.94,57.29],[-28.43,57.21],[-28.72,56.95],[-28.12,56.85],[-28.52,56.45],[-27.41,55.78],[-26.9,55.95],[-27.7,55.06],[-28.8,55.33],[-27.85,54.98],[-28.32,54.39],[-27.95,54.03],[-29.28,53.91],[-27.79,53.83],[-27.55,53.37],[-29.06,52.85],[-27.38,53.37],[-27.55,52.7],[-25.89,53.3],[-25.95,52.73],[-25.55,53.29],[-24.9,53.27],[-25.13,53.57],[-24.48,53.55],[-24.66,53.97],[-23.42,54.22],[-23.82,54.07],[-23.39,53.98],[-23.72,53.35],[-23.27,53.04],[-23.94,53.02],[-23.19,52.88],[-23.17,52.49],[-24.01,52.25],[-23.07,52.23],[-23.99,51.9],[-23.16,51.92],[-23.48,51.73],[-23.02,51.31],[-23.62,51.31],[-22.88,50.71],[-23.4,50.32],[-24.05,50.64],[-23.42,50.24],[-23.91,50.02],[-23.33,49.9],[-23.6,49.71],[-22.92,49.35],[-23.13,49.12],[-22.72,49.27],[-23.42,48.59],[-22.49,48.76],[-22.77,48.58],[-22.28,48.52],[-22.91,48.22],[-22.03,48.54],[-22.21,48.15],[-20.86,47.59],[-24.31,46.96],[-21.14,47.25],[-21.35,46.52],[-20.21,46.36],[-20.38,45.66],[-20.71,45.73],[-20.43,45.45],[-21.09,45.57],[-20.4,45.25],[-20.91,45.36],[-20.61,44.92],[-21.95,44.51],[-23.4,44.88],[-23.94,44.25],[-25.15,43.94],[-30.5,45.25],[-31.71,44.54],[-33.44,44.37],[-36.15,42.99],[-30.79,44.19],[-29.67,43.94],[-29.18,43.35],[-30.43,42.86],[-31.77,43.15],[-30.05,42.48],[-30.72,41.91],[-35.68,40.54],[-39.34,37.92],[-40.67,37.95],[-44.64,36.74],[-49.53,34.07],[-53.04,32.85],[-58.69,32.49],[-64.64,33.26],[-70.95,31.34],[-71.25,29.22],[-74.64,30.44],[-74.19,34.72],[-76.42,37.55],[-75.86,38.9],[-73.39,41.51],[-73.04,46.09],[-74.87,50.2],[-76.44,58.09],[-80.38,61.85],[-81.06,63.16],[-81.37,67.25],[-78.95,68.46],[-77.37,70.82],[-79.22,72.42],[-82.77,73.82],[-83,74.09],[-82.1,75.36],[-78.89,76.83],[-79.12,77.52],[-77.61,76.92],[-76.96,77.52],[-73.58,77.59],[-73.16,77.28],[-74.54,77.17],[-66.33,76.9],[-71.94,76.63],[-69.85,76.73],[-71.03,76.29],[-68.74,76.62],[-63.88,76.31],[-64.5,76.53],[-63.59,76.75],[-64.73,75.58],[-64.39,75.22],[-61.09,75.68],[-63.23,75],[-59.37,74.73],[-57.55,73.23],[-55.69,72.8],[-55.03,72.06],[-57.82,71.91],[-57.5,71.67],[-52.37,70.67],[-52.59,70.37],[-51.97,70.22],[-52.45,69.87],[-51.78,70.06],[-52.13,69.78],[-51.78,69.61],[-52.6,69.66],[-52.63,68.68],[-52.49,69.16],[-51.25,69.3],[-51.52,69.45],[-50.98,70.03],[-47.38,70.16],[-50.81,70.59],[-47.26,70.51],[-47.03,70.19],[-47.71,69.96],[-47.04,69.33],[-47.42,69.22],[-46.36,69.3],[-46.09,68.61],[-42.93,67.84],[-42.08,68.43],[-41.21,68.39],[-40.37,67.86],[-41.11,67.68],[-40.02,67.73],[-41.74,67.18],[-41.24,66.68],[-40.04,67.45],[-37.49,67.45],[-37.86,67.52],[-37.17,67.9],[-38.31,67.82],[-36.34,68.05],[-37.67,69.04],[-35.82,69.61],[-36.28,69.84],[-32.48,70.3],[-33.02,70.14],[-32.38,69.97],[-33.61,69.13],[-33.67,68.31],[-35.59,68.22],[-34.09,67.61]]]}},{"type":"Feature","properties":{},"geometry":{"type":"Polygon","coordinates":[[[-121.59,71.08],[-124.32,71],[-124.78,71.19],[-122.93,71.84],[-122.86,72.44],[-125.84,72.64],[-111.47,73.33],[-91.7,73.14],[-88.13,69.99],[-86.96,68.47],[-87.01,67.77],[-93.77,69.67],[-97.63,71.51],[-103.09,72.29],[-112.73,72.51],[-121.59,71.08]]]}},{"type":"Feature","properties":{},"geometry":{"type":"Polygon","coordinates":[[[-94.85,60.77],[-95.63,60.49],[-95.36,60.76],[-95.85,60.83],[-94.95,61.11],[-95.48,61.19],[-95.59,61.73],[-96.01,61.61],[-95.77,60.99],[-96.65,61.01],[-96.52,62.3],[-94.92,64.1],[-95.84,65.79],[-97.08,67.02],[-100.85,68.05],[-99.57,68.04],[-100.89,68.49],[-107.36,68.78],[-108.77,68.59],[-108.33,68.12],[-110.68,68.06],[-118.16,68.67],[-119.1,68.37],[-118.74,68.52],[-123.69,69.17],[-123.26,69.38],[-126.95,69.5],[-122.95,69.66],[-121.48,68.95],[-120.54,69.35],[-115.18,69.03],[-111.25,69.68],[-113.28,69.98],[-112.44,70.37],[-114.46,70.13],[-113.81,70.77],[-114.54,71.07],[-107.62,71.26],[-103.57,71.01],[-97.14,69.71],[-93.65,68.32],[-91.89,65.79],[-94.85,60.77]]]}},{"type":"Feature","properties":{},"geometry":{"type":"Polygon","coordinates":[[[-105.29,68.06],[-102.79,68.46],[-101.32,68.22],[-105.29,68.06]]]}},{"type":"Feature","properties":{},"geometry":{"type":"Polygon","coordinates":[[[-131.06,77.18],[-131.05,77.63],[-131.96,77.85],[-130.22,78.09],[-131.14,78.26],[-130.36,79.16],[-125.14,80.31],[-102.03,78.76],[-98.67,77.68],[-105.65,77.19],[-116.32,77.55],[-131.06,77.18]]]}},{"type":"Feature","properties":{},"geometry":{"type":"Polygon","coordinates":[[[-87.91,52.11],[-87.38,52.2],[-87.89,52.14],[-87.48,53.25],[-87.74,53.87],[-90.17,56.89],[-91.58,57.74],[-91.28,57.97],[-90.44,57.21],[-90.51,57.71],[-91.25,57.99],[-90.37,58.51],[-91.86,57.98],[-92.22,58.68],[-91.03,58.77],[-92.21,59.15],[-91.9,59.37],[-91.77,58.96],[-91.86,59.36],[-90.14,59.83],[-91.25,59.6],[-90.21,60.38],[-92.06,59.56],[-91.26,60],[-92.02,60.04],[-91.45,60.01],[-91.06,60.58],[-92.02,60.91],[-92.63,60.58],[-91.33,61.05],[-91.77,61.16],[-91.91,61.55],[-91.28,61.52],[-92.25,62.51],[-91.7,62.46],[-92.1,62.57],[-91.88,62.93],[-91.37,62.54],[-91.75,62.96],[-91.2,62.96],[-91.82,63.18],[-91.12,63.21],[-91.88,63.34],[-90.97,63.65],[-92.21,63.81],[-91.43,64.9],[-91.82,64.99],[-92.26,64.21],[-92.02,65.93],[-93.26,68.96],[-93,69.4],[-87.01,67.77],[-86.82,67.19],[-86.04,66.88],[-87.61,65.36],[-86.74,62.91],[-84.58,61.48],[-84.54,57.58],[-85.04,56.02],[-84.51,54.22],[-84.87,52.95],[-86.77,50.16],[-88.53,50.73],[-87.91,52.11]]]}},{"type":"Feature","properties":{},"geometry":{"type":"Polygon","coordinates":[[[-86.04,66.88],[-84.7,65.18],[-84.48,62.29],[-84.84,61.69],[-86.74,62.91],[-87.56,64.98],[-87.42,65.78],[-86.04,66.88]]]}},{"type":"Feature","properties":{},"geometry":{"type":"Polygon","coordinates":[[[-85.15,75.45],[-85.89,74.18],[-85.64,73.91],[-81.92,72.54],[-79.92,70.95],[-81.35,68.58],[-83.71,67.36],[-83.87,66.82],[-82.93,62.62],[-78.38,58.24],[-76.82,51.55],[-83.63,53.23],[-84.93,54.24],[-83.46,57.69],[-83.37,58.97],[-84.47,60.72],[-84.91,64.12],[-87.83,69.77],[-95.6,74.14],[-103.77,76.79],[-100.59,77.25],[-87,77.01],[-82.72,77.57],[-82.13,76.95],[-85.15,75.45]]]}},{"type":"Feature","properties":{},"geometry":{"type":"Polygon","coordinates":[[[-96.39,62.38],[-96.75,63.13],[-95.69,63.27],[-96.39,62.38]]]}},{"type":"Feature","properties":{},"geometry":{"type":"Polygon","coordinates":[[[-95.64,62.96],[-95.61,63.32],[-96.8,63.41],[-97.28,63.98],[-96.75,64.13],[-98.98,65.18],[-98.56,65.19],[-98.97,65.61],[-98.49,65.63],[-99.15,65.8],[-99.34,66.12],[-98.71,66.11],[-99.24,66.34],[-98.75,66.35],[-99.35,66.57],[-98.14,66.6],[-99.98,67.11],[-98.9,67.28],[-100.67,67.42],[-100.37,67.21],[-101.03,67.16],[-100.83,66.9],[-102.21,66.81],[-103.03,67.12],[-102.6,67.32],[-105.72,67.39],[-106.42,67.84],[-101.49,68.1],[-100.8,67.55],[-100.85,68.05],[-97.77,67.37],[-95.84,65.79],[-94.92,64.1],[-95.64,62.96]]]}},{"type":"Feature","properties":{},"geometry":{"type":"Polygon","coordinates":[[[-86.04,66.88],[-86.82,67.19],[-87.01,67.77],[-86.21,67.54],[-86.04,66.88]]]}},{"type":"Feature","properties":{},"geometry":{"type":"Polygon","coordinates":[[[2.59,57.33],[3.55,56.7],[3.02,56.52],[2.33,57.08],[2.59,57.33]]]}},{"type":"Feature","properties":{},"geometry":{"type":"Polygon","coordinates":[[[3.2,57.42],[3.72,56.98],[2.42,57.37],[3.2,57.42]]]}},{"type":"Feature","properties":{},"geometry":{"type":"Polygon","coordinates":[[[56.1,67.66],[56.68,67.34],[55.92,67.33],[56.1,67.66]]]}},{"type":"Feature","properties":{},"geometry":{"type":"Polygon","coordinates":[[[-43.12,75.55],[-45.6,75.04],[-43.18,75],[-42.61,74.39],[-44.17,74.2],[-40.9,74.19],[-42.96,72.88],[-39.26,74.05],[-37.88,73.69],[-38.24,73.15],[-41.69,71.76],[-41.9,71.19],[-41.3,71.15],[-41.28,70.39],[-40.71,70.35],[-41.34,70.01],[-43.63,70.53],[-44.49,69.98],[-42.91,69.94],[-44.81,69.68],[-46.48,70.25],[-45.94,70.34],[-47.01,70.75],[-46.55,71.04],[-50.09,71],[-54.39,71.76],[-53.03,72.33],[-55.37,73.23],[-54.84,73.88],[-54.07,73.88],[-48.89,72.73],[-49.94,73.59],[-53.47,74.38],[-53.37,74.69],[-48.85,74.45],[-51.95,75.36],[-48.87,75.89],[-43.12,75.55]]]}},{"type":"Feature","properties":{},"geometry":{"type":"Polygon","coordinates":[[[39.64,65.4],[40.71,65.29],[40.11,64.63],[40.59,63.99],[42.98,62.93],[40.17,62.77],[39.97,63.06],[40.47,63.14],[39.69,63.5],[38.41,63.34],[38.08,63.84],[39.14,64.57],[38.26,64.68],[39.64,65.4]]]}},{"type":"Feature","properties":{},"geometry":{"type":"Polygon","coordinates":[[[2.58,57.9],[3.42,57.48],[1.96,57.76],[2.58,57.9]]]}},{"type":"Feature","properties":{},"geometry":{"type":"Polygon","coordinates":[[[50.42,66.91],[50.78,66.83],[49.73,66.52],[49.45,66.85],[50.42,66.91]]]}},{"type":"Feature","properties":{},"geometry":{"type":"Polygon","coordinates":[[[-35.59,73.77],[-38.01,73.18],[-37.6,73.98],[-35.59,73.77]]]}},{"type":"Feature","properties":{},"geometry":{"type":"Polygon","coordinates":[[[-20.21,68.93],[-18.71,68.15],[-18.96,67.51],[-21.42,67.99],[-20.97,68.46],[-21.23,68.68],[-20.21,68.93]]]}},{"type":"Feature","properties":{},"geometry":{"type":"Polygon","coordinates":[[[-27.48,60.11],[-29.96,60.18],[-30.79,60.83],[-29.21,61.46],[-26.33,60.67],[-26.38,61.49],[-23.57,62.02],[-23.12,63.18],[-23.61,63.35],[-23.11,63.51],[-23.68,63.49],[-23.42,63.8],[-23.96,64.16],[-25.17,64.1],[-23.79,64.35],[-24.11,64.84],[-23.64,64.84],[-24.38,65.01],[-23.76,65.26],[-24.54,65.18],[-23.96,65.57],[-24.44,65.72],[-24.15,66.23],[-25.05,66.07],[-24.67,65.9],[-25.17,65.52],[-26.87,66.29],[-26.86,65.79],[-27.47,66.69],[-27.1,66.12],[-29.87,67],[-30.04,67.33],[-29.47,67.52],[-31,67.62],[-30.98,68.44],[-29.14,68.02],[-30.52,68.89],[-28.6,69.7],[-25,70.24],[-22.89,69.71],[-26.02,69.3],[-27.04,68.7],[-27.22,67.81],[-29.02,67.98],[-27.6,67.57],[-26.36,68.03],[-26.86,68.22],[-26.78,68.63],[-25.49,68.39],[-25.46,69.05],[-24.29,69],[-24.38,69.37],[-23.77,69.05],[-23.87,69.45],[-20.95,69.1],[-21.85,68.09],[-23.68,67.56],[-21.96,67.83],[-22.22,67.63],[-21.78,67.49],[-22.43,67.29],[-21.88,67.39],[-21.82,66.84],[-21.81,67.44],[-21.02,67.2],[-21.19,67.6],[-20.17,67.63],[-19.09,67],[-20.83,66.51],[-19.14,66.5],[-20.89,65.89],[-19.12,66.12],[-20.1,65.94],[-19.39,65.95],[-20.06,65.41],[-18.64,65.84],[-18.24,65.26],[-20.01,65],[-18.26,64.87],[-19.86,64.7],[-19.16,64.66],[-20.05,64.29],[-17.9,64.72],[-18.91,64.5],[-17.73,64.57],[-17.31,64.13],[-19.14,64.05],[-19.56,63.94],[-17.95,63.9],[-19.49,63.66],[-17.45,63.94],[-17.26,63.46],[-19.62,63.6],[-17.63,62.77],[-19.14,63.27],[-18.63,62.98],[-19.54,62.93],[-18.79,62.94],[-19.28,62.78],[-18.89,62.54],[-19.98,62.86],[-18.48,62.05],[-19.5,62.11],[-18.55,61.71],[-18.95,61.41],[-18.39,61.56],[-18.88,61.19],[-17.59,61.31],[-18.27,61.09],[-17.61,61.12],[-17.66,60.6],[-18.49,60.43],[-17.07,60.44],[-18.05,60.12],[-16.57,60.01],[-16.4,59.49],[-17.8,59.51],[-17.39,59.05],[-18.1,59.34],[-17.81,58.93],[-18.27,58.79],[-18.6,59.26],[-19.46,58.32],[-19.84,58.73],[-19.5,58.94],[-20.06,58.67],[-19.62,59],[-20.2,59.1],[-19.68,59.3],[-20.19,59.44],[-18.82,59.78],[-20.29,59.69],[-19.6,60.01],[-20.22,59.85],[-20.31,60.43],[-21.15,60.68],[-20.74,60.36],[-21.3,60.58],[-21.13,59.99],[-21.98,60.26],[-21.82,59.89],[-22.37,59.64],[-21.57,59.7],[-21.95,58.74],[-21.61,59],[-21.73,58.57],[-21.21,58.75],[-21.41,58.33],[-20.92,58.22],[-21.52,58.17],[-20.96,57.69],[-21.45,57],[-21.62,57.64],[-21.77,56.7],[-22.18,56.94],[-22.46,56.5],[-22.27,56.86],[-23.08,57.2],[-22.84,57.52],[-23.17,57.15],[-23.6,58.11],[-23.69,57.71],[-24.44,58.29],[-23.26,56.3],[-23.55,56.01],[-26.87,58.12],[-27.1,58.61],[-26.26,58.57],[-27.16,59.07],[-27.32,59.74],[-26.93,59.93],[-27.87,59.8],[-27.48,60.11]]]}},{"type":"Feature","properties":{},"geometry":{"type":"Polygon","coordinates":[[[107.25,78.35],[110.6,78.06],[105.9,77.56],[106.46,77.79],[106.02,78.16],[107.25,78.35]]]}},{"type":"Feature","properties":{},"geometry":{"type":"Polygon","coordinates":[[[-31.68,72.77],[-30.24,72.19],[-33.05,71.87],[-32.33,71.59],[-33.07,71.3],[-32.3,71.29],[-34.05,70.65],[-35.75,70.84],[-35.27,71.03],[-37.08,70.83],[-36.47,71.33],[-36.41,71.96],[-36.91,72.05],[-36.47,72.59],[-35.35,72.71],[-35.48,72.18],[-34.32,72.09],[-33.37,72.48],[-34.03,72.55],[-33.94,72.86],[-31.68,72.77]]]}},{"type":"Feature","properties":{},"geometry":{"type":"Polygon","coordinates":[[[-27.2,71.68],[-25.81,70.84],[-33,70.44],[-29.69,71.78],[-27.2,71.68]]]}},{"type":"Feature","properties":{},"geometry":{"type":"Polygon","coordinates":[[[77.74,73.63],[78.92,73.33],[77.46,73.29],[77.74,73.63]]]}},{"type":"Feature","properties":{},"geometry":{"type":"Polygon","coordinates":[[[-43.93,77.78],[-43.94,77.2],[-44.49,77.16],[-43.58,77.08],[-44.36,76.96],[-42.34,76.71],[-43.35,75.8],[-57.23,76.03],[-56.16,77],[-57.14,77.26],[-48.75,77.86],[-47.16,78.43],[-43.93,77.78]]]}},{"type":"Feature","properties":{},"geometry":{"type":"Polygon","coordinates":[[[7.01,59.2],[6.92,58.82],[6.35,59],[7.01,59.2]]]}},{"type":"Feature","properties":{},"geometry":{"type":"Polygon","coordinates":[[[107.39,80.27],[113.43,80.54],[110.86,80.07],[105.71,80.38],[107.39,80.27]]]}},{"type":"Feature","properties":{},"geometry":{"type":"Polygon","coordinates":[[[-20.88,71.64],[-22.93,70.94],[-23.64,71.31],[-23.35,71.8],[-20.88,71.64]]]}},{"type":"Feature","properties":{},"geometry":{"type":"Polygon","coordinates":[[[-25.7,77.07],[-28.02,77.24],[-25.16,77.15],[-25.7,77.07]]]}},{"type":"Feature","properties":{},"geometry":{"type":"Polygon","coordinates":[[[95.97,79.56],[99.35,79.42],[99.96,79.49],[98.16,79.93],[101.97,80.1],[104.94,80.13],[104.63,79.99],[105.57,79.63],[100.19,78.34],[95.42,79.09],[95.97,79.56]]]}},{"type":"Feature","properties":{},"geometry":{"type":"Polygon","coordinates":[[[62.61,72.57],[63.28,72.55],[62.29,72.46],[62.61,72.57]]]}},{"type":"Feature","properties":{},"geometry":{"type":"Polygon","coordinates":[[[-18.83,72.89],[-22.4,72.13],[-22.04,72.3],[-23.77,72.13],[-24.63,72.62],[-22.41,72.8],[-23.87,73.4],[-23.53,73.5],[-22.29,73.37],[-22.62,73.17],[-20.51,73.56],[-21.74,72.92],[-20.12,73.37],[-19.32,73.13],[-19.91,72.94],[-18.83,72.89]]]}},{"type":"Feature","properties":{},"geometry":{"type":"Polygon","coordinates":[[[-20.76,75.15],[-24.39,74.77],[-23,74.44],[-23.52,74.17],[-26.44,74.05],[-27.68,74.58],[-27.26,74.74],[-31.13,75.77],[-30.4,76.03],[-27.24,75.3],[-28.81,75.99],[-27.24,76.12],[-29.64,76.42],[-28.89,76.6],[-29.28,76.71],[-28.95,76.97],[-26.54,76.43],[-27.4,76.93],[-26.42,76.88],[-25.61,76.4],[-25.9,76.86],[-24.93,76.87],[-24.47,76.44],[-22.97,76.53],[-24.18,76.25],[-23.69,76.04],[-23.95,75.89],[-26.27,75.45],[-25.81,74.9],[-22.86,75.46],[-20.76,75.15]]]}},{"type":"Feature","properties":{},"geometry":{"type":"Polygon","coordinates":[[[44.1,69.92],[45.22,69.78],[45.29,69.29],[41.98,67.78],[41.45,67.34],[41.86,67.14],[41.28,67.12],[41.67,66.94],[41.09,67.02],[41.4,66.74],[40.71,66.79],[41.18,66.26],[40.42,66.24],[41.11,66.01],[40.18,66],[41.05,65.82],[40.17,65.85],[40.9,65.68],[40.76,65.4],[39.01,65.26],[39.97,65.71],[38.36,65.63],[39.16,65.89],[38.96,66.13],[39.92,66.1],[38.95,66.22],[39.49,66.55],[39.05,66.7],[39.79,66.79],[38.71,67.15],[39.83,67.47],[39.63,67.82],[40.9,68.63],[43.61,69.31],[43.32,69.42],[44.1,69.92]]]}},{"type":"Feature","properties":{},"geometry":{"type":"Polygon","coordinates":[[[-16.87,72.42],[-16.77,71.97],[-18.24,71.74],[-16.76,71.4],[-17.37,71.35],[-17.16,70.77],[-18.15,71.15],[-18.66,70.97],[-18.17,70.77],[-18.49,70.5],[-19.32,70.28],[-18.61,70.37],[-18.96,70.16],[-18.22,70.02],[-18.59,69.73],[-15.85,69.1],[-15.79,68.26],[-16.95,68.23],[-16.77,67.94],[-18.75,68.2],[-19.03,68.49],[-18.47,68.83],[-19.68,68.76],[-21.48,69.7],[-20.65,69.88],[-22,70.05],[-21.42,70.42],[-22.35,70.48],[-18.22,71.61],[-19.33,72.05],[-18.26,72.24],[-18.25,72.59],[-16.87,72.42]]]}},{"type":"Feature","properties":{},"geometry":{"type":"Polygon","coordinates":[[[-18.65,76.96],[-24.01,76.98],[-24.42,77.05],[-21.97,77.24],[-26.31,77.56],[-26.86,77.71],[-25.22,77.85],[-26.89,78.22],[-24.26,78.27],[-19.78,77.56],[-19.43,77.27],[-19.79,77.08],[-18.65,76.96]]]}},{"type":"Feature","properties":{},"geometry":{"type":"Polygon","coordinates":[[[55.02,40.18],[53.99,39.89],[54.25,42.34],[51.76,46.58],[53.09,49.08],[53.18,50.35],[50.68,57.17],[51.32,58.41],[52.54,59.34],[56.67,57.3],[61.01,53.44],[65.26,51.53],[68.6,47.41],[73.74,44.91],[81.19,42.16],[73.47,38.53],[65.81,33.05],[60.72,33.21],[55.87,35.21],[54.27,36.65],[55.71,38.42],[54.75,38.94],[55.02,40.18]]]}},{"type":"Feature","properties":{},"geometry":{"type":"Polygon","coordinates":[[[80.61,38.34],[81.83,38.32],[83.34,37.49],[82.28,35.52],[76,31.85],[74.74,30],[72.04,29.97],[67.4,32.11],[65.39,32.07],[69.71,35.71],[73.63,38.05],[80.61,38.34]]]}},{"type":"Feature","properties":{},"geometry":{"type":"Polygon","coordinates":[[[86.51,40.53],[83,39.42],[75.17,39.28],[81.19,42.16],[84.31,40.87],[86.51,40.53]]]}},{"type":"Feature","properties":{},"geometry":{"type":"Polygon","coordinates":[[[89.81,33.27],[95.67,32.48],[93.77,31.7],[87.99,31.54],[81.7,30.28],[74.01,27.1],[74.33,28.03],[79.64,32.46],[81.78,33.66],[89.81,33.27]]]}},{"type":"Feature","properties":{},"geometry":{"type":"Polygon","coordinates":[[[122.22,58.85],[123.37,59.17],[122.89,58.7],[123.7,58.82],[124.14,59.32],[124.28,58.86],[124.05,59.62],[125.29,59.82],[127.67,59.16],[127.03,58.86],[128.45,58.08],[127.91,57.04],[128.73,54.28],[125.29,48.63],[124.04,47.7],[122.54,47.48],[122.35,47.96],[121.82,47.86],[121.49,47],[116.98,47.29],[113.03,46.46],[103.72,44.29],[94.99,41],[91.42,41.02],[85.54,39.75],[83.36,40.06],[81.32,41.12],[86.59,41.83],[91.56,43.95],[94.34,46.18],[97.65,47.61],[99.65,49.75],[103.74,51.41],[105.4,54.56],[107.49,56.36],[114.19,57],[122.22,58.85]]]}},{"type":"Feature","properties":{},"geometry":{"type":"Polygon","coordinates":[[[75.13,71.98],[75.71,71.73],[75.3,71.59],[75.67,71.04],[75.61,71.55],[77.43,71.82],[76.88,71.91],[78.22,72.69],[76.88,72.8],[77.96,73.09],[81.11,72.75],[81.36,72.94],[80.59,72.97],[82.14,73.52],[89.96,74.1],[88.47,74.74],[88.99,75.02],[95.37,75.25],[96.2,74.96],[95.81,74.74],[97.34,74.55],[96.7,74.22],[99.69,73.72],[101.62,73.6],[101.84,73.89],[100.97,74.62],[101.47,74.45],[103.67,73.51],[105.44,71.5],[106.22,71.32],[120.99,71.12],[130.69,70.17],[135.25,68.67],[136.96,66.52],[134.84,66.16],[135.21,65.95],[132.09,65.81],[131.79,65.43],[128.34,65.26],[127.36,64.81],[124.6,61.65],[122.15,59.69],[124.07,59.72],[124.39,58.92],[116.2,57.24],[109.41,56.73],[107.18,54.97],[105.34,51.86],[101.12,50.28],[99.01,48.18],[95.61,46.8],[92.06,44.26],[87.63,42.59],[82.28,41.96],[73.74,44.91],[68.6,47.41],[65.26,51.53],[59.44,54.57],[55.45,58.09],[53.7,60.59],[56.55,60.36],[57.61,62.06],[56.66,63.01],[57.65,63.48],[58.96,63.17],[60.07,62.11],[62.09,62.24],[59.64,62.49],[59.38,62.83],[59.78,63.06],[58.86,63.59],[55.81,63.35],[55.14,63.88],[55.01,64.75],[53.36,65.34],[54.06,66.3],[53.29,66.84],[54.16,66.7],[54.93,65.62],[55.62,65.51],[57.71,65.54],[55.05,66.15],[56.57,66.39],[55.76,66.63],[56.26,66.91],[60.4,66.91],[60.17,66.36],[60.87,65.35],[63.51,65.17],[61.68,65.58],[62.12,65.84],[60.99,66.36],[60.81,66.89],[57.92,67.26],[56.44,68.22],[60.58,69.33],[59.06,69.63],[59.91,69.88],[58.47,70.04],[59.44,69.97],[59.04,70.34],[59.38,70.42],[58.64,70.41],[62.09,72.07],[61.16,72.09],[63.3,72.19],[64.55,72.98],[65.4,72.94],[64.14,73.15],[65.43,73.53],[64.38,74.01],[64.56,74.87],[66.81,74.91],[66.23,74.39],[68.78,74.74],[69.2,74.27],[69.9,74.44],[69.66,74.73],[72.2,75.2],[75.7,74.92],[76.25,74.6],[74.56,74.64],[76.99,74.34],[76.94,73.62],[75.88,72.94],[76.32,73.03],[76.17,72.25],[74.64,71.9],[75.13,71.98]]]}},{"type":"Feature","properties":{},"geometry":{"type":"Polygon","coordinates":[[[52.51,61.92],[52.46,62.57],[50.4,62.91],[49.96,64.05],[49.31,64.12],[49.85,65.17],[49.45,66.36],[52.05,66.52],[52.47,65.28],[53.72,64.82],[54.88,63.13],[56.19,62.66],[56.37,61.89],[55.92,60.96],[53.69,60.61],[52.51,61.92]]]}},{"type":"Feature","properties":{},"geometry":{"type":"Polygon","coordinates":[[[77.12,14.08],[81.81,14.43],[85.68,13.67],[87.55,12.13],[89.71,8.74],[84.62,11.1],[76.98,10.95],[73.93,11.59],[70.44,13.42],[67.23,16.28],[66.47,17.7],[71.93,14.83],[77.12,14.08]]]}},{"type":"Feature","properties":{},"geometry":{"type":"Polygon","coordinates":[[[68.19,-39.14],[68.51,-38.74],[67.72,-38.23],[68.11,-38.98],[66.81,-37.95],[67.73,-38.71],[67.67,-39.33],[65.39,-40.01],[65.41,-39.53],[64.74,-39.93],[64.8,-39.23],[63.07,-39.63],[62.92,-40.25],[61.81,-40.65],[55.41,-41.39],[55.11,-41.79],[52.28,-41.49],[50.51,-43.5],[48.64,-44.43],[47.51,-45.66],[46.84,-45.35],[45.7,-45.73],[45.9,-46.14],[44.84,-45.72],[42.94,-45.96],[42.62,-45.35],[45.98,-36.81],[48.92,-32.77],[49.72,-32.64],[49.18,-32.36],[49.77,-32.04],[49.47,-31.74],[48.47,-32.47],[46.95,-32.05],[46.64,-29.75],[47.85,-30.29],[48.49,-30.06],[47.25,-29.5],[47.04,-28.57],[47.68,-28.45],[47.08,-28.41],[47.34,-28.12],[46.68,-27.66],[47.32,-26.99],[46.74,-26.47],[47.25,-25.79],[46.49,-25.54],[49.39,-22.99],[51.94,-21.9],[57.81,-20.51],[59.56,-20.85],[60.21,-21.58],[60.06,-23.18],[61.35,-27.23],[64.36,-31.19],[66.44,-32.47],[74.78,-35.36],[75.89,-36.21],[68.19,-39.14]]]}},{"type":"Feature","properties":{},"geometry":{"type":"Polygon","coordinates":[[[67.88,22.4],[70.01,21.29],[71.49,21.06],[72.52,21.21],[73.29,22.15],[78.88,23.73],[84.97,22.58],[89.27,20.69],[90.39,18.38],[90.69,15.93],[88.12,18.82],[85.91,19.86],[82.71,20.05],[77.93,19.29],[72.55,19.55],[66.21,22.01],[65.13,21.94],[64,23.74],[65.86,23.66],[67.88,22.4]]]}},{"type":"Feature","properties":{},"geometry":{"type":"Polygon","coordinates":[[[93.84,24.6],[93.76,24.17],[91.95,26.11],[89.88,26.6],[81.45,26.53],[87.12,28.67],[91.67,29.2],[95.53,30.37],[94.54,28.38],[93.84,24.6]]]}},{"type":"Feature","properties":{},"geometry":{"type":"Polygon","coordinates":[[[81.83,38.32],[91.16,40.62],[94.7,40.56],[85.59,36.53],[82.28,35.52],[83.34,37.49],[81.83,38.32]]]}},{"type":"Feature","properties":{},"geometry":{"type":"Polygon","coordinates":[[[38.16,33.99],[36.6,34.8],[39.81,34.79],[43.28,33.96],[44.98,33.49],[46.4,32.4],[45.6,32.29],[45.34,30.37],[42.9,32.87],[38.16,33.99]]]}},{"type":"Feature","properties":{},"geometry":{"type":"Polygon","coordinates":[[[46.3,29.6],[48.13,28.97],[50.22,29.56],[48.37,28.84],[46.3,29.6]]]}},{"type":"Feature","properties":{},"geometry":{"type":"Polygon","coordinates":[[[50.24,29.49],[49.86,31.54],[49.08,31.73],[49.09,32.2],[49.51,32.13],[48.49,32.74],[53.64,30.75],[50.24,29.49]]]}},{"type":"Feature","properties":{},"geometry":{"type":"Polygon","coordinates":[[[53.69,60.61],[55.45,58.09],[52.54,59.34],[53.3,61.11],[53.69,60.61]]]}},{"type":"Feature","properties":{},"geometry":{"type":"Polygon","coordinates":[[[48.55,33.24],[47.99,34.17],[48.09,35.15],[46.72,35.42],[45.54,36.73],[46.69,36.8],[46.04,37.04],[46.46,37.62],[47.81,37.8],[47.23,39.24],[46,39.24],[44.72,38.34],[44.3,38.5],[44.05,37.62],[43.84,37.93],[43.79,37.56],[43.11,37.54],[42.44,36.38],[43.47,35.83],[43.37,34.92],[44.98,33.49],[39.81,34.79],[44.86,39.43],[51.36,41.94],[52.02,43.54],[51.76,46.58],[54.25,42.34],[53.77,39.31],[52.78,38.94],[52.53,37.86],[52.92,36.85],[53.89,37.1],[55.87,35.21],[59.72,33.43],[66.35,33.14],[64.07,30.95],[55.54,29.87],[48.49,32.74],[48.55,33.24]]]}},{"type":"Feature","properties":{},"geometry":{"type":"Polygon","coordinates":[[[47.58,3.81],[46.99,4.04],[45.65,3.53],[44.72,3.85],[42.85,5.34],[42.04,7.73],[41.55,7.63],[41.24,8.2],[41,7.74],[40.16,7.92],[40.3,7.37],[39.85,7.27],[40.55,5.36],[41.56,4.23],[41.32,3.61],[41.82,2.24],[42.2,3.46],[42.71,3.33],[42.23,1.75],[42.75,1.33],[44.98,1.32],[47.16,3.21],[47.06,1.34],[48.9,0.18],[49.72,-1.25],[48.39,-2.89],[47.75,-3],[47.62,-4.23],[46.65,-4.36],[46.1,-5.16],[45.21,-5.16],[44.73,-5.93],[42.2,-6.19],[41.84,-6.97],[38.22,-8],[35.18,-8.18],[34.46,-8.65],[33.01,-8.41],[32.6,-5.76],[33.01,-4.3],[31.84,-1],[30.67,0.65],[30.59,3.44],[29.82,4.21],[28.76,8.25],[28.22,8.44],[31.05,13.83],[31.77,16.46],[33.84,17.38],[36.87,17.43],[45.24,7.17],[46.17,5.37],[47.64,5.09],[47.58,3.81]]]}},{"type":"Feature","properties":{},"geometry":{"type":"Polygon","coordinates":[[[55.51,-7.06],[55.16,-10.34],[53.58,-11.35],[46.35,-10.54],[44.23,-10.9],[44.31,-7.8],[45.73,-6.02],[47.43,-6.5],[50.08,-4.96],[51.64,-4.79],[55.53,-5.97],[55.51,-7.06]]]}},{"type":"Feature","properties":{},"geometry":{"type":"Polygon","coordinates":[[[72.59,19.77],[61.79,23.27],[63.81,26.67],[69.97,21.79],[73.11,21.8],[72.59,19.77]]]}},{"type":"Feature","properties":{},"geometry":{"type":"Polygon","coordinates":[[[61.34,15.26],[60.95,15.63],[61.94,17.51],[63.83,19.33],[64.57,19.39],[72.14,14.07],[66.32,14.43],[63.69,14],[61.34,15.26]]]}},{"type":"Feature","properties":{},"geometry":{"type":"Polygon","coordinates":[[[44.88,27.08],[45.37,26.47],[48.76,26.22],[51.06,22],[54.96,20.49],[55.13,19.6],[53.6,19.25],[51.9,20.49],[38.92,25.95],[38.73,26.82],[39.45,28.24],[42.79,28.63],[44.88,27.08]]]}},{"type":"Feature","properties":{},"geometry":{"type":"Polygon","coordinates":[[[179.99,77.73],[179.94,74.43],[176.2,72.99],[176.21,72.54],[172.33,72.87],[170.43,72.49],[169.79,71.81],[169.14,72.43],[167.62,71.89],[168.04,71.82],[167.67,71.56],[165.55,71.45],[165.41,71.09],[165.92,70.84],[165.55,70.77],[165.97,70.62],[165.42,70.68],[165.78,70.51],[165.09,70.03],[165.12,69.42],[167.27,69.36],[166.81,68.91],[167.25,68.37],[168.54,67.89],[166.81,67.6],[166.81,66.89],[167.8,66.32],[165.35,65.43],[165.91,64.54],[163.94,64.04],[164.56,63.37],[163.07,61.79],[162.32,62.45],[162.59,64.86],[158.43,68.39],[160.6,69.32],[162.81,71.77],[164.96,72.39],[164.33,72.5],[164.76,72.88],[164.18,72.97],[163.81,73.8],[165.15,74.09],[164.41,74.16],[167.05,75.1],[175.21,79.48],[179.99,79.38],[179.99,77.74],[179.67,77.71],[179.99,77.73]]]}},{"type":"Feature","properties":{},"geometry":{"type":"Polygon","coordinates":[[[-179.99,77.74],[-179.99,79.38],[-172.23,79.08],[-171.47,78.33],[-179.99,77.74]]]}},{"type":"Feature","properties":{},"geometry":{"type":"Polygon","coordinates":[[[-179.99,74.62],[-179.99,77.73],[-178.68,77.97],[-173.92,77.71],[-169.92,76.07],[-170.55,75.7],[-174.45,75.78],[-179.99,74.62]]]}},{"type":"Feature","properties":{},"geometry":{"type":"Polygon","coordinates":[[[162.59,73.33],[163.3,73.09],[161.85,72.93],[160.65,71.77],[159.78,71.59],[162.59,73.33]]]}},{"type":"Feature","properties":{},"geometry":{"type":"Polygon","coordinates":[[[179.99,82.23],[179.99,79.14],[162.73,78.74],[149.06,79.42],[152.85,80.24],[158.86,80.56],[159.49,80.96],[166.2,80.41],[168.04,80.88],[163.54,81.73],[179.99,82.23]]]}},{"type":"Feature","properties":{},"geometry":{"type":"Polygon","coordinates":[[[-179.99,79.14],[-179.99,82.23],[-175.33,82.21],[-172.83,82.02],[-167.98,78.67],[-179.99,79.14]]]}},{"type":"Feature","properties":{},"geometry":{"type":"Polygon","coordinates":[[[143.43,79.48],[157.64,78.96],[175.21,79.48],[167.05,75.1],[162.12,73.88],[162.59,73.33],[159.8,71.69],[158.55,72.07],[158.88,72.44],[158.45,72.81],[157.86,72.45],[156.55,73.09],[146.91,74.72],[142.49,76.05],[141.31,77.43],[142.06,79.04],[143.43,79.48]]]}},{"type":"Feature","properties":{},"geometry":{"type":"Polygon","coordinates":[[[102.3,74.84],[102.53,75.24],[104.96,74.93],[106.11,75.44],[109.26,75.44],[108.64,75.77],[110.91,76.04],[109.12,76.29],[109.6,76.63],[108.13,76.53],[109.72,77.15],[108.48,77.32],[120.23,78.16],[122.05,77.99],[121.15,77.67],[127.66,77.46],[133.78,78.39],[137.86,78.37],[139.52,78.04],[139.6,77.62],[141.6,77.55],[138.1,75.55],[137.8,74.14],[140.59,72.6],[147.93,70.51],[148.74,69.81],[145.28,69.48],[142.86,67.41],[143.23,67.14],[142.95,66.94],[144.5,66.85],[139.94,66.04],[139.49,66.26],[140.89,66.54],[138.52,66.55],[136.82,68.82],[132.26,70.33],[122.49,71.31],[107.57,71.53],[106.78,71.71],[105.02,73.73],[102.3,74.84]]]}},{"type":"Feature","properties":{},"geometry":{"type":"Polygon","coordinates":[[[120.84,46.33],[119.81,45.26],[119.95,44.29],[118.08,42.54],[119.34,42.01],[121.07,40.18],[118.17,39.2],[117.64,39.88],[118.51,40.14],[117.87,40.89],[116.71,40.9],[116.57,40.5],[115.74,40.82],[116.49,41.54],[115.99,41.63],[116.1,42.36],[114.88,42.58],[112.02,40.78],[112.61,41.58],[111.93,41.44],[112.02,41.88],[112.62,42.68],[111.98,43.07],[111.19,42.79],[109.72,40.85],[108.56,40.62],[108.63,39.86],[109.87,39.87],[110.44,38.94],[111.87,39.85],[113.98,39.76],[113.93,39.25],[111.72,38.14],[111.13,36.73],[112.34,36.34],[110.08,32.99],[105.25,33.76],[98.44,33.27],[85.59,36.53],[95.58,40.91],[103.44,43.74],[116.61,46.61],[120.84,46.33]]]}},{"type":"Feature","properties":{},"geometry":{"type":"Polygon","coordinates":[[[117.5,43.11],[118.31,41.8],[116.95,40.9],[117.22,40.65],[116.92,40.82],[117.06,40.36],[116.74,40.6],[116.41,39.88],[115.6,40.46],[115.64,41.42],[115.2,41.43],[117.5,43.11]]]}},{"type":"Feature","properties":{},"geometry":{"type":"Polygon","coordinates":[[[110.69,37.21],[112.34,36],[113.85,35.66],[112.25,35.18],[114.34,35.02],[113.26,33.74],[115.2,34.2],[114.8,33.53],[115.24,33.89],[115.43,33.61],[114.96,33.39],[115.67,32.66],[114.92,31.95],[115.23,30.49],[114.65,30.4],[115.23,30.2],[115.52,29.17],[115.07,29.25],[115.03,28.04],[114.45,27.84],[114.72,27.57],[113.71,26.13],[113.92,25.68],[112.67,24.64],[112.43,24.85],[112.3,24.13],[111.1,24.51],[111.67,23.76],[111.33,23.47],[110.98,23.79],[111.26,23.19],[110.68,23.16],[110.82,22.82],[109.16,21.7],[109.71,20.63],[108.83,20.96],[108.8,21.59],[108.34,21.67],[108.14,21.18],[107.27,21.36],[106.74,20.06],[106.09,19.78],[106.41,19.53],[106.11,18.59],[98.37,20.98],[97.54,21.77],[96.52,24.05],[96.84,26.65],[98.3,30.25],[100.07,31.36],[104,32.68],[109.83,33.45],[110.69,37.21]]]}},{"type":"Feature","properties":{},"geometry":{"type":"Polygon","coordinates":[[[103.19,18],[103.5,16.99],[104.08,16.7],[108.64,16.37],[110.83,14.78],[111.38,13.53],[110.27,11.38],[110.71,10.58],[110.14,8.74],[109.2,9.96],[107.9,9.37],[107.41,9.83],[107.29,9.33],[105.99,10.01],[104.41,9.2],[103.94,9.91],[103.3,9.59],[101.22,12.21],[100.12,15.27],[95.69,18.11],[103.19,18]]]}},{"type":"Feature","properties":{},"geometry":{"type":"Polygon","coordinates":[[[102.39,8.98],[104.24,6.14],[105.15,5.54],[105.49,6.05],[107.9,5.37],[109.19,5.94],[112.64,3.62],[110.31,3.43],[106.87,4.68],[105.58,4.57],[105.42,4.16],[102.01,7.3],[99.8,7.83],[98.39,8.68],[98.72,8.76],[97.17,8.5],[93.45,10.48],[91.35,12.12],[89.7,14.52],[92.47,15.89],[96.8,14.58],[97.96,13.94],[99.67,11.16],[102.39,8.98]]]}},{"type":"Feature","properties":{},"geometry":{"type":"Polygon","coordinates":[[[108.25,5.96],[110.34,6.22],[111.86,5.13],[113.61,4.89],[113.24,4.21],[111.78,3.75],[108.25,5.96]]]}},{"type":"Feature","properties":{},"geometry":{"type":"Polygon","coordinates":[[[31.9,-2.98],[35.07,-6.05],[35.11,-6.54],[34.26,-6.98],[34.89,-6.91],[35.98,-8.12],[41.07,-7.25],[42.42,-6.58],[42.9,-6.73],[42.66,-8.14],[43.06,-8.12],[42.55,-8.26],[42.49,-9.15],[39.6,-14.15],[37.58,-16.15],[33.3,-19.2],[32.65,-20.31],[31.29,-21.13],[30.12,-23.02],[29.61,-24.75],[30.37,-25.39],[29.98,-26.67],[30.37,-28.35],[31.37,-29.1],[31.02,-29.73],[31.16,-33.66],[30.13,-34.82],[27.12,-35.84],[23.97,-37.86],[24.5,-33.32],[23.71,-27.04],[25.8,-25.49],[25.82,-23.22],[27.39,-17.85],[27.33,-14.43],[28.02,-12.7],[29.32,-12.69],[29.65,-11.07],[32.97,-7.62],[31.9,-2.98]]]}},{"type":"Feature","properties":{},"geometry":{"type":"Polygon","coordinates":[[[23.84,-37.74],[23.58,-38.52],[24.41,-40.28],[24,-42.19],[19.88,-43.61],[20.06,-44.06],[20.48,-43.79],[19.21,-46.11],[15.41,-48.45],[11.57,-49.95],[8.96,-50.31],[5.18,-49.61],[1.67,-49.84],[0.53,-48.83],[0.03,-49.01],[-0.06,-47.39],[0.61,-47.25],[0.84,-46.37],[0.23,-43.56],[-0.86,-41.5],[-0.12,-36.49],[-1.64,-31.45],[-1.03,-29.54],[0.49,-27.39],[2.26,-26.13],[2.54,-25.02],[2.13,-23.29],[2.73,-22.68],[2.13,-20.25],[2.9,-20.2],[2.17,-19.95],[2.03,-18.65],[0.36,-16.01],[-0.14,-14.1],[0.47,-14.04],[0.76,-13.26],[1.3,-13.56],[0.76,-13.1],[2.04,-10.76],[2.03,-9.72],[1.5,-9.75],[0.81,-8.64],[-0.37,-8.84],[-1.81,-8.26],[1.27,-6.93],[1.79,-5.8],[4.31,-4.89],[11.15,-7.3],[13.88,-6.63],[19.17,-6.22],[24.43,-13.8],[21.05,-18.01],[20.34,-21.24],[20.67,-23.21],[24.31,-27.07],[24.8,-33.38],[23.84,-37.74]]]}},{"type":"Feature","properties":{},"geometry":{"type":"Polygon","coordinates":[[[-8.65,20.51],[-8.5,21.53],[-7.61,22.48],[-4.99,23.25],[-3.59,24.68],[-3.04,24.62],[-2.57,23.69],[-1.23,23.61],[-0.49,23],[2.77,23.63],[8.39,22.48],[10.12,22.56],[0.45,20.48],[-5.05,21.12],[-8.65,20.51]]]}},{"type":"Feature","properties":{},"geometry":{"type":"Polygon","coordinates":[[[5.12,31.31],[5.1,30.52],[2.64,29.68],[1.61,28.57],[1.95,27.77],[-0.49,26.13],[-2.49,26.44],[-3.7,25.92],[-4.29,26.74],[-3.91,27.02],[-4.22,26.81],[-4.52,27.37],[-6.48,27.43],[-5.84,28.73],[-6.34,29.09],[-5.76,29.44],[-6.52,29.23],[-5.29,31.01],[-4.98,33.55],[-3.74,33.86],[0.14,32.71],[1.47,32.78],[5.12,31.31]]]}},{"type":"Feature","properties":{},"geometry":{"type":"Polygon","coordinates":[[[-1.81,-8.26],[-2.21,-6.73],[-3.05,-6.04],[-5.51,-5.64],[-9.3,-6.09],[-10.98,-5.08],[-14.7,-4.9],[-15.25,-4.5],[-18.48,-0.55],[-18.8,2.23],[-20.08,4.11],[-19.43,4.57],[-20.38,4.63],[-20.37,5.21],[-20.93,5.52],[-20.53,5.54],[-20.87,5.67],[-20.55,6.5],[-19.48,6.17],[-20.38,6.33],[-20.89,7.97],[-19.65,8.63],[-18.55,10.36],[-18.48,12.06],[-17.9,12.75],[-18.14,13.94],[-18.51,13.61],[-18.05,14.51],[-12.42,19.11],[-11.02,19.06],[-8.65,20.51],[-5.89,21.05],[0.45,20.48],[10.16,22.48],[10.37,21.88],[11.04,22.1],[10.31,21.3],[10.66,20.27],[9.5,19.55],[8.56,17.83],[6.73,11.07],[6.08,6.79],[6.13,3.25],[8.16,-1.54],[4.95,-3.39],[4.31,-4.89],[1.79,-5.8],[1.27,-6.93],[-1.81,-8.26]]]}},{"type":"Feature","properties":{},"geometry":{"type":"Polygon","coordinates":[[[28.04,11.76],[28.02,10.85],[30.2,5.5],[30.08,4.54],[31.42,2.52],[31.2,0.94],[19.17,-6.22],[13.88,-6.63],[11.15,-7.3],[4.31,-4.89],[4.95,-3.39],[8.16,-1.54],[6.13,3.25],[6.08,6.79],[8.11,16.47],[9.46,19.11],[11.05,17.72],[13.43,16.73],[13.68,15.67],[16.23,14.02],[17.3,14.39],[17.6,15.7],[19.36,16.14],[20.39,15.17],[21.78,14.74],[21.89,14.28],[25.13,13.08],[26.37,13.6],[27.46,13.4],[28.04,11.76]]]}},{"type":"Feature","properties":{},"geometry":{"type":"Polygon","coordinates":[[[31.64,18.05],[30.45,18.54],[28.72,18.33],[27.27,19.74],[27,19.3],[26.24,19.34],[25.58,20.41],[24.66,20.54],[25.55,20.61],[24.67,20.86],[25.09,21.78],[24.54,22.31],[27.65,22.85],[28.56,22.61],[29.48,21.51],[30.89,21.68],[34.53,20.84],[36.86,18.54],[33.82,18.77],[31.64,18.05]]]}},{"type":"Feature","properties":{},"geometry":{"type":"Polygon","coordinates":[[[24.29,-26.71],[23.87,-27.17],[20.07,-23.44],[19.65,-21.48],[20.23,-18.23],[23.46,-13.9],[28.19,-12.83],[27.5,-14.56],[27.55,-17.98],[25.98,-23.35],[25.96,-25.62],[24.29,-26.71]]]}},{"type":"Feature","properties":{},"geometry":{"type":"Polygon","coordinates":[[[29.59,10.78],[28.66,9.42],[27.11,13.44],[28.35,12.8],[29.71,13.23],[31.42,15.83],[31.86,17.78],[31.67,15.89],[29.59,10.78]]]}},{"type":"Feature","properties":{},"geometry":{"type":"Polygon","coordinates":[[[31.2,0.94],[31.38,0.17],[32.33,-0.61],[33.16,-3.63],[33.42,-3.31],[34.33,-7.99],[30.88,-11.32],[30.49,-12.93],[27.76,-13.01],[24.43,-13.8],[19.83,-7.13],[19.56,-6.01],[31.2,0.94]]]}},{"type":"Feature","properties":{},"geometry":{"type":"Polygon","coordinates":[[[27.55,31.4],[27.42,31.79],[29.26,31.78],[31.03,32.82],[32.51,33],[33.82,32.25],[37.25,32.21],[38.49,33.16],[38.16,33.99],[41.85,33.28],[43.56,32.24],[40.05,32.4],[36.85,31.29],[32.73,32.05],[27.55,31.4]]]}},{"type":"Feature","properties":{},"geometry":{"type":"Polygon","coordinates":[[[32.52,35.93],[31.34,35.22],[30.81,35.38],[32.52,35.93]]]}},{"type":"Feature","properties":{},"geometry":{"type":"Polygon","coordinates":[[[36.33,34.9],[33.55,36.18],[34.79,37.1],[34.31,37.77],[35.09,37.79],[35.54,38.45],[32.04,36.97],[32.15,37.39],[32.07,36.65],[32.6,36.21],[33.56,36.38],[33.36,36.04],[30.95,35.46],[30.61,36.28],[29.95,36.13],[31,36.74],[29.23,37],[28.99,37.25],[29.78,37.21],[29.37,37.57],[27.45,36.41],[27.51,35.45],[26.95,35.3],[24.67,36.78],[22.78,39.23],[17.35,42.84],[14.44,44.14],[17.3,45],[17.82,44.52],[18.58,44.83],[18.19,44.41],[19,44.89],[18.61,45.12],[19.48,45.95],[19.08,45.17],[19.64,45.16],[19.35,46.78],[19.83,47.8],[20.54,48.03],[21.43,47.27],[22.03,47.58],[22.05,48.67],[21.38,48.66],[21.12,49.53],[26.27,50.42],[24.99,50.84],[25,51.26],[20.6,50.08],[20.64,50.61],[19.37,50.83],[19.51,51.79],[18.93,53.01],[21.27,55.13],[21.85,55.17],[21.53,55.95],[19.09,55.99],[19.44,55.79],[18.64,55.06],[19.14,54.67],[18.5,54],[16.67,52.92],[16.24,53.31],[16.57,52.81],[16.08,52.61],[16.05,50.82],[17.61,49.93],[16.75,49.59],[17.17,49.33],[16.74,49],[16.54,49.32],[16.43,48.92],[15.41,48.76],[16.01,48.61],[15.5,48.62],[15.95,48.31],[15.65,46.8],[15.24,46.19],[14.02,46.05],[13.91,45.48],[12.8,45.46],[12.49,46.37],[12.87,46.66],[11.88,47.79],[12.03,48.43],[11.5,48.43],[11.1,49.98],[10.68,49.81],[10.73,49.11],[10.13,49.2],[9.12,48.19],[8.18,48.06],[7.11,48.63],[7.04,49.13],[7.59,48.93],[7.88,49.14],[7.28,49.16],[7.86,49.64],[6.77,49.6],[8.26,50.57],[7.21,50.07],[7.22,50.48],[6.76,50.46],[7.26,50.82],[6.86,50.64],[6.61,50.91],[7.1,50.97],[6.69,51.16],[8.29,50.95],[8.74,51.31],[6.83,51.2],[7.15,51.46],[6.72,51.42],[7.03,51.58],[6.68,51.84],[8.09,51.95],[6.77,52.29],[7.69,52.15],[7.41,52.31],[8.01,52.54],[8.38,52.18],[7.67,52.67],[9.1,52.76],[8.22,52.8],[8.46,53.09],[9.4,52.74],[8.91,53.11],[9.51,52.89],[9.13,53.2],[10.3,53.72],[10.39,53.39],[11.19,53.55],[11.54,54.18],[10.59,53.57],[10.15,53.79],[12.67,55.4],[11.96,55.3],[12.53,55.55],[12.44,56],[12.84,55.91],[12.46,56.17],[13.52,56.42],[12.7,56.27],[13.08,56.4],[12.64,56.62],[13.2,56.7],[12.8,56.81],[13.37,56.89],[13.01,57.05],[14.42,57.21],[13.58,57.36],[14.62,57.49],[14.18,57.74],[14.66,57.82],[13.88,57.94],[14.7,58.38],[15.12,57.94],[14.84,58.44],[16.06,58.56],[15.03,58.63],[15.87,58.81],[15.56,58.89],[15.96,58.89],[15.7,59.13],[16.13,59.61],[17.13,59.39],[16.77,59.91],[17.18,59.99],[17.17,59.59],[17.59,60.14],[17.38,59.45],[18.19,60.22],[18.85,59.98],[18.33,60.53],[19.73,60.24],[19.49,60.48],[20.45,60.93],[20.34,61.29],[21.23,61.21],[20.76,60.36],[21.64,61.3],[21.75,60.71],[22.44,61.2],[22.08,61.41],[22.72,61.51],[22.65,60.84],[23.29,61.33],[24.85,60.9],[23.19,60.61],[24.01,60.46],[23.95,60.13],[25.67,60.53],[26.45,60.36],[25.75,60.33],[25.9,60.01],[26.81,60.05],[26.58,59.69],[28.49,59.96],[32.64,58.8],[33.09,57.95],[31.46,57.03],[26.21,57.73],[27.73,57.1],[27.25,56.91],[28.67,56.64],[28.39,56.1],[28.96,55.28],[31.13,54.71],[31.45,55.29],[30.22,55.58],[30.33,56.01],[31.57,55.81],[31.37,55.54],[33.27,55.64],[32.44,56.39],[33.01,57.1],[33.96,57.73],[35.59,57.24],[35.49,58.27],[34.81,58.56],[34.96,59.37],[33.92,59.92],[36.49,59.61],[36.71,59.32],[35.57,58.69],[36.58,58.29],[37.76,58.49],[37.66,59.19],[38.53,59.32],[38.06,59.57],[40.66,60.3],[40.43,60.54],[41.39,61.04],[41.89,61.12],[41.23,60.95],[41.73,60.5],[41.25,60.17],[41.96,60.1],[45,61.53],[45.99,61.02],[45.91,61.36],[46.8,61.58],[45.59,62.2],[45.88,62.56],[48.67,62.56],[52.8,61.79],[53.3,61.11],[53.14,60.51],[50.68,57.17],[53.18,50.35],[53.09,49.08],[51.85,47.19],[51.69,42.37],[50.35,41.24],[44.86,39.43],[39.81,34.79],[36.33,34.9]]]}},{"type":"Feature","properties":{},"geometry":{"type":"Polygon","coordinates":[[[9.43,45.2],[8.96,45.64],[9.1,46.83],[11.04,47.81],[10.67,46.77],[11.29,46.51],[10.15,45.78],[10.32,45],[9.43,45.2]]]}},{"type":"Feature","properties":{},"geometry":{"type":"Polygon","coordinates":[[[25.52,29.04],[25.59,30.02],[24.81,29.91],[24.87,30.43],[28.15,31.36],[27.55,31.4],[32.73,32.05],[35.59,31.41],[31.59,30.72],[30.31,30],[28.87,30.61],[27.87,30.46],[25.52,29.04]]]}},{"type":"Feature","properties":{},"geometry":{"type":"Polygon","coordinates":[[[20.72,23.65],[20.93,22.23],[20.63,22.47],[20.17,22.05],[21.22,21.24],[21.2,20.74],[20.35,21.05],[20.66,20.5],[20.02,20.75],[20.14,20.06],[19.51,19.89],[19.42,20.32],[19,20.2],[18.8,21.4],[19.49,21.66],[20.58,21.24],[18.88,21.8],[18.7,22.36],[19.06,22.47],[17.95,24.15],[18.56,25.44],[16.15,27.76],[15.78,29.53],[15.46,29.86],[14.93,29.39],[14.99,30.44],[14.07,30.43],[13.57,29.18],[14.32,28.27],[14.32,27.41],[15,26.42],[15.82,26.19],[15.54,25.8],[17.21,24],[16.93,23.78],[16,24.62],[15.48,24.06],[15.81,23.15],[14.38,22.41],[15.01,23.23],[14.89,24.48],[11.94,27.69],[11.73,29.39],[10.79,30.14],[9.66,29.79],[9.28,30.36],[9.54,32],[13.31,32.84],[18.23,32.18],[16.96,30.34],[19.29,26.94],[20.72,23.65]]]}},{"type":"Feature","properties":{},"geometry":{"type":"Polygon","coordinates":[[[8.47,33.87],[7.18,33.12],[5.38,33.68],[4.46,32.81],[0.54,33.82],[0.94,35.74],[1.41,35.24],[0.86,35.92],[0.99,36.52],[-0.3,37.91],[-1.7,38.11],[-2,38.38],[-1.52,38.62],[-1.99,38.87],[0.91,38.87],[0.48,39.98],[1.89,39.47],[2.7,40.02],[4.92,39.01],[7.15,38.85],[11.2,41.35],[14.12,42.08],[18.64,41.85],[21.2,40.02],[18.42,39.51],[16.24,38.38],[11.51,37.84],[9.16,37.1],[7.52,35.94],[7.88,34.31],[8.47,33.87]]]}},{"type":"Feature","properties":{},"geometry":{"type":"Polygon","coordinates":[[[2.7,40.02],[3.54,40.34],[3.5,41.03],[5.73,41.46],[5.06,41.66],[6.07,41.81],[5.56,42.08],[6.19,43.07],[6.5,42.43],[6.92,43.41],[8.23,43.32],[8.14,43.67],[8.77,43.79],[9.29,43.44],[9.43,43.97],[10.38,43.61],[9.36,44.38],[9.75,44.55],[9.12,44.82],[9.43,45.2],[10.32,45],[10.63,44.39],[11.45,44.46],[11.16,43.96],[12.58,44.57],[14.28,43.68],[14.44,44.14],[15.24,43.86],[18.64,41.85],[12.79,41.87],[7.15,38.85],[4.92,39.01],[2.7,40.02]]]}},{"type":"Feature","properties":{},"geometry":{"type":"Polygon","coordinates":[[[26.89,35.08],[26.74,34.1],[26.16,33.64],[22.1,33.51],[21.37,34.44],[21.54,35.14],[24.15,35.94],[24.67,36.78],[26.89,35.08]]]}},{"type":"Feature","properties":{},"geometry":{"type":"Polygon","coordinates":[[[-17.35,74.54],[-18.86,74.37],[-16.71,74.71],[-17.35,74.54]]]}},{"type":"Feature","properties":{},"geometry":{"type":"Polygon","coordinates":[[[-14.55,72.63],[-14.39,72.12],[-15.68,72.6],[-14.55,72.63]]]}},{"type":"Feature","properties":{},"geometry":{"type":"Polygon","coordinates":[[[-15.83,75.65],[-19.23,75.99],[-16.86,76.3],[-15.83,75.65]]]}},{"type":"Feature","properties":{},"geometry":{"type":"Polygon","coordinates":[[[17.61,68.45],[18.46,67.82],[16.62,67.63],[16.91,68.1],[16.46,68.3],[17.61,68.45]]]}},{"type":"Feature","properties":{},"geometry":{"type":"Polygon","coordinates":[[[16.65,68.77],[17.15,68.56],[16,68.64],[16.65,68.77]]]}},{"type":"Feature","properties":{},"geometry":{"type":"Polygon","coordinates":[[[-13.24,75.79],[-14.99,75.56],[-14.79,75.92],[-15.39,76.31],[-13.24,75.79]]]}},{"type":"Feature","properties":{},"geometry":{"type":"Polygon","coordinates":[[[-11.91,73.18],[-13.57,72.61],[-14.89,72.97],[-11.73,73.46],[-11.91,73.18]]]}},{"type":"Feature","properties":{},"geometry":{"type":"Polygon","coordinates":[[[-10.44,74.62],[-12.16,74.3],[-11.26,74.2],[-12.72,73.65],[-15.56,73.53],[-13.96,74.23],[-14.62,74.55],[-12.75,74.42],[-11.44,74.91],[-10.44,74.62]]]}},{"type":"Feature","properties":{},"geometry":{"type":"Polygon","coordinates":[[[59.17,75.87],[63.46,75.39],[61.37,74.41],[59.17,75.87]]]}},{"type":"Feature","properties":{},"geometry":{"type":"Polygon","coordinates":[[[13.63,70.17],[14.59,69.86],[14.47,69.49],[14.75,69.75],[16.67,68.94],[15.34,68.61],[14.92,67.64],[13.37,69.79],[13.63,70.17]]]}},{"type":"Feature","properties":{},"geometry":{"type":"Polygon","coordinates":[[[14.92,67.64],[14.6,66.76],[14.14,66.68],[13.65,66.98],[14.21,67.12],[12.69,67.61],[14,67.54],[13.13,67.75],[14.37,68.05],[12.69,67.81],[12.45,68.14],[14.26,68.48],[14.92,67.64]]]}},{"type":"Feature","properties":{},"geometry":{"type":"Polygon","coordinates":[[[13.98,68.83],[12.11,68.28],[11.75,68.57],[12.2,68.63],[11.16,69.04],[11.79,68.99],[11.33,69.15],[11.57,69.37],[11.08,69.19],[10.79,69.61],[12.38,69.96],[11.69,69.66],[12.59,69.36],[12.84,69.88],[13.98,68.83]]]}},{"type":"Feature","properties":{},"geometry":{"type":"Polygon","coordinates":[[[51.84,75.07],[53.36,74.94],[51.38,74.96],[51.84,75.07]]]}},{"type":"Feature","properties":{},"geometry":{"type":"Polygon","coordinates":[[[54.26,75.76],[55.8,75.34],[55.2,75.83],[56.79,75.84],[59.12,75.06],[53.6,74.82],[54.02,75.18],[53.28,75.45],[54.26,75.76]]]}},{"type":"Feature","properties":{},"geometry":{"type":"Polygon","coordinates":[[[33.89,72.08],[34.29,71.82],[33.43,71.96],[33.89,72.08]]]}},{"type":"Feature","properties":{},"geometry":{"type":"Polygon","coordinates":[[[32.06,71.86],[32.52,71.76],[31.64,71.67],[32.06,71.86]]]}},{"type":"Feature","properties":{},"geometry":{"type":"Polygon","coordinates":[[[34.25,72.27],[35.08,72.21],[33.76,72.17],[34.25,72.27]]]}},{"type":"Feature","properties":{},"geometry":{"type":"Polygon","coordinates":[[[16.88,70.64],[19.2,70.21],[17.65,69.45],[14.33,70.25],[15.29,70.29],[14.94,70.48],[15.38,70.37],[15.22,70.65],[16.66,70.17],[16.88,70.64]]]}},{"type":"Feature","properties":{},"geometry":{"type":"Polygon","coordinates":[[[28.72,71.95],[29.47,71.84],[27.62,71.58],[28.72,71.95]]]}},{"type":"Feature","properties":{},"geometry":{"type":"Polygon","coordinates":[[[35.7,72.87],[35.93,72.39],[34.55,72.65],[35.7,72.87]]]}},{"type":"Feature","properties":{},"geometry":{"type":"Polygon","coordinates":[[[30.17,72.22],[30.87,72.07],[29.78,71.58],[30.16,71.41],[29.88,71.27],[28.84,71.39],[30.17,72.22]]]}},{"type":"Feature","properties":{},"geometry":{"type":"Polygon","coordinates":[[[34.78,73.05],[35.05,72.85],[34.45,72.85],[34.78,73.05]]]}},{"type":"Feature","properties":{},"geometry":{"type":"Polygon","coordinates":[[[36.42,73.38],[37.03,72.96],[35.96,72.86],[36.42,73.38]]]}},{"type":"Feature","properties":{},"geometry":{"type":"Polygon","coordinates":[[[48.37,75.81],[48.91,75.81],[48.05,75.7],[48.37,75.81]]]}},{"type":"Feature","properties":{},"geometry":{"type":"Polygon","coordinates":[[[50.54,76.35],[54.08,75.82],[52.94,75.24],[51.11,75.16],[51.56,75.36],[50.09,75.84],[50.44,76.3],[50.08,76.28],[50.54,76.35]]]}},{"type":"Feature","properties":{},"geometry":{"type":"Polygon","coordinates":[[[-2.44,73.18],[-5.9,72.16],[-4.85,72.06],[-7.47,71.74],[-6.86,71.47],[-7.68,71.2],[-10.13,71.44],[-9.22,71.67],[-11.86,71.48],[-10.76,71.86],[-11.98,71.6],[-11.67,71.81],[-12.49,72.11],[-11.35,72.14],[-11.58,72.47],[-10.49,72.78],[-9.07,72.21],[-9.34,72.56],[-8.62,72.57],[-9.66,73.02],[-8.15,72.96],[-8.55,73.23],[-7.85,73.41],[-6.96,73.48],[-7.16,73.06],[-6.52,73.05],[-6.9,73.24],[-6.31,73.5],[-5.38,73.44],[-5.35,73.07],[-4.53,73.4],[-2.44,73.18]]]}},{"type":"Feature","properties":{},"geometry":{"type":"Polygon","coordinates":[[[32.23,73.01],[33.01,73],[31.89,72.81],[32.23,73.01]]]}},{"type":"Feature","properties":{},"geometry":{"type":"Polygon","coordinates":[[[0.9,68.01],[0.54,68.19],[0.94,68.33],[0.9,68.01]]]}},{"type":"Feature","properties":{},"geometry":{"type":"Polygon","coordinates":[[[3.38,67.96],[2.71,67.41],[2.91,68.08],[3.38,67.96]]]}},{"type":"Feature","properties":{},"geometry":{"type":"Polygon","coordinates":[[[5.82,70.66],[5.52,70.47],[5.94,70.19],[4.73,70.31],[6.15,70.02],[5.2,69.26],[3.3,69.35],[2.24,69.96],[1.88,69.77],[2.31,69.52],[0.5,69.74],[2.87,69.27],[-1.71,69.29],[-2.24,69.63],[-2.6,69.55],[-2.05,69.29],[-3.15,69.24],[-3.63,69.41],[-3.5,69.75],[-4.04,69.41],[-5.83,70.1],[-5.2,69.45],[-6.13,69.99],[-5.94,69.65],[-6.86,69.87],[-6.25,69.29],[-8.37,69.34],[-8.38,69.03],[-9.49,69.45],[-10.82,69.15],[-11.62,69.42],[-11.56,69.84],[-12.27,69.84],[-11.5,69.24],[-12.26,68.92],[-11.58,68.91],[-12.97,68.65],[-14.69,69],[-13.92,69.1],[-14.16,69.41],[-13.79,69.6],[-14.73,69.48],[-14.22,69.73],[-15.71,69.86],[-16.21,70.36],[-15.93,70.51],[-16.61,70.61],[-15.74,70.84],[-16.74,70.74],[-15.73,71.07],[-13.95,70.63],[-12.54,71.24],[-12.1,70.89],[-13.06,70.59],[-12.98,70.27],[-10.3,70.23],[-12.48,70.44],[-10.25,70.81],[-11.58,71.22],[-10.79,71.33],[-8.72,71.1],[-9.01,70.46],[-7.6,70.54],[-8.34,71.08],[-4.98,71.84],[-4.63,71.42],[-5.89,70.63],[-4.3,71.33],[-2.6,70.64],[-2.85,70.95],[-1.49,70.53],[-1.9,70.9],[0.07,70.81],[-2.92,71.11],[-3.65,71.38],[-2.6,71.29],[-3.29,71.48],[-2.8,71.52],[-4.22,71.84],[-1.64,71.5],[-4.17,72.1],[-3.51,72.48],[-1.67,71.87],[-3.24,72.54],[-1.39,72.3],[-2.16,72.72],[-1.04,72.77],[-1.77,72.9],[-1.43,73],[0.5,72.55],[-0.07,72.33],[0.45,72.38],[0.17,72.02],[2,72.26],[0.89,71.88],[1.65,71.88],[0.73,71.28],[1.99,71.92],[3.42,71.89],[3.1,71.64],[4.21,71.48],[2.98,71.13],[4.42,71.46],[4.95,71.13],[4.27,70.79],[5.82,70.66]]]}},{"type":"Feature","properties":{},"geometry":{"type":"Polygon","coordinates":[[[-19.12,53.15],[-18.15,53.52],[-18.93,53.49],[-18.41,53.92],[-18.77,54.04],[-17.21,54.03],[-18.7,54.07],[-18.51,54.48],[-18.88,54.53],[-17.7,54.56],[-18.83,54.83],[-16.25,54.99],[-18.89,54.93],[-17.42,55.33],[-18.31,55.87],[-16.01,55.31],[-18.15,55.97],[-17.03,56.24],[-15.57,55.57],[-16.18,55.96],[-15.36,55.89],[-16.06,55.97],[-15.79,56.15],[-17.81,56.21],[-16.98,56.57],[-16.41,56.32],[-16.99,56.73],[-15.29,55.96],[-15.86,56.42],[-15.24,56.58],[-16.93,56.87],[-15.3,56.69],[-14.87,57.19],[-14.49,56.9],[-14.3,57.27],[-14.84,57.26],[-13.62,57.84],[-14.79,58.2],[-15.5,59.11],[-13.53,58.16],[-13.78,58.49],[-13.2,58.7],[-13.67,59],[-13.11,58.83],[-13.74,59.13],[-13.17,59.17],[-13.86,59.22],[-12.91,59.3],[-13.85,59.51],[-12.84,59.55],[-13.71,59.8],[-13.12,59.96],[-13.56,60.09],[-14.32,59.67],[-15.18,59.95],[-14.15,60.26],[-14.67,60.42],[-13.93,60.59],[-14.2,60.81],[-13.23,60.96],[-13.53,61.36],[-12.88,61.49],[-13.05,61.89],[-12.36,62.4],[-13.12,62.45],[-12.19,62.49],[-12.16,63.68],[-11.52,63.93],[-12.73,65.2],[-14.16,65.26],[-13.87,65.48],[-14.37,65.67],[-14.79,65.34],[-15.36,65.8],[-15.34,66.2],[-14.11,66.14],[-14.9,66.93],[-12.44,66.28],[-11.83,66.52],[-13.23,66.88],[-13.43,67.14],[-12.92,67.09],[-13.34,67.28],[-12.86,67.3],[-13.43,67.42],[-13.26,67.96],[-8.67,67.57],[-6.06,68.06],[-7.45,68.3],[-6.97,68.54],[-4.2,68.57],[-4.76,68.23],[-1.94,68.77],[-1.49,68.57],[-1.84,67.94],[-1.38,68.71],[0.67,68.48],[-0.66,67.82],[0.46,68.09],[0.57,67.49],[1.83,68.28],[2.35,67.14],[3.17,67.56],[3.74,67.32],[3.65,68.04],[4.89,67.36],[4.08,68.02],[4.58,67.99],[4.32,68.3],[5.13,68.24],[5.56,67.49],[6.58,67.71],[6.2,67.89],[6.49,68.08],[7.78,67.97],[9.8,67.2],[6.44,67.27],[9.79,67.06],[9.18,66.74],[10.38,66.36],[5.99,66.24],[8.83,65.94],[7.72,65.53],[9.94,65.86],[7.77,64.6],[11.58,65.38],[12.8,64.86],[10.86,64.21],[8.87,64.41],[10.66,64.03],[8.68,63.97],[8.6,63.57],[9.86,63.7],[6.82,62.13],[6.42,61.53],[7.12,61.96],[7.64,61.62],[6.73,61.51],[7.73,61.15],[7.44,60.61],[6.04,61.11],[6.58,60.9],[5.49,60.85],[5.75,60.3],[6.52,60.24],[5.44,60.1],[6.48,59.69],[6.08,59.15],[4.9,59.75],[5.63,59.21],[4.7,59.37],[5.52,59.14],[5.09,58.8],[6.05,58.47],[4.57,58.81],[5.34,58.28],[4.23,58.55],[4.18,57.88],[4.46,58.26],[5.11,57.98],[4.89,57.65],[3.69,57.54],[3.06,58.07],[3.97,57.89],[2.8,57.98],[2.4,58.48],[2.68,57.98],[0.9,57.87],[2.23,57.57],[0.9,57.58],[2.22,57.17],[1.21,57.04],[1.78,56.95],[1.42,56.62],[2.12,56.93],[3,56.24],[2.53,56.02],[3.24,56.03],[2.75,55.82],[3.22,55.69],[2.69,55.4],[3.06,55.38],[2.77,54.76],[2.5,55.23],[1.84,54.91],[1.58,55.88],[-0.24,56.99],[0.28,56.49],[-0.42,56.44],[1.12,55.94],[-0.35,56.01],[-1.46,55.48],[0.13,55.11],[-1.28,55.08],[-0.66,54.82],[0.76,55.05],[2.42,54.5],[-0.71,53.48],[-3.68,53.38],[-4.35,54.1],[-4.42,53.38],[-6.82,52.22],[-7.53,52.46],[-7.53,52.12],[-8.6,52.32],[-8.76,51.99],[-9.09,52.2],[-8.42,52.5],[-8.8,52.72],[-9.45,52.02],[-11.6,51.95],[-11.55,51.14],[-12.36,51.22],[-11.81,50.94],[-12,50.52],[-12.55,50.83],[-12.21,50.45],[-13.05,50.53],[-12.91,50.12],[-13.44,50.22],[-13.17,49.95],[-14.26,50.04],[-13.78,49.54],[-14.27,49.81],[-13.95,49.18],[-14.6,49.08],[-14.19,48.91],[-15.08,48.74],[-14.79,48.41],[-15.44,48.61],[-14.84,48.39],[-15.52,48.32],[-15.19,47.95],[-16.09,48.23],[-15.63,47.53],[-16.14,47.98],[-17.04,47.88],[-16.31,48.22],[-17.05,47.93],[-16.32,48.41],[-17.37,48.49],[-16.68,48.67],[-17.44,48.69],[-16.49,48.93],[-17.23,48.82],[-16.82,49.16],[-18.79,49.11],[-18.28,49.53],[-19.03,49.8],[-18.39,49.78],[-19.08,49.98],[-18.55,49.93],[-18.9,50.11],[-18.46,50.29],[-19.03,50.26],[-18.47,50.39],[-19.12,50.48],[-18.66,50.65],[-19.22,51.04],[-18.45,51.44],[-19.08,51.31],[-18.58,51.66],[-19.21,51.95],[-18.54,51.83],[-19.23,52.07],[-18.6,52.14],[-19.27,52.36],[-18.26,52.64],[-19.07,52.84],[-17.85,52.8],[-18.02,53.11],[-17.54,52.61],[-17.56,53.15],[-17.87,53.67],[-17.95,53.16],[-19.12,53.15]]]}}]}
