{"type":"FeatureCollection","features":[{"type":"Feature","properties":{},"geometry":{"type":"Polygon","coordinates":[[[146.73,-82.5],[145.32,-81.92],[146.33,-81.46],[150.5,-81.52],[148.89,-82.5],[146.73,-82.5]]]}},{"type":"Feature","properties":{},"geometry":{"type":"Polygon","coordinates":[[[125.49,-77.54],[125.12,-77.44],[126.16,-77.37],[125.49,-77.54]]]}},{"type":"Feature","properties":{},"geometry":{"type":"Polygon","coordinates":[[[127.66,-76.85],[128.88,-77.13],[125.91,-77.11],[126.94,-76.58],[127.66,-76.85]]]}},{"type":"Feature","properties":{},"geometry":{"type":"Polygon","coordinates":[[[172.59,-82.05],[171.43,-81.79],[173.25,-81.83],[172.59,-82.05]]]}},{"type":"Feature","properties":{},"geometry":{"type":"Polygon","coordinates":[[[-58.93,-81.77],[-52.68,-82.44],[-59.35,-82.85],[-60.87,-82.73],[-60.52,-82.43],[-61.09,-82.17],[-58.93,-81.77]]]}},{"type":"Feature","properties":{},"geometry":{"type":"Polygon","coordinates":[[[171.63,-81.63],[170.19,-81.33],[171.73,-81.34],[171.63,-81.63]]]}},{"type":"Feature","properties":{},"geometry":{"type":"Polygon","coordinates":[[[173.57,-81.29],[174.11,-81.42],[172.79,-81.28],[173.57,-81.29]]]}},{"type":"Feature","properties":{},"geometry":{"type":"Polygon","coordinates":[[[176.13,-81.52],[175.75,-81.46],[176.53,-81.38],[176.13,-81.52]]]}},{"type":"Feature","properties":{},"geometry":{"type":"Polygon","coordinates":[[[177.57,-81.17],[177.13,-80.91],[177.9,-80.95],[177.57,-81.17]]]}},{"type":"Feature","properties":{},"geometry":{"type":"Polygon","coordinates":[[[-154.33,-80.68],[-154.01,-80.75],[-155.97,-80.72],[-154.33,-80.68]]]}},{"type":"Feature","properties":{},"geometry":{"type":"Polygon","coordinates":[[[-148.5,-81.14],[-149.26,-80.96],[-147.62,-80.95],[-148.5,-81.14]]]}},{"type":"Feature","properties":{},"geometry":{"type":"Polygon","coordinates":[[[-129.2,-80.95],[-131.65,-81.07],[-128.33,-80.82],[-129.2,-80.95]]]}},{"type":"Feature","properties":{},"geometry":{"type":"Polygon","coordinates":[[[-139.41,-80.36],[-133.04,-80.68],[-136,-81.14],[-140.19,-80.99],[-139.28,-80.6],[-140.21,-80.49],[-139.41,-80.36]]]}},{"type":"Feature","properties":{},"geometry":{"type":"Polygon","coordinates":[[[-67.98,-78.47],[-68.69,-78.4],[-67.69,-78.36],[-67.98,-78.47]]]}},{"type":"Feature","properties":{},"geometry":{"type":"Polygon","coordinates":[[[-63.06,-77.81],[-62.87,-78.07],[-63.42,-78.05],[-63.06,-77.81]]]}},{"type":"Feature","properties":{},"geometry":{"type":"Polygon","coordinates":[[[-144.42,-79.72],[-142.99,-80.21],[-143.71,-80.41],[-141.23,-80.64],[-143.07,-80.78],[-146.54,-79.95],[-144.42,-79.72]]]}},{"type":"Feature","properties":{},"geometry":{"type":"Polygon","coordinates":[[[-65.63,-77.66],[-64.15,-77.73],[-63.31,-78.26],[-66.35,-78.08],[-65.63,-77.66]]]}},{"type":"Feature","properties":{},"geometry":{"type":"Polygon","coordinates":[[[-68.77,-77.78],[-68.29,-77.99],[-70.42,-78.24],[-68.77,-77.78]]]}},{"type":"Feature","properties":{},"geometry":{"type":"Polygon","coordinates":[[[-87.8,-79.38],[-89.07,-78.86],[-87.69,-78.88],[-87.8,-79.38]]]}},{"type":"Feature","properties":{},"geometry":{"type":"Polygon","coordinates":[[[-100.13,-78.44],[-98.34,-78.75],[-98.02,-78.32],[-96.83,-78.31],[-96.49,-78.44],[-97.81,-78.71],[-95.09,-78.78],[-99.74,-79.16],[-106.18,-78.9],[-100.13,-78.44]]]}},{"type":"Feature","properties":{},"geometry":{"type":"Polygon","coordinates":[[[-69.41,-74.5],[-68.59,-74.72],[-70.81,-74.75],[-69.41,-74.5]]]}},{"type":"Feature","properties":{},"geometry":{"type":"Polygon","coordinates":[[[-66.71,-74.06],[-65.94,-74.23],[-66.96,-74.23],[-66.71,-74.06]]]}},{"type":"Feature","properties":{},"geometry":{"type":"Polygon","coordinates":[[[-64.27,-73.39],[-60.18,-74.91],[-58,-76.43],[-58.83,-76.94],[-61.68,-77.21],[-62.95,-77.06],[-60.69,-76.63],[-63.03,-76.2],[-64.85,-76.49],[-64.12,-76.58],[-64.55,-76.88],[-68.25,-76.42],[-65.31,-76.3],[-66.55,-76.06],[-62.6,-75.45],[-64.35,-74.98],[-62.64,-74.67],[-65.43,-74.46],[-65.7,-73.94],[-66.49,-73.84],[-64.27,-73.39]]]}},{"type":"Feature","properties":{},"geometry":{"type":"Polygon","coordinates":[[[-63.43,-70.99],[-62.89,-71.49],[-63.33,-71.73],[-63.05,-71.93],[-64.3,-72.07],[-64.08,-71.26],[-63.43,-70.99]]]}},{"type":"Feature","properties":{},"geometry":{"type":"Polygon","coordinates":[[[101.76,-61.26],[102.19,-62.15],[101.16,-62.12],[101.76,-61.26]]]}},{"type":"Feature","properties":{},"geometry":{"type":"Polygon","coordinates":[[[-60.04,-68.24],[-59.26,-68.47],[-60.84,-68.75],[-60.04,-68.24]]]}},{"type":"Feature","properties":{},"geometry":{"type":"Polygon","coordinates":[[[-59.09,-67.89],[-58.64,-68.06],[-59.28,-68.41],[-59.09,-67.89]]]}},{"type":"Feature","properties":{},"geometry":{"type":"Polygon","coordinates":[[[-54.14,-67.19],[-53.07,-67.46],[-53.87,-67.83],[-54.69,-67.51],[-54.14,-67.19]]]}},{"type":"Feature","properties":{},"geometry":{"type":"Polygon","coordinates":[[[-64.09,-82.06],[-62.86,-82.55],[-66.76,-82.45],[-55.29,-84.02],[-50.13,-84.32],[-52.88,-83.97],[-49.71,-83.91],[-45.82,-84.31],[-48.15,-84.46],[-42.83,-84.57],[-40.79,-85.05],[-40.5,-86.01],[-37.3,-86.28],[11.88,-86.75],[33.23,-88.61],[15.47,-89.33],[-41.71,-89.87],[-123.03,-89.72],[-83.34,-88.1],[-82.71,-87.97],[-84.94,-87.48],[-74.52,-84.13],[-77.9,-83.39],[-75.42,-82.43],[-67.96,-81.92],[-65.29,-81.27],[-60.34,-81.57],[-64.09,-82.06]]]}},{"type":"Feature","properties":{},"geometry":{"type":"Polygon","coordinates":[[[-53.91,-66.57],[-53.14,-66.87],[-54.57,-67.11],[-54.78,-68],[-55.85,-67.91],[-57.99,-69.14],[-57.26,-69.29],[-57.71,-69.77],[-55.72,-69.56],[-55.84,-69.9],[-58.08,-70.13],[-57.35,-70.55],[-58.9,-70.1],[-59.12,-70.75],[-58.5,-70.81],[-59.76,-71.01],[-59.62,-71.39],[-60.19,-71.46],[-59.95,-71.99],[-58.63,-72.1],[-59.29,-72.39],[-58.57,-72.66],[-56.15,-72.25],[-57.03,-72.54],[-53.08,-73.76],[-53.35,-74.08],[-52.02,-74.09],[-52.42,-74.47],[-50.74,-74.59],[-51.21,-74.68],[-49.76,-75.11],[-50.81,-75.43],[-48.66,-75.68],[-49.53,-75.79],[-49.26,-76.04],[-46.86,-76.06],[-46.41,-76.39],[-47.29,-76.4],[-45.83,-77.25],[-46.46,-77.54],[-45.29,-77.62],[-46.19,-77.82],[-45.63,-78.07],[-45.96,-78.4],[-47.46,-78.77],[-45.87,-78.64],[-50.95,-80.38],[-45.65,-80.82],[-50.53,-82],[-57.82,-81.22],[-60.34,-81.57],[-65.29,-81.27],[-75.43,-80.25],[-74.81,-79.23],[-71.57,-79.09],[-72.71,-78.71],[-71.21,-78.67],[-72.04,-78.33],[-68.7,-78.77],[-66.51,-78.48],[-66.13,-78.84],[-56.05,-76.89],[-55.86,-76.4],[-56.72,-75.91],[-62.14,-73.78],[-60.03,-73.21],[-61.13,-73.08],[-60.5,-72.97],[-61.28,-72.53],[-60.68,-72.41],[-61.75,-72.23],[-61.22,-71.7],[-62.44,-71.87],[-62.79,-71.5],[-62.18,-71.2],[-61.34,-71.51],[-62.02,-70.89],[-61.04,-70.84],[-61.4,-70.31],[-59.52,-69.47],[-60.08,-69.43],[-60.07,-69.04],[-59.14,-69.07],[-59.46,-68.9],[-57.76,-68.41],[-57.49,-67.77],[-53.91,-66.57]]]}},{"type":"Feature","properties":{},"geometry":{"type":"Polygon","coordinates":[[[-5.8,-83.66],[-6.96,-83.47],[-7.29,-82.69],[-5.69,-81.45],[-6.05,-81.28],[-5.38,-80.08],[-5.76,-79.49],[-3.91,-78.87],[-1.91,-79],[-4.85,-78.01],[-10.95,-78.34],[-12.87,-77.4],[-11.06,-76.44],[-11.6,-76.36],[-10.18,-75.41],[-10.73,-75.37],[-8.37,-74.41],[-8.42,-73.17],[-6.27,-71.69],[-2.09,-70.13],[-1.92,-69.39],[-3.47,-69.01],[-2.01,-69.22],[-2.09,-68.38],[0.18,-69.05],[0.93,-68.81],[-0.02,-68.06],[0.44,-67.82],[1.41,-67.73],[1.88,-68.42],[4.15,-67.99],[3.45,-67.9],[3.44,-67.05],[3.56,-67.41],[4.65,-67.46],[4.32,-67.68],[4.99,-68.1],[6.57,-68.13],[9.48,-66.31],[25.33,-64.99],[31.97,-63.66],[31.66,-62.76],[32.22,-62.56],[36.24,-63.81],[37,-63.32],[36.82,-62.67],[38.95,-61.65],[41.23,-61.24],[41.68,-60.74],[43.09,-61.03],[43.92,-60.64],[43.11,-60.38],[43.81,-60.17],[44.27,-60.61],[45.14,-60.5],[44.62,-59.76],[47.29,-59.09],[48.79,-59.21],[50.17,-59.78],[49.35,-60.03],[51.63,-60.6],[59.96,-60.87],[60.15,-61.8],[59.39,-62.05],[60.08,-62.02],[59.32,-62.22],[59.94,-62.35],[59.03,-62.4],[58.84,-62.72],[59.43,-62.94],[58.56,-63.36],[61.04,-64.55],[62.77,-62.96],[64.52,-62.88],[66.24,-62.31],[66.34,-61.8],[67.31,-61.37],[71.54,-60.41],[77.46,-60.07],[82.04,-60.46],[83.1,-60.34],[83.06,-59.66],[84.14,-59.64],[84.23,-60.19],[86.47,-59.99],[90.92,-61.42],[94.86,-60.51],[95.66,-61.34],[96.99,-61.38],[98.06,-62.12],[100.94,-62.19],[100.81,-62.5],[105.38,-62.12],[106.49,-63.01],[107.65,-63.14],[108.65,-62.44],[108.36,-62.1],[112.18,-62.81],[113.29,-61.97],[113.63,-62.4],[113.15,-62.7],[114.05,-63.21],[120.65,-64.81],[122.52,-64.7],[122.4,-65.09],[120.95,-65.29],[123.63,-65.87],[122.68,-66.34],[125.52,-66.59],[125.52,-67.04],[128.01,-66.94],[128.6,-67.27],[128.38,-67.72],[131.75,-68.47],[132.71,-69.65],[137.6,-70.61],[137.21,-70.65],[138.39,-70.89],[138.32,-71.28],[139.65,-72],[140.2,-71.74],[140.18,-72.25],[136.25,-73.49],[133.72,-73.33],[132.46,-73.53],[132.77,-73.76],[131.42,-73.62],[131.1,-74.17],[129.38,-74.22],[129.98,-73.96],[129.69,-73.79],[128.19,-74.06],[127.81,-74.36],[129.3,-74.75],[126.98,-74.76],[127.26,-74.87],[124.35,-75.86],[124.85,-76.03],[124.61,-76.42],[123.74,-76.64],[124.42,-76.79],[122.29,-77.12],[124.52,-77.11],[123.76,-77.49],[124.27,-77.85],[117.75,-77.57],[111.36,-79.31],[110.12,-80.24],[108.06,-80.12],[107.93,-80.5],[109.91,-80.46],[108.76,-80.65],[109.31,-80.83],[108.42,-81],[108.72,-81.21],[106.19,-81.45],[107.66,-81.84],[105.72,-82.02],[107.08,-82.05],[106,-82.16],[107.02,-82.31],[105.78,-82.99],[96.37,-83.34],[106.89,-83.03],[106.22,-84.08],[104.95,-84.24],[105.54,-84.29],[98.63,-84.86],[98.1,-85.08],[99.54,-85.07],[96.49,-85.59],[101.45,-85.93],[95.87,-86.67],[132.38,-84.95],[141.91,-86.19],[100.32,-87.64],[29.85,-88.62],[0.82,-85.63],[-6.16,-83.7],[-5.8,-83.66]]]}},{"type":"Feature","properties":{},"geometry":{"type":"Polygon","coordinates":[[[179.99,-80.89],[179.99,-89.64],[154.86,-89.24],[150.07,-88.59],[145.12,-86.61],[131.6,-84.86],[144.9,-84.22],[157.7,-84.88],[157.63,-84.28],[154.12,-83.86],[155.62,-83.47],[154.88,-83.26],[155.97,-82.9],[155.06,-81.98],[158.57,-81.57],[156.5,-81.4],[160.93,-80.6],[161.36,-80.97],[163.36,-80.82],[165.75,-81.39],[164.93,-81.42],[167.23,-81.45],[168.9,-82.16],[177.09,-81.97],[176.53,-81.71],[177.8,-81.68],[173.4,-80.97],[175.98,-80.81],[178.55,-81.42],[179.15,-81.34],[178.65,-80.97],[179.99,-80.89]]]}},{"type":"Feature","properties":{},"geometry":{"type":"Polygon","coordinates":[[[-179.99,-89.64],[-179.99,-80.89],[-165.86,-80.95],[-161.74,-80.48],[-159.87,-80.62],[-160.33,-80.91],[-160.03,-80.95],[-153.05,-81.25],[-128.9,-81.44],[-126.37,-81.43],[-126.65,-81.02],[-124.96,-80.79],[-124.37,-80.88],[-125.47,-81.13],[-123.71,-80.98],[-124.43,-81.33],[-123.32,-81.37],[-122.94,-81.83],[-120.05,-81.63],[-121.08,-81.53],[-120.38,-81.15],[-115.63,-81.74],[-113.15,-81.48],[-111.63,-81.7],[-111.91,-82.15],[-110.58,-82.16],[-109.07,-82.01],[-108.82,-81.54],[-100.3,-81.8],[-103.29,-81.24],[-101.54,-80.83],[-105.03,-80.34],[-101.42,-80.02],[-105.79,-80.18],[-107.46,-79.78],[-106.9,-79.6],[-94.9,-79.84],[-92.68,-79.56],[-92.97,-79.31],[-87.11,-79.48],[-85.16,-79.15],[-85.93,-78.74],[-85.3,-78.67],[-83.57,-78.77],[-83.9,-79.08],[-80.8,-79.2],[-79.88,-78.8],[-74.81,-79.23],[-76.19,-81.43],[-76.22,-81.93],[-75.42,-82.43],[-77.9,-83.39],[-74.52,-84.13],[-84.94,-87.48],[-82.71,-87.97],[-83.34,-88.1],[-123.03,-89.72],[-179.99,-89.64]]]}},{"type":"Feature","properties":{},"geometry":{"type":"Polygon","coordinates":[[[-52.01,-66.29],[-51.41,-66.4],[-53.07,-66.63],[-52.01,-66.29]]]}},{"type":"Feature","properties":{},"geometry":{"type":"Polygon","coordinates":[[[-56.6,-66.72],[-56.26,-66.77],[-57.91,-66.82],[-56.6,-66.72]]]}},{"type":"Feature","properties":{},"geometry":{"type":"Polygon","coordinates":[[[-54.27,-66.02],[-53.84,-66.09],[-55.42,-66.34],[-54.27,-66.02]]]}},{"type":"Feature","properties":{},"geometry":{"type":"Polygon","coordinates":[[[-47.64,-61.18],[-48.34,-61.31],[-47.11,-61.95],[-49.49,-61.36],[-47.64,-61.18]]]}},{"type":"Feature","properties":{},"geometry":{"type":"Polygon","coordinates":[[[-47.17,-61.18],[-45.93,-61.44],[-47.5,-61.21],[-47.17,-61.18]]]}},{"type":"Feature","properties":{},"geometry":{"type":"Polygon","coordinates":[[[-51.15,-60.1],[-50.5,-60.49],[-51.31,-60.38],[-51.15,-60.1]]]}},{"type":"Feature","properties":{},"geometry":{"type":"Polygon","coordinates":[[[-51.55,-60],[-51.47,-60.49],[-51.97,-60.2],[-51.55,-60]]]}},{"type":"Feature","properties":{},"geometry":{"type":"Polygon","coordinates":[[[-49.84,-59.76],[-49.9,-60.45],[-50.33,-60.3],[-49.84,-59.76]]]}},{"type":"Feature","properties":{},"geometry":{"type":"Polygon","coordinates":[[[-52.84,-59.48],[-51.81,-59.94],[-52.69,-60.23],[-52.43,-59.97],[-53.55,-59.82],[-52.84,-59.48]]]}},{"type":"Feature","properties":{},"geometry":{"type":"Polygon","coordinates":[[[-51.68,-58.79],[-50.83,-58.96],[-52.27,-59.19],[-51.82,-59.32],[-52.39,-59.43],[-52.09,-59.67],[-53.12,-59.24],[-52.43,-59.41],[-52.72,-58.95],[-51.68,-58.79]]]}},{"type":"Feature","properties":{},"geometry":{"type":"Polygon","coordinates":[[[-51.15,-60.58],[-49.48,-60.76],[-50.42,-60.3],[-48.43,-60.68],[-48.65,-60.94],[-48.15,-60.72],[-49.51,-60.05],[-48.52,-59.59],[-49.79,-59.56],[-49.31,-59.14],[-49.69,-58.97],[-48.47,-58.69],[-47.54,-58.92],[-47.1,-59.4],[-47.5,-59.52],[-46.11,-60.37],[-43.59,-61.02],[-45.3,-61.38],[-51.78,-60.65],[-51.15,-60.58]]]}},{"type":"Feature","properties":{},"geometry":{"type":"Polygon","coordinates":[[[-36.63,-57.8],[-37.81,-58.62],[-38.64,-58.45],[-37.38,-58.18],[-38.11,-57.78],[-36.63,-57.8]]]}},{"type":"Feature","properties":{},"geometry":{"type":"Polygon","coordinates":[[[-36.02,-57.75],[-34.68,-58.15],[-36.12,-58.25],[-35.79,-58.6],[-36.5,-58.45],[-36.22,-58.72],[-36.58,-58.81],[-37.06,-58.58],[-36.19,-58.27],[-36.02,-57.75]]]}},{"type":"Feature","properties":{},"geometry":{"type":"Polygon","coordinates":[[[-54.32,-56.75],[-54.08,-57.14],[-54.73,-57.02],[-54.32,-56.75]]]}},{"type":"Feature","properties":{},"geometry":{"type":"Polygon","coordinates":[[[-54.96,-56.02],[-54.41,-56.19],[-55.1,-56.45],[-54.96,-56.02]]]}},{"type":"Feature","properties":{},"geometry":{"type":"Polygon","coordinates":[[[-54.27,-55.48],[-54.71,-55.94],[-55.11,-55.31],[-54.44,-55.42],[-54.59,-54.87],[-53.95,-54.76],[-53.95,-55.95],[-54.43,-56.09],[-54.27,-55.48]]]}},{"type":"Feature","properties":{},"geometry":{"type":"Polygon","coordinates":[[[59.55,-41.78],[59.48,-42.19],[60.04,-42.08],[59.84,-42.38],[60.83,-42.21],[60.02,-42.49],[60.56,-42.81],[59.28,-42.83],[59.55,-41.78]]]}},{"type":"Feature","properties":{},"geometry":{"type":"Polygon","coordinates":[[[-54.12,-54.18],[-53.89,-54.69],[-54.5,-54.62],[-54.12,-54.18]]]}},{"type":"Feature","properties":{},"geometry":{"type":"Polygon","coordinates":[[[-54.82,-54.09],[-54.76,-54.73],[-55.11,-54.39],[-54.82,-54.09]]]}},{"type":"Feature","properties":{},"geometry":{"type":"Polygon","coordinates":[[[-169.13,-72.1],[-169.65,-72.54],[-171.21,-72.26],[-169.13,-72.1]]]}},{"type":"Feature","properties":{},"geometry":{"type":"Polygon","coordinates":[[[-52.76,-51.08],[-52.66,-51.37],[-53.24,-51.23],[-52.76,-51.08]]]}},{"type":"Feature","properties":{},"geometry":{"type":"Polygon","coordinates":[[[-51.8,-50.49],[-51.48,-50.66],[-52.18,-51.02],[-51.8,-50.49]]]}},{"type":"Feature","properties":{},"geometry":{"type":"Polygon","coordinates":[[[-129.53,-76.2],[-128.38,-76.35],[-130.24,-76.59],[-129.65,-76.33],[-130.5,-76.24],[-129.53,-76.2]]]}},{"type":"Feature","properties":{},"geometry":{"type":"Polygon","coordinates":[[[145.97,-72.99],[146.03,-73.41],[145.43,-73.34],[145.97,-72.99]]]}},{"type":"Feature","properties":{},"geometry":{"type":"Polygon","coordinates":[[[-52.59,-47.86],[-52,-48.38],[-52.54,-48.63],[-52.23,-49.25],[-52.94,-49.49],[-53.28,-49.29],[-52.59,-47.86]]]}},{"type":"Feature","properties":{},"geometry":{"type":"Polygon","coordinates":[[[139.13,-70.7],[144.82,-71.34],[143.95,-71.01],[147.17,-70.69],[148.01,-72.02],[147.57,-71.78],[147.07,-72.2],[146.99,-72.76],[147.64,-73.06],[145.42,-72.65],[145.91,-72.95],[145.14,-72.98],[145.39,-73.21],[144.94,-73.57],[142.78,-73.56],[142.46,-73.38],[143.22,-73.3],[140.66,-72.66],[140.35,-72.23],[141.32,-72.37],[139.25,-71.47],[139.13,-70.7]]]}},{"type":"Feature","properties":{},"geometry":{"type":"Polygon","coordinates":[[[167.3,-72.16],[168.05,-72.25],[167.1,-72.31],[168.01,-72.56],[167.71,-72.83],[168.1,-73.04],[171.09,-72.81],[169.95,-73.06],[171.02,-73.03],[170.2,-73.24],[170.7,-73.56],[168.23,-74.28],[151.09,-75.2],[160.96,-74.2],[167.3,-72.16]]]}},{"type":"Feature","properties":{},"geometry":{"type":"Polygon","coordinates":[[[-151.01,-71.76],[-154.3,-72.2],[-153.58,-72.39],[-153.83,-72.56],[-158,-72.1],[-163.06,-72.87],[-162.64,-72.97],[-165.57,-72.92],[-168.32,-72.29],[-167.75,-72.14],[-168.56,-71.85],[-168.11,-71.63],[-169.71,-71.09],[-165.97,-70.56],[-151.01,-71.76]]]}},{"type":"Feature","properties":{},"geometry":{"type":"Polygon","coordinates":[[[147.29,-70.16],[147.6,-70.26],[146.47,-70.27],[147.29,-70.16]]]}},{"type":"Feature","properties":{},"geometry":{"type":"Polygon","coordinates":[[[146.16,-69.59],[147.19,-70.05],[145.78,-69.76],[146.16,-69.59]]]}},{"type":"Feature","properties":{},"geometry":{"type":"Polygon","coordinates":[[[137.37,-69.65],[137.75,-69.99],[137.27,-70.21],[137.37,-69.65]]]}},{"type":"Feature","properties":{},"geometry":{"type":"Polygon","coordinates":[[[124.85,-65.32],[125.74,-65.64],[122.62,-65.51],[124.85,-65.32]]]}},{"type":"Feature","properties":{},"geometry":{"type":"Polygon","coordinates":[[[179.99,-69.62],[179.99,-71.03],[178.23,-71.16],[177.81,-71.4],[178.31,-71.61],[177.07,-72.44],[173.81,-73.47],[171.76,-73.13],[173.66,-72.19],[170.36,-71.05],[172.41,-70.68],[173.12,-69.95],[173.25,-69.21],[172.11,-68.3],[172.71,-68.49],[172.37,-68.16],[172.92,-68.1],[171.89,-68.21],[169.49,-66.18],[172.79,-67.02],[172.92,-67.83],[173.68,-68.24],[173.26,-68.28],[173.51,-68.84],[175.05,-69.1],[174.82,-68.38],[175.7,-68.65],[175.34,-68.79],[176.32,-69.57],[178.88,-69.97],[179.99,-69.62]]]}},{"type":"Feature","properties":{},"geometry":{"type":"Polygon","coordinates":[[[-179.99,-71.03],[-179.99,-69.62],[-178.23,-69.64],[-178.81,-70.49],[-179.62,-70.68],[-179.49,-71.09],[-179.99,-71.03]]]}},{"type":"Feature","properties":{},"geometry":{"type":"Polygon","coordinates":[[[164.03,-51.89],[164.08,-52.37],[163.58,-52.05],[164.03,-51.89]]]}},{"type":"Feature","properties":{},"geometry":{"type":"Polygon","coordinates":[[[159.4,-50.73],[163.2,-53.44],[160.37,-52.14],[159.4,-50.73]]]}},{"type":"Feature","properties":{},"geometry":{"type":"Polygon","coordinates":[[[127.27,-43.44],[127.54,-44.11],[126.7,-43.99],[127.27,-43.44]]]}},{"type":"Feature","properties":{},"geometry":{"type":"Polygon","coordinates":[[[34.11,-39.3],[33.61,-37.13],[34.28,-35.74],[36.32,-35.29],[36.78,-35.59],[36.67,-35.1],[37.56,-35.07],[37.41,-34.73],[38.56,-33.82],[38.37,-33.19],[38.79,-33.42],[39.43,-32.97],[39.33,-32.04],[40,-31.64],[40.72,-32.63],[41.38,-35.07],[41.11,-35.58],[40.39,-35.16],[40.66,-36.44],[37.36,-44.53],[34.81,-45.17],[33.48,-44.59],[32.56,-41.68],[34.11,-39.3]]]}},{"type":"Feature","properties":{},"geometry":{"type":"Polygon","coordinates":[[[119.36,-40.4],[119.6,-40.93],[118.87,-40.84],[119.36,-40.4]]]}},{"type":"Feature","properties":{},"geometry":{"type":"Polygon","coordinates":[[[119.46,-40.24],[120.86,-40.69],[120.02,-41.09],[119.46,-40.24]]]}},{"type":"Feature","properties":{},"geometry":{"type":"Polygon","coordinates":[[[133.65,-68.43],[129.81,-67.89],[128.61,-67.11],[128.96,-66.66],[128.61,-66.11],[127.3,-65.43],[128.77,-66.21],[128.45,-65.89],[125.74,-65.43],[126.83,-64.66],[126.13,-63.95],[125.22,-64.88],[123.44,-64.95],[124.69,-64.65],[124.91,-63.89],[126.04,-63.36],[125.9,-62.21],[125.83,-62.79],[121.96,-64.11],[121.84,-64.58],[120.41,-64.05],[121.15,-64.13],[118.77,-61.4],[116.26,-61.08],[114.72,-60.34],[105.86,-59.99],[102.51,-60.22],[100.73,-60.88],[95,-59.75],[91.2,-60.15],[88.61,-59.19],[87.84,-58.15],[88.33,-57.65],[89.47,-57.68],[90.73,-56.39],[90.76,-54.94],[91.48,-53.6],[91.15,-50.27],[91.77,-50.93],[92,-49.82],[91.86,-50.52],[92.21,-50.34],[92.15,-50.89],[92.45,-50.8],[92.79,-50.39],[92.49,-48.78],[94.54,-46.68],[94.95,-46.62],[94.52,-47.21],[94.81,-47.31],[95.51,-46.8],[98.93,-46.25],[99.92,-46.67],[104.89,-46.54],[107.13,-45.48],[107.19,-44.6],[108.47,-43.94],[108.88,-45.29],[109.66,-44.62],[109.13,-44.34],[109.36,-43.88],[111.09,-44.4],[110.39,-44.22],[111.14,-43.65],[110.63,-43.91],[110.67,-43.45],[111.1,-43.22],[111.79,-43.7],[111.33,-43.17],[112.2,-43.31],[111.85,-42.83],[112.59,-42.42],[112.9,-42.89],[113.2,-42.2],[113.38,-42.58],[114.36,-42.19],[115.02,-42.49],[115.87,-43.41],[115.16,-44.25],[115.61,-43.84],[115.82,-44.18],[116.24,-43.49],[117.53,-44.13],[117.98,-43.48],[117.45,-43.21],[118.86,-42.36],[119.1,-41.72],[119.6,-41.83],[119.45,-41.49],[119.89,-41.82],[120.43,-41.24],[122.33,-41.55],[122.36,-41],[121.17,-40.59],[121.48,-40.42],[124.15,-41.69],[125.53,-41.99],[126.43,-41.67],[126.06,-41.89],[126.59,-41.8],[126.51,-42.22],[127.3,-41.65],[127.78,-42.15],[127.06,-42.54],[127.3,-42.78],[126.27,-42.99],[126.14,-43.9],[124.83,-44.42],[125.75,-44.78],[125.33,-45],[125.81,-44.81],[127.07,-45.47],[126.62,-45.69],[132.15,-47.64],[133.99,-45.27],[133.66,-43.89],[134.46,-42.59],[133.87,-42.59],[134.62,-42.06],[134.62,-41.01],[135.15,-40.74],[136.46,-42.9],[136.76,-44.44],[137.77,-44.22],[138.92,-44.99],[139.04,-46.47],[139.84,-46.92],[140.36,-48.88],[144.1,-50.12],[144.37,-50.41],[144.05,-50.58],[145.31,-51.36],[145.68,-52.4],[146.34,-52.44],[146.23,-51.91],[147.2,-52.39],[147.2,-52.08],[147.7,-53.19],[147.03,-53.09],[151.21,-54.74],[151.83,-55.35],[151.9,-56.71],[153.3,-58.19],[152.92,-58.73],[153.06,-60.86],[152.29,-61.64],[152.68,-61.88],[151.3,-62.33],[151.04,-63.09],[150.04,-63.09],[150.94,-63.39],[150.49,-63.43],[150.9,-63.58],[150.43,-63.59],[150.87,-63.59],[149.98,-64.51],[150.49,-64.68],[149.29,-65.39],[149.69,-67.19],[145.02,-67.75],[144.66,-68],[145.63,-67.78],[142.16,-68.69],[142.75,-68.77],[142.65,-69.12],[140.35,-68.56],[140.55,-68.26],[138.79,-68.36],[139.76,-68.19],[139.33,-67.85],[136.45,-68.91],[133.65,-68.43]]]}},{"type":"Feature","properties":{},"geometry":{"type":"Polygon","coordinates":[[[130.53,-37.32],[130.91,-37.52],[130.53,-38.07],[129.28,-37.88],[130.53,-37.32]]]}},{"type":"Feature","properties":{},"geometry":{"type":"Polygon","coordinates":[[[126.56,8.28],[126.49,7.7],[125.75,7.24],[126.56,8.28]]]}},{"type":"Feature","properties":{},"geometry":{"type":"Polygon","coordinates":[[[124.93,-35.79],[125.33,-36.2],[124.89,-36.51],[124.93,-35.79]]]}},{"type":"Feature","properties":{},"geometry":{"type":"Polygon","coordinates":[[[125.48,-35.58],[125.47,-35.99],[125.07,-35.72],[125.48,-35.58]]]}},{"type":"Feature","properties":{},"geometry":{"type":"Polygon","coordinates":[[[120.23,3.41],[122.06,4.75],[122.76,4.64],[124.05,5.7],[124.02,6.49],[125.52,7.3],[126.37,6.99],[127.52,7.94],[128.18,7.37],[121.56,2.62],[121.34,2.99],[120.28,2.25],[120.23,3.41]]]}},{"type":"Feature","properties":{},"geometry":{"type":"Polygon","coordinates":[[[125.39,-35.17],[125.66,-35.61],[125.12,-35.61],[125.39,-35.17]]]}},{"type":"Feature","properties":{},"geometry":{"type":"Polygon","coordinates":[[[124.5,-30.91],[124.89,-31.56],[123.63,-30.93],[124.5,-30.91]]]}},{"type":"Feature","properties":{},"geometry":{"type":"Polygon","coordinates":[[[127.72,-31.69],[128.72,-32.36],[128.76,-33.07],[125.89,-31.44],[127.72,-31.69]]]}},{"type":"Feature","properties":{},"geometry":{"type":"Polygon","coordinates":[[[119.74,7.2],[120.29,7.38],[120.43,6.89],[120.14,6.62],[119.74,7.2]]]}},{"type":"Feature","properties":{},"geometry":{"type":"Polygon","coordinates":[[[129.04,-30.92],[128.97,-31.26],[128.38,-30.91],[129.04,-30.92]]]}},{"type":"Feature","properties":{},"geometry":{"type":"Polygon","coordinates":[[[117.74,6.29],[118.72,6.06],[119.19,6.41],[119.53,6.01],[117.76,5.33],[117.74,6.29]]]}},{"type":"Feature","properties":{},"geometry":{"type":"Polygon","coordinates":[[[129.96,-30.38],[129.86,-30.85],[129.64,-30.38],[129.96,-30.38]]]}},{"type":"Feature","properties":{},"geometry":{"type":"Polygon","coordinates":[[[144.44,-36.81],[146.12,-38.12],[145.91,-38.73],[147.79,-39.45],[148.21,-40.05],[146.42,-39.94],[139.18,-36.19],[133.01,-34.68],[133.38,-34.53],[132.04,-33.91],[132.5,-33.24],[131.51,-34.09],[130.39,-32.5],[131.99,-32.57],[132.3,-33.07],[132.94,-32.45],[130.98,-32.16],[130.96,-31.23],[129.79,-30.9],[131.66,-30.33],[133.43,-31.18],[133.08,-32.75],[133.77,-34.06],[137.65,-33.03],[144.44,-36.81]]]}},{"type":"Feature","properties":{},"geometry":{"type":"Polygon","coordinates":[[[140.66,-36.73],[142.89,-39],[143.77,-38.9],[143.72,-39.37],[144.79,-39.51],[144.57,-39.85],[145.89,-39.98],[145.22,-40.13],[145.67,-40.35],[142,-39.96],[139.31,-37.93],[137.68,-37.48],[137.2,-37.84],[136.49,-37.32],[136.94,-38.06],[136.09,-37.94],[136.54,-38.29],[134.7,-38.27],[135.91,-38.51],[136.25,-39.06],[133.37,-39.25],[131.95,-38.18],[132.2,-37.85],[130.67,-38.2],[130.94,-37.51],[130.4,-37.13],[131.61,-37.13],[130.26,-36.87],[131.09,-36.95],[130.12,-36.26],[130.22,-35.68],[129.29,-34.76],[125.83,-33.8],[132.15,-34.18],[140.66,-36.73]]]}},{"type":"Feature","properties":{},"geometry":{"type":"Polygon","coordinates":[[[130.2,-29.51],[130.67,-29.96],[129.48,-29.5],[130.2,-29.51]]]}},{"type":"Feature","properties":{},"geometry":{"type":"Polygon","coordinates":[[[114.76,6.87],[115.1,6.63],[114.67,6.49],[114.76,6.87]]]}},{"type":"Feature","properties":{},"geometry":{"type":"Polygon","coordinates":[[[-0.26,-10.55],[-0.32,-10.96],[-0.6,-10.79],[-0.26,-10.55]]]}},{"type":"Feature","properties":{},"geometry":{"type":"Polygon","coordinates":[[[106.61,2.24],[108.12,3.6],[109.43,3.37],[114.05,4.85],[117.5,1.62],[114.67,2.03],[113.06,1.79],[111.69,2.43],[110.65,1.95],[108.95,2.13],[107.16,1.68],[106.47,1.95],[106.61,2.24]]]}},{"type":"Feature","properties":{},"geometry":{"type":"Polygon","coordinates":[[[113.7,4.87],[114.51,5.22],[114.45,4.76],[115,5.62],[115.62,4.74],[116.45,5.36],[117.91,4.71],[118.3,5.53],[119.05,5.52],[121.17,3.51],[120.54,3.44],[120.76,3.13],[120.15,2.79],[120.49,2.56],[116.75,1.88],[113.7,4.87]]]}},{"type":"Feature","properties":{},"geometry":{"type":"Polygon","coordinates":[[[118.5,20.08],[118.79,19.77],[118.74,20.35],[119.59,20.36],[120.36,19.97],[121.56,20.69],[121.08,19.56],[121.79,19.61],[121.06,18.84],[121.74,18.43],[121.22,17.87],[121.74,18.22],[121.46,17.94],[122.98,17.72],[123.14,17.2],[124.64,17.36],[123.7,16.73],[124.88,15.18],[124.56,13.48],[124.88,13.56],[124.8,13.04],[125.24,13.32],[125.59,11.73],[125.12,10.66],[124.46,11.19],[123.89,10.48],[123.07,10.43],[122.7,9.17],[122.02,9.59],[121.16,8.43],[119.59,9.55],[118.91,9.23],[119.02,9.52],[117.78,9.79],[116.89,11.21],[118.76,12.22],[118.34,12.15],[117.83,13.26],[118.62,14.73],[118.25,16.4],[119.04,17.63],[118.5,20.08]]]}},{"type":"Feature","properties":{},"geometry":{"type":"Polygon","coordinates":[[[44.23,-47.77],[44.34,-49.52],[43.6,-50.87],[42.08,-51.3],[40.56,-50.73],[42.02,-48.79],[44.23,-47.77]]]}},{"type":"Feature","properties":{},"geometry":{"type":"Polygon","coordinates":[[[-37.37,4.39],[-37.38,3.69],[-38.3,3.62],[-37.83,3.86],[-38.03,4.28],[-37.37,4.39]]]}},{"type":"Feature","properties":{},"geometry":{"type":"Polygon","coordinates":[[[-57.38,5.21],[-56.09,4.55],[-57.64,4.68],[-57.38,5.21]]]}},{"type":"Feature","properties":{},"geometry":{"type":"Polygon","coordinates":[[[-62.17,8.13],[-59.68,7.09],[-59.05,6.51],[-59.54,6.42],[-58.49,5.62],[-58.89,5.32],[-61.07,6.08],[-61.61,5.5],[-62.01,6.28],[-63.74,6.59],[-64.15,7.07],[-63.84,7.32],[-62.18,6.65],[-62.22,7.63],[-62.84,8.07],[-62.17,8.13]]]}},{"type":"Feature","properties":{},"geometry":{"type":"Polygon","coordinates":[[[110.53,22.07],[111.35,22.52],[111.57,21.27],[110.99,20.31],[110.04,20.24],[109.6,21.02],[110.53,22.07]]]}},{"type":"Feature","properties":{},"geometry":{"type":"Polygon","coordinates":[[[-60.3,10.55],[-58.55,9.39],[-54.9,4.72],[-58.13,5.81],[-57.37,6.4],[-58.08,6.8],[-58.22,7.84],[-60.57,9.56],[-60.42,10.05],[-63.37,10.57],[-62.74,10.43],[-62.2,10.96],[-60.3,10.55]]]}},{"type":"Feature","properties":{},"geometry":{"type":"Polygon","coordinates":[[[-48.29,21.6],[-48.03,20.81],[-48.36,20.67],[-48.7,21.08],[-48.29,21.6]]]}},{"type":"Feature","properties":{},"geometry":{"type":"Polygon","coordinates":[[[118.38,41.16],[118.61,40.96],[117.98,40.66],[118.38,41.16]]]}},{"type":"Feature","properties":{},"geometry":{"type":"Polygon","coordinates":[[[122.63,44.83],[123.69,44.8],[123.68,44.38],[124.47,44.2],[124.29,42.52],[123.68,41.99],[123.55,42.69],[123.53,42.13],[122.9,42.25],[122.91,43.68],[122.27,43.97],[122.65,43.52],[122.02,43.26],[121.72,43.74],[122.2,43.59],[121.5,43.93],[122.63,44.83]]]}},{"type":"Feature","properties":{},"geometry":{"type":"Polygon","coordinates":[[[126.19,46.09],[127.08,45.74],[126.69,45.02],[125.72,45.02],[125.16,44.24],[124.62,44.79],[124.22,44.58],[124.87,45.54],[126.19,46.09]]]}},{"type":"Feature","properties":{},"geometry":{"type":"Polygon","coordinates":[[[19.16,17.72],[21.1,16.91],[19.78,16.97],[18.92,17.51],[19.16,17.72]]]}},{"type":"Feature","properties":{},"geometry":{"type":"Polygon","coordinates":[[[27.94,15.94],[27.04,15.91],[26.23,16.4],[26.16,17.01],[26.92,16.93],[27.94,15.94]]]}},{"type":"Feature","properties":{},"geometry":{"type":"Polygon","coordinates":[[[13.17,22.05],[12.25,20.61],[10.43,22.33],[10.8,22.63],[13.17,22.05]]]}},{"type":"Feature","properties":{},"geometry":{"type":"Polygon","coordinates":[[[19.67,21.17],[20.37,19.95],[19.19,21.1],[19.67,21.17]]]}},{"type":"Feature","properties":{},"geometry":{"type":"Polygon","coordinates":[[[24.83,30.24],[25.1,29.89],[24.39,30.01],[24.83,30.24]]]}},{"type":"Feature","properties":{},"geometry":{"type":"Polygon","coordinates":[[[3.46,29.42],[3.51,28.73],[2.84,28.87],[3.46,29.42]]]}},{"type":"Feature","properties":{},"geometry":{"type":"Polygon","coordinates":[[[6.94,32.63],[6.55,32.19],[4.74,31.96],[4.05,32.63],[6.4,33.35],[6.94,32.63]]]}},{"type":"Feature","properties":{},"geometry":{"type":"Polygon","coordinates":[[[126.15,46.44],[124.15,45.63],[124.15,45.08],[122.75,44.84],[122.53,45.24],[124.42,47],[127.82,47.81],[127.83,49.59],[128.46,49.86],[128.07,49.37],[128.66,49.1],[130.6,50.97],[130.64,52.58],[130.06,52.74],[130.29,53.11],[129.91,53.42],[130.16,54.15],[131.32,53.96],[130.7,54.55],[131.45,54.57],[133.16,52.83],[133.07,51.57],[132.42,51.2],[132.99,50.23],[132.81,49.43],[133.42,48.98],[133.05,48.34],[132.41,47.99],[132.38,48.74],[131.36,47.49],[131.16,47.92],[130.76,47.3],[129.37,46.99],[129.67,47.26],[128.81,47.38],[128.79,46.9],[129.37,46.67],[128.12,45.61],[127.42,45.85],[127.53,46.73],[126.15,46.44]]]}},{"type":"Feature","properties":{},"geometry":{"type":"Polygon","coordinates":[[[9.03,32.79],[7.07,32.69],[8.15,33.32],[9.03,32.79]]]}},{"type":"Feature","properties":{},"geometry":{"type":"Polygon","coordinates":[[[139.32,52.89],[139.66,52.95],[138.56,52.07],[139.32,52.89]]]}},{"type":"Feature","properties":{},"geometry":{"type":"Polygon","coordinates":[[[133.94,53.34],[137.23,52.16],[138.26,52.67],[138.11,52.1],[138.7,51.62],[137.08,51.03],[136.61,50.12],[133.43,50.27],[132.87,50.96],[134.1,51.11],[134.09,52.43],[133.63,52.98],[133.94,53.34]]]}},{"type":"Feature","properties":{},"geometry":{"type":"Polygon","coordinates":[[[129.77,55.47],[129.56,55.07],[130.91,54.86],[129.75,54.24],[128.78,55.31],[129.77,55.47]]]}},{"type":"Feature","properties":{},"geometry":{"type":"Polygon","coordinates":[[[-26.31,39.52],[-26.45,38.81],[-27.28,38.37],[-26.39,38.83],[-26.01,38.38],[-27.43,38.23],[-27.5,38.76],[-26.31,39.52]]]}},{"type":"Feature","properties":{},"geometry":{"type":"Polygon","coordinates":[[[-29.35,39.96],[-29.31,39.5],[-27.74,39.22],[-28.57,38.86],[-29.62,39.53],[-29.35,39.96]]]}},{"type":"Feature","properties":{},"geometry":{"type":"Polygon","coordinates":[[[-28.43,42.96],[-26.61,41.76],[-28.15,42.32],[-28.78,42.94],[-28.43,42.96]]]}},{"type":"Feature","properties":{},"geometry":{"type":"Polygon","coordinates":[[[-90.68,52.28],[-88.72,51.03],[-88.28,48.87],[-89.61,49.58],[-88.93,49.88],[-89.82,49.8],[-89.72,50.27],[-90.4,50.5],[-89.8,50.66],[-91.12,51.56],[-90.3,51.85],[-90.99,51.9],[-91.09,52.31],[-90.68,52.28]]]}},{"type":"Feature","properties":{},"geometry":{"type":"Polygon","coordinates":[[[-21.29,40.8],[-20.41,41.05],[-20.53,40.77],[-19.65,40.61],[-20.52,39.87],[-19.45,39.9],[-20.4,39.64],[-20.33,38.94],[-19.47,39.39],[-20.08,38.01],[-20.53,38.08],[-20.31,38.63],[-20.97,38.35],[-20.57,39.36],[-22.29,38.6],[-21.16,39.25],[-22.47,39.3],[-21.99,39.7],[-23.02,39.44],[-25.1,39.92],[-21.29,40.8]]]}},{"type":"Feature","properties":{},"geometry":{"type":"Polygon","coordinates":[[[-20.93,43.27],[-20.56,43.15],[-21.2,43.02],[-20.97,42.72],[-22.4,41.61],[-21.16,41.64],[-21.84,41.33],[-20.99,41.14],[-21.29,40.8],[-25.01,40.03],[-23.93,40.62],[-24.74,40.79],[-23.81,41.25],[-23.46,41],[-23.66,41.39],[-23.15,41.44],[-22.5,42.61],[-20.93,43.27]]]}},{"type":"Feature","properties":{},"geometry":{"type":"Polygon","coordinates":[[[-41.77,49.24],[-41.45,48.6],[-42.47,49.18],[-41.77,49.24]]]}},{"type":"Feature","properties":{},"geometry":{"type":"Polygon","coordinates":[[[-92.14,55.48],[-92.65,55.21],[-92.62,54.33],[-92.99,55.56],[-92.14,55.48]]]}},{"type":"Feature","properties":{},"geometry":{"type":"Polygon","coordinates":[[[-89.55,54.66],[-89.43,54.23],[-89.93,54.01],[-89.53,54.29],[-90.01,54.08],[-89.65,54.39],[-90.03,54.44],[-89.55,54.66]]]}},{"type":"Feature","properties":{},"geometry":{"type":"Polygon","coordinates":[[[-124.61,68.41],[-124.93,68.26],[-124.28,68.15],[-125.6,68.1],[-124.61,68.41]]]}},{"type":"Feature","properties":{},"geometry":{"type":"Polygon","coordinates":[[[-92.42,56.65],[-91.79,56.25],[-92.48,55.95],[-91.17,56.23],[-92.8,55.55],[-92.95,56.1],[-92.42,56.65]]]}},{"type":"Feature","properties":{},"geometry":{"type":"Polygon","coordinates":[[[131,62.03],[132.47,60.67],[132.66,59.55],[136.04,56.81],[134.95,57.3],[133.77,57.01],[133.79,55.64],[135.25,54.84],[135.47,54.04],[134.36,54.65],[133.98,53.72],[133.41,54.36],[133.33,55.78],[132.59,56.49],[132.02,58.87],[131.05,59.36],[130.43,60.86],[131.33,61.22],[130.41,61.91],[131,62.03]]]}},{"type":"Feature","properties":{},"geometry":{"type":"Polygon","coordinates":[[[-119.56,67.79],[-119.64,67.23],[-121.9,67.87],[-119.56,67.79]]]}},{"type":"Feature","properties":{},"geometry":{"type":"Polygon","coordinates":[[[127.02,62.04],[127.62,61.99],[127.24,61.52],[126.6,61.6],[127.02,62.04]]]}},{"type":"Feature","properties":{},"geometry":{"type":"Polygon","coordinates":[[[-6.72,42.35],[-5.71,42.61],[-6.8,42.53],[-5.9,43.17],[-6.96,43.38],[-6.41,43.76],[-6.85,44.22],[-5.54,44.16],[-5.21,44.58],[-5.76,44.64],[-4.59,45.3],[-4.22,45.14],[-4.61,44.86],[-3.53,45.1],[-3.03,44.38],[-3.78,44.07],[-3.69,43.57],[-6.72,42.35]]]}},{"type":"Feature","properties":{},"geometry":{"type":"Polygon","coordinates":[[[-5.48,41.82],[-6.72,41.41],[-6.44,41.69],[-7.03,41.59],[-6.52,41.84],[-7.21,41.82],[-6.66,42.12],[-7.26,42.16],[-3.69,43.57],[-3.85,42.09],[-5.48,41.82]]]}},{"type":"Feature","properties":{},"geometry":{"type":"Polygon","coordinates":[[[9.78,45.61],[10.07,45.1],[9.18,45.52],[9.78,45.61]]]}},{"type":"Feature","properties":{},"geometry":{"type":"Polygon","coordinates":[[[-88.94,57.6],[-89.46,56.97],[-89.79,57.11],[-89.35,57.39],[-89.96,57.36],[-88.94,57.6]]]}},{"type":"Feature","properties":{},"geometry":{"type":"Polygon","coordinates":[[[11.33,46.17],[11.24,45.07],[10.34,45.39],[10.44,46.04],[11.11,45.72],[10.9,46.03],[11.33,46.17]]]}},{"type":"Feature","properties":{},"geometry":{"type":"Polygon","coordinates":[[[-90.82,58.67],[-90.4,57.48],[-91.04,57.56],[-90.46,57.27],[-91.02,56.78],[-91.3,57.18],[-90.95,57.44],[-91.56,57.65],[-90.95,57.84],[-91.36,57.99],[-90.87,58.12],[-90.82,58.67]]]}},{"type":"Feature","properties":{},"geometry":{"type":"Polygon","coordinates":[[[-38.16,52.05],[-38.51,51.33],[-38.03,51.76],[-38.61,51.32],[-38.28,51.66],[-39.22,51.5],[-38.16,52.05]]]}},{"type":"Feature","properties":{},"geometry":{"type":"Polygon","coordinates":[[[-90.79,59.35],[-90.64,58.9],[-91.66,58.52],[-90.79,59.35]]]}},{"type":"Feature","properties":{},"geometry":{"type":"Polygon","coordinates":[[[-90.28,59.37],[-89.91,58.72],[-90.77,58.75],[-90.28,59.37]]]}},{"type":"Feature","properties":{},"geometry":{"type":"Polygon","coordinates":[[[-3.64,47.61],[-3.14,47.16],[-3.43,46.92],[-4.03,47.33],[-3.64,47.61]]]}},{"type":"Feature","properties":{},"geometry":{"type":"Polygon","coordinates":[[[16.25,48.19],[16.43,47.76],[15.85,47.21],[15.75,47.83],[16.25,48.19]]]}},{"type":"Feature","properties":{},"geometry":{"type":"Polygon","coordinates":[[[-105.02,64.91],[-105.26,64.58],[-104.64,64.52],[-105,64.19],[-108.03,64.57],[-107,64.62],[-107.99,64.7],[-107.5,65.17],[-106.34,65.13],[-106.67,64.65],[-105.86,65.09],[-105.49,65],[-105.91,64.78],[-105.02,64.91]]]}},{"type":"Feature","properties":{},"geometry":{"type":"Polygon","coordinates":[[[-93.04,57.66],[-93.49,57.48],[-92.89,57.16],[-93.33,57.05],[-93.53,57.54],[-93.26,56.99],[-93.59,56.77],[-93.81,57.37],[-94.36,57.13],[-93.74,57.81],[-93.04,57.66]]]}},{"type":"Feature","properties":{},"geometry":{"type":"Polygon","coordinates":[[[-89.81,60.68],[-89.87,59.67],[-91.02,59.53],[-90.18,59.89],[-89.81,60.68]]]}},{"type":"Feature","properties":{},"geometry":{"type":"Polygon","coordinates":[[[-103.64,64.91],[-103.59,64.49],[-104.67,64.69],[-103.64,64.91]]]}},{"type":"Feature","properties":{},"geometry":{"type":"Polygon","coordinates":[[[19.15,49.14],[19.76,49.03],[18.83,48.4],[18.58,48.98],[19.15,49.14]]]}},{"type":"Feature","properties":{},"geometry":{"type":"Polygon","coordinates":[[[-1.28,48.52],[-1.09,48.24],[-2.12,47.8],[-1.63,47.74],[-2.66,46.6],[-3.61,46.61],[-2.92,47],[-3.24,47.75],[-2.65,47.7],[-2.95,47.96],[-2.58,48.51],[-1.28,48.52]]]}},{"type":"Feature","properties":{},"geometry":{"type":"Polygon","coordinates":[[[-1.73,47.49],[-0.09,47.48],[-0.67,46.44],[-1.32,46.25],[-0.71,46.14],[-1.74,45.98],[-0.35,45.78],[0.13,45.17],[-2.56,44.52],[-2.82,44.86],[-2.24,45.81],[-2.44,46.09],[-2.9,45.74],[-2.68,46.13],[-3.31,45.19],[-3.17,46.19],[-1.73,47.49]]]}},{"type":"Feature","properties":{},"geometry":{"type":"Polygon","coordinates":[[[0.13,45.17],[0.37,44.46],[1.32,43.98],[1.51,43.46],[0.81,43.57],[1.52,43.35],[1.39,42.76],[2.78,42.6],[2.69,41.96],[1.68,41.31],[2.55,41.03],[-3.35,39.93],[-2.12,41.07],[-1.11,41.09],[-0.55,41.67],[-1.38,41.25],[-3,41.8],[-1.86,42.43],[-1.95,42.8],[-2.53,42.68],[-2.18,43],[-0.87,43.18],[-0.89,44.1],[-1.26,43.98],[-1.43,44.64],[0.13,45.17]]]}},{"type":"Feature","properties":{},"geometry":{"type":"Polygon","coordinates":[[[19.07,49.61],[19.49,49.39],[18.67,49.42],[19.07,49.61]]]}},{"type":"Feature","properties":{},"geometry":{"type":"Polygon","coordinates":[[[175.69,71.76],[176.02,71.56],[174.21,70.97],[174.74,71.46],[174.38,71.44],[175.69,71.76]]]}},{"type":"Feature","properties":{},"geometry":{"type":"Polygon","coordinates":[[[-134.69,73],[-134,72.52],[-135.22,72.36],[-137.05,72.93],[-134.69,73]]]}},{"type":"Feature","properties":{},"geometry":{"type":"Polygon","coordinates":[[[-146.15,73.69],[-145.05,73.37],[-146.44,73.6],[-146.15,73.69]]]}},{"type":"Feature","properties":{},"geometry":{"type":"Polygon","coordinates":[[[-23.85,54.32],[-23.92,53.94],[-24.25,54.32],[-23.85,54.32]]]}},{"type":"Feature","properties":{},"geometry":{"type":"Polygon","coordinates":[[[-34.65,57.43],[-35.54,56.76],[-35.57,57.24],[-34.65,57.43]]]}},{"type":"Feature","properties":{},"geometry":{"type":"Polygon","coordinates":[[[-36.4,58.51],[-36.39,58.2],[-38.24,58.01],[-37.57,58.61],[-36.4,58.51]]]}},{"type":"Feature","properties":{},"geometry":{"type":"Polygon","coordinates":[[[-32.83,58.22],[-32.51,57.83],[-32.94,57.82],[-33.15,58.23],[-32.83,58.22]]]}},{"type":"Feature","properties":{},"geometry":{"type":"Polygon","coordinates":[[[-138.16,75.96],[-133.29,75.23],[-135.21,74.97],[-138.57,75.55],[-138.16,75.96]]]}},{"type":"Feature","properties":{},"geometry":{"type":"Polygon","coordinates":[[[-36.37,61.75],[-36.59,61.01],[-36.01,61.16],[-34.79,59.84],[-35.4,59.35],[-34.44,59.29],[-34.14,58.82],[-35.11,58.69],[-36.06,59.15],[-36.09,59.74],[-38.85,59.2],[-38.53,59.85],[-39.84,60],[-38.6,60.24],[-36.37,61.75]]]}},{"type":"Feature","properties":{},"geometry":{"type":"Polygon","coordinates":[[[-35.28,61.69],[-34.8,61.13],[-35.34,61.19],[-35.28,61.69]]]}},{"type":"Feature","properties":{},"geometry":{"type":"Polygon","coordinates":[[[53.98,62.18],[54.23,61.97],[53.44,61.87],[53.98,62.18]]]}},{"type":"Feature","properties":{},"geometry":{"type":"Polygon","coordinates":[[[-26.07,61.71],[-25.63,61.35],[-26.53,61.54],[-26.07,61.71]]]}},{"type":"Feature","properties":{},"geometry":{"type":"Polygon","coordinates":[[[-26.98,62.22],[-26.52,61.92],[-27.31,61.29],[-28.8,61.43],[-27.97,62.17],[-26.98,62.22]]]}},{"type":"Feature","properties":{},"geometry":{"type":"Polygon","coordinates":[[[12.21,59.12],[12.27,58.69],[12.57,59.1],[12.82,58.75],[11.8,58.41],[12.21,59.12]]]}},{"type":"Feature","properties":{},"geometry":{"type":"Polygon","coordinates":[[[-151.55,81.42],[-142.31,80.02],[-141.48,79.57],[-142.43,79.01],[-141.5,78.64],[-140.01,78.71],[-141.12,78.81],[-140.2,79.27],[-141.42,79.38],[-139.32,79.38],[-135.55,79.08],[-132.47,78.05],[-134.71,77.66],[-136.19,77.96],[-135.73,77.56],[-139.09,77.93],[-137.67,77.66],[-137.98,77.27],[-140.28,77.05],[-138.76,76.61],[-140.45,76.51],[-140.94,76.58],[-140.7,76.88],[-141.4,76.62],[-144.51,77.18],[-145.28,77.41],[-144.91,77.54],[-145.33,77.87],[-150.27,78],[-149.95,78.22],[-150.81,78.42],[-149.85,78.89],[-152.4,78.69],[-152.67,78.43],[-151.72,78.15],[-151.98,77.99],[-153.14,78.24],[-152.28,81.51],[-151.55,81.42]]]}},{"type":"Feature","properties":{},"geometry":{"type":"Polygon","coordinates":[[[-157.21,78.73],[-158.46,78.32],[-158.44,78.93],[-157.21,78.73]]]}},{"type":"Feature","properties":{},"geometry":{"type":"Polygon","coordinates":[[[11.79,59.16],[12.02,58.83],[11.35,58.73],[11.79,59.16]]]}},{"type":"Feature","properties":{},"geometry":{"type":"Polygon","coordinates":[[[-26.71,63.41],[-26.43,63.27],[-27.13,63.17],[-26.71,63.41]]]}},{"type":"Feature","properties":{},"geometry":{"type":"Polygon","coordinates":[[[35.94,61.88],[36.52,61.67],[35.18,61.2],[35.14,61.84],[35.94,61.88]]]}},{"type":"Feature","properties":{},"geometry":{"type":"Polygon","coordinates":[[[13.42,59.72],[13.73,59.44],[12.9,59.27],[13.42,59.72]]]}},{"type":"Feature","properties":{},"geometry":{"type":"Polygon","coordinates":[[[-40.83,67.32],[-40.55,66.71],[-40.92,66.5],[-40.52,66.64],[-40.87,66.29],[-40.39,66.15],[-41.99,66.07],[-43.57,67.01],[-40.83,67.32]]]}},{"type":"Feature","properties":{},"geometry":{"type":"Polygon","coordinates":[[[179.99,82.07],[179.99,81.76],[177.17,81.88],[179.99,82.07]]]}},{"type":"Feature","properties":{},"geometry":{"type":"Polygon","coordinates":[[[-179.99,81.76],[-179.99,82.07],[-178.81,82.03],[-179.99,81.76]]]}},{"type":"Feature","properties":{},"geometry":{"type":"Polygon","coordinates":[[[14.36,60.36],[14.7,60.28],[14.04,60.19],[14.36,60.36]]]}},{"type":"Feature","properties":{},"geometry":{"type":"Polygon","coordinates":[[[-17.32,57.58],[-16.58,56.68],[-18.17,56.82],[-17.62,56.72],[-18.34,57.2],[-17.32,57.58]]]}},{"type":"Feature","properties":{},"geometry":{"type":"Polygon","coordinates":[[[41.86,63.93],[43.47,63.39],[41.56,63.64],[41.86,63.93]]]}},{"type":"Feature","properties":{},"geometry":{"type":"Polygon","coordinates":[[[-21.48,63.99],[-21.21,63.86],[-21.9,63.82],[-21.48,63.99]]]}},{"type":"Feature","properties":{},"geometry":{"type":"Polygon","coordinates":[[[-1,55.16],[-0.92,54.76],[-2.61,54.78],[-1,55.16]]]}},{"type":"Feature","properties":{},"geometry":{"type":"Polygon","coordinates":[[[36.72,64.1],[37.33,63.74],[36.43,63.96],[36.72,64.1]]]}},{"type":"Feature","properties":{},"geometry":{"type":"Polygon","coordinates":[[[-152.71,83.44],[-155.31,83.57],[-152.51,83.93],[-152.71,83.44]]]}},{"type":"Feature","properties":{},"geometry":{"type":"Polygon","coordinates":[[[-148.12,84.09],[-143.74,83.66],[-151.32,83.51],[-150.94,84.06],[-148.12,84.09]]]}},{"type":"Feature","properties":{},"geometry":{"type":"Polygon","coordinates":[[[110.44,77.62],[111.26,77.64],[109.92,77.49],[110.44,77.62]]]}},{"type":"Feature","properties":{},"geometry":{"type":"Polygon","coordinates":[[[-30.28,40.32],[-30.05,39.42],[-29.41,39.21],[-29.72,39.15],[-28.46,38.47],[-27.87,38.66],[-27.21,37.95],[-30.35,37.78],[-31.71,36.91],[-32.2,37.3],[-31.7,38.06],[-32.04,37.98],[-30.28,38.56],[-30.14,38.13],[-29.26,38.39],[-30.67,38.63],[-30.12,39.19],[-33.99,38.17],[-34.56,38.51],[-34.86,38.05],[-35.86,38.03],[-37.02,36.81],[-36.57,36.1],[-36.23,36.38],[-36.3,35.89],[-37.42,36.02],[-37.47,36.39],[-37.7,35.98],[-38.47,36.05],[-35.04,38.78],[-30.28,40.32]]]}},{"type":"Feature","properties":{},"geometry":{"type":"Polygon","coordinates":[[[-24.67,-34.57],[-26.99,-37.66],[-28.3,-38.66],[-26.7,-36.93],[-27.49,-36.47],[-27.27,-36.83],[-28.47,-38.22],[-28.91,-39.6],[-30.54,-41.16],[-32.75,-41.41],[-34.6,-40.95],[-35.22,-40.28],[-34.78,-39.38],[-35.21,-39.56],[-35.35,-40.89],[-33.88,-41.78],[-33.9,-42.67],[-42.19,-40.03],[-43.91,-39.14],[-44.97,-36.37],[-47.92,-31.38],[-47.96,-29.47],[-47.32,-27.67],[-47.52,-25.12],[-41.03,-28.94],[-35.62,-31.43],[-29.9,-33.39],[-24.67,-34.57]]]}},{"type":"Feature","properties":{},"geometry":{"type":"Polygon","coordinates":[[[-39.06,-45.4],[-39.67,-45.17],[-39.26,-45.81],[-39.6,-45.71],[-39.29,-45.87],[-39.72,-47.33],[-42.76,-47.2],[-42.72,-48.44],[-42.12,-48.82],[-41.3,-48.46],[-41.19,-49.16],[-42.7,-49.02],[-41.96,-49.36],[-43.13,-50],[-43.41,-51.29],[-45.12,-51.62],[-45.87,-52.4],[-44.97,-53.33],[-43.8,-53.55],[-43.87,-54.29],[-46.01,-55.33],[-46.47,-56.28],[-47.27,-56.13],[-47.01,-56.44],[-47.88,-56.81],[-47.82,-57.8],[-48.16,-57.94],[-47.23,-58.62],[-50.2,-58.92],[-50.79,-60.06],[-52.16,-59.52],[-51.35,-59.66],[-50.51,-59.07],[-50.98,-58.72],[-52.52,-58.63],[-52.9,-59.2],[-53.38,-58.88],[-52.56,-58.61],[-53.56,-58.81],[-53.48,-58.12],[-52.5,-58.39],[-52.33,-58.07],[-52.09,-58.34],[-52.63,-58.56],[-52.14,-58.59],[-51.94,-57.91],[-52.6,-57.34],[-52.84,-57.59],[-52.02,-57.87],[-52.89,-57.68],[-52.48,-57.98],[-52.89,-58.2],[-53.01,-57.73],[-52.99,-58.27],[-53.08,-57.77],[-53.62,-57.69],[-53.24,-57.28],[-53.89,-56.97],[-52.87,-56.78],[-53.06,-56.47],[-53.65,-56.92],[-53.91,-56.53],[-53.55,-56.44],[-54.33,-56.24],[-53.37,-56.37],[-53.91,-56.05],[-53.3,-55.91],[-53.83,-55.69],[-53.08,-55.8],[-53.56,-55.56],[-53.42,-55.15],[-53.91,-55.44],[-53.87,-54.85],[-53.43,-54.81],[-53.8,-54.66],[-53.19,-54.5],[-54.03,-54.06],[-52.44,-54.13],[-52.92,-53.65],[-54.07,-53.77],[-53.4,-53.67],[-53.8,-53.47],[-53.23,-53.23],[-53.45,-52.82],[-55.07,-52.78],[-53.88,-51.86],[-53.16,-51.89],[-52.95,-52.67],[-52.08,-51.78],[-52.57,-51.88],[-52.44,-51.54],[-51.66,-51.55],[-52.45,-51.29],[-51.33,-50.63],[-52.11,-50.27],[-51.12,-48.7],[-51.45,-48.43],[-50.97,-48.63],[-50.97,-48.12],[-51.46,-48.04],[-50.77,-47.65],[-52.43,-47.83],[-52.57,-47.2],[-51.62,-45.5],[-52.01,-43.43],[-51.42,-43.24],[-49.51,-39.72],[-49.2,-35.17],[-47.92,-31.38],[-44.97,-36.37],[-42.86,-41.68],[-39.06,-45.4]]]}},{"type":"Feature","properties":{},"geometry":{"type":"Polygon","coordinates":[[[-44.5,4.29],[-42.53,4.29],[-41.42,3.67],[-39.99,4.09],[-40.59,4.27],[-38.22,4.33],[-39.26,4.11],[-38.71,3.39],[-37.26,3.01],[-37.39,2.13],[-36.46,2.14],[-35.11,1.15],[-35.06,-0.04],[-34.74,0.42],[-33.6,-0.66],[-31.51,-0.47],[-29.41,-1.01],[-27.71,-2.34],[-27.32,-3.98],[-26.33,-5.03],[-27.84,-6.96],[-27.15,-6.46],[-27.49,-7.14],[-26.85,-6.55],[-24.79,-6.74],[-25.25,-7.89],[-26.82,-8.39],[-25.69,-8.15],[-25.79,-8.61],[-24.73,-7.91],[-24.31,-6.98],[-23.23,-7.12],[-21.71,-7.71],[-21.71,-8.14],[-21.24,-7.8],[-20.97,-8.12],[-21.12,-8.64],[-20.71,-8.7],[-21.12,-9.69],[-20.66,-8.85],[-20.37,-8.76],[-20.55,-9.22],[-19.72,-8.67],[-18.55,-9.14],[-16.26,-9.11],[-13.34,-11.11],[-11.39,-11.58],[-10.85,-13.23],[-11.14,-14.98],[-14.25,-19.13],[-14.67,-18.84],[-14.92,-23.91],[-16.71,-28.29],[-17.71,-28.84],[-17.76,-29.3],[-20.28,-29.31],[-24.26,-31.9],[-24.82,-31.81],[-24.4,-32.01],[-24.91,-32.59],[-24.54,-32.66],[-24.67,-34.57],[-29.9,-33.39],[-35.62,-31.43],[-41.03,-28.94],[-47.52,-25.12],[-48.69,-23.46],[-53.16,-20.67],[-55.97,-14.15],[-56.92,-12.6],[-58.03,-11.86],[-57.74,-11.35],[-58.08,-10.06],[-56.84,-9.27],[-56.45,-8.44],[-56.68,-8.17],[-57,-8.59],[-57.73,-8],[-56.66,-5.1],[-55.56,-4.74],[-55.16,-3.84],[-50.6,-2],[-48.95,1.36],[-45.79,4.02],[-44.5,4.29]]]}},{"type":"Feature","properties":{},"geometry":{"type":"Polygon","coordinates":[[[-54.56,1.93],[-53.85,1.06],[-53.97,1.72],[-52.61,2.47],[-52.14,3.83],[-50.16,4.17],[-48.5,5.23],[-47.99,4.78],[-48.85,4.35],[-48.54,3.47],[-49.14,2.62],[-48.77,1.83],[-48.06,2.45],[-48.54,3.57],[-46.98,4.1],[-46.91,4.86],[-46.56,4.1],[-45.23,3.43],[-46.54,2.93],[-49.8,0.38],[-51.57,-2.92],[-56.2,-4.59],[-54.41,-2.91],[-54.9,-2.57],[-54.52,-0.24],[-55.21,0.69],[-54.56,1.93]]]}},{"type":"Feature","properties":{},"geometry":{"type":"Polygon","coordinates":[[[-33.9,-42.67],[-33.32,-43.38],[-34.3,-44.58],[-39.06,-45.4],[-42.5,-42.15],[-43.91,-39.14],[-33.9,-42.67]]]}},{"type":"Feature","properties":{},"geometry":{"type":"Polygon","coordinates":[[[-86.19,40.39],[-85.78,40.29],[-85.8,40.85],[-86.59,40.9],[-87.36,43.35],[-86.03,43.86],[-84.41,42.88],[-82.64,39.59],[-82.38,38.14],[-82.89,37.08],[-86.19,40.39]]]}},{"type":"Feature","properties":{},"geometry":{"type":"Polygon","coordinates":[[[-87.36,43.35],[-86.68,44.53],[-86.81,45.88],[-85.16,49.1],[-84.61,49.06],[-85.21,49.15],[-84.78,49.49],[-85.04,49.78],[-84.57,49.76],[-85.07,49.81],[-85.12,51.31],[-83.18,50.77],[-83.87,50.06],[-83.11,50.55],[-83.14,50.11],[-83.74,49.69],[-82.85,50.03],[-82.89,51.39],[-81.81,51.64],[-81.99,50.21],[-80.11,49.86],[-79.3,48.59],[-77.05,48.07],[-78.1,46.5],[-83.23,45.18],[-87.36,43.35]]]}},{"type":"Feature","properties":{},"geometry":{"type":"Polygon","coordinates":[[[-87.36,48.85],[-87.57,49.22],[-86.79,49.05],[-87.36,48.85]]]}},{"type":"Feature","properties":{},"geometry":{"type":"Polygon","coordinates":[[[-86.06,49.32],[-87.46,49.34],[-87.04,49.46],[-87.48,49.5],[-87.04,50.16],[-87.31,49.72],[-87.97,49.85],[-87.31,50.42],[-88.08,50.16],[-88.37,50.61],[-87.58,50.85],[-88.39,50.93],[-87.26,51.27],[-87.72,51.32],[-87.61,51.68],[-88.42,51.01],[-88.77,51.17],[-88.41,51.36],[-89.34,51.44],[-88.29,51.73],[-89.13,51.54],[-89.36,51.82],[-88.74,52.05],[-90.04,52.13],[-89.16,52.15],[-90.08,52.59],[-88.66,52.72],[-89.93,52.76],[-89.71,53.13],[-88.72,53.27],[-88.58,52.82],[-88.55,53.22],[-87.87,53.13],[-88.63,53.48],[-87.98,53.33],[-86.07,50.7],[-86.06,49.32]]]}},{"type":"Feature","properties":{},"geometry":{"type":"Polygon","coordinates":[[[-88.28,53.56],[-89.84,53.59],[-89.02,53.88],[-89.35,54.34],[-88.28,53.56]]]}},{"type":"Feature","properties":{},"geometry":{"type":"Polygon","coordinates":[[[-79.91,38.03],[-80.15,37.51],[-82.54,37.51],[-82.4,38.86],[-84.01,42.31],[-86.03,43.86],[-83.23,45.18],[-78.1,46.5],[-77.05,48.07],[-76.36,47.98],[-75.54,47.64],[-78.44,42.15],[-79.91,38.03]]]}},{"type":"Feature","properties":{},"geometry":{"type":"Polygon","coordinates":[[[-80.03,37.95],[-79.99,37.27],[-80.59,37.44],[-81.65,38.78],[-82.75,39.18],[-81,43.81],[-77.99,49.3],[-75.99,48.65],[-76.58,48.11],[-76.58,47.37],[-74.68,45.82],[-76.95,42.28],[-78.95,40.74],[-80.03,37.95]]]}},{"type":"Feature","properties":{},"geometry":{"type":"Polygon","coordinates":[[[-76.32,34.76],[-79.15,35.68],[-80.02,36.99],[-81.5,37.92],[-80.21,41.34],[-78.08,42.79],[-75.89,45.3],[-75.49,46.23],[-77.26,47.86],[-77.19,48.6],[-76.55,49.11],[-75.36,49.08],[-74.91,47.3],[-73.47,44.77],[-73.07,42],[-73.66,38.7],[-75.8,36.57],[-76.32,34.76]]]}},{"type":"Feature","properties":{},"geometry":{"type":"Polygon","coordinates":[[[-57.64,28.95],[-58.64,28.91],[-57.72,28.68],[-58.18,28.34],[-57.75,27.58],[-58.37,28.29],[-58.75,27.91],[-59.53,28.18],[-60.08,28.98],[-60.61,28.79],[-62,29.57],[-63.05,29.16],[-62.7,29.28],[-63.15,29.53],[-63.1,29.17],[-64.87,28.57],[-64.42,28.74],[-65.07,28.95],[-64.89,28.62],[-65.78,28.46],[-66.2,27.76],[-66.51,27.97],[-66.3,26.39],[-66.93,25.55],[-66.7,25.9],[-67.06,25.94],[-67.9,22.66],[-67.18,19.76],[-66.08,18.73],[-65.7,17.57],[-66.31,17.78],[-67.73,19.3],[-69.01,23.32],[-69.36,26.75],[-69.08,28.86],[-62.33,30.92],[-59.76,30.29],[-57.64,28.95]]]}},{"type":"Feature","properties":{},"geometry":{"type":"Polygon","coordinates":[[[-65.43,15.7],[-66.45,16.61],[-67.99,16.18],[-69.45,16.8],[-75.69,21.62],[-76.15,22.84],[-75.67,22.91],[-75.9,23.18],[-75.38,23.75],[-75.71,25.08],[-77.29,27.9],[-78.32,28.63],[-78.11,29.56],[-80,31.95],[-80.74,34.43],[-77.92,31.27],[-76.3,30.15],[-72.17,27.48],[-69.36,26.75],[-68.13,20.26],[-67.73,19.3],[-64.45,15.81],[-65.43,15.7]]]}},{"type":"Feature","properties":{},"geometry":{"type":"Polygon","coordinates":[[[-64.27,18.41],[-61.95,18.07],[-60.39,20.25],[-59.84,20.37],[-56.89,19.84],[-58.21,18.37],[-57.93,18.2],[-58.68,16.98],[-58.71,17.65],[-59.17,17.26],[-59.33,15.84],[-60.34,14.96],[-60.09,14.78],[-63.42,15.49],[-64.61,17.34],[-64.27,18.41]]]}},{"type":"Feature","properties":{},"geometry":{"type":"Polygon","coordinates":[[[-79.36,32.46],[-79.46,30.62],[-77.14,26.89],[-76.69,24.43],[-75.6,23.37],[-76.13,22.86],[-78.09,25.15],[-77.82,26],[-78.66,27.41],[-79.17,27.21],[-80.36,28.43],[-79.31,28.18],[-79.26,29.04],[-80.63,30.51],[-81.57,34.12],[-82.56,35.16],[-84.54,35.99],[-84.41,36.56],[-85.72,39.21],[-83.26,36.47],[-80.81,34.95],[-79.36,32.46]]]}},{"type":"Feature","properties":{},"geometry":{"type":"Polygon","coordinates":[[[-80.74,34.43],[-80.55,34.86],[-82.18,35.91],[-83.46,38.49],[-85.07,39.55],[-84.67,39.96],[-83.79,40.21],[-81.64,39.67],[-80.19,37.99],[-78.13,36.85],[-77.28,35.53],[-74.47,34.58],[-72.79,33.32],[-72.28,32.22],[-72.67,27.94],[-77.92,31.27],[-80.74,34.43]]]}},{"type":"Feature","properties":{},"geometry":{"type":"Polygon","coordinates":[[[-119.12,75.9],[-122.23,75.6],[-122.42,75.95],[-127.79,76.24],[-128.47,76.87],[-127.27,76.94],[-130.07,77.48],[-122.04,77.95],[-120.63,77.83],[-122.24,77.56],[-121.66,77.38],[-116.87,77.16],[-119.12,75.9]]]}},{"type":"Feature","properties":{},"geometry":{"type":"Polygon","coordinates":[[[-116.67,77.23],[-118.12,77.32],[-117.68,77.55],[-118.4,77.98],[-117.72,78.02],[-117.16,77.44],[-116.58,77.47],[-117.34,77.75],[-116.23,77.94],[-119.92,78.36],[-119.84,78.89],[-123.69,79.92],[-121.36,80.35],[-115.97,80.19],[-110.1,81],[-95.9,80.96],[-96.37,80.95],[-95.26,80.62],[-97.43,80.35],[-94.62,80.49],[-94.34,80.28],[-95.06,80.22],[-91.39,79.71],[-92.85,79.54],[-91.43,79.1],[-88.49,78.88],[-84.23,77.51],[-81.63,77.27],[-80.73,76.49],[-78.43,75.91],[-77.51,75],[-81.34,74.41],[-91.86,74.62],[-95.29,75.93],[-108.78,77.47],[-113.12,77.79],[-116.67,77.23]]]}},{"type":"Feature","properties":{},"geometry":{"type":"Polygon","coordinates":[[[-40.26,35.58],[-41.5,34.28],[-41.99,35.07],[-41.82,33.83],[-43.04,32.73],[-42.5,33.5],[-42.91,34.49],[-42.29,35.11],[-43.01,34.94],[-43.11,33.7],[-43.9,34.29],[-43.08,33.53],[-43.66,33.75],[-43.4,32.69],[-43.92,33.03],[-43.14,32.56],[-43.05,31.37],[-43.18,32.34],[-43.2,31.69],[-44.09,31.76],[-43.27,31.24],[-44.43,31.31],[-44.06,31.03],[-44.6,30.88],[-44.03,30.65],[-48.91,29.22],[-49.89,28.02],[-49.66,23.54],[-50.46,22.03],[-51.12,22.17],[-51.49,23.03],[-51.31,23.83],[-51.64,23.72],[-52.01,24.76],[-51.6,25.15],[-52.06,25.17],[-51.54,26.11],[-52.68,27.72],[-53.95,27.44],[-53.99,28.11],[-54.85,28.39],[-54.52,28.42],[-56.33,28.54],[-56.14,29.11],[-56.41,28.65],[-57.51,28.89],[-59.76,30.29],[-51.65,30.64],[-48.26,31.94],[-43.59,34.73],[-40.26,35.58]]]}},{"type":"Feature","properties":{},"geometry":{"type":"Polygon","coordinates":[[[-72.02,18.1],[-69.03,16.03],[-68.23,14.11],[-71.26,11.32],[-72.8,11.27],[-72.97,11.83],[-73.13,11.23],[-73.34,12.16],[-72.73,12.59],[-73.12,15.27],[-72.75,15.05],[-72.57,15.48],[-73.57,15.94],[-75.33,18.37],[-75.9,21.12],[-74.95,20.8],[-74.2,19.61],[-72.02,18.1]]]}},{"type":"Feature","properties":{},"geometry":{"type":"Polygon","coordinates":[[[-131.6,72.2],[-133.44,73.07],[-132.38,73.49],[-133.98,74.13],[-129.5,75.56],[-127.61,75.25],[-125.48,75.62],[-110.92,75.69],[-100.39,75.11],[-118.19,73.91],[-131.6,72.2]]]}},{"type":"Feature","properties":{},"geometry":{"type":"Polygon","coordinates":[[[-36.2,65.88],[-36.98,65.85],[-36.85,65.26],[-37.66,64.81],[-35.33,65.3],[-35.19,64.67],[-36.4,64.1],[-36.55,63.13],[-32.39,64.29],[-32.78,64.67],[-32.12,65.21],[-30.07,64.44],[-30.89,64.53],[-29.92,63.89],[-30.77,63.74],[-30.45,63.39],[-31.68,63.46],[-31.32,63.26],[-31.71,63.32],[-31.64,62.34],[-32.29,61.98],[-34.33,61.73],[-34.19,62.34],[-35.2,62.54],[-34.67,62.48],[-34.87,61.64],[-36.72,62.53],[-36.42,62.03],[-38.38,61.56],[-39.65,62.63],[-40.99,62.92],[-39.98,62.51],[-39.71,61.89],[-38.2,61.43],[-40,60.67],[-41.53,61.08],[-42.79,60.54],[-45.09,61.68],[-42.87,60.46],[-46.73,59.85],[-46.43,59.51],[-47.61,59.43],[-47.22,59.26],[-49.21,58.24],[-50.07,57.44],[-48.68,56.78],[-49,55.34],[-49.56,55],[-47.5,54.85],[-43.93,51.9],[-41.6,51.26],[-42.72,49.17],[-41.85,47.27],[-41.39,46.99],[-40.73,47.37],[-40.57,46.81],[-40.45,47.41],[-39.67,47.87],[-39.31,49.5],[-39.67,50.26],[-37.65,50.48],[-35.99,51.35],[-35.49,52.93],[-36.43,53.84],[-34.51,54.82],[-34.69,55.28],[-34.18,55.66],[-34.78,55.73],[-33.69,56.29],[-33.74,57.09],[-32.91,57.25],[-30.97,56.29],[-30.06,56.5],[-29.45,55.97],[-29.79,55.73],[-29.3,55.67],[-29.54,55.4],[-28.96,55.32],[-29.3,54.91],[-28.16,54.28],[-27.69,54.47],[-28.36,53.55],[-29.45,53.79],[-28.5,53.47],[-28.9,52.86],[-28.51,52.51],[-29.78,52.35],[-28.33,52.32],[-28.05,51.87],[-29.46,51.3],[-27.89,51.88],[-28,51.2],[-26.45,51.86],[-26.45,51.28],[-26.12,51.86],[-25.49,51.86],[-25.74,52.15],[-25.11,52.15],[-25.32,52.57],[-24.15,52.86],[-24.52,52.7],[-24.1,52.63],[-24.35,51.99],[-23.89,51.7],[-24.53,51.64],[-23.74,51.15],[-24.53,50.87],[-23.61,50.89],[-24.48,50.53],[-23.67,50.58],[-23.97,50.38],[-23.48,49.97],[-24.06,49.95],[-23.29,49.38],[-23.76,48.97],[-24.42,49.26],[-23.77,48.89],[-24.23,48.65],[-23.65,48.55],[-23.4,47.78],[-23.01,47.95],[-23.63,47.25],[-22.74,47.44],[-23,47.26],[-22.52,47.22],[-23.11,46.89],[-22.28,47.25],[-22.42,46.85],[-21.06,46.34],[-24.37,45.58],[-21.31,45.99],[-21.45,45.25],[-20.32,45.13],[-20.44,44.43],[-20.77,44.49],[-20.47,44.22],[-21.13,44.31],[-20.43,44.02],[-20.93,44.12],[-20.61,43.69],[-21.88,43.23],[-23.33,43.54],[-23.81,42.89],[-24.98,42.54],[-30.27,43.66],[-31.4,42.91],[-33.07,42.68],[-35.62,41.22],[-30.49,42.59],[-28.87,41.8],[-29.23,41.97],[-29,41.57],[-30.05,41.27],[-31.38,41.52],[-29.65,40.91],[-30.28,40.32],[-35.04,38.78],[-38.47,36.05],[-39.77,36.04],[-43.59,34.73],[-48.26,31.94],[-51.65,30.64],[-57.15,30.17],[-62.96,30.85],[-69.08,28.86],[-69.36,26.75],[-72.67,27.94],[-72.28,32.22],[-74.46,35.04],[-73.93,36.39],[-71.57,39.01],[-71.29,43.6],[-73.09,47.7],[-74.67,55.58],[-78.38,59.33],[-79.01,60.64],[-79.31,64.73],[-77.14,65.94],[-75.77,68.3],[-77.45,69.9],[-80.57,71.29],[-79.99,72.83],[-77.29,74.31],[-77.51,75],[-76.22,74.4],[-75.7,75.01],[-72.88,75.09],[-72.51,74.78],[-73.65,74.67],[-66.7,74.46],[-71.41,74.15],[-69.65,74.26],[-70.59,73.81],[-68.7,74.16],[-64.52,73.89],[-65.05,74.21],[-64.35,74.34],[-65.12,73.16],[-64.78,72.8],[-62.02,73.3],[-63.73,72.6],[-60.34,72.39],[-56.05,69.78],[-58.51,69.59],[-58.19,69.35],[-53.44,68.45],[-53.59,68.14],[-53.01,68],[-53.38,67.65],[-52.81,67.85],[-53.09,67.57],[-52.75,67.41],[-53.49,67.43],[-53.38,66.46],[-53.31,66.94],[-52.21,67.11],[-52.09,67.84],[-48.85,68.05],[-52.02,68.4],[-48.8,68.4],[-48.54,68.09],[-49.11,67.84],[-48.39,67.22],[-48.72,67.11],[-47.77,67.21],[-47.4,66.53],[-44.39,65.84],[-43.7,66.45],[-42.89,66.43],[-42.03,65.93],[-42.68,65.73],[-41.68,65.81],[-43.17,65.21],[-42.63,64.73],[-41.65,65.53],[-39.29,65.6],[-39.65,65.66],[-39.08,66.06],[-40.13,65.95],[-38.35,66.23],[-39.77,67.18],[-38.19,67.8],[-38.67,68.02],[-35.29,68.59],[-35.74,68.42],[-35.11,68.27],[-36.05,67.39],[-35.92,66.57],[-37.68,66.42],[-36.2,65.88]]]}},{"type":"Feature","properties":{},"geometry":{"type":"Polygon","coordinates":[[[-114.32,68.8],[-116.79,68.83],[-117.14,69.03],[-115.25,69.61],[-114.97,70.19],[-117.52,70.51],[-104.71,70.67],[-87.9,70],[-84.37,65.27],[-84.47,64.56],[-85.34,64.67],[-90.19,66.57],[-93.25,68.49],[-97.79,69.39],[-106.07,69.9],[-114.32,68.8]]]}},{"type":"Feature","properties":{},"geometry":{"type":"Polygon","coordinates":[[[-92.07,57.7],[-92.81,57.44],[-92.54,57.7],[-92.98,57.79],[-92.14,58.04],[-92.62,58.14],[-92.67,58.68],[-93.07,58.56],[-92.9,57.94],[-93.7,57.98],[-93.46,59.27],[-91.85,61.03],[-92.5,62.74],[-93.46,63.99],[-96.66,65.11],[-95.53,65.07],[-96.63,65.55],[-102.3,66.02],[-103.59,65.86],[-103.29,65.38],[-105.41,65.4],[-111.97,66.27],[-112.89,66],[-112.53,66.14],[-114.73,66.26],[-114.25,66.4],[-116.81,66.98],[-116.37,67.17],[-119.66,67.45],[-116,67.44],[-114.97,67.1],[-115.49,66.89],[-114.89,66.67],[-113.93,67.03],[-109.2,66.52],[-105.55,67.03],[-107.28,67.4],[-106.43,67.76],[-108.28,67.59],[-107.53,68.2],[-108.09,68.52],[-101.97,68.49],[-98.5,68.13],[-93.13,66.68],[-90.27,65.22],[-88.97,62.66],[-92.07,57.7]]]}},{"type":"Feature","properties":{},"geometry":{"type":"Polygon","coordinates":[[[-122.57,75.65],[-122.32,76.1],[-123,76.34],[-121.33,76.53],[-122.04,76.72],[-120.79,77.6],[-115.53,78.6],[-96.87,76.62],[-94.29,75.51],[-100.39,75.11],[-109.47,75.66],[-122.57,75.65]]]}},{"type":"Feature","properties":{},"geometry":{"type":"Polygon","coordinates":[[[-86.13,48.93],[-85.64,49],[-86.12,48.95],[-85.91,50.68],[-88.03,53.74],[-89.28,54.61],[-88.99,54.84],[-88.26,54.06],[-88.3,54.57],[-88.96,54.86],[-88.12,55.36],[-89.53,54.85],[-89.81,55.56],[-88.71,55.63],[-89.78,56.03],[-89.48,56.25],[-89.39,55.83],[-89.44,56.23],[-87.84,56.67],[-88.87,56.46],[-87.86,57.23],[-89.61,56.44],[-88.63,57.44],[-89.48,57.79],[-90.06,57.47],[-88.85,57.91],[-89.58,59.4],[-89.08,59.33],[-89.43,59.45],[-89.21,59.81],[-88.78,59.41],[-89.09,59.84],[-88.59,59.82],[-89.14,60.05],[-88.5,60.07],[-89.18,60.21],[-88.33,60.51],[-89.44,60.69],[-88.64,61.76],[-89.45,61.09],[-89.08,62.8],[-89.84,65.85],[-89.56,66.29],[-84.47,64.56],[-83.69,63.67],[-84.99,62.58],[-85.17,61.78],[-84.57,59.7],[-82.68,58.25],[-82.81,54.35],[-83.33,52.8],[-83,50.32],[-85.14,46.96],[-86.77,47.56],[-86.13,48.93]]]}},{"type":"Feature","properties":{},"geometry":{"type":"Polygon","coordinates":[[[-83.69,63.67],[-82.61,61.95],[-82.56,59.05],[-82.92,58.46],[-84.57,59.7],[-85.17,61.78],[-84.99,62.58],[-83.69,63.67]]]}},{"type":"Feature","properties":{},"geometry":{"type":"Polygon","coordinates":[[[-83.21,72.95],[-83.64,71.41],[-80.38,70.04],[-78.58,68.46],[-79.81,66.09],[-81.93,64.86],[-82.07,64.32],[-81.2,60.12],[-76.92,55.75],[-75.36,49.08],[-81.82,50.73],[-83.04,51.74],[-81.67,55.19],[-81.59,56.47],[-82.62,58.22],[-83.02,61.62],[-85.63,67.27],[-92.29,71.68],[-98.95,74.41],[-96.18,74.83],[-84.76,74.51],[-81.17,75.07],[-80.66,74.45],[-83.21,72.95]]]}},{"type":"Feature","properties":{},"geometry":{"type":"Polygon","coordinates":[[[-93.34,59.34],[-93.6,60.1],[-92.63,60.22],[-93.34,59.34]]]}},{"type":"Feature","properties":{},"geometry":{"type":"Polygon","coordinates":[[[-92.61,59.91],[-92.55,60.26],[-93.61,60.38],[-93.99,60.96],[-93.5,61.09],[-95.39,62.2],[-94.89,62.64],[-95.46,62.82],[-95.59,63.15],[-95.03,63.12],[-95.47,63.36],[-95.03,63.36],[-95.54,63.59],[-94.46,63.6],[-96.03,64.14],[-95.04,64.3],[-96.6,64.47],[-96.36,64.25],[-96.82,63.96],[-98.06,63.91],[-98.74,64.23],[-98.33,64.43],[-101.1,64.58],[-101.65,65.05],[-97.22,65.17],[-96.69,64.61],[-96.66,65.11],[-94.03,64.36],[-92.5,62.74],[-91.85,61.03],[-92.61,59.91]]]}},{"type":"Feature","properties":{},"geometry":{"type":"Polygon","coordinates":[[[-83.69,63.67],[-84.47,64.56],[-83.79,64.33],[-83.69,63.67]]]}},{"type":"Feature","properties":{},"geometry":{"type":"Polygon","coordinates":[[[0.53,56.86],[1.56,56.27],[1.06,56.07],[0.31,56.61],[0.53,56.86]]]}},{"type":"Feature","properties":{},"geometry":{"type":"Polygon","coordinates":[[[1.12,56.97],[1.69,56.55],[0.36,56.89],[1.12,56.97]]]}},{"type":"Feature","properties":{},"geometry":{"type":"Polygon","coordinates":[[[53.49,68.93],[54.16,68.63],[53.36,68.6],[53.49,68.93]]]}},{"type":"Feature","properties":{},"geometry":{"type":"Polygon","coordinates":[[[-46.4,73.52],[-48.41,72.96],[-46.27,72.97],[-45.57,72.38],[-46.9,72.15],[-44,72.23],[-44.32,71.84],[-43.98,71.8],[-45.46,70.86],[-42.49,72.12],[-41.14,71.81],[-41.31,71.26],[-44.04,69.79],[-44.09,69.21],[-42.83,68.4],[-43.33,68.05],[-45.51,68.5],[-46.19,67.94],[-44.87,68.1],[-45.27,67.84],[-44.97,67.69],[-46.42,67.63],[-48.05,68.16],[-47.58,68.26],[-48.62,68.65],[-48.26,68.95],[-51.44,68.83],[-55.43,69.5],[-54.32,70.1],[-56.56,70.95],[-56.22,71.6],[-55.55,71.62],[-50.71,70.58],[-51.84,71.42],[-55.11,72.44],[-51.09,72.29],[-54.04,73.14],[-51.52,73.73],[-46.4,73.52]]]}},{"type":"Feature","properties":{},"geometry":{"type":"Polygon","coordinates":[[[36.74,66.23],[37.87,66.14],[37.34,65.85],[37.82,65.94],[37.41,65.72],[37.75,65.47],[37.35,65.47],[37.95,64.85],[40.57,63.85],[37.7,63.62],[37.46,63.9],[37.96,63.99],[37.11,64.33],[35.81,64.13],[35.4,64.63],[36,64.7],[36.16,65.27],[35.72,65.26],[36.37,65.39],[35.45,65.46],[36.74,66.23]]]}},{"type":"Feature","properties":{},"geometry":{"type":"Polygon","coordinates":[[[0.45,57.43],[1.33,57.04],[-0.15,57.27],[0.45,57.43]]]}},{"type":"Feature","properties":{},"geometry":{"type":"Polygon","coordinates":[[[47.66,68.03],[48.05,67.96],[47.01,67.62],[46.66,67.94],[47.66,68.03]]]}},{"type":"Feature","properties":{},"geometry":{"type":"Polygon","coordinates":[[[-39.12,71.95],[-41.1,71.3],[-40.99,72.1],[-39.12,71.95]]]}},{"type":"Feature","properties":{},"geometry":{"type":"Polygon","coordinates":[[[-23.52,67.65],[-21.9,66.93],[-21.97,66.28],[-24.41,66.66],[-24.41,67.36],[-23.52,67.65]]]}},{"type":"Feature","properties":{},"geometry":{"type":"Polygon","coordinates":[[[-28.74,58.6],[-31.11,58.59],[-31.96,59.34],[-30.57,59.88],[-27.72,59.2],[-27.88,60.01],[-25.28,60.64],[-25.04,61.81],[-25.54,61.97],[-25.09,62.14],[-25.63,62.1],[-25.44,62.42],[-26.01,62.76],[-27.15,62.65],[-25.89,62.96],[-26.28,63.43],[-25.84,63.45],[-26.56,63.59],[-26.03,63.87],[-26.75,63.76],[-26.28,64.16],[-26.77,64.29],[-26.59,64.81],[-27.41,64.62],[-27.01,64.47],[-27.41,64.07],[-29.16,64.78],[-29.06,64.28],[-29.28,64.92],[-29.81,65.16],[-29.35,64.61],[-29.81,64.55],[-32.12,65.38],[-32.35,65.71],[-31.86,65.92],[-33.3,65.97],[-33.58,66.38],[-33.28,66.96],[-31.65,66.43],[-33.13,67.25],[-32.44,67.76],[-28.36,68.78],[-26.24,68.33],[-29.05,67.8],[-29.85,67.17],[-29.82,66.29],[-31.54,66.39],[-30.12,66.03],[-29.06,66.53],[-29.59,67.12],[-28.34,66.92],[-28.47,67.58],[-27.36,67.56],[-27.54,67.93],[-26.89,67.64],[-27.09,68.03],[-24.26,67.79],[-24.84,66.75],[-26.44,66.15],[-24.88,66.48],[-24.64,66.15],[-25.2,65.93],[-24.71,66.06],[-24.52,65.51],[-24.66,66.11],[-23.85,65.9],[-24.1,66.28],[-23.15,66.35],[-21.98,65.77],[-23.52,65.21],[-21.9,65.26],[-23.43,64.59],[-21.81,64.89],[-22.8,64.29],[-21.29,64.63],[-20.78,64.07],[-22.4,63.71],[-20.65,63.81],[-22.22,63.45],[-21.55,63.44],[-22.32,63.03],[-20.36,63.54],[-21.27,63.28],[-20.16,63.4],[-19.67,62.98],[-21.4,62.82],[-21.79,62.7],[-20.24,62.72],[-21.67,62.42],[-19.77,62.78],[-19.5,62.31],[-21.78,62.36],[-19.73,61.61],[-21.26,62.05],[-20.73,61.78],[-21.58,61.7],[-20.87,61.73],[-21.31,61.55],[-20.89,61.34],[-21.99,61.61],[-20.42,60.86],[-21.41,60.88],[-20.43,60.52],[-20.77,60.2],[-20.25,60.37],[-20.67,59.99],[-19.45,60.15],[-20.06,59.91],[-19.44,59.96],[-19.4,59.45],[-20.18,59.25],[-18.8,59.31],[-19.7,58.95],[-18.26,58.9],[-18.02,58.39],[-19.37,58.36],[-18.91,57.91],[-19.64,58.17],[-19.3,57.77],[-19.72,57.62],[-20.11,58.07],[-20.81,57.1],[-21.23,57.49],[-20.93,57.72],[-21.43,57.43],[-21.05,57.78],[-21.63,57.85],[-21.15,58.07],[-21.66,58.19],[-20.4,58.59],[-21.79,58.44],[-21.18,58.79],[-21.75,58.6],[-21.93,59.17],[-22.76,59.39],[-22.32,59.09],[-22.89,59.28],[-22.65,58.7],[-23.5,58.94],[-23.29,58.58],[-23.79,58.31],[-23.03,58.4],[-23.27,57.43],[-22.97,57.7],[-23.03,57.26],[-22.55,57.47],[-22.68,57.04],[-22.2,56.95],[-22.77,56.88],[-22.18,56.41],[-22.56,55.71],[-22.8,56.35],[-22.83,55.4],[-23.26,55.62],[-23.47,55.17],[-23.34,55.55],[-24.16,55.85],[-23.97,56.18],[-24.23,55.8],[-24.76,56.74],[-24.81,56.34],[-25.6,56.89],[-24.22,54.95],[-24.47,54.64],[-27.9,56.64],[-28.19,57.12],[-27.38,57.11],[-28.3,57.58],[-28.54,58.23],[-28.19,58.44],[-29.07,58.28],[-28.74,58.6]]]}},{"type":"Feature","properties":{},"geometry":{"type":"Polygon","coordinates":[[[110,80.3],[113.95,79.98],[108.29,79.51],[108.98,79.74],[108.5,80.11],[110,80.3]]]}},{"type":"Feature","properties":{},"geometry":{"type":"Polygon","coordinates":[[[-35.26,71.07],[-33.76,70.55],[-36.23,70.13],[-35.5,69.88],[-36.09,69.57],[-35.38,69.58],[-36.82,68.89],[-38.41,69.03],[-38.03,69.24],[-39.63,68.98],[-39.2,69.5],[-39.31,70.12],[-39.79,70.21],[-39.55,70.75],[-38.56,70.9],[-38.53,70.37],[-37.45,70.32],[-36.71,70.74],[-37.34,71.09],[-35.26,71.07]]]}},{"type":"Feature","properties":{},"geometry":{"type":"Polygon","coordinates":[[[-30.82,70.13],[-29.28,69.34],[-35.8,68.71],[-33.14,70.15],[-30.82,70.13]]]}},{"type":"Feature","properties":{},"geometry":{"type":"Polygon","coordinates":[[[75.71,75.32],[77.07,75.03],[75.26,75.25],[75.71,75.32]]]}},{"type":"Feature","properties":{},"geometry":{"type":"Polygon","coordinates":[[[-47.98,75.72],[-47.74,75.14],[-48.19,75.08],[-47.38,75.03],[-48,74.89],[-46.16,74.7],[-46.42,73.95],[-58.46,73.6],[-58.77,73.71],[-58.1,74.7],[-59.01,74.94],[-52.11,75.69],[-51.01,76.29],[-47.98,75.72]]]}},{"type":"Feature","properties":{},"geometry":{"type":"Polygon","coordinates":[[[4.65,58.89],[4.61,58.51],[4.02,58.67],[4.65,58.89]]]}},{"type":"Feature","properties":{},"geometry":{"type":"Polygon","coordinates":[[[110.53,82.22],[118.15,82.44],[114.78,81.99],[108.45,82.33],[110.53,82.22]]]}},{"type":"Feature","properties":{},"geometry":{"type":"Polygon","coordinates":[[[-24.74,70.36],[-26.48,69.6],[-27.26,70.08],[-26.51,70.52],[-24.74,70.36]]]}},{"type":"Feature","properties":{},"geometry":{"type":"Polygon","coordinates":[[[-31.06,75.63],[-33.2,75.75],[-30.59,75.64],[-31.06,75.63]]]}},{"type":"Feature","properties":{},"geometry":{"type":"Polygon","coordinates":[[[96.34,81.51],[100.5,81.38],[101.24,81.45],[99.01,81.89],[103.74,82.07],[107.45,82.08],[107.04,81.94],[108.15,81.58],[101.53,80.31],[95.73,81.04],[96.34,81.51]]]}},{"type":"Feature","properties":{},"geometry":{"type":"Polygon","coordinates":[[[59.37,73.98],[60.1,73.97],[59.06,73.86],[59.37,73.98]]]}},{"type":"Feature","properties":{},"geometry":{"type":"Polygon","coordinates":[[[-24.95,72.84],[-25.33,72.51],[-26.12,72.76],[-24.95,72.84]]]}},{"type":"Feature","properties":{},"geometry":{"type":"Polygon","coordinates":[[[-23.19,71.66],[-27.07,70.74],[-28.5,71.3],[-26.49,71.47],[-28.02,72.03],[-27.74,72.14],[-26.55,72.04],[-26.79,71.84],[-24.96,72.28],[-25.9,71.61],[-24.98,71.62],[-25.18,71.87],[-24.54,72.11],[-23.73,71.89],[-24.21,71.68],[-23.19,71.66]]]}},{"type":"Feature","properties":{},"geometry":{"type":"Polygon","coordinates":[[[-25.76,73.86],[-28.94,73.38],[-27.56,73.09],[-27.94,72.81],[-30.57,72.61],[-31.88,73.11],[-31.55,73.27],[-35.4,74.21],[-34.84,74.48],[-31.73,73.83],[-33.4,74.48],[-32.03,74.65],[-34.31,74.88],[-33.71,75.09],[-33.92,75.45],[-31.53,74.98],[-32.51,75.45],[-31.61,75.43],[-30.68,74.96],[-31.14,75.42],[-30.27,75.45],[-29.67,75.04],[-28.35,75.17],[-29.32,74.86],[-28.97,74.51],[-30.9,74.01],[-30.28,73.47],[-27.8,74.11],[-25.76,73.86]]]}},{"type":"Feature","properties":{},"geometry":{"type":"Polygon","coordinates":[[[40.41,70.86],[41.62,70.76],[41.81,70.27],[38.7,68.66],[38.24,68.21],[38.71,68.03],[38.11,67.98],[38.55,67.82],[37.94,67.89],[38.31,67.61],[37.59,67.65],[38.18,67.13],[37.39,67.08],[38.15,66.88],[37.19,66.84],[38.12,66.69],[37.2,66.69],[37.9,66.26],[36.12,66.06],[37.03,66.55],[35.38,66.41],[36.16,66.7],[35.91,66.93],[36.91,66.93],[35.88,67.02],[36.37,67.36],[35.89,67.51],[36.64,67.62],[35.46,67.94],[36.55,68.29],[36.26,68.63],[37.55,69.21],[37.39,69.49],[40.05,70.24],[39.72,70.34],[40.41,70.86]]]}},{"type":"Feature","properties":{},"geometry":{"type":"Polygon","coordinates":[[[-21.22,71.25],[-20.99,70.8],[-22.3,70.53],[-20.82,70.24],[-21.38,70.17],[-21.03,69.6],[-22.05,69.94],[-21.93,69.65],[-22.49,69.75],[-21.98,69.57],[-22.21,69.3],[-22.94,69.05],[-19.38,67.98],[-19.14,67.14],[-20.24,67.07],[-20.01,66.79],[-21.94,66.99],[-22.26,67.28],[-21.81,67.63],[-22.93,67.52],[-24.83,68.41],[-24.09,68.61],[-25.39,68.74],[-24.94,69.12],[-25.82,69.16],[-22.25,70.41],[-23.41,70.81],[-22.46,71.03],[-22.56,71.38],[-21.22,71.25]]]}},{"type":"Feature","properties":{},"geometry":{"type":"Polygon","coordinates":[[[-24.64,75.71],[-29.49,75.58],[-29.89,75.64],[-27.79,75.89],[-31.83,76.1],[-32.39,76.24],[-31,76.42],[-32.67,76.74],[-30.37,76.86],[-24.64,75.71]]]}},{"type":"Feature","properties":{},"geometry":{"type":"Polygon","coordinates":[[[54.66,41.45],[53.63,41.13],[53.78,43.58],[51.03,47.76],[52.24,50.29],[52.26,51.56],[49.17,58.32],[49.71,59.57],[50.89,60.53],[55.35,58.59],[60.12,54.84],[64.63,53.02],[68.27,48.96],[73.66,46.55],[81.4,43.9],[73.56,40.16],[65.89,34.55],[60.71,34.61],[55.71,36.5],[54.04,37.9],[55.43,39.71],[54.43,40.21],[54.66,41.45]]]}},{"type":"Feature","properties":{},"geometry":{"type":"Polygon","coordinates":[[[80.88,40.07],[82.13,40.07],[83.69,39.26],[82.64,37.27],[76.3,33.53],[75.05,31.66],[72.3,31.58],[67.54,33.64],[65.49,33.57],[69.79,37.28],[73.74,39.69],[80.88,40.07]]]}},{"type":"Feature","properties":{},"geometry":{"type":"Polygon","coordinates":[[[86.9,42.32],[83.31,41.18],[75.28,40.94],[81.4,43.9],[84.63,42.64],[86.9,42.32]]]}},{"type":"Feature","properties":{},"geometry":{"type":"Polygon","coordinates":[[[90.28,35.11],[96.28,34.35],[94.34,33.57],[88.45,33.37],[82.05,32.05],[74.29,28.76],[74.59,29.69],[79.91,34.2],[82.07,35.42],[90.28,35.11]]]}},{"type":"Feature","properties":{},"geometry":{"type":"Polygon","coordinates":[[[124.19,60.58],[125.42,60.89],[124.89,60.42],[125.75,60.53],[126.23,61.03],[126.36,60.56],[126.16,61.33],[127.47,61.52],[129.94,60.82],[129.25,60.53],[130.7,59.73],[130.07,58.7],[130.67,57.6],[130.79,55.93],[127,50.32],[125.68,49.41],[124.12,49.21],[123.93,49.69],[123.38,49.6],[123.02,48.74],[118.36,49.08],[114.25,48.28],[104.61,46.15],[95.61,42.85],[91.94,42.85],[85.92,41.54],[83.67,41.82],[81.55,42.86],[86.96,43.62],[91.39,45.4],[94.9,48.02],[98.32,49.47],[100.39,51.61],[104.66,53.26],[106.4,56.41],[108.62,58.21],[115.68,58.81],[124.19,60.58]]]}},{"type":"Feature","properties":{},"geometry":{"type":"Polygon","coordinates":[[[73.14,73.62],[73.83,73.39],[73.4,73.24],[73.89,72.7],[73.75,73.21],[75.69,73.5],[75.07,73.58],[76.41,74.38],[74.92,74.48],[76.06,74.78],[79.61,74.48],[79.85,74.67],[78.99,74.69],[83.45,75.64],[85.68,75.37],[89.29,75.92],[87.54,76.54],[88.09,76.83],[95.32,77.1],[95.01,77],[96.28,76.81],[95.85,76.59],[97.6,76.4],[96.89,76.07],[100.27,75.58],[102.45,75.46],[102.7,75.75],[101.71,76.48],[102.28,76.31],[104.76,75.37],[106.68,73.35],[107.54,73.17],[123.81,72.87],[134.25,71.77],[138.93,70.19],[140.43,68.01],[130.03,66.47],[126.87,63.78],[126.86,63.35],[124.16,61.43],[126.19,61.43],[126.48,60.63],[117.79,59.04],[110.64,58.58],[108.27,56.82],[106.32,53.71],[101.92,52.14],[99.73,50.04],[96.21,48.65],[92.56,46.09],[88.02,44.39],[82.52,43.71],[73.66,46.55],[68.27,48.96],[64.63,53.02],[58.43,55.93],[54.02,59.36],[51.96,61.81],[54.95,61.65],[55.87,63.37],[54.76,64.3],[55.74,64.79],[57.16,64.51],[58.43,63.48],[60.53,63.66],[57.94,63.85],[57.63,64.19],[58.03,64.42],[56.99,64.93],[53.83,64.61],[53.06,65.13],[52.81,66],[51,66.55],[51.58,67.51],[50.68,68.04],[53.34,66.76],[55.53,66.85],[52.64,67.39],[54.2,67.67],[53.31,67.89],[53.79,68.18],[58.16,68.28],[58.39,67.97],[58,67.73],[58.89,66.73],[61.69,66.61],[59.71,66.98],[60.13,67.25],[58.59,68.27],[55.48,68.57],[53.75,69.49],[57.93,70.7],[55.54,71.36],[56.59,71.31],[56.07,71.67],[56.43,71.76],[55.63,71.73],[58.94,73.47],[57.93,73.47],[60.22,73.62],[61.36,74.42],[62.3,74.41],[60.87,74.59],[62.17,74.99],[60.88,75.45],[60.8,76.31],[63.26,76.4],[62.78,75.87],[65.49,76.27],[66.1,75.8],[68.42,76.76],[73.14,76.57],[73.84,76.26],[71.93,76.28],[74.29,76.22],[74.85,75.68],[73.78,74.6],[74.25,74.69],[74.24,73.92],[72.62,73.54],[73.14,73.62]]]}},{"type":"Feature","properties":{},"geometry":{"type":"Polygon","coordinates":[[[50.57,63.11],[50.44,63.76],[48.25,64.04],[47.64,65.17],[46.95,65.21],[47.36,66.28],[46.74,67.46],[49.44,67.69],[50.08,66.46],[51.45,66.04],[52.89,64.37],[54.31,63.94],[54.59,63.18],[54.23,62.23],[51.94,61.83],[50.57,63.11]]]}},{"type":"Feature","properties":{},"geometry":{"type":"Polygon","coordinates":[[[77.64,15.57],[82.35,16.06],[86.27,15.42],[88.2,13.92],[90.46,10.59],[85.28,12.81],[77.61,12.43],[74.52,12.98],[70.95,14.69],[67.61,17.43],[66.79,18.83],[72.39,16.15],[77.64,15.57]]]}},{"type":"Feature","properties":{},"geometry":{"type":"Polygon","coordinates":[[[65.53,-40.74],[65.86,-40.33],[65.05,-39.83],[65.45,-40.57],[64.12,-39.54],[65.06,-40.3],[65,-40.93],[62.66,-41.61],[62.69,-41.13],[62.01,-41.53],[62.06,-40.83],[60.29,-41.23],[60.13,-41.84],[58.99,-42.25],[52.43,-42.97],[52.12,-43.37],[49.22,-43.05],[47.38,-45.05],[45.45,-45.96],[44.27,-47.19],[43.58,-46.87],[42.41,-47.24],[42.6,-47.65],[41.52,-47.22],[39.56,-47.45],[39.24,-46.83],[42.84,-38.33],[45.89,-34.31],[46.71,-34.19],[46.16,-33.9],[46.76,-33.58],[46.46,-33.29],[45.44,-34.01],[43.89,-33.57],[43.61,-31.27],[44.82,-31.82],[45.48,-31.6],[44.23,-31.03],[44.03,-30.1],[44.67,-29.98],[44.06,-29.93],[44.33,-29.65],[43.66,-29.18],[44.32,-28.52],[43.74,-27.99],[44.27,-27.32],[43.5,-27.06],[46.46,-24.53],[49.05,-23.47],[54.99,-22.1],[56.76,-22.44],[57.42,-23.18],[57.26,-24.77],[58.55,-28.83],[61.61,-32.79],[63.73,-34.07],[72.24,-36.93],[73.38,-37.78],[65.53,-40.74]]]}},{"type":"Feature","properties":{},"geometry":{"type":"Polygon","coordinates":[[[68.02,23.58],[70.21,22.53],[71.71,22.36],[72.75,22.54],[73.49,23.51],[79.07,25.27],[85.28,24.3],[89.7,22.53],[90.89,20.25],[91.27,17.8],[88.59,20.63],[86.32,21.61],[83.08,21.71],[78.28,20.81],[72.84,20.89],[66.35,23.12],[65.27,23.01],[64.05,24.77],[65.93,24.76],[68.02,23.58]]]}},{"type":"Feature","properties":{},"geometry":{"type":"Polygon","coordinates":[[[94.37,26.51],[94.29,26.07],[92.43,28],[90.33,28.48],[81.75,28.32],[87.49,30.52],[92.12,31.09],[96.05,32.29],[95.06,30.28],[94.37,26.51]]]}},{"type":"Feature","properties":{},"geometry":{"type":"Polygon","coordinates":[[[82.13,40.07],[91.67,42.45],[95.32,42.4],[82.64,37.27],[83.69,39.26],[82.13,40.07]]]}},{"type":"Feature","properties":{},"geometry":{"type":"Polygon","coordinates":[[[37.84,34.8],[36.23,35.57],[39.46,35.65],[43.01,34.93],[44.74,34.5],[46.22,33.45],[45.42,33.31],[45.22,31.39],[42.67,33.83],[37.84,34.8]]]}},{"type":"Feature","properties":{},"geometry":{"type":"Polygon","coordinates":[[[46.23,30.65],[48.1,30.07],[50.19,30.72],[48.34,29.95],[46.23,30.65]]]}},{"type":"Feature","properties":{},"geometry":{"type":"Polygon","coordinates":[[[50.21,30.64],[49.76,32.68],[48.96,32.85],[48.95,33.32],[49.38,33.27],[48.32,33.85],[53.61,31.99],[50.21,30.64]]]}},{"type":"Feature","properties":{},"geometry":{"type":"Polygon","coordinates":[[[51.94,61.83],[54.02,59.36],[50.89,60.53],[51.49,62.32],[51.94,61.83]]]}},{"type":"Feature","properties":{},"geometry":{"type":"Polygon","coordinates":[[[48.36,34.35],[47.77,35.27],[47.83,36.24],[46.42,36.47],[45.18,37.75],[46.34,37.85],[45.67,38.07],[46.06,38.67],[47.43,38.89],[46.78,40.31],[45.53,40.28],[44.27,39.34],[43.84,39.49],[43.63,38.6],[43.4,38.9],[43.36,38.53],[42.68,38.49],[42.06,37.32],[43.12,36.79],[43.05,35.89],[44.74,34.5],[39.46,35.65],[44.36,40.43],[50.85,43.11],[51.44,44.73],[51.03,47.76],[53.78,43.58],[53.42,40.55],[53.06,40.73],[53.16,40.2],[52.43,40.15],[52.23,39.07],[52.66,38.07],[53.63,38.34],[55.71,36.5],[59.69,34.8],[66.44,34.65],[64.18,32.42],[55.56,31.16],[48.32,33.85],[48.36,34.35]]]}},{"type":"Feature","properties":{},"geometry":{"type":"Polygon","coordinates":[[[46.47,2.79],[45.87,3.03],[44.54,2.51],[43.61,2.83],[41.74,4.32],[40.94,6.72],[40.45,6.61],[40.14,7.19],[39.9,6.72],[39.06,6.91],[39.19,6.36],[38.74,6.26],[39.45,4.35],[40.46,3.21],[40.21,2.59],[40.71,1.23],[41.09,2.45],[41.6,2.31],[41.12,0.73],[41.64,0.32],[43.87,0.3],[46.05,2.2],[45.95,0.33],[47.79,-0.83],[48.61,-2.26],[47.29,-3.91],[46.65,-4.01],[46.52,-5.25],[45.55,-5.37],[44.99,-6.18],[44.1,-6.18],[43.62,-6.94],[41.08,-7.2],[40.72,-7.98],[37.09,-9.01],[34.04,-9.18],[33.32,-9.65],[31.87,-9.4],[31.46,-6.75],[31.88,-5.3],[30.72,-1.99],[29.56,-0.34],[29.49,2.45],[28.72,3.22],[27.69,7.28],[27.15,7.46],[29.99,12.84],[30.72,15.47],[32.79,16.38],[35.8,16.42],[44.13,6.15],[45.06,4.35],[46.52,4.07],[46.47,2.79]]]}},{"type":"Feature","properties":{},"geometry":{"type":"Polygon","coordinates":[[[54.42,-8.06],[54.09,-11.33],[52.51,-12.36],[45.24,-11.55],[43.12,-11.91],[43.2,-8.82],[44.62,-7.04],[46.32,-7.52],[48.97,-5.97],[50.54,-5.8],[54.44,-6.97],[54.42,-8.06]]]}},{"type":"Feature","properties":{},"geometry":{"type":"Polygon","coordinates":[[[72.87,21.11],[61.85,24.22],[63.73,27.69],[70.15,23.03],[73.32,23.15],[72.87,21.11]]]}},{"type":"Feature","properties":{},"geometry":{"type":"Polygon","coordinates":[[[61.73,16.19],[61.33,16.55],[62.25,18.47],[64.07,20.36],[64.82,20.45],[72.63,15.4],[66.77,15.55],[64.15,15.03],[61.73,16.19]]]}},{"type":"Feature","properties":{},"geometry":{"type":"Polygon","coordinates":[[[44.52,28.31],[45.05,27.73],[48.5,27.63],[51.04,23.52],[55.05,22.17],[55.27,21.29],[53.74,20.87],[51.96,22.04],[38.58,26.91],[38.34,27.77],[38.97,29.23],[42.33,29.78],[44.52,28.31]]]}},{"type":"Feature","properties":{},"geometry":{"type":"Polygon","coordinates":[[[179.99,77.21],[179.99,73.24],[178.03,72.5],[177.62,73.14],[175.74,72.33],[173.5,72.3],[173.21,71.94],[173.65,71.68],[173.24,71.63],[173.62,71.45],[173.08,71.54],[173.38,71.36],[172.5,70.9],[172.33,70.3],[174.54,70.15],[173.93,69.73],[174.22,69.18],[174.94,69.19],[175.41,68.65],[173.55,68.42],[173.36,67.72],[174.24,67.11],[171.51,66.31],[171.89,65.41],[169.77,64.99],[170.27,64.3],[168.41,62.8],[167.79,63.46],[168.54,65.85],[165.05,69.52],[167.6,70.37],[170.59,72.64],[173.26,73.25],[172.66,73.39],[173.28,73.74],[172.71,73.86],[173.05,74.1],[172.73,74.69],[179.99,77.21]]]}},{"type":"Feature","properties":{},"geometry":{"type":"Polygon","coordinates":[[[-179.99,73.24],[-179.99,77.21],[-175.19,78.74],[-170.94,79.85],[-159,78.96],[-159.03,78.19],[-161.44,77.84],[-160.93,77.93],[-168.32,77.93],[-161.97,77.68],[-159.27,76.02],[-160.19,75.56],[-163.97,75.79],[-170.32,74.89],[-174.9,73.41],[-175.32,72.91],[-177.07,73.43],[-179.99,73.24]]]}},{"type":"Feature","properties":{},"geometry":{"type":"Polygon","coordinates":[[[171.22,74.28],[171.85,74.01],[170.25,73.9],[167.52,72.65],[171.22,74.28]]]}},{"type":"Feature","properties":{},"geometry":{"type":"Polygon","coordinates":[[[179.99,81.35],[179.99,79.48],[163.43,80.78],[177.33,81.84],[179.99,81.35]]]}},{"type":"Feature","properties":{},"geometry":{"type":"Polygon","coordinates":[[[-179.99,79.48],[-179.99,81.35],[-176.63,81.02],[-173.92,81.39],[-176.67,81.86],[-175.87,82.06],[-176.77,82.41],[-162.06,82.42],[-153.2,81.66],[-153.68,78.21],[-165.76,79.34],[-179.99,79.48]]]}},{"type":"Feature","properties":{},"geometry":{"type":"Polygon","coordinates":[[[179.99,79.89],[179.99,77.21],[175.97,75.63],[170.99,74.83],[171.22,74.28],[167.58,72.75],[167.64,73.05],[166.41,73.17],[166.91,73.53],[166.62,73.91],[165.83,73.57],[164.73,74.26],[152.91,76.8],[150.92,77.65],[150.41,78.4],[150.49,79.06],[153.76,81.07],[170.04,80.01],[179.99,79.89]]]}},{"type":"Feature","properties":{},"geometry":{"type":"Polygon","coordinates":[[[-179.99,77.21],[-179.99,79.89],[-170.94,79.85],[-179.99,77.21]]]}},{"type":"Feature","properties":{},"geometry":{"type":"Polygon","coordinates":[[[103.95,76.8],[104.22,77.2],[104.64,77.17],[103.93,77.1],[106.99,76.89],[113.95,77.97],[111.92,78.23],[112.52,78.57],[110.79,78.47],[112.74,79.09],[111.3,79.26],[123.68,79.96],[133.73,79.17],[141.25,79.97],[145.9,79.85],[147.57,79.48],[147.4,79.07],[149.59,78.95],[144.67,77.04],[143.82,75.65],[146.37,74.05],[153.67,71.77],[154.36,71.05],[150.61,70.81],[147.62,68.82],[147.97,68.54],[147.64,68.35],[149.26,68.22],[144.3,67.51],[143.85,67.75],[145.38,67.99],[142.87,68.06],[141.42,70.37],[136.79,71.96],[126.28,73.11],[109.76,73.48],[108.89,73.66],[107.01,75.69],[103.95,76.8]]]}},{"type":"Feature","properties":{},"geometry":{"type":"Polygon","coordinates":[[[122.33,48.08],[121.25,47.02],[121.37,46.05],[119.4,44.32],[120.69,43.78],[122.44,41.93],[119.44,40.98],[118.91,41.66],[119.81,41.91],[119.16,42.67],[117.96,42.7],[117.81,42.3],[116.96,42.62],[117.75,43.33],[117.24,43.43],[117.37,44.16],[116.11,44.39],[113.14,42.61],[113.76,43.4],[113.05,43.27],[113.15,43.71],[113.78,44.5],[113.13,44.9],[112.31,44.62],[110.78,42.69],[109.58,42.46],[109.65,41.71],[110.92,41.71],[111.5,40.78],[112.98,41.68],[115.15,41.57],[115.09,41.06],[112.81,39.97],[113.05,39.78],[112.19,38.57],[113.42,38.16],[111.09,34.82],[106.15,35.61],[99.19,35.13],[86.01,38.32],[96.22,42.76],[104.32,45.6],[117.96,48.4],[122.33,48.08]]]}},{"type":"Feature","properties":{},"geometry":{"type":"Polygon","coordinates":[[[118.82,44.89],[119.62,43.58],[118.21,42.69],[118.49,42.43],[118.18,42.61],[118.32,42.15],[118,42.39],[117.65,41.67],[116.82,42.26],[116.88,43.22],[116.42,43.24],[118.82,44.89]]]}},{"type":"Feature","properties":{},"geometry":{"type":"Polygon","coordinates":[[[111.75,39.05],[113.42,37.83],[114.96,37.47],[113.32,37.01],[115.46,36.83],[114.35,35.56],[116.33,36],[115.91,35.34],[116.36,35.7],[116.55,35.42],[116.07,35.19],[116.79,34.46],[116.02,33.76],[116.32,32.3],[115.72,32.21],[116.32,32],[116.1,31.63],[116.6,30.97],[116.14,31.06],[116.09,29.85],[115.5,29.65],[115.77,29.38],[114.73,27.94],[114.94,27.5],[113.66,26.46],[113.42,26.68],[113.28,25.96],[112.06,26.34],[112.64,25.59],[112.29,25.3],[111.93,25.62],[112.22,25.02],[111.63,25],[111.77,24.65],[110.08,23.55],[110.63,22.47],[109.74,22.81],[109.72,23.44],[109.25,23.51],[109.04,23.02],[108.16,23.21],[107.62,21.91],[106.96,21.64],[107.29,21.38],[106.98,20.45],[99.15,22.84],[98.31,23.62],[97.26,25.91],[97.58,28.5],[99.06,32.11],[100.86,33.22],[104.87,34.54],[110.84,35.29],[111.75,39.05]]]}},{"type":"Feature","properties":{},"geometry":{"type":"Polygon","coordinates":[[[104.02,19.86],[104.34,18.85],[104.92,18.56],[109.52,18.22],[111.73,16.62],[112.28,15.36],[111.15,13.21],[111.59,12.41],[111.01,10.58],[110.07,11.81],[108.76,11.22],[108.26,11.68],[108.14,11.18],[106.84,11.87],[105.24,11.06],[104.77,11.77],[104.12,11.45],[102.03,14.07],[100.92,17.13],[96.44,19.96],[104.02,19.86]]]}},{"type":"Feature","properties":{},"geometry":{"type":"Polygon","coordinates":[[[103.21,10.84],[105.06,8],[105.98,7.39],[106.32,7.9],[108.74,7.22],[110.03,7.78],[113.49,5.45],[111.15,5.27],[107.71,6.53],[106.4,6.43],[106.25,6.02],[102.83,9.16],[100.61,9.69],[99.19,10.54],[99.52,10.61],[97.96,10.36],[94.21,12.32],[92.08,13.95],[90.41,16.34],[93.2,17.73],[97.57,16.44],[98.74,15.79],[100.47,13.02],[103.21,10.84]]]}},{"type":"Feature","properties":{},"geometry":{"type":"Polygon","coordinates":[[[109.09,7.81],[111.19,8.06],[112.71,6.96],[114.47,6.71],[114.09,6.03],[112.62,5.58],[109.09,7.81]]]}},{"type":"Feature","properties":{},"geometry":{"type":"Polygon","coordinates":[[[30.78,-3.97],[33.94,-7.05],[33.98,-7.54],[33.13,-7.98],[33.75,-7.91],[34.85,-9.12],[39.95,-8.26],[41.3,-7.6],[41.79,-7.74],[41.55,-9.16],[41.94,-9.13],[41.43,-9.27],[41.37,-10.16],[38.47,-15.16],[36.44,-17.16],[32.12,-20.2],[31.46,-21.3],[30.09,-22.12],[28.9,-24.01],[28.38,-25.73],[29.14,-26.37],[28.74,-27.66],[29.12,-29.34],[30.13,-30.09],[29.77,-30.72],[29.89,-34.65],[28.84,-35.8],[25.78,-36.81],[22.58,-38.82],[23.16,-34.28],[22.41,-27.99],[24.53,-26.45],[24.57,-24.18],[26.18,-18.82],[26.14,-15.4],[26.85,-13.67],[28.15,-13.67],[28.49,-12.05],[31.83,-8.62],[30.78,-3.97]]]}},{"type":"Feature","properties":{},"geometry":{"type":"Polygon","coordinates":[[[22.45,-38.69],[22.17,-39.47],[23,-41.23],[22.56,-43.14],[18.36,-44.53],[18.54,-44.98],[18.97,-44.72],[17.64,-47.03],[13.74,-49.34],[9.79,-50.8],[7.13,-51.13],[3.3,-50.39],[-0.27,-50.58],[-1.4,-49.55],[-1.91,-49.73],[-1.95,-48.11],[-1.28,-47.98],[-1.01,-47.1],[-1.57,-44.29],[-2.61,-42.21],[-1.76,-37.21],[-3.2,-32.15],[-2.56,-30.25],[-0.99,-28.12],[0.81,-26.88],[1.11,-25.77],[0.72,-24.04],[1.33,-23.44],[0.76,-21.01],[1.54,-20.96],[0.8,-20.7],[0.68,-19.4],[-0.96,-16.74],[-1.43,-14.83],[-0.82,-14.77],[-0.52,-14],[0.02,-14.31],[-0.51,-13.83],[0.8,-11.51],[0.79,-10.47],[0.26,-10.49],[-0.41,-9.38],[-1.59,-9.56],[-3.03,-8.96],[0.07,-7.68],[0.61,-6.54],[3.14,-5.67],[9.96,-8.15],[12.7,-7.5],[18.01,-7.14],[23.23,-14.75],[19.8,-18.94],[19.07,-22.16],[19.38,-24.14],[23.02,-28.02],[23.46,-34.33],[22.45,-38.69]]]}},{"type":"Feature","properties":{},"geometry":{"type":"Polygon","coordinates":[[[-9.46,19.9],[-9.3,20.92],[-8.4,21.85],[-5.78,22.58],[-4.36,24],[-3.81,23.93],[-3.36,23],[-2.03,22.9],[-1.31,22.28],[1.95,22.87],[7.52,21.65],[9.24,21.72],[-0.41,19.74],[-5.87,20.45],[-9.46,19.9]]]}},{"type":"Feature","properties":{},"geometry":{"type":"Polygon","coordinates":[[[4.73,30.87],[4.68,30.08],[2.2,29.3],[1.13,28.22],[1.44,27.41],[-1.05,25.83],[-3.03,26.2],[-4.26,25.71],[-4.81,26.55],[-4.42,26.82],[-4.75,26.62],[-5.03,27.19],[-6.97,27.3],[-6.29,28.58],[-6.78,28.95],[-6.19,29.29],[-6.95,29.1],[-5.65,30.84],[-5.25,33.38],[-4,33.65],[-0.18,32.4],[1.14,32.43],[4.73,30.87]]]}},{"type":"Feature","properties":{},"geometry":{"type":"Polygon","coordinates":[[[-3.03,-8.96],[-3.41,-7.43],[-4.25,-6.73],[-6.7,-6.3],[-10.5,-6.69],[-12.17,-5.65],[-15.89,-5.42],[-16.44,-5.02],[-19.6,-1.02],[-19.88,1.77],[-21.13,3.67],[-20.47,4.12],[-21.42,4.19],[-21.4,4.78],[-21.95,5.1],[-21.55,5.11],[-21.89,5.24],[-21.56,6.07],[-20.5,5.72],[-21.39,5.9],[-21.87,7.54],[-20.63,8.18],[-19.5,9.9],[-19.4,11.6],[-18.81,12.27],[-19.03,13.47],[-19.41,13.14],[-18.93,14.04],[-13.24,18.55],[-11.85,18.48],[-9.46,19.9],[-6.71,20.39],[-0.41,19.74],[9.28,21.64],[9.48,21.03],[10.15,21.25],[9.42,20.46],[9.75,19.42],[8.59,18.72],[7.63,17.01],[5.04,5.99],[5.05,2.45],[7.03,-2.36],[3.79,-4.18],[3.14,-5.67],[0.61,-6.54],[0.07,-7.68],[-3.03,-8.96]]]}},{"type":"Feature","properties":{},"geometry":{"type":"Polygon","coordinates":[[[26.98,10.79],[26.96,9.87],[29.11,4.52],[28.99,3.55],[30.31,1.53],[30.09,-0.05],[18.01,-7.14],[12.7,-7.5],[9.96,-8.15],[3.14,-5.67],[3.79,-4.18],[7.03,-2.36],[5.05,2.45],[5.04,5.99],[7.17,15.65],[8.54,18.28],[10.11,16.87],[12.47,15.86],[12.71,14.8],[15.23,13.12],[16.31,13.49],[16.62,14.79],[18.37,15.22],[19.38,14.24],[20.77,13.81],[20.87,13.34],[24.09,12.12],[25.33,12.64],[26.41,12.43],[26.98,10.79]]]}},{"type":"Feature","properties":{},"geometry":{"type":"Polygon","coordinates":[[[30.18,16.56],[29,17.08],[27.28,16.89],[25.87,18.32],[25.59,17.9],[24.84,17.95],[24.21,19.03],[23.3,19.17],[24.18,19.23],[23.32,19.5],[23.76,20.41],[23.22,20.95],[26.31,21.43],[27.21,21.17],[28.09,20.06],[29.49,20.21],[33.08,19.31],[35.35,16.99],[32.34,17.25],[30.18,16.56]]]}},{"type":"Feature","properties":{},"geometry":{"type":"Polygon","coordinates":[[[23,-27.67],[22.57,-28.12],[18.77,-24.36],[18.37,-22.4],[18.98,-19.16],[22.25,-14.85],[27.01,-13.8],[26.31,-15.53],[26.34,-18.95],[24.73,-24.31],[24.7,-26.58],[23,-27.67]]]}},{"type":"Feature","properties":{},"geometry":{"type":"Polygon","coordinates":[[[28.52,9.8],[27.59,8.44],[26.07,12.47],[27.3,11.82],[28.66,12.25],[30.37,14.84],[30.82,16.79],[30.62,14.9],[28.52,9.8]]]}},{"type":"Feature","properties":{},"geometry":{"type":"Polygon","coordinates":[[[30.09,-0.05],[30.26,-0.82],[31.21,-1.61],[32.04,-4.63],[32.3,-4.31],[33.19,-8.99],[29.72,-12.31],[29.33,-13.91],[26.57,-13.98],[23.23,-14.75],[18.67,-8.05],[18.4,-6.93],[30.09,-0.05]]]}},{"type":"Feature","properties":{},"geometry":{"type":"Polygon","coordinates":[[[27.26,31.9],[27.11,32.28],[28.96,32.33],[30.7,33.43],[32.18,33.65],[33.53,32.94],[36.99,33],[38.2,33.99],[37.84,34.8],[41.59,34.21],[43.35,33.22],[39.8,33.27],[36.63,32.07],[32.45,32.7],[27.26,31.9]]]}},{"type":"Feature","properties":{},"geometry":{"type":"Polygon","coordinates":[[[32.05,36.57],[30.9,35.84],[30.36,35.98],[32.05,36.57]]]}},{"type":"Feature","properties":{},"geometry":{"type":"Polygon","coordinates":[[[35.94,35.66],[33.08,36.86],[34.29,37.81],[33.78,38.47],[34.56,38.51],[34.98,39.19],[31.53,37.6],[31.62,38.03],[31.57,37.28],[32.13,36.86],[33.09,37.05],[32.9,36.71],[30.5,36.06],[30.12,36.87],[29.46,36.69],[30.49,37.34],[28.69,37.54],[28.44,37.79],[29.24,37.77],[28.81,38.12],[26.93,36.9],[27.04,35.94],[26.48,35.77],[24.12,37.19],[22.1,39.57],[16.45,43],[13.45,44.21],[16.25,45.16],[16.81,44.69],[17.55,45.03],[17.18,44.6],[17.97,45.1],[17.56,45.32],[18.38,46.18],[18.03,45.39],[18.59,45.39],[18.2,47.01],[18.6,48.04],[19.3,48.29],[20.25,47.56],[20.82,47.89],[20.77,48.97],[20.1,48.94],[19.77,49.8],[24.88,50.86],[23.56,51.24],[23.54,51.66],[19.21,50.34],[19.2,50.87],[17.91,51.05],[17.97,52.01],[17.29,53.21],[19.43,55.4],[20.01,55.46],[19.61,56.23],[17.15,56.19],[17.53,56.01],[16.8,55.25],[17.34,54.87],[16.76,54.19],[15.02,53.05],[14.56,53.43],[14.94,52.94],[14.47,52.72],[14.58,50.93],[16.22,50.09],[15.38,49.72],[15.82,49.48],[15.41,49.14],[15.19,49.45],[15.12,49.05],[14.1,48.85],[14.71,48.73],[14.2,48.71],[14.67,48.42],[14.48,46.9],[14.12,46.28],[12.9,46.1],[12.83,45.52],[11.72,45.47],[11.35,46.37],[11.72,46.67],[10.64,47.77],[10.75,48.41],[10.22,48.39],[9.71,49.93],[9.3,49.75],[9.4,49.05],[8.8,49.12],[7.87,48.08],[6.94,47.92],[5.82,48.46],[5.72,48.95],[6.29,48.77],[6.56,48.99],[5.96,48.99],[6.5,49.49],[5.42,49.41],[6.83,50.43],[5.82,49.9],[5.8,50.31],[5.35,50.27],[5.81,50.64],[5.43,50.45],[5.15,50.71],[5.64,50.79],[5.22,50.97],[6.82,50.81],[7.25,51.18],[5.36,51.01],[5.65,51.28],[5.15,51.65],[6.54,51.8],[5.2,52.1],[6.13,51.98],[5.84,52.14],[6.41,52.38],[6.81,52.04],[6.06,52.5],[7.48,52.64],[6.6,52.66],[6.81,52.96],[7.78,52.63],[7.26,52.98],[7.88,52.79],[7.47,53.09],[8.59,53.64],[8.71,53.31],[9.49,53.5],[9.78,54.14],[8.89,53.5],[8.43,53.7],[10.79,55.39],[10.09,55.27],[10.64,55.54],[10.5,55.99],[10.91,55.91],[10.51,56.15],[11.54,56.44],[10.73,56.26],[11.1,56.4],[10.64,56.61],[11.18,56.71],[10.77,56.81],[11.33,56.91],[10.95,57.05],[12.35,57.26],[11.49,57.38],[12.52,57.54],[11.72,57.97],[12.5,58.08],[12.04,58.2],[12.49,58.44],[12.96,58.01],[12.62,58.5],[13.83,58.66],[12.79,58.7],[13.62,58.91],[13.29,58.97],[13.69,58.98],[13.4,59.22],[13.77,59.71],[14.8,59.52],[14.37,60.03],[14.82,59.73],[15.16,60.29],[15.05,59.59],[15.68,59.84],[15.29,60.1],[15.76,60.39],[16.45,60.16],[15.85,60.7],[17.3,60.46],[17.03,60.68],[17.93,61.16],[17.77,61.52],[18.67,61.47],[18.32,60.61],[19.08,61.58],[19.27,60.99],[19.89,61.5],[19.5,61.7],[20.13,61.82],[20.16,61.15],[20.73,61.65],[22.37,61.27],[20.73,60.94],[21.56,60.48],[23.25,60.93],[24.06,60.79],[23.35,60.74],[23.55,60.42],[24.46,60.49],[24.28,60.12],[26.18,60.46],[30.52,59.43],[31.08,58.59],[29.53,57.63],[24.14,58.15],[25.74,57.58],[25.28,57.37],[26.74,57.15],[26.51,56.6],[27.17,55.8],[29.43,55.3],[29.69,55.88],[28.42,56.14],[28.48,56.57],[29.76,56.41],[29.58,56.13],[31.51,56.29],[30.59,57.02],[31.09,57.74],[31.99,58.39],[33.7,57.96],[33.49,58.98],[32.77,59.26],[32.82,60.06],[31.7,60.58],[34.35,60.35],[34.62,60.07],[33.52,59.41],[34.6,59.03],[35.78,59.27],[35.6,59.97],[36.47,60.13],[35.97,60.36],[38.53,61.16],[38.27,61.4],[39.19,61.92],[39.7,62.01],[39.04,61.83],[39.61,61.39],[39.16,61.05],[39.89,61.01],[40.55,61.69],[42.85,62.51],[43.93,62.03],[43.8,62.38],[44.7,62.61],[43.37,63.2],[43.62,63.57],[46.5,63.65],[50.89,62.98],[51.49,62.32],[51.39,61.72],[49.17,58.32],[52.26,51.56],[52.24,50.29],[51.08,48.37],[51.17,43.55],[49.85,42.39],[44.36,40.43],[39.46,35.65],[35.94,35.66]]]}},{"type":"Feature","properties":{},"geometry":{"type":"Polygon","coordinates":[[[8.38,45.1],[7.88,45.52],[7.94,46.72],[9.81,47.76],[9.51,46.71],[10.15,46.47],[9.06,45.7],[9.28,44.93],[8.38,45.1]]]}},{"type":"Feature","properties":{},"geometry":{"type":"Polygon","coordinates":[[[25.32,29.47],[25.35,30.46],[24.57,30.32],[24.62,30.84],[27.87,31.87],[27.26,31.9],[32.45,32.7],[35.35,32.15],[31.35,31.34],[30.1,30.58],[28.62,31.15],[27.63,30.96],[25.32,29.47]]]}},{"type":"Feature","properties":{},"geometry":{"type":"Polygon","coordinates":[[[19.53,22.78],[19.7,21.35],[19.41,21.6],[18.94,21.19],[19.96,20.36],[19.94,19.86],[19.1,20.19],[19.39,19.63],[18.76,19.89],[18.87,19.2],[18.23,19.04],[18.16,19.48],[17.74,19.37],[17.56,20.57],[18.26,20.81],[19.33,20.38],[17.65,20.96],[17.49,21.53],[17.85,21.64],[16.78,23.34],[17.43,24.61],[15.09,26.98],[14.77,28.76],[14.46,29.1],[13.93,28.63],[14.02,29.69],[13.11,29.7],[12.57,28.45],[13.29,27.53],[13.27,26.67],[13.91,25.67],[14.73,25.42],[14.43,25.03],[16.05,23.2],[15.76,22.99],[14.86,23.84],[14.34,23.3],[14.64,22.38],[13.2,21.67],[13.84,22.47],[13.75,23.73],[10.91,27.01],[10.75,28.71],[9.84,29.48],[8.71,29.15],[8.34,29.74],[8.66,31.37],[12.42,32.12],[17.28,31.35],[15.97,29.54],[18.18,26.09],[19.53,22.78]]]}},{"type":"Feature","properties":{},"geometry":{"type":"Polygon","coordinates":[[[8.04,33.75],[6.79,32.96],[4.96,33.46],[4.09,32.57],[0.14,33.45],[0.45,35.38],[0.94,34.9],[0.36,35.55],[0.46,36.16],[-0.89,37.5],[-2.29,37.67],[-2.6,37.92],[-2.13,38.18],[-2.62,38.41],[0.26,38.5],[-0.22,39.6],[1.21,39.13],[1.99,39.71],[4.25,38.77],[6.47,38.68],[10.38,41.32],[13.25,42.13],[17.79,42.05],[20.46,40.31],[17.71,39.71],[15.58,38.51],[10.88,37.82],[8.57,37],[6.99,35.79],[7.43,34.17],[8.04,33.75]]]}},{"type":"Feature","properties":{},"geometry":{"type":"Polygon","coordinates":[[[1.99,39.71],[2.8,40.06],[2.72,40.74],[4.92,41.25],[4.25,41.42],[5.24,41.61],[4.71,41.86],[5.28,42.87],[5.63,42.24],[5.99,43.23],[7.3,43.18],[7.19,43.53],[7.81,43.68],[8.35,43.34],[8.46,43.87],[9.43,43.54],[8.36,44.28],[8.74,44.46],[8.1,44.71],[8.38,45.1],[9.28,44.93],[9.63,44.33],[10.44,44.43],[10.18,43.92],[11.57,44.57],[13.32,43.74],[13.45,44.21],[14.27,43.95],[17.79,42.05],[11.94,41.88],[9.54,40.83],[6.47,38.68],[4.25,38.77],[1.99,39.71]]]}},{"type":"Feature","properties":{},"geometry":{"type":"Polygon","coordinates":[[[26.43,35.55],[26.32,34.56],[25.77,34.09],[21.69,33.83],[20.92,34.73],[21.06,35.44],[23.64,36.33],[24.12,37.19],[26.43,35.55]]]}},{"type":"Feature","properties":{},"geometry":{"type":"Polygon","coordinates":[[[-22.39,73.34],[-23.72,73.13],[-21.86,73.54],[-22.39,73.34]]]}},{"type":"Feature","properties":{},"geometry":{"type":"Polygon","coordinates":[[[-19.11,71.53],[-18.62,71.19],[-19.53,71.02],[-20.16,71.47],[-19.11,71.53]]]}},{"type":"Feature","properties":{},"geometry":{"type":"Polygon","coordinates":[[[-21.45,74.5],[-24.72,74.74],[-22.69,75.11],[-21.45,74.5]]]}},{"type":"Feature","properties":{},"geometry":{"type":"Polygon","coordinates":[[[13.71,68.57],[14.71,67.97],[12.91,67.72],[13.09,68.2],[12.59,68.38],[13.71,68.57]]]}},{"type":"Feature","properties":{},"geometry":{"type":"Polygon","coordinates":[[[12.67,68.86],[13.18,68.56],[12.05,68.71],[12.67,68.86]]]}},{"type":"Feature","properties":{},"geometry":{"type":"Polygon","coordinates":[[[-19.12,74.71],[-20.63,74.42],[-21.35,75.16],[-19.12,74.71]]]}},{"type":"Feature","properties":{},"geometry":{"type":"Polygon","coordinates":[[[-16.82,72.16],[-18.19,71.54],[-19.54,71.86],[-17.77,72.38],[-16.82,72.16]]]}},{"type":"Feature","properties":{},"geometry":{"type":"Polygon","coordinates":[[[6.99,68.75],[7.79,68.21],[6.71,68.87],[6.99,68.75]]]}},{"type":"Feature","properties":{},"geometry":{"type":"Polygon","coordinates":[[[-15.99,73.63],[-17.47,73.26],[-16.59,73.19],[-17.75,72.6],[-20.36,72.4],[-19.12,73.14],[-19.86,73.44],[-18.07,73.36],[-17.36,73.58],[-18.16,73.69],[-17.05,73.89],[-15.99,73.63]]]}},{"type":"Feature","properties":{},"geometry":{"type":"Polygon","coordinates":[[[54.49,77.18],[59.4,76.8],[57.47,75.78],[54.49,77.18]]]}},{"type":"Feature","properties":{},"geometry":{"type":"Polygon","coordinates":[[[9.29,70.16],[12.62,68.94],[11.4,68.66],[11.21,67.68],[9.13,69.77],[9.29,70.16]]]}},{"type":"Feature","properties":{},"geometry":{"type":"Polygon","coordinates":[[[11.21,67.68],[11.09,66.79],[10.64,66.7],[10.09,66.98],[10.61,67.14],[8.99,67.58],[10.31,67.55],[9.4,67.73],[10.57,68.06],[8.95,67.77],[8.64,68.09],[10.36,68.49],[11.21,67.68]]]}},{"type":"Feature","properties":{},"geometry":{"type":"Polygon","coordinates":[[[9.99,68.83],[9.49,68.54],[9.3,68.92],[8.88,68.74],[9.18,68.44],[8.26,68.23],[7.14,68.95],[7.77,68.92],[7.45,69.3],[6.62,69.51],[8.1,69.91],[7.5,69.58],[8.47,69.31],[8.59,69.85],[9.99,68.83]]]}},{"type":"Feature","properties":{},"geometry":{"type":"Polygon","coordinates":[[[46.88,76.21],[48.58,76.11],[46.44,76.08],[46.88,76.21]]]}},{"type":"Feature","properties":{},"geometry":{"type":"Polygon","coordinates":[[[49.19,76.95],[51.04,76.58],[50.18,77.04],[51.89,77.1],[54.77,76.37],[48.89,76],[49.19,76.37],[48.27,76.62],[49.19,76.95]]]}},{"type":"Feature","properties":{},"geometry":{"type":"Polygon","coordinates":[[[29.18,72.7],[29.69,72.46],[28.75,72.57],[29.18,72.7]]]}},{"type":"Feature","properties":{},"geometry":{"type":"Polygon","coordinates":[[[27.37,72.43],[27.88,72.35],[27.01,72.22],[27.37,72.43]]]}},{"type":"Feature","properties":{},"geometry":{"type":"Polygon","coordinates":[[[29.49,72.9],[30.36,72.88],[29.02,72.79],[29.49,72.9]]]}},{"type":"Feature","properties":{},"geometry":{"type":"Polygon","coordinates":[[[12.39,70.73],[14.85,70.37],[13.5,69.56],[9.97,70.26],[10.9,70.33],[10.73,70.69],[12.31,70.26],[12.39,70.73]]]}},{"type":"Feature","properties":{},"geometry":{"type":"Polygon","coordinates":[[[23.93,72.41],[24.73,72.33],[22.94,72.01],[23.93,72.41]]]}},{"type":"Feature","properties":{},"geometry":{"type":"Polygon","coordinates":[[[30.77,73.55],[31.18,73.08],[29.67,73.29],[30.77,73.55]]]}},{"type":"Feature","properties":{},"geometry":{"type":"Polygon","coordinates":[[[25.32,72.73],[26.08,72.61],[25.13,72.08],[25.58,71.92],[24.23,71.86],[24.88,71.96],[24.35,72.05],[25.32,72.73]]]}},{"type":"Feature","properties":{},"geometry":{"type":"Polygon","coordinates":[[[29.75,73.7],[30.1,73.51],[29.49,73.49],[29.75,73.7]]]}},{"type":"Feature","properties":{},"geometry":{"type":"Polygon","coordinates":[[[31.32,74.08],[32.11,73.68],[31.04,73.55],[31.32,74.08]]]}},{"type":"Feature","properties":{},"geometry":{"type":"Polygon","coordinates":[[[42.82,76.84],[43.4,76.73],[42.53,76.73],[42.82,76.84]]]}},{"type":"Feature","properties":{},"geometry":{"type":"Polygon","coordinates":[[[44.87,77.44],[48.96,77],[48,76.4],[46.07,76.27],[46.45,76.48],[44.65,76.92],[44.79,77.39],[44.41,77.36],[44.87,77.44]]]}},{"type":"Feature","properties":{},"geometry":{"type":"Polygon","coordinates":[[[-7.86,72.46],[-10.79,71.34],[-9.75,71.27],[-12.14,70.86],[-11.48,70.62],[-12.18,70.33],[-14.58,70.49],[-13.78,70.74],[-16.23,70.46],[-15.3,70.89],[-16.37,70.58],[-16.14,70.81],[-17.01,71.07],[-15.95,71.15],[-16.27,71.46],[-15.34,71.81],[-13.82,71.28],[-14.18,71.63],[-13.51,71.66],[-14.65,72.07],[-13.2,72.06],[-13.67,72.32],[-13.09,72.52],[-12.27,72.61],[-12.3,72.19],[-11.69,72.2],[-12.12,72.38],[-11.66,72.66],[-10.59,72.26],[-9.93,72.62],[-7.86,72.46]]]}},{"type":"Feature","properties":{},"geometry":{"type":"Polygon","coordinates":[[[27.14,73.58],[27.95,73.59],[26.87,73.37],[27.42,73.45],[27.14,73.58]]]}},{"type":"Feature","properties":{},"geometry":{"type":"Polygon","coordinates":[[[-0.59,67.48],[-1.11,66.91],[-1.09,67.59],[-0.59,67.48]]]}},{"type":"Feature","properties":{},"geometry":{"type":"Polygon","coordinates":[[[1,70.25],[0.76,70.05],[1.25,69.79],[0.05,69.86],[1.52,69.63],[0.81,68.84],[-1.07,68.86],[-2.27,69.43],[-2.56,69.22],[-2.08,68.99],[-3.9,69.15],[-1.47,68.77],[-5.91,68.63],[-6.51,68.95],[-6.83,68.85],[-6.23,68.61],[-7.29,68.53],[-7.76,69.02],[-8.19,68.66],[-10.09,69.29],[-9.31,68.66],[-10.35,69.17],[-10.07,68.84],[-11.01,69.03],[-10.28,68.47],[-12.51,68.13],[-13.42,68.52],[-14.62,68.18],[-16.16,68.82],[-15.28,68.25],[-15.94,67.91],[-15.28,67.92],[-16.55,67.62],[-18.26,67.91],[-17.55,68.03],[-17.85,68.33],[-17.55,68.54],[-18.41,68.39],[-17.98,68.66],[-19.43,68.74],[-19.8,69.38],[-20.47,69.46],[-19.71,69.72],[-20.62,69.58],[-19.76,69.95],[-17.96,69.56],[-16.8,70.21],[-16.28,69.88],[-17.11,69.54],[-16.95,69.23],[-14.4,69.28],[-16.52,69.41],[-14.51,69.86],[-15.88,70.22],[-15.17,70.36],[-13.14,70.19],[-13.23,69.55],[-11.9,69.67],[-12.77,70.18],[-9.8,71.05],[-9.33,70.65],[-10.3,69.82],[-9.81,69.73],[-10.15,70.01],[-8.99,70.57],[-7.14,69.94],[-7.48,70.23],[-6.04,69.87],[-6.55,70.22],[-4.62,70.2],[-7.6,70.39],[-8.38,70.64],[-7.34,70.58],[-8.07,70.75],[-7.61,70.8],[-9.07,71.08],[-6.5,70.82],[-9.11,71.34],[-8.62,71.73],[-6.64,71.2],[-8.39,71.81],[-6.52,71.63],[-7.42,72.02],[-6.37,72.11],[-7.11,72.22],[-6.83,72.32],[-4.81,71.94],[-5.28,71.71],[-4.79,71.77],[-4.93,71.41],[-4.32,71.83],[-3.25,71.7],[-4.19,71.29],[-3.45,71.32],[-4.14,70.69],[-3.14,71.37],[-1.75,71.39],[-1.97,71.13],[-0.84,71.01],[-1.91,70.62],[-0.63,70.99],[-0.01,70.69],[-0.56,70.33],[1,70.25]]]}},{"type":"Feature","properties":{},"geometry":{"type":"Polygon","coordinates":[[[-20.25,51.93],[-19.34,52.34],[-20.1,52.28],[-19.63,52.73],[-19.99,52.84],[-18.47,52.87],[-19.92,52.87],[-19.78,53.29],[-20.14,53.32],[-19,53.39],[-20.12,53.62],[-17.63,53.87],[-20.12,53.69],[-19.7,53.8],[-19.9,54.08],[-19.11,53.93],[-19.71,54.18],[-18.8,54.17],[-19.71,54.68],[-17.43,54.19],[-19.56,54.78],[-18.51,55.09],[-17.03,54.46],[-17.66,54.84],[-16.85,54.79],[-17.54,54.85],[-17.29,55.04],[-19.26,55.03],[-18.49,55.42],[-17.92,55.18],[-18.52,55.57],[-16.79,54.86],[-17.4,55.3],[-16.8,55.49],[-18.47,55.72],[-16.88,55.59],[-16.52,56.11],[-16.11,55.82],[-15.97,56.2],[-16.49,56.18],[-15.37,56.79],[-16.55,57.12],[-17.34,58],[-15.32,57.12],[-15.6,57.44],[-15.07,57.67],[-15.56,57.95],[-14.99,57.8],[-15.64,58.08],[-15.1,58.14],[-15.77,58.16],[-14.86,58.28],[-15.79,58.45],[-14.82,58.52],[-15.69,58.75],[-15.14,58.93],[-15.58,59.04],[-16.27,58.6],[-17.13,58.85],[-16.18,59.2],[-16.7,59.34],[-16.01,59.53],[-16.3,59.74],[-15.38,59.92],[-15.73,60.32],[-15.12,60.46],[-15.34,60.85],[-14.75,61.38],[-15.49,61.42],[-14.59,61.49],[-14.75,62.67],[-14.18,62.95],[-15.57,64.17],[-16.95,64.18],[-16.72,64.41],[-17.23,64.58],[-17.57,64.24],[-18.19,64.68],[-18.25,65.08],[-17.06,65.06],[-17.97,65.82],[-15.49,65.26],[-14.96,65.51],[-16.37,65.83],[-16.62,66.07],[-16.12,66.04],[-16.56,66.22],[-16.11,66.25],[-16.67,66.35],[-16.63,66.9],[-12.15,66.66],[-9.76,67.24],[-11.15,67.43],[-10.76,67.69],[-8.1,67.81],[-8.55,67.46],[-5.97,68.1],[-5.48,67.92],[-5.66,67.28],[-5.41,68.06],[-3.37,67.9],[-4.48,67.2],[-3.47,67.51],[-3.21,66.91],[-2.18,67.75],[-1.4,66.63],[-0.69,67.08],[-0.08,66.86],[-0.35,67.57],[1.03,66.94],[0.07,67.57],[0.57,67.56],[0.24,67.86],[1.05,67.83],[1.65,67.1],[2.6,67.36],[2.18,67.52],[2.42,67.72],[3.71,67.66],[5.89,66.97],[2.57,66.92],[5.91,66.83],[5.4,66.49],[6.67,66.15],[2.37,65.87],[5.24,65.68],[4.23,65.23],[6.35,65.64],[4.48,64.3],[8.08,65.23],[9.4,64.76],[7.61,64.03],[5.6,64.15],[7.44,63.84],[5.5,63.71],[5.5,63.31],[6.72,63.49],[3.99,61.81],[3.71,61.2],[4.33,61.64],[4.89,61.33],[4.01,61.19],[5.06,60.86],[4.86,60.31],[3.4,60.76],[3.97,60.57],[2.9,60.48],[4.02,59.77],[2.97,59.73],[4.05,59.36],[3.73,58.81],[2.49,59.36],[3.28,58.85],[2.34,58.98],[3.19,58.77],[2.8,58.42],[3.8,58.13],[2.29,58.41],[3.12,57.91],[1.99,58.14],[2.03,57.47],[2.25,57.86],[2.93,57.6],[2.76,57.27],[1.59,57.12],[0.9,57.62],[1.83,57.48],[0.66,57.52],[0.2,58],[0.54,57.51],[-1.2,57.34],[0.15,57.08],[-1.17,57.05],[0.18,56.69],[-0.79,56.52],[-0.22,56.45],[-0.53,56.11],[0.12,56.44],[1.07,55.79],[0.63,55.55],[1.33,55.59],[0.88,55.36],[1.35,55.25],[0.86,54.94],[1.24,54.93],[1.02,54.3],[0.7,54.77],[0.08,54.42],[-0.29,55.38],[-2.21,56.41],[-1.64,55.93],[-2.32,55.86],[-0.75,55.42],[-2.2,55.43],[-3.24,54.87],[-1.62,54.55],[-3.01,54.47],[-2.37,54.24],[-1,54.52],[0.7,54.03],[-2.28,52.9],[-5.19,52.69],[-5.92,53.38],[-5.92,52.67],[-8.16,51.42],[-8.88,51.63],[-8.84,51.3],[-9.92,51.46],[-10.04,51.12],[-10.38,51.32],[-9.76,51.64],[-10.15,51.85],[-10.72,51.13],[-12.82,50.98],[-12.7,50.18],[-13.5,50.23],[-12.94,49.97],[-13.09,49.54],[-13.65,49.83],[-13.28,49.47],[-14.11,49.52],[-13.95,49.11],[-14.47,49.2],[-14.18,48.94],[-15.26,48.99],[-14.75,48.51],[-15.25,48.75],[-14.89,48.14],[-15.52,48.02],[-15.11,47.87],[-15.73,47.88],[-15.31,47.69],[-15.96,47.66],[-15.65,47.34],[-16.3,47.52],[-15.7,47.32],[-16.36,47.22],[-16.01,46.87],[-16.91,47.12],[-16.41,46.44],[-16.95,46.87],[-17.82,46.74],[-17.13,47.1],[-17.82,46.79],[-17.15,47.3],[-18.18,47.33],[-17.52,47.54],[-18.26,47.54],[-17.35,47.81],[-18.07,47.67],[-17.69,48.03],[-19.61,47.91],[-19.15,48.35],[-19.89,48.6],[-19.27,48.59],[-19.96,48.77],[-19.44,48.74],[-19.79,48.91],[-19.38,49.1],[-19.93,49.05],[-19.4,49.2],[-20.03,49.27],[-19.6,49.45],[-20.18,49.82],[-19.46,50.25],[-20.06,50.1],[-19.6,50.47],[-20.24,50.74],[-19.58,50.63],[-20.33,51.15],[-19.37,51.46],[-20.18,51.63],[-18.98,51.63],[-19.18,51.93],[-18.67,51.45],[-18.73,51.98],[-19.08,52.49],[-19.11,51.98],[-20.25,51.93]]]}}]}
