{"type":"FeatureCollection","features":[{"type":"Feature","properties":{},"geometry":{"type":"Polygon","coordinates":[[[12.76,-77.04],[16.87,-77.55],[16.62,-77.98],[15.02,-78.03],[11.99,-77.26],[12.76,-77.04]]]}},{"type":"Feature","properties":{},"geometry":{"type":"Polygon","coordinates":[[[31.16,-77.41],[29.6,-77.39],[30.41,-77.27],[30.19,-76.99],[32.63,-77.39],[31.16,-77.41]]]}},{"type":"Feature","properties":{},"geometry":{"type":"Polygon","coordinates":[[[-25.77,-66.68],[-23.04,-66.59],[-22.96,-66.98],[-24.46,-67.54],[-25.59,-67.18],[-25.77,-66.68]]]}},{"type":"Feature","properties":{},"geometry":{"type":"Polygon","coordinates":[[[0.88,-80.21],[0.21,-80.12],[1.56,-80.19],[0.88,-80.21]]]}},{"type":"Feature","properties":{},"geometry":{"type":"Polygon","coordinates":[[[-27.82,-79.65],[-28.15,-79.64],[-26.58,-79.79],[-27.82,-79.65]]]}},{"type":"Feature","properties":{},"geometry":{"type":"Polygon","coordinates":[[[-36.35,-76.07],[-35.41,-76.41],[-37.17,-76.06],[-36.35,-76.07]]]}},{"type":"Feature","properties":{},"geometry":{"type":"Polygon","coordinates":[[[-36.42,-77.83],[-37,-76.83],[-33.43,-77.44],[-36.42,-77.83]]]}},{"type":"Feature","properties":{},"geometry":{"type":"Polygon","coordinates":[[[-37.42,-78.89],[-34.66,-78.45],[-35.77,-78.23],[-34.63,-77.98],[-33.33,-78.17],[-35.43,-78.87],[-34.61,-78.97],[-37.42,-78.89]]]}},{"type":"Feature","properties":{},"geometry":{"type":"Polygon","coordinates":[[[-34.7,-64.52],[-32.77,-64.74],[-33.96,-64.97],[-34.7,-64.52]]]}},{"type":"Feature","properties":{},"geometry":{"type":"Polygon","coordinates":[[[-38.43,-68.46],[-38.04,-68.58],[-38.87,-68.54],[-38.43,-68.46]]]}},{"type":"Feature","properties":{},"geometry":{"type":"Polygon","coordinates":[[[-35.64,-65.07],[-34.93,-65.51],[-35.58,-65.55],[-35.96,-65.23],[-35.64,-65.07]]]}},{"type":"Feature","properties":{},"geometry":{"type":"Polygon","coordinates":[[[-43.6,-70.76],[-42.32,-70.55],[-43.42,-70.32],[-43.02,-70.06],[-42.32,-70.44],[-42.4,-69.98],[-40.95,-70.22],[-43.4,-72.03],[-44.08,-71.36],[-43.52,-71.46],[-43.74,-71.17],[-42.97,-70.92],[-44.17,-70.83],[-43.6,-70.76]]]}},{"type":"Feature","properties":{},"geometry":{"type":"Polygon","coordinates":[[[-38.59,-63.04],[-38.48,-63.49],[-38.98,-63.6],[-38.59,-63.04]]]}},{"type":"Feature","properties":{},"geometry":{"type":"Polygon","coordinates":[[[-40.97,-62.77],[-40.06,-62.96],[-41.22,-63.19],[-40.97,-62.77]]]}},{"type":"Feature","properties":{},"geometry":{"type":"Polygon","coordinates":[[[-40.09,-61.01],[-34.48,-62.06],[-33.17,-63.01],[-34.6,-63.68],[-34.83,-63.43],[-34.32,-63.02],[-35.86,-63.03],[-36.2,-63.18],[-35.64,-63.3],[-36.19,-63.53],[-35.49,-63.78],[-37.64,-64],[-36.93,-63.83],[-37.76,-63.63],[-36.64,-63.45],[-37.49,-63.47],[-36.77,-62.99],[-37.54,-63.11],[-36.71,-62.38],[-38.08,-62.28],[-37.73,-61.77],[-39.25,-62.06],[-40.55,-61.75],[-40.09,-61.01]]]}},{"type":"Feature","properties":{},"geometry":{"type":"Polygon","coordinates":[[[-42.43,-58.9],[-41.14,-59.88],[-41.87,-59.84],[-42.43,-58.9]]]}},{"type":"Feature","properties":{},"geometry":{"type":"Polygon","coordinates":[[[63.49,-62.8],[62.5,-63.59],[61.74,-63.25],[63.49,-62.8]]]}},{"type":"Feature","properties":{},"geometry":{"type":"Polygon","coordinates":[[[-43.26,-55.94],[-42.6,-56],[-42.72,-56.46],[-43.25,-56.53],[-43.26,-55.94]]]}},{"type":"Feature","properties":{},"geometry":{"type":"Polygon","coordinates":[[[-40.68,-53.96],[-39.75,-54.25],[-40.24,-54.53],[-40.68,-53.96]]]}},{"type":"Feature","properties":{},"geometry":{"type":"Polygon","coordinates":[[[-26.48,-66.68],[-26.51,-67.41],[-25.27,-67.61],[-26.33,-67.94],[-20.1,-67.93],[-19.28,-67.82],[-20.55,-67.69],[-19.36,-67.49],[-16.62,-67.73],[-13.81,-68.73],[-6.17,-68.4],[-5.22,-69.44],[-5.1,-70.5],[-7.96,-71.87],[-11.15,-72.01],[-18.01,-71.04],[-23.86,-69.61],[-26.24,-69.59],[-28.15,-68.85],[-27.66,-68.63],[-27.69,-67.73],[-28.34,-67.01],[-26.48,-66.68]]]}},{"type":"Feature","properties":{},"geometry":{"type":"Polygon","coordinates":[[[-41.01,-53.36],[-40.33,-53.5],[-41,-53.96],[-40.42,-54.79],[-41.21,-55.04],[-41.29,-56.36],[-40.75,-56.36],[-40.57,-56.85],[-39.66,-56.33],[-39.42,-56.65],[-40.46,-57.18],[-39.65,-57.47],[-40.91,-57.34],[-40.01,-57.88],[-40.48,-58.26],[-40.09,-58.84],[-38.16,-59.46],[-37.47,-59.27],[-37.8,-58.95],[-37.39,-58.73],[-37.53,-59.12],[-36.98,-59.33],[-32.44,-59.95],[-30.29,-61.01],[-29.42,-61.1],[-29.24,-60.74],[-27.54,-61.98],[-27.12,-61.81],[-26.41,-62.66],[-26.54,-63.14],[-26.11,-62.86],[-25.65,-64.82],[-23.41,-64.69],[-23.17,-66.07],[-26.41,-66.17],[-26.48,-66.68],[-32.49,-67.62],[-34.96,-66.93],[-34.12,-66.74],[-34.25,-66.37],[-35.81,-65.93],[-33.92,-65.75],[-33.69,-65.24],[-32.95,-65.44],[-32.13,-62.59],[-33.62,-61.88],[-38.6,-60.97],[-38.05,-60.51],[-38.28,-60.16],[-38.95,-60.23],[-40.52,-59.1],[-40.96,-59.45],[-41.66,-59.1],[-40.78,-58.97],[-41.79,-58.56],[-41.32,-58.35],[-42.06,-57.96],[-41.64,-57.52],[-42.08,-57.38],[-41.84,-56.91],[-42.55,-56.63],[-41.99,-56.5],[-42.4,-55.93],[-41.8,-55.68],[-42.18,-55.07],[-41.01,-53.36]]]}},{"type":"Feature","properties":{},"geometry":{"type":"Polygon","coordinates":[[[-11.13,-64.56],[-11.31,-63.55],[-10.43,-60.37],[-9.65,-59.78],[-8.91,-59.94],[-9.89,-58.9],[-12.34,-59.19],[-13.13,-58.25],[-12.24,-56.21],[-11.12,-55.27],[-11.09,-54.02],[-9.91,-52.57],[-7.54,-51.1],[-7.36,-50.37],[-8.17,-49.95],[-7.39,-50.19],[-7.32,-49.35],[-6.15,-50.09],[-5.69,-49.89],[-6.11,-49.1],[-5.81,-48.88],[-5.24,-48.83],[-5.09,-49.53],[-3.73,-49.21],[-4.11,-49.08],[-3.96,-48.24],[-3.28,-49.36],[-2.75,-49.13],[-2.39,-49.48],[-0.92,-48.16],[1.44,-47.7],[3.44,-48.09],[5.66,-47.65],[9.11,-48.11],[14.37,-47.74],[14.61,-46.85],[15.06,-46.74],[16.95,-48.54],[18.73,-47.28],[22.12,-46.64],[23.04,-47.15],[23.65,-46.97],[23.26,-46.57],[23.85,-46.51],[23.91,-47.01],[24.55,-47.07],[24.63,-46.29],[25.81,-46.08],[27.76,-46.64],[28.34,-47.46],[27.63,-47.51],[28.79,-48.5],[34.15,-50.64],[33.55,-51.49],[32.85,-51.53],[33.32,-51.67],[32.67,-51.66],[32.96,-51.92],[32.34,-51.75],[32.15,-52.31],[31.25,-52.48],[31.7,-52.72],[31.36,-53.13],[31.78,-54.06],[34.28,-53.11],[35.49,-53.46],[38.67,-52.88],[42.41,-53.18],[46.88,-54.53],[49.75,-56.15],[50.63,-56.37],[51.32,-55.81],[52.13,-56.11],[51.62,-56.58],[53.48,-57.08],[54.75,-58.46],[55.06,-59.55],[59.14,-60.06],[59.1,-60.78],[58.67,-60.95],[59.62,-61.39],[59.4,-62.28],[61.48,-63.23],[60.91,-63.42],[65.04,-64.59],[65.07,-65.2],[64.46,-65.59],[65.14,-66.05],[67.47,-65.54],[69.39,-67.28],[71.85,-67.04],[70.4,-67.52],[70.59,-67.91],[70.19,-68.17],[72.03,-70.27],[71.71,-70.6],[72.61,-70.83],[72.33,-71.38],[74.22,-71.92],[71.4,-71.79],[71.76,-72.06],[71.24,-72.54],[72.13,-73.02],[70.05,-72.99],[71.63,-74.06],[70.26,-74.31],[72.63,-75.07],[70.33,-75.6],[70.97,-75.78],[70.12,-76.31],[71.13,-76.37],[69.76,-76.91],[70.17,-77.07],[65.9,-77.88],[66.35,-78.06],[65.35,-78.13],[66.35,-78.18],[64.05,-78.72],[65.06,-78.72],[63.72,-79.47],[64.05,-79.76],[62.88,-80.09],[55.36,-80.88],[47.6,-79.78],[48.02,-79.69],[47.27,-79.56],[48.52,-79.52],[47.74,-79.14],[48.28,-79.06],[45.95,-78.81],[46.57,-78.43],[43.8,-78.37],[44.88,-78.16],[43.42,-77.91],[45.5,-77.96],[43.75,-77.66],[44.05,-77.57],[40.88,-77.91],[40.29,-77.83],[41.64,-77.44],[35.74,-76.68],[31.71,-76.68],[30.39,-76.18],[29.59,-76.36],[30.29,-76.68],[27.13,-76.55],[28.91,-76.13],[28.13,-75.6],[28.84,-75.35],[24.38,-74.27],[18.6,-73.62],[19.16,-73.34],[17.5,-73.63],[14.57,-73.03],[9.31,-72.87],[8.09,-71.68],[9.12,-73],[5,-72.66],[3.41,-71.94],[-0.11,-72.02],[-2.27,-71.55],[-2.83,-71.65],[0,-72.97],[-0.98,-74.61],[-6.03,-74.15],[-4.58,-72.89],[-5.5,-71.4],[-5.24,-70.9],[-9.77,-69.79],[-9.11,-67.87],[-11.13,-64.56]]]}},{"type":"Feature","properties":{},"geometry":{"type":"Polygon","coordinates":[[[7.82,-74.43],[8.3,-75.41],[7.39,-75.84],[1.85,-76.18],[11.28,-78.24],[11.55,-78.43],[10.84,-78.87],[12.6,-78.79],[12.3,-79.47],[12.95,-79.8],[5.57,-79.7],[2.72,-79.16],[-1.53,-79.4],[-3.18,-79.97],[1.61,-80.52],[-0.55,-80.78],[-3.59,-80.25],[-4.06,-80.34],[-3.32,-80.69],[-4.21,-80.81],[-20.02,-80.68],[-24.02,-80.26],[-22.74,-80.06],[-29.49,-78.55],[-33.69,-76.57],[-35.16,-76.42],[-34.17,-76.15],[-35.06,-75.84],[-34.61,-75.77],[-34.82,-75.54],[-37.49,-75.44],[-33.66,-74.97],[-36.45,-74.69],[-34.43,-73.94],[-35.4,-73.58],[-32.91,-73.38],[-35.04,-72.95],[-34.8,-72.45],[-33.14,-72.18],[-33.6,-71.77],[-38.7,-72.18],[-38.39,-71.65],[-39.2,-71.5],[-40.01,-71.76],[-39.32,-72.27],[-41.31,-72.33],[-39.68,-71.48],[-40.2,-70.86],[-38.57,-70.37],[-39.58,-69.84],[-38.53,-69.7],[-37.77,-68.95],[-38.06,-68.48],[-39.19,-68.25],[-37.88,-68.24],[-36.76,-67.81],[-37.35,-67.44],[-34.96,-66.93],[-26.24,-69.59],[-23.86,-69.61],[-16.86,-71.26],[-11.77,-71.97],[-7.75,-71.89],[0.4,-74.26],[7.82,-74.43]]]}},{"type":"Feature","properties":{},"geometry":{"type":"Polygon","coordinates":[[[-40.07,-52.78],[-39.63,-52.78],[-40.46,-53.27],[-40.07,-52.78]]]}},{"type":"Feature","properties":{},"geometry":{"type":"Polygon","coordinates":[[[-41.63,-52.93],[-41.31,-52.92],[-42.09,-53.42],[-41.63,-52.93]]]}},{"type":"Feature","properties":{},"geometry":{"type":"Polygon","coordinates":[[[-28.37,-53.64],[-28.88,-53.84],[-27.65,-54.33],[-29.76,-54.02],[-28.37,-53.64]]]}},{"type":"Feature","properties":{},"geometry":{"type":"Polygon","coordinates":[[[-28,-53.58],[-26.93,-53.7],[-27.93,-53.89],[-28,-53.58]]]}},{"type":"Feature","properties":{},"geometry":{"type":"Polygon","coordinates":[[[-31.96,-52.93],[-31.7,-53.41],[-32.22,-53.18],[-31.96,-52.93]]]}},{"type":"Feature","properties":{},"geometry":{"type":"Polygon","coordinates":[[[-30.68,-52.5],[-30.46,-53.18],[-30.97,-52.91],[-30.68,-52.5]]]}},{"type":"Feature","properties":{},"geometry":{"type":"Polygon","coordinates":[[[-33.21,-52.59],[-32.19,-52.91],[-33.33,-53.2],[-33.67,-52.93],[-33.21,-52.59]]]}},{"type":"Feature","properties":{},"geometry":{"type":"Polygon","coordinates":[[[-32.53,-51.78],[-31.77,-51.84],[-32.86,-52.23],[-32.53,-52.68],[-33.53,-52.39],[-32.91,-52.47],[-33.32,-52.06],[-32.53,-51.78]]]}},{"type":"Feature","properties":{},"geometry":{"type":"Polygon","coordinates":[[[-31.41,-53.45],[-30,-53.43],[-30.93,-53.1],[-28.96,-53.24],[-30.3,-52.74],[-29.68,-52.18],[-30.71,-52.3],[-30.48,-51.84],[-30.85,-51.71],[-29.96,-51.3],[-29.13,-51.42],[-28.6,-51.84],[-28.88,-52],[-27.47,-52.68],[-25.24,-53.04],[-26.45,-53.57],[-31.88,-53.59],[-31.41,-53.45]]]}},{"type":"Feature","properties":{},"geometry":{"type":"Polygon","coordinates":[[[-20.68,-49.2],[-21.41,-50.12],[-22.11,-50.03],[-21.18,-49.65],[-21.88,-49.33],[-20.68,-49.2]]]}},{"type":"Feature","properties":{},"geometry":{"type":"Polygon","coordinates":[[[-20.21,-49.1],[-19.03,-49.38],[-20.65,-50.13],[-20.21,-49.1]]]}},{"type":"Feature","properties":{},"geometry":{"type":"Polygon","coordinates":[[[-35.46,-50.12],[-35.12,-50.47],[-35.7,-50.43],[-35.46,-50.12]]]}},{"type":"Feature","properties":{},"geometry":{"type":"Polygon","coordinates":[[[15.15,-85.49],[14.62,-85.41],[18.3,-85.22],[15.15,-85.49]]]}},{"type":"Feature","properties":{},"geometry":{"type":"Polygon","coordinates":[[[-36.26,-49.5],[-35.73,-49.59],[-36.22,-49.93],[-36.26,-49.5]]]}},{"type":"Feature","properties":{},"geometry":{"type":"Polygon","coordinates":[[[-35.87,-48.88],[-36.07,-49.38],[-36.63,-48.82],[-36.03,-48.84],[-36.06,-48.12],[-35.62,-49.48],[-35.87,-48.88]]]}},{"type":"Feature","properties":{},"geometry":{"type":"Polygon","coordinates":[[[-36.18,-47.59],[-35.89,-48.13],[-36.35,-48.07],[-36.18,-47.59]]]}},{"type":"Feature","properties":{},"geometry":{"type":"Polygon","coordinates":[[[-71.65,-87.14],[-62.33,-87.13],[-64.26,-87.47],[-62.28,-87.55],[-72.47,-87.25],[-71.65,-87.14]]]}},{"type":"Feature","properties":{},"geometry":{"type":"Polygon","coordinates":[[[-98.18,-86.96],[-96.76,-87.09],[-99.73,-87.03],[-98.18,-86.96]]]}},{"type":"Feature","properties":{},"geometry":{"type":"Polygon","coordinates":[[[-35.96,-44.39],[-35.8,-44.66],[-36.34,-44.6],[-35.96,-44.39]]]}},{"type":"Feature","properties":{},"geometry":{"type":"Polygon","coordinates":[[[-35.3,-43.69],[-34.98,-43.81],[-35.48,-44.26],[-35.3,-43.69]]]}},{"type":"Feature","properties":{},"geometry":{"type":"Polygon","coordinates":[[[-36.69,-41.22],[-36.05,-41.64],[-36.45,-41.96],[-36.05,-42.26],[-36.32,-42.85],[-36.92,-42.7],[-36.69,-41.22]]]}},{"type":"Feature","properties":{},"geometry":{"type":"Polygon","coordinates":[[[37.9,-82.92],[40.53,-82.77],[34.11,-82.34],[35.77,-82.17],[35.2,-82.17],[36.06,-81.92],[35.72,-81.77],[55.6,-80.97],[54.62,-81.29],[55.51,-81.38],[52.33,-82.27],[53.21,-82.37],[52.22,-82.43],[53.59,-82.55],[51.07,-82.83],[53.79,-82.56],[54.88,-82.93],[54.35,-83.03],[56.93,-83.4],[43.91,-83.7],[43.2,-83.66],[46.24,-83.62],[35.52,-83.25],[40.04,-82.96],[37.9,-82.92]]]}},{"type":"Feature","properties":{},"geometry":{"type":"Polygon","coordinates":[[[13.02,-87.9],[6.23,-87.93],[12.23,-87.74],[-0.97,-87.2],[-19.44,-87.55],[-12.1,-87.29],[-18.73,-87.33],[-13.83,-87.12],[-16.72,-86.81],[-9.45,-86.15],[13.45,-85.03],[20.17,-83.88],[24.21,-82.5],[25.06,-82.88],[16.43,-85.17],[15.7,-85.54],[18.34,-86.36],[14.45,-86.89],[18.49,-87.35],[13.02,-87.9]]]}},{"type":"Feature","properties":{},"geometry":{"type":"Polygon","coordinates":[[[24.63,-82.3],[25.04,-82.32],[24.24,-82.49],[24.63,-82.3]]]}},{"type":"Feature","properties":{},"geometry":{"type":"Polygon","coordinates":[[[-79.27,-81.57],[-78.49,-81.83],[-79.26,-82.31],[-74.03,-82.49],[-76.51,-82.91],[-77.87,-83.76],[-67.17,-85.03],[-67.75,-85.45],[-63.79,-86.06],[-70.88,-86.79],[-69.64,-86.85],[-89.61,-87.43],[-96.7,-87.38],[-98.75,-87.23],[-93.89,-86.94],[-99.75,-86.67],[-94.66,-86.66],[-99.49,-86.45],[-97.48,-86.42],[-99.34,-86.4],[-96.43,-86.15],[-98.13,-86.06],[-94.79,-85.71],[-95.93,-85.69],[-81.23,-81.7],[-79.27,-81.57]]]}},{"type":"Feature","properties":{},"geometry":{"type":"Polygon","coordinates":[[[60.98,-83.67],[59.52,-83.72],[59.86,-83.4],[60.98,-83.67]]]}},{"type":"Feature","properties":{},"geometry":{"type":"Polygon","coordinates":[[[-158.95,-87.87],[-158.08,-87.97],[-162.16,-87.98],[-158.95,-87.87]]]}},{"type":"Feature","properties":{},"geometry":{"type":"Polygon","coordinates":[[[70.94,-74.13],[70.35,-74.15],[70.85,-74.42],[70.35,-74.57],[68.17,-73.65],[69.04,-73.44],[70.94,-74.13]]]}},{"type":"Feature","properties":{},"geometry":{"type":"Polygon","coordinates":[[[179.99,-86.89],[179.99,-87.61],[173.23,-87.53],[177.7,-87.73],[174.99,-87.81],[159.61,-86.56],[161.48,-86.39],[156.71,-85.79],[160.95,-85.8],[160.52,-86],[163.22,-86.29],[162.74,-86.38],[179.99,-86.89]]]}},{"type":"Feature","properties":{},"geometry":{"type":"Polygon","coordinates":[[[-179.99,-87.61],[-179.99,-86.89],[-176.82,-87.21],[-178.48,-87.2],[-178.21,-87.35],[-168.79,-87.63],[-171.95,-87.73],[-170.33,-87.91],[-148.04,-88.17],[-144.56,-88.03],[-159.1,-87.62],[-126.39,-87.92],[-110.97,-87.2],[-116.38,-86.54],[-112.2,-86.15],[-86.64,-86.76],[-90.12,-86.92],[-79.29,-87.45],[-29.82,-86.77],[-30.64,-86.94],[-23.06,-87.22],[-44.85,-88.22],[-7.79,-89.3],[-133.39,-89.16],[-132.23,-89.08],[-179.99,-88],[-175.01,-88],[-179.99,-87.61]]]}},{"type":"Feature","properties":{},"geometry":{"type":"Polygon","coordinates":[[[135.9,-73.44],[136.08,-73.68],[134.36,-74.18],[135.9,-73.44]]]}},{"type":"Feature","properties":{},"geometry":{"type":"Polygon","coordinates":[[[151.83,-72.08],[152.28,-72.19],[151.31,-72.27],[151.83,-72.08]]]}},{"type":"Feature","properties":{},"geometry":{"type":"Polygon","coordinates":[[[150.42,-71.28],[150.34,-71.75],[149.52,-71.4],[150.42,-71.28]]]}},{"type":"Feature","properties":{},"geometry":{"type":"Polygon","coordinates":[[[142.41,-69.68],[148.14,-72.74],[146.46,-72.56],[143.39,-71.18],[142.41,-69.68]]]}},{"type":"Feature","properties":{},"geometry":{"type":"Polygon","coordinates":[[[108.59,-57.52],[108.83,-57.75],[108.15,-57.97],[108.42,-58.2],[107.48,-57.85],[108.59,-57.52]]]}},{"type":"Feature","properties":{},"geometry":{"type":"Polygon","coordinates":[[[20.52,-35.26],[21.68,-33.27],[23.16,-32.46],[25.08,-33.04],[25.24,-33.5],[25.49,-33.05],[26.22,-33.45],[27.89,-32.9],[28.16,-32.3],[28.35,-32.68],[29.18,-32.62],[29.71,-31.81],[30.54,-31.8],[30.47,-32.96],[29.3,-35.26],[28.72,-35.55],[28.78,-34.88],[28.44,-34.86],[27.73,-36.03],[18.85,-40.86],[16.47,-40.21],[16,-39.16],[17.47,-36.57],[20.52,-35.26]]]}},{"type":"Feature","properties":{},"geometry":{"type":"Polygon","coordinates":[[[101.42,-52.33],[101.33,-52.89],[100.56,-52.58],[101.42,-52.33]]]}},{"type":"Feature","properties":{},"geometry":{"type":"Polygon","coordinates":[[[101.64,-52.21],[101.87,-52.75],[102.78,-52.69],[102.93,-53.07],[101.69,-53.17],[101.32,-52.68],[101.64,-52.21]]]}},{"type":"Feature","properties":{},"geometry":{"type":"Polygon","coordinates":[[[65.75,-78.61],[65.81,-78.21],[64.72,-77.98],[65.64,-77.7],[65.64,-77.08],[71.51,-75.85],[72.68,-75.04],[71.26,-75.96],[72.73,-75.19],[71.34,-74.5],[74.71,-74.45],[76.15,-73.78],[72.59,-74.01],[70.85,-73.43],[77.71,-73.39],[80.57,-72.6],[79.02,-72.95],[70.57,-72.66],[70.75,-71.85],[71.32,-71.84],[71.18,-72.15],[72.64,-71.66],[74.1,-70.86],[73.55,-70.61],[73.97,-70.26],[75.07,-70.24],[74.61,-69.92],[75.45,-69.56],[73.78,-68.46],[73.79,-67.41],[67.84,-64.95],[66.73,-64.07],[63.66,-63.08],[61.26,-62.95],[58.52,-60.19],[55.16,-59.23],[54.46,-57.65],[55.09,-56.59],[58.72,-56.34],[62.31,-54.45],[65.56,-51.29],[65.36,-51.63],[65.9,-51.37],[65.26,-51.96],[66.68,-51.2],[65.87,-52.15],[66.67,-52.05],[67.98,-50.49],[71.51,-49.41],[71.93,-49.5],[71.05,-49.92],[75.9,-50.57],[76.49,-51.29],[81.39,-52.91],[84.5,-52.77],[85.25,-52.03],[87.07,-51.89],[86.43,-53.21],[87.76,-52.89],[87.44,-52.46],[88.04,-52.14],[88.6,-52.97],[89.43,-53.18],[88.84,-52.79],[90.07,-52.54],[89.33,-52.6],[89.73,-52.21],[90.36,-52.16],[90.72,-52.81],[90.64,-52.18],[91.45,-52.61],[91.45,-52.05],[92.54,-51.94],[92.16,-52.29],[92.52,-52.46],[93.35,-51.95],[93.27,-52.35],[94.6,-52.33],[95.1,-52.81],[95.34,-53.92],[93.9,-54.42],[95.68,-54.11],[96.3,-54.55],[95.95,-54.87],[96.6,-54.63],[96.62,-55.1],[97.64,-54.67],[97.24,-54.25],[100.2,-53.45],[100.69,-53.71],[100.76,-53.35],[101.04,-53.79],[102.06,-53.43],[104.04,-54.3],[104.46,-53.81],[103.36,-53.07],[103.83,-53.01],[104.97,-53.67],[105.32,-54.43],[106.05,-54.51],[106.09,-54.98],[107.1,-55.1],[107.53,-55.67],[108.85,-55.65],[108.24,-55.74],[108.95,-55.81],[108.56,-56.18],[109.92,-55.88],[109.72,-56.27],[110.17,-56.48],[109,-56.63],[109.12,-56.92],[107.71,-56.81],[106.85,-57.61],[104.84,-57.68],[105.69,-58.28],[104.99,-58.35],[105.72,-58.33],[106.73,-59.3],[105.99,-59.37],[107.02,-59.59],[110.42,-62.62],[112.33,-62.68],[115.85,-61.09],[116.45,-59.73],[118.43,-58.72],[117.64,-58.56],[118.98,-58.26],[118.65,-58.15],[119.66,-57.27],[120.52,-57.15],[120.33,-58.35],[120.93,-58.6],[120.4,-58.89],[120.9,-59.51],[120.26,-61.03],[121.82,-61.08],[122.89,-62.08],[121.95,-63.5],[122.3,-64.14],[122.75,-64.11],[121.86,-66.06],[126.54,-68.09],[126.72,-68.42],[126.03,-68.51],[127.35,-69.52],[126.9,-70.57],[127.99,-70.75],[127.84,-70.41],[128.34,-70.23],[129.54,-70.88],[129.87,-70.59],[129.59,-71.74],[128.5,-71.5],[131.79,-72.44],[133.44,-73.73],[134.44,-73.89],[134.07,-74.08],[134.51,-74.04],[134.08,-74.28],[134.35,-74.61],[134.98,-74.57],[133.37,-75.88],[134.71,-76.87],[134.25,-77.53],[128.32,-79.94],[124.28,-80.46],[125.21,-80.55],[124.58,-80.75],[119.66,-80.81],[116.25,-81.37],[113.88,-81.09],[115.65,-81.39],[107.37,-82.16],[108.04,-82.27],[107.71,-82.43],[101.07,-82.55],[101.4,-82.64],[91.45,-83.6],[85.4,-83.55],[78.87,-82.33],[76.76,-82.3],[79.33,-82.56],[70.01,-81.64],[67.41,-81.92],[69.15,-81.65],[68.13,-81.5],[69.62,-81.34],[69.06,-81.19],[69.51,-80.97],[71.5,-80.95],[69,-80.63],[69.62,-80.36],[72.87,-80.38],[65.04,-79.73],[66.12,-78.7],[65.75,-78.61]]]}},{"type":"Feature","properties":{},"geometry":{"type":"Polygon","coordinates":[[[135.97,-58.38],[136.49,-58.58],[135.65,-58.25],[135.97,-58.38]]]}},{"type":"Feature","properties":{},"geometry":{"type":"Polygon","coordinates":[[[116.58,-52.74],[116.95,-53.03],[116.17,-53.44],[114.73,-52.93],[116.58,-52.74]]]}},{"type":"Feature","properties":{},"geometry":{"type":"Polygon","coordinates":[[[130.94,4.29],[130.8,3.72],[130.01,3.35],[130.94,4.29]]]}},{"type":"Feature","properties":{},"geometry":{"type":"Polygon","coordinates":[[[110.68,-49.75],[110.92,-50.25],[110.22,-50.42],[110.68,-49.75]]]}},{"type":"Feature","properties":{},"geometry":{"type":"Polygon","coordinates":[[[111.43,-49.72],[111.2,-50.1],[110.87,-49.73],[111.43,-49.72]]]}},{"type":"Feature","properties":{},"geometry":{"type":"Polygon","coordinates":[[[124.09,0.22],[126.07,1.33],[126.75,1.13],[128.15,2.02],[128.22,2.81],[129.79,3.44],[130.6,3.04],[131.85,3.84],[132.43,3.2],[125.31,-0.73],[125.14,-0.34],[124,-0.94],[124.09,0.22]]]}},{"type":"Feature","properties":{},"geometry":{"type":"Polygon","coordinates":[[[111.55,-49.31],[111.64,-49.79],[111,-49.64],[111.55,-49.31]]]}},{"type":"Feature","properties":{},"geometry":{"type":"Polygon","coordinates":[[[112.63,-45.05],[112.77,-45.77],[111.62,-44.82],[112.63,-45.05]]]}},{"type":"Feature","properties":{},"geometry":{"type":"Polygon","coordinates":[[[116.01,-46.67],[116.89,-47.56],[116.6,-48.25],[113.96,-45.98],[116.01,-46.67]]]}},{"type":"Feature","properties":{},"geometry":{"type":"Polygon","coordinates":[[[124.08,4.04],[124.65,4.15],[124.72,3.65],[124.4,3.41],[124.08,4.04]]]}},{"type":"Feature","properties":{},"geometry":{"type":"Polygon","coordinates":[[[117.91,-46.28],[117.68,-46.58],[117.14,-46.1],[117.91,-46.28]]]}},{"type":"Feature","properties":{},"geometry":{"type":"Polygon","coordinates":[[[121.99,3.39],[122.93,3.04],[123.44,3.32],[123.73,2.89],[121.89,2.43],[121.99,3.39]]]}},{"type":"Feature","properties":{},"geometry":{"type":"Polygon","coordinates":[[[119.23,-46],[118.91,-46.42],[118.86,-45.92],[119.23,-46]]]}},{"type":"Feature","properties":{},"geometry":{"type":"Polygon","coordinates":[[[135.03,-55.36],[136.84,-56.94],[136.31,-57.5],[138.71,-58.51],[139.07,-59.17],[136.52,-58.76],[128.21,-53.73],[121.01,-50.87],[121.54,-50.81],[120.18,-49.89],[121.05,-49.37],[119.44,-49.93],[118.9,-49.49],[119.44,-49.08],[118.82,-48.13],[120.72,-48.59],[120.51,-48.86],[121.14,-48.97],[120.88,-49.16],[121.94,-48.72],[119.69,-47.95],[119.6,-47.39],[120.06,-47.07],[118.82,-46.45],[121.28,-46.37],[123.07,-47.62],[122.93,-48.32],[121.98,-49.04],[121.87,-49.68],[122.42,-49.45],[122.25,-50.45],[127.57,-50.36],[129.39,-52.03],[135.03,-55.36]]]}},{"type":"Feature","properties":{},"geometry":{"type":"Polygon","coordinates":[[[129.93,-54.57],[130.07,-55.33],[131.49,-56.12],[131.95,-57.2],[133.22,-57.27],[132.93,-57.73],[134.38,-58.05],[133.71,-58.12],[133.91,-58.35],[135.74,-58.71],[134.34,-59.08],[130.25,-57.95],[128.44,-56.69],[127.57,-55.44],[125.63,-54.65],[124.82,-54.89],[124.15,-54.22],[124.36,-55.03],[123.32,-54.72],[123.73,-55.16],[121.35,-54.7],[122.78,-55.22],[122.93,-55.83],[119.08,-55.3],[117.88,-53.92],[118.38,-53.67],[116.27,-53.6],[116.99,-53.03],[116.52,-52.52],[118.03,-52.84],[116.49,-52.24],[117.48,-52.53],[116.65,-51.63],[117.08,-51.11],[116.52,-50.93],[116.86,-50.7],[116.12,-50.22],[116.41,-49.99],[116.07,-50.17],[112.78,-48.14],[120.18,-50.17],[129.93,-54.57]]]}},{"type":"Feature","properties":{},"geometry":{"type":"Polygon","coordinates":[[[119.88,-45.22],[120.25,-45.77],[119.03,-45.04],[119.88,-45.22]]]}},{"type":"Feature","properties":{},"geometry":{"type":"Polygon","coordinates":[[[119.12,4.34],[119.43,4.06],[118.99,3.97],[119.12,4.34]]]}},{"type":"Feature","properties":{},"geometry":{"type":"Polygon","coordinates":[[[-2.77,-5.31],[-2.96,-5.69],[-3.18,-5.44],[-2.77,-5.31]]]}},{"type":"Feature","properties":{},"geometry":{"type":"Polygon","coordinates":[[[110.45,0.82],[112.13,1.96],[113.4,1.57],[118.16,2.43],[121.16,-1.22],[118.41,-0.44],[116.78,-0.47],[115.51,0.34],[114.41,0],[112.76,0.4],[110.93,0.2],[110.28,0.55],[110.45,0.82]]]}},{"type":"Feature","properties":{},"geometry":{"type":"Polygon","coordinates":[[[117.82,2.49],[118.66,2.74],[118.54,2.29],[119.2,3.07],[119.7,2.12],[120.6,2.63],[121.96,1.79],[122.44,2.57],[123.19,2.46],[125.04,0.21],[124.41,0.21],[124.58,-0.13],[123.94,-0.39],[124.25,-0.65],[120.45,-0.86],[117.82,2.49]]]}},{"type":"Feature","properties":{},"geometry":{"type":"Polygon","coordinates":[[[124.54,16.97],[124.79,16.63],[124.81,17.21],[125.64,17.12],[126.34,16.63],[127.6,17.2],[126.98,16.13],[127.68,16.1],[126.86,15.43],[127.48,14.94],[126.9,14.45],[127.45,14.73],[127.14,14.48],[128.59,14.08],[128.68,13.55],[130.16,13.53],[129.16,13.01],[130.12,11.33],[129.6,9.69],[129.93,9.73],[129.78,9.22],[130.25,9.45],[130.39,7.83],[129.81,6.82],[129.22,7.43],[128.57,6.79],[127.76,6.84],[127.24,5.63],[126.63,6.13],[125.64,5.08],[124.23,6.39],[123.52,6.15],[123.66,6.43],[122.48,6.86],[121.79,8.37],[123.75,9.14],[123.34,9.13],[122.97,10.29],[123.94,11.64],[123.8,13.35],[124.74,14.47],[124.54,16.97]]]}},{"type":"Feature","properties":{},"geometry":{"type":"Polygon","coordinates":[[[20.12,-45.94],[16.51,-47.06],[14.85,-46.6],[14.51,-45.53],[15.17,-45.07],[17.84,-45.13],[18.14,-45.26],[17.48,-45.19],[20.12,-45.94]]]}},{"type":"Feature","properties":{},"geometry":{"type":"Polygon","coordinates":[[[-29.35,11.37],[-29.3,10.66],[-30.22,10.51],[-29.77,10.8],[-30.01,11.2],[-29.35,11.37]]]}},{"type":"Feature","properties":{},"geometry":{"type":"Polygon","coordinates":[[[-50.84,-0.3],[-49.76,-1.27],[-51.22,-0.75],[-50.84,-0.3]]]}},{"type":"Feature","properties":{},"geometry":{"type":"Polygon","coordinates":[[[-54.69,3.74],[-52.57,2.1],[-52.11,1.38],[-52.61,1.42],[-51.8,0.37],[-52.26,0.19],[-54.16,1.48],[-54.83,1.06],[-55.02,1.92],[-56.59,2.67],[-56.87,3.24],[-56.5,3.4],[-55.09,2.32],[-54.87,3.28],[-55.34,3.86],[-54.69,3.74]]]}},{"type":"Feature","properties":{},"geometry":{"type":"Polygon","coordinates":[[[117.06,19.96],[117.93,20.29],[117.95,19.03],[117.25,18.15],[116.31,18.21],[116,19.03],[117.06,19.96]]]}},{"type":"Feature","properties":{},"geometry":{"type":"Polygon","coordinates":[[[-52.26,5.6],[-50.9,4.04],[-48.57,-1.39],[-51.41,0.47],[-50.53,0.85],[-51.11,1.42],[-50.98,2.46],[-52.79,4.72],[-52.51,5.15],[-55.19,6.42],[-54.62,6.12],[-53.97,6.48],[-52.26,5.6]]]}},{"type":"Feature","properties":{},"geometry":{"type":"Polygon","coordinates":[[[-32.31,18.78],[-31.99,18.02],[-32.3,17.85],[-32.67,18.23],[-32.31,18.78]]]}},{"type":"Feature","properties":{},"geometry":{"type":"Polygon","coordinates":[[[132.6,40.97],[133.57,40.82],[133.47,40.41],[134.17,40.14],[133.66,38.5],[132.99,38.05],[133.01,38.76],[132.89,38.2],[132.32,38.39],[132.62,39.8],[132.08,40.17],[132.34,39.68],[131.7,39.49],[131.52,40],[131.94,39.79],[131.35,40.21],[132.6,40.97]]]}},{"type":"Feature","properties":{},"geometry":{"type":"Polygon","coordinates":[[[136.15,41.81],[136.89,41.37],[136.39,40.71],[135.5,40.81],[134.82,40.1],[134.43,40.71],[134.02,40.54],[134.82,41.42],[136.15,41.81]]]}},{"type":"Feature","properties":{},"geometry":{"type":"Polygon","coordinates":[[[21.55,18.29],[23.14,16.96],[21.91,17.39],[21.25,18.16],[21.55,18.29]]]}},{"type":"Feature","properties":{},"geometry":{"type":"Polygon","coordinates":[[[27.03,10.08],[26.2,10.36],[25.64,11.1],[25.8,11.69],[26.46,11.36],[27.03,10.08]]]}},{"type":"Feature","properties":{},"geometry":{"type":"Polygon","coordinates":[[[17.26,24.16],[15.87,23.06],[14.7,25.22],[15.16,25.4],[17.26,24.16]]]}},{"type":"Feature","properties":{},"geometry":{"type":"Polygon","coordinates":[[[23.18,21.43],[23.44,20.06],[22.69,21.5],[23.18,21.43]]]}},{"type":"Feature","properties":{},"geometry":{"type":"Polygon","coordinates":[[[34.25,34.85],[34.57,34.52],[33.81,34.59],[34.25,34.85]]]}},{"type":"Feature","properties":{},"geometry":{"type":"Polygon","coordinates":[[[11.02,30.71],[10.85,30.03],[10.24,30.33],[11.02,30.71]]]}},{"type":"Feature","properties":{},"geometry":{"type":"Polygon","coordinates":[[[15.58,33.6],[15.19,33.16],[13.37,32.9],[12.66,33.56],[15.02,34.32],[15.58,33.6]]]}},{"type":"Feature","properties":{},"geometry":{"type":"Polygon","coordinates":[[[136.19,42.16],[134.18,41.59],[134.05,41.04],[132.65,41],[132.66,41.5],[134.72,42.91],[138.01,43.33],[138.42,45.09],[139.06,45.29],[138.59,44.85],[139.07,44.52],[140.42,45.3],[141.56,46.96],[141.23,48.65],[141.64,49.34],[142.62,49.04],[142.23,49.68],[142.9,49.63],[143.97,47.75],[143.59,46.5],[142.92,46.21],[143.22,45.19],[142.88,44.42],[143.33,43.91],[142.87,43.32],[142.22,43.04],[142.35,43.78],[141.16,42.65],[141.07,43.1],[140.58,42.53],[139.25,42.36],[139.58,42.6],[138.83,42.81],[138.71,42.34],[139.18,42.05],[137.82,41.14],[137.23,41.45],[137.51,42.3],[136.19,42.16]]]}},{"type":"Feature","properties":{},"geometry":{"type":"Polygon","coordinates":[[[17.69,33.79],[15.71,33.66],[16.79,34.31],[17.69,33.79]]]}},{"type":"Feature","properties":{},"geometry":{"type":"Polygon","coordinates":[[[149.42,47.23],[149.73,47.26],[148.58,46.49],[149.42,47.23]]]}},{"type":"Feature","properties":{},"geometry":{"type":"Polygon","coordinates":[[[144.78,48.17],[147.42,46.7],[148.44,47.11],[148.18,46.56],[148.61,46.02],[147.05,45.59],[146.44,44.73],[143.62,45.19],[143.28,45.93],[144.41,45.96],[144.42,47.84],[144.78,48.17]]]}},{"type":"Feature","properties":{},"geometry":{"type":"Polygon","coordinates":[[[141.66,50.68],[141.36,50.31],[142.49,49.97],[141.3,49.47],[140.74,50.62],[141.66,50.68]]]}},{"type":"Feature","properties":{},"geometry":{"type":"Polygon","coordinates":[[[-12.82,38.42],[-12.86,37.7],[-13.6,37.19],[-12.8,37.73],[-12.36,37.31],[-13.74,37.04],[-13.88,37.56],[-12.82,38.42]]]}},{"type":"Feature","properties":{},"geometry":{"type":"Polygon","coordinates":[[[-15.85,38.59],[-15.75,38.14],[-14.18,38],[-14.94,37.56],[-16.06,38.14],[-15.85,38.59]]]}},{"type":"Feature","properties":{},"geometry":{"type":"Polygon","coordinates":[[[-15.41,41.65],[-13.44,40.62],[-15.04,41.04],[-15.74,41.6],[-15.41,41.65]]]}},{"type":"Feature","properties":{},"geometry":{"type":"Polygon","coordinates":[[[-81.59,35.89],[-79.72,35.04],[-78.65,33.06],[-79.88,33.49],[-79.48,33.91],[-80.11,33.66],[-80.19,34.14],[-80.78,34.23],[-80.39,34.49],[-81.67,35.13],[-81.17,35.55],[-81.69,35.47],[-81.59,35.89]]]}},{"type":"Feature","properties":{},"geometry":{"type":"Polygon","coordinates":[[[-8.09,40.13],[-7.26,40.46],[-6.45,40.08],[-7.19,39.27],[-6.14,39.4],[-7.03,39.06],[-6.86,38.37],[-6.08,38.9],[-6.49,37.46],[-6.94,37.5],[-6.8,38.06],[-7.41,37.72],[-7.17,38.77],[-8.74,37.86],[-7.73,38.6],[-9.03,38.54],[-8.61,38.98],[-9.59,38.62],[-11.69,38.92],[-8.09,40.13]]]}},{"type":"Feature","properties":{},"geometry":{"type":"Polygon","coordinates":[[[-8.13,42.61],[-7.82,42.35],[-8.35,42.34],[-8.08,42.07],[-9.31,40.83],[-8.09,40.98],[-8.71,40.6],[-7.84,40.49],[-8.09,40.13],[-11.63,39.04],[-10.65,39.71],[-11.47,39.82],[-10.63,40.35],[-10.25,40.14],[-10.51,40.51],[-10.01,40.6],[-9.56,41.82],[-8.13,42.61]]]}},{"type":"Feature","properties":{},"geometry":{"type":"Polygon","coordinates":[[[-29.26,46.79],[-28.85,46.18],[-29.91,46.67],[-29.26,46.79]]]}},{"type":"Feature","properties":{},"geometry":{"type":"Polygon","coordinates":[[[-83.78,38.72],[-83.63,37.52],[-84.4,38.66],[-83.78,38.72]]]}},{"type":"Feature","properties":{},"geometry":{"type":"Polygon","coordinates":[[[-107.47,48.41],[-107.26,48.16],[-107.99,48.08],[-107.47,48.41]]]}},{"type":"Feature","properties":{},"geometry":{"type":"Polygon","coordinates":[[[-84.4,39.79],[-83.82,39.51],[-84.18,39.11],[-83.38,39.59],[-84.11,38.66],[-84.56,39.17],[-84.4,39.79]]]}},{"type":"Feature","properties":{},"geometry":{"type":"Polygon","coordinates":[[[144.85,57],[145.61,55.53],[145.4,54.41],[147.5,51.4],[146.69,51.98],[145.59,51.81],[145.23,50.46],[146.48,49.08],[146.3,48.72],[145.48,49.43],[144.91,48.54],[144.57,49.23],[144.87,50.64],[144.42,51.41],[144.63,53.8],[143.96,54.38],[143.94,55.07],[143.96,56.03],[144.94,56.37],[144.31,56.94],[144.85,57]]]}},{"type":"Feature","properties":{},"geometry":{"type":"Polygon","coordinates":[[[-104.58,47.96],[-104.53,47.41],[-105.9,47.95],[-104.58,47.96]]]}},{"type":"Feature","properties":{},"geometry":{"type":"Polygon","coordinates":[[[138.41,62.15],[139.01,62.09],[137.95,61.72],[138.41,62.15]]]}},{"type":"Feature","properties":{},"geometry":{"type":"Polygon","coordinates":[[[1.53,43.12],[2.54,43.4],[1.44,43.3],[2.34,43.96],[1.25,44.15],[1.79,44.53],[1.34,44.98],[2.66,44.95],[2.99,45.38],[2.42,45.43],[2.85,45.88],[4.68,45.92],[5.2,45.21],[3.24,43.58],[1.53,43.12]]]}},{"type":"Feature","properties":{},"geometry":{"type":"Polygon","coordinates":[[[2.79,42.61],[1.56,42.19],[1.83,42.47],[1.24,42.36],[1.75,42.62],[1.04,42.59],[1.59,42.89],[0.99,42.92],[4.56,44.39],[4.44,42.91],[2.79,42.61]]]}},{"type":"Feature","properties":{},"geometry":{"type":"Polygon","coordinates":[[[18.19,46.62],[18.5,46.11],[17.58,46.52],[18.19,46.62]]]}},{"type":"Feature","properties":{},"geometry":{"type":"Polygon","coordinates":[[[-75.75,51.87],[-76.17,51.24],[-76.47,51.37],[-76.09,51.65],[-76.63,51.61],[-75.75,51.87]]]}},{"type":"Feature","properties":{},"geometry":{"type":"Polygon","coordinates":[[[19.75,47.2],[19.59,46.05],[18.54,46.79],[19.54,46.74],[19.31,47.05],[19.75,47.2]]]}},{"type":"Feature","properties":{},"geometry":{"type":"Polygon","coordinates":[[[-84.12,41.97],[-83.35,40.91],[-83.82,40.88],[-83.31,40.7],[-83.5,40.14],[-84.2,40.88],[-83.87,41.16],[-84.12,41.97]]]}},{"type":"Feature","properties":{},"geometry":{"type":"Polygon","coordinates":[[[-26.36,49.86],[-26.55,49.12],[-26.18,49.59],[-26.65,49.1],[-26.39,49.47],[-27.25,49.23],[-26.36,49.86]]]}},{"type":"Feature","properties":{},"geometry":{"type":"Polygon","coordinates":[[[-84.38,42.62],[-84.1,42.22],[-84.62,41.7],[-84.38,42.62]]]}},{"type":"Feature","properties":{},"geometry":{"type":"Polygon","coordinates":[[[-84.06,42.72],[-83.57,42.43],[-83.79,42.01],[-84.06,42.72]]]}},{"type":"Feature","properties":{},"geometry":{"type":"Polygon","coordinates":[[[4.48,48.43],[5,47.98],[4.71,47.74],[4.09,48.14],[4.48,48.43]]]}},{"type":"Feature","properties":{},"geometry":{"type":"Polygon","coordinates":[[[24.73,49.27],[24.92,48.84],[24.34,48.28],[24.22,48.9],[24.73,49.27]]]}},{"type":"Feature","properties":{},"geometry":{"type":"Polygon","coordinates":[[[-95.43,46.16],[-95.18,45.46],[-97.12,45.54],[-96.52,45.68],[-97.13,45.67],[-96.99,46.18],[-96.28,46.24],[-96.33,45.74],[-95.99,46.25],[-95.43,46.16]]]}},{"type":"Feature","properties":{},"geometry":{"type":"Polygon","coordinates":[[[-85.21,40.66],[-85.44,40.42],[-84.91,40.21],[-85.49,40.47],[-85.25,39.73],[-85.62,40.26],[-85.9,39.95],[-85.73,40.69],[-85.21,40.66]]]}},{"type":"Feature","properties":{},"geometry":{"type":"Polygon","coordinates":[[[-84.33,44.05],[-83.92,43.08],[-84.61,42.76],[-84.33,44.05]]]}},{"type":"Feature","properties":{},"geometry":{"type":"Polygon","coordinates":[[[-94.61,46.3],[-94.43,45.89],[-95.24,46.26],[-94.61,46.3]]]}},{"type":"Feature","properties":{},"geometry":{"type":"Polygon","coordinates":[[[27.67,50.24],[28.3,50.13],[27.35,49.5],[27.08,50.08],[27.67,50.24]]]}},{"type":"Feature","properties":{},"geometry":{"type":"Polygon","coordinates":[[[6.85,49.38],[7.05,49.1],[6.01,48.64],[6.52,48.59],[5.51,47.43],[4.54,47.43],[5.23,47.83],[4.88,48.58],[5.48,48.54],[5.17,48.8],[5.52,49.35],[6.85,49.38]]]}},{"type":"Feature","properties":{},"geometry":{"type":"Polygon","coordinates":[[[6.42,48.34],[8.09,48.35],[7.54,47.3],[6.88,47.11],[7.5,47],[6.46,46.83],[7.88,46.65],[8.39,46.04],[5.68,45.35],[5.4,45.69],[5.96,46.65],[5.75,46.93],[5.29,46.58],[5.5,46.97],[4.89,46.02],[5,47.02],[6.42,48.34]]]}},{"type":"Feature","properties":{},"geometry":{"type":"Polygon","coordinates":[[[8.39,46.04],[8.65,45.34],[9.62,44.88],[9.83,44.36],[9.12,44.46],[9.85,44.24],[9.73,43.65],[11.15,43.52],[11.08,42.87],[10.07,42.21],[10.96,41.94],[5,40.75],[6.22,41.91],[7.25,41.95],[7.79,42.54],[6.97,42.11],[5.3,42.63],[6.45,43.28],[6.35,43.65],[5.76,43.52],[6.11,43.84],[7.43,44.05],[7.38,44.96],[7.01,44.84],[6.81,45.49],[8.39,46.04]]]}},{"type":"Feature","properties":{},"geometry":{"type":"Polygon","coordinates":[[[27.58,50.71],[28.01,50.49],[27.17,50.51],[27.58,50.71]]]}},{"type":"Feature","properties":{},"geometry":{"type":"Polygon","coordinates":[[[-13.2,53.31],[-13.18,52.92],[-13.59,53.28],[-13.2,53.31]]]}},{"type":"Feature","properties":{},"geometry":{"type":"Polygon","coordinates":[[[-24.3,55.47],[-24.96,54.74],[-25.11,55.21],[-24.3,55.47]]]}},{"type":"Feature","properties":{},"geometry":{"type":"Polygon","coordinates":[[[-26.23,56.4],[-26.13,56.09],[-27.8,55.76],[-27.34,56.41],[-26.23,56.4]]]}},{"type":"Feature","properties":{},"geometry":{"type":"Polygon","coordinates":[[[-22.8,56.4],[-22.4,56.04],[-23.1,56.39],[-22.8,56.4]]]}},{"type":"Feature","properties":{},"geometry":{"type":"Polygon","coordinates":[[[-3.22,86.07],[-23.88,86.6],[-16.82,87],[-1.18,86.47],[-3.22,86.07]]]}},{"type":"Feature","properties":{},"geometry":{"type":"Polygon","coordinates":[[[-2.69,84.98],[-3.83,85.08],[-0.88,85.08],[-2.69,84.98]]]}},{"type":"Feature","properties":{},"geometry":{"type":"Polygon","coordinates":[[[-27.17,59.6],[-27.14,58.86],[-26.65,59.05],[-25.11,57.85],[-25.53,57.31],[-24.2,56.89],[-25.07,56.68],[-26.09,57.06],[-26.28,57.64],[-28.7,56.89],[-28.58,57.55],[-29.83,57.6],[-28.76,57.93],[-27.89,59.28],[-27.17,59.6]]]}},{"type":"Feature","properties":{},"geometry":{"type":"Polygon","coordinates":[[[-26.15,59.63],[-25.52,59.12],[-26.04,59.13],[-26.15,59.63]]]}},{"type":"Feature","properties":{},"geometry":{"type":"Polygon","coordinates":[[[63.53,63.37],[63.8,63.16],[62.96,63.07],[63.53,63.37]]]}},{"type":"Feature","properties":{},"geometry":{"type":"Polygon","coordinates":[[[-17.55,60.4],[-17,60.09],[-17.92,60.2],[-17.55,60.4]]]}},{"type":"Feature","properties":{},"geometry":{"type":"Polygon","coordinates":[[[-18.59,60.83],[-18.05,60.57],[-18.57,59.89],[-20.02,59.9],[-19.51,60.7],[-18.59,60.83]]]}},{"type":"Feature","properties":{},"geometry":{"type":"Polygon","coordinates":[[[20.23,60.15],[20.32,59.73],[20.61,60.13],[20.88,59.79],[19.84,59.44],[20.23,60.15]]]}},{"type":"Feature","properties":{},"geometry":{"type":"Polygon","coordinates":[[[6.32,80.13],[-0.45,82.27],[1.85,82.92],[0.6,83.11],[1,83.31],[-1.27,83.37],[-1.57,83.29],[0.12,83.16],[-1.82,82.73],[-0.2,82.59],[-3.18,82.64],[-15.53,83.86],[-11.77,84.33],[-8.38,84.06],[-10.09,84.34],[-9.66,84.46],[-2.51,84.09],[-5.36,84.38],[-4.09,84.77],[-4.55,84.76],[1.38,84.93],[-1.99,85.41],[3.07,85.45],[4.27,85.36],[2.51,85.17],[6.6,85.14],[6.3,85.02],[11.41,84.25],[9.69,83.82],[17.11,83.21],[12.6,82.5],[16.59,82.39],[19.49,83],[19.67,82.65],[6.32,80.13]]]}},{"type":"Feature","properties":{},"geometry":{"type":"Polygon","coordinates":[[[19.79,60.19],[20.05,59.86],[19.36,59.75],[19.79,60.19]]]}},{"type":"Feature","properties":{},"geometry":{"type":"Polygon","coordinates":[[[-18.8,62.02],[-18.49,61.91],[-19.1,61.75],[-18.8,62.02]]]}},{"type":"Feature","properties":{},"geometry":{"type":"Polygon","coordinates":[[[44.75,63.08],[45.35,62.87],[44.38,62.33],[43.8,62.65],[43.91,63.04],[44.75,63.08]]]}},{"type":"Feature","properties":{},"geometry":{"type":"Polygon","coordinates":[[[21.45,60.76],[21.79,60.48],[20.94,60.31],[21.45,60.76]]]}},{"type":"Feature","properties":{},"geometry":{"type":"Polygon","coordinates":[[[-33.35,64.73],[-32.94,63.73],[-32.45,63.62],[-33.85,63.43],[-35.64,64.24],[-33.35,64.73]]]}},{"type":"Feature","properties":{},"geometry":{"type":"Polygon","coordinates":[[[18.29,76.52],[18,76.94],[19.62,76.75],[18.29,76.52]]]}},{"type":"Feature","properties":{},"geometry":{"type":"Polygon","coordinates":[[[22.4,61.42],[22.75,61.34],[22.08,61.24],[22.4,61.42]]]}},{"type":"Feature","properties":{},"geometry":{"type":"Polygon","coordinates":[[[-7.89,56.56],[-6.93,55.72],[-8.51,55.74],[-7.95,55.68],[-8.77,56.1],[-7.89,56.56]]]}},{"type":"Feature","properties":{},"geometry":{"type":"Polygon","coordinates":[[[50.9,65.14],[52.59,64.6],[50.59,64.85],[50.9,65.14]]]}},{"type":"Feature","properties":{},"geometry":{"type":"Polygon","coordinates":[[[-14.12,63.04],[-13.8,62.94],[-14.44,62.84],[-14.12,63.04]]]}},{"type":"Feature","properties":{},"geometry":{"type":"Polygon","coordinates":[[[8.74,55.49],[8.92,55.1],[7.24,54.98],[8.74,55.49]]]}},{"type":"Feature","properties":{},"geometry":{"type":"Polygon","coordinates":[[[45.53,65.31],[46.17,64.94],[45.23,65.16],[45.53,65.31]]]}},{"type":"Feature","properties":{},"geometry":{"type":"Polygon","coordinates":[[[2.54,78.24],[3.93,78.22],[1.53,77.8],[2.54,78.24]]]}},{"type":"Feature","properties":{},"geometry":{"type":"Polygon","coordinates":[[[-0.77,77.79],[-2.51,78.32],[1.71,78.24],[-0.77,77.79]]]}},{"type":"Feature","properties":{},"geometry":{"type":"Polygon","coordinates":[[[130.42,78.53],[131.31,78.53],[129.78,78.41],[130.42,78.53]]]}},{"type":"Feature","properties":{},"geometry":{"type":"Polygon","coordinates":[[[-16.81,38.87],[-16.46,38],[-15.81,37.84],[-16.1,37.76],[-14.78,37.18],[-14.23,37.43],[-13.48,36.78],[-16.52,36.34],[-17.74,35.35],[-18.26,35.7],[-17.88,36.5],[-18.19,36.39],[-16.56,37.12],[-16.37,36.71],[-15.55,37.04],[-16.95,37.15],[-16.5,37.76],[-20.12,36.41],[-20.72,36.71],[-20.95,36.23],[-21.92,36.12],[-22.89,34.82],[-22.36,34.15],[-22.06,34.45],[-22.08,33.96],[-23.17,34],[-23.27,34.36],[-23.45,33.93],[-24.2,33.94],[-21.22,36.94],[-16.81,38.87]]]}},{"type":"Feature","properties":{},"geometry":{"type":"Polygon","coordinates":[[[-13.99,-26.23],[-16.83,-30.57],[-15.58,-28.73],[-16.35,-28.33],[-16.11,-28.68],[-17.03,-30.15],[-17.26,-31.56],[-18.53,-33.25],[-20.46,-33.69],[-22.19,-33.41],[-22.85,-32.8],[-22.58,-31.87],[-22.94,-32.08],[-22.88,-33.42],[-21.42,-34.16],[-21.31,-35.04],[-29.18,-33.27],[-30.9,-32.58],[-32.34,-29.96],[-35.89,-25.38],[-36.23,-23.49],[-35.9,-21.63],[-36.47,-19.13],[-29.81,-22.15],[-23.14,-24.47],[-13.99,-26.23]]]}},{"type":"Feature","properties":{},"geometry":{"type":"Polygon","coordinates":[[[-25.43,-37.2],[-26.01,-37.03],[-25.53,-37.62],[-25.84,-37.57],[-25.64,-39.17],[-28.29,-39.37],[-27.99,-40.6],[-27.39,-40.9],[-26.77,-40.46],[-26.52,-41.14],[-27.84,-41.17],[-27.14,-41.41],[-27.99,-42.18],[-27.93,-43.47],[-29.29,-43.99],[-29.72,-44.85],[-28.73,-45.65],[-27.68,-45.74],[-27.55,-46.48],[-30.12,-49.4],[-29.97,-50.53],[-28.99,-51.09],[-31.28,-51.73],[-31.32,-52.91],[-32.64,-52.54],[-31.93,-52.58],[-31.48,-51.91],[-31.99,-51.62],[-33.28,-51.72],[-33.21,-52.22],[-33.69,-52.26],[-33.27,-51.75],[-34.06,-52.02],[-34.26,-51.35],[-33.35,-51.49],[-33.33,-51.16],[-33.03,-51.39],[-33.39,-51.67],[-32.98,-51.64],[-33.07,-50.95],[-33.82,-50.48],[-33.15,-50.92],[-33.94,-50.84],[-33.49,-51.08],[-33.74,-51.35],[-34.02,-50.91],[-33.8,-51.43],[-34.54,-50.95],[-34.37,-50.5],[-35.02,-50.29],[-34.25,-49.97],[-34.51,-49.69],[-34.84,-50.2],[-34.93,-49.72],[-35.65,-49.63],[-34.81,-49.63],[-35.43,-49.02],[-34.76,-49.04],[-35.26,-48.45],[-35.58,-48.8],[-35.75,-48.22],[-35.38,-48.12],[-35.75,-48.02],[-35.29,-47.79],[-36.14,-47.46],[-34.78,-47.33],[-35.33,-46.92],[-36.27,-47.18],[-35.74,-47],[-36.14,-46.86],[-35.72,-46.55],[-36.04,-46.18],[-37.44,-46.35],[-36.7,-45.3],[-36.07,-45.23],[-35.66,-45.97],[-35.19,-44.99],[-35.57,-45.14],[-35.56,-44.8],[-34.89,-44.71],[-35.64,-44.55],[-34.86,-43.77],[-35.63,-43.51],[-35.2,-41.85],[-35.55,-41.62],[-35.08,-41.76],[-35.67,-41.24],[-35.16,-40.78],[-36.56,-41.17],[-36.83,-39.44],[-36.43,-38.77],[-37.26,-36.79],[-36.77,-36.52],[-35.8,-32.81],[-36.38,-28.28],[-35.85,-24.37],[-32.31,-28.93],[-29.46,-33.94],[-25.43,-37.2]]]}},{"type":"Feature","properties":{},"geometry":{"type":"Polygon","coordinates":[[[-36.55,10.59],[-34.57,10.79],[-33.38,10.27],[-31.97,10.83],[-32.6,10.95],[-30.21,11.22],[-31.24,10.91],[-30.62,10.24],[-29.12,10],[-29.17,9.11],[-28.23,9.2],[-26.79,8.32],[-26.64,7.14],[-26.36,7.63],[-25.13,6.64],[-23.04,6.99],[-20.89,6.59],[-19.1,5.38],[-18.61,3.77],[-17.56,2.78],[-18.93,0.77],[-18.28,1.31],[-18.58,0.6],[-17.98,1.23],[-15.92,1.17],[-16.31,-0.01],[-17.84,-0.6],[-16.73,-0.29],[-16.81,-0.75],[-15.79,0],[-15.43,0.95],[-14.35,0.87],[-12.82,0.37],[-12.8,-0.07],[-12.35,0.29],[-12.07,-0.01],[-12.2,-0.54],[-11.79,-0.58],[-12.14,-1.59],[-11.72,-0.73],[-11.6,-1.09],[-10.81,-0.51],[-9.63,-0.92],[-7.37,-0.81],[-4.43,-2.71],[-2.51,-3.13],[-1.93,-5.62],[-4.78,-10.39],[-5.28,-10.86],[-5.49,-10.48],[-5.56,-15.56],[-7.08,-19.99],[-8.01,-21.04],[-10.37,-21.15],[-13.91,-23.92],[-14.44,-23.86],[-14.04,-24.04],[-14.47,-24.65],[-14.12,-24.69],[-14.11,-26.61],[-23.23,-24.63],[-29.83,-22.15],[-36.41,-18.96],[-37.71,-17.44],[-42.34,-15.15],[-45.86,-9],[-46.99,-7.57],[-48.16,-6.97],[-47.94,-6.43],[-48.43,-5.19],[-47.31,-4.25],[-47.03,-3.38],[-47.29,-3.15],[-47.55,-3.6],[-48.34,-3.1],[-47.64,-0.09],[-46.59,0.39],[-46.3,1.34],[-41.98,3.69],[-40.71,7.21],[-37.82,10.19],[-36.55,10.59]]]}},{"type":"Feature","properties":{},"geometry":{"type":"Polygon","coordinates":[[[-46.44,7.08],[-45.63,6.3],[-45.82,6.94],[-44.54,7.84],[-44.23,9.25],[-42.28,9.81],[-40.72,11.04],[-40.16,10.65],[-40.98,10.13],[-40.57,9.29],[-41.08,8.37],[-40.63,7.63],[-39.98,8.32],[-40.58,9.38],[-39.07,10.08],[-39.08,10.84],[-38.64,10.12],[-37.24,9.59],[-38.51,8.95],[-41.5,6.07],[-42.9,2.6],[-47.3,0.42],[-45.72,2.3],[-46.25,2.58],[-46.14,4.93],[-46.94,5.78],[-46.44,7.08]]]}},{"type":"Feature","properties":{},"geometry":{"type":"Polygon","coordinates":[[[-21.56,-34.42],[-20.93,-35.07],[-21.58,-36.35],[-25.59,-37.68],[-29.28,-34.87],[-31.13,-32.07],[-21.56,-34.42]]]}},{"type":"Feature","properties":{},"geometry":{"type":"Polygon","coordinates":[[[-72.14,35.52],[-71.75,35.44],[-71.8,36],[-72.54,36.02],[-73.4,38.44],[-72.2,38.99],[-70.64,38.08],[-68.76,34.87],[-68.42,33.43],[-68.84,32.35],[-72.14,35.52]]]}},{"type":"Feature","properties":{},"geometry":{"type":"Polygon","coordinates":[[[-73.4,38.44],[-72.85,39.64],[-73.06,40.98],[-71.78,44.26],[-71.27,44.24],[-71.83,44.31],[-71.46,44.67],[-71.73,44.94],[-71.29,44.94],[-71.76,44.97],[-71.92,46.47],[-70.12,46],[-70.69,45.27],[-70.03,45.79],[-70.02,45.35],[-70.53,44.9],[-69.75,45.28],[-69.91,46.64],[-68.96,46.93],[-68.98,45.49],[-67.23,45.23],[-66.38,43.99],[-64.25,43.59],[-65.07,41.96],[-69.71,40.42],[-73.4,38.44]]]}},{"type":"Feature","properties":{},"geometry":{"type":"Polygon","coordinates":[[[-77.95,33.22],[-78.23,33.53],[-77.59,33.51],[-77.95,33.22]]]}},{"type":"Feature","properties":{},"geometry":{"type":"Polygon","coordinates":[[[-77.13,33.91],[-78.19,33.66],[-78.17,34.52],[-78.21,34.06],[-78.75,34.05],[-78.47,34.72],[-78.94,34.33],[-79.32,34.71],[-78.82,35.09],[-79.45,35.01],[-78.74,35.55],[-79.14,35.87],[-79.49,35.08],[-80.32,35.33],[-79.66,35.8],[-80.21,35.46],[-80.47,35.69],[-80.11,36.01],[-81.08,35.86],[-80.45,36.04],[-81.27,36.29],[-80.3,36.67],[-81.22,36.49],[-81.19,36.88],[-80.54,37.19],[-80.27,36.78],[-80.4,37.16],[-79.88,37.2],[-80.55,37.41],[-80.03,37.38],[-77.65,35.23],[-77.13,33.91]]]}},{"type":"Feature","properties":{},"geometry":{"type":"Polygon","coordinates":[[[-80.34,37.54],[-81.46,37.29],[-80.98,37.71],[-81.4,38.1],[-80.34,37.54]]]}},{"type":"Feature","properties":{},"geometry":{"type":"Polygon","coordinates":[[[-66.09,33.42],[-66.28,32.9],[-68.53,32.79],[-68.49,34.14],[-70.22,37.53],[-72.2,38.99],[-69.71,40.42],[-65.07,41.96],[-64.25,43.59],[-63.61,43.53],[-62.82,43.22],[-65.02,37.6],[-66.09,33.42]]]}},{"type":"Feature","properties":{},"geometry":{"type":"Polygon","coordinates":[[[-66.2,33.34],[-66.12,32.67],[-66.7,32.8],[-67.78,34.1],[-68.84,34.45],[-67.53,39.15],[-65.24,44.76],[-63.34,44.21],[-63.75,42.9],[-61.84,41.45],[-63.64,37.81],[-65.39,36.17],[-66.2,33.34]]]}},{"type":"Feature","properties":{},"geometry":{"type":"Polygon","coordinates":[[[-62.46,30.33],[-65.21,31.12],[-66.12,32.39],[-67.58,33.25],[-66.61,36.72],[-64.73,38.27],[-62.92,40.87],[-62.64,41.82],[-64.43,43.36],[-63.9,44.64],[-62.8,44.67],[-60.62,40.47],[-59.98,37.73],[-60.25,34.4],[-62.11,32.17],[-62.46,30.33]]]}},{"type":"Feature","properties":{},"geometry":{"type":"Polygon","coordinates":[[[-42.02,25.45],[-42.99,25.35],[-42.08,25.18],[-42.5,24.81],[-42.02,24.08],[-42.67,24.75],[-43.01,24.34],[-43.79,24.57],[-44.39,25.33],[-44.88,25.1],[-46.28,25.8],[-47.26,25.32],[-46.94,25.47],[-47.39,25.69],[-47.31,25.33],[-48.97,24.64],[-48.55,24.83],[-49.19,25],[-49,24.68],[-49.84,24.47],[-50.19,23.75],[-50.51,23.94],[-50.2,22.37],[-50.75,21.5],[-50.55,21.86],[-50.91,21.88],[-51.51,18.56],[-50.63,15.71],[-49.5,14.74],[-49.05,13.6],[-49.66,13.78],[-51.14,15.22],[-52.63,19.17],[-53.05,24.69],[-46.71,27.12],[-44.18,26.66],[-42.02,25.45]]]}},{"type":"Feature","properties":{},"geometry":{"type":"Polygon","coordinates":[[[-48.67,11.75],[-49.73,12.61],[-51.21,12.09],[-52.68,12.64],[-59.02,17.14],[-59.53,18.34],[-59.06,18.43],[-58.83,19.29],[-59.22,20.6],[-60.89,23.35],[-61.91,24.03],[-61.76,24.97],[-63.69,27.28],[-64.52,29.74],[-61.67,26.69],[-60.06,25.64],[-55.93,23.16],[-53.18,22.57],[-51.59,16.15],[-51.14,15.22],[-47.72,11.92],[-48.67,11.75]]]}},{"type":"Feature","properties":{},"geometry":{"type":"Polygon","coordinates":[[[-48.16,14.36],[-45.87,14.18],[-44.5,16.44],[-43.97,16.6],[-41.06,16.27],[-42.24,14.72],[-41.95,14.57],[-42.59,13.29],[-42.67,13.97],[-43.09,13.54],[-43.15,12.12],[-44.08,11.17],[-43.82,11.01],[-47.14,11.5],[-48.43,13.28],[-48.16,14.36]]]}},{"type":"Feature","properties":{},"geometry":{"type":"Polygon","coordinates":[[[-63.11,27.82],[-63.11,25.98],[-60.69,22.35],[-60.13,19.91],[-59.02,18.89],[-59.51,18.37],[-61.52,20.57],[-61.31,21.42],[-62.18,22.8],[-62.66,22.59],[-63.86,23.75],[-62.85,23.55],[-62.83,24.41],[-64.22,25.82],[-65.29,29.39],[-66.28,30.4],[-68.19,31.16],[-69.45,34.34],[-67,31.69],[-64.61,30.26],[-63.11,27.82]]]}},{"type":"Feature","properties":{},"geometry":{"type":"Polygon","coordinates":[[[-64.52,29.74],[-64.36,30.17],[-65.95,31.16],[-67.29,33.69],[-68.85,34.7],[-68.5,35.12],[-67.68,35.41],[-65.64,34.94],[-64.18,33.31],[-62.18,32.26],[-61.29,30.97],[-58.57,30.14],[-56.89,28.96],[-56.33,27.89],[-56.45,23.59],[-61.67,26.69],[-64.52,29.74]]]}},{"type":"Feature","properties":{},"geometry":{"type":"Polygon","coordinates":[[[-49.99,83.69],[-48.19,84.27],[-48.71,84.5],[-45.44,84.34],[-44.95,84.46],[-46.95,84.54],[-39.43,84.96],[-33.35,85.06],[-27.9,84.56],[-30.05,84.42],[-21.92,84.24],[-32.6,82.92],[-35.02,82.81],[-34.01,82.85],[-36.39,83.28],[-43.14,82.59],[-49.99,83.69]]]}},{"type":"Feature","properties":{},"geometry":{"type":"Polygon","coordinates":[[[-42.89,82.52],[-40.48,82.66],[-40.86,82.73],[-36.6,82.36],[-41.43,82.37],[-38.62,82.16],[-38.94,82.04],[-32.96,82.33],[-22.26,81.5],[-23.37,81.36],[-23.03,80.92],[-28.11,80.49],[-28.54,80.17],[-27.99,79.72],[-28.55,79.24],[-33.81,78.05],[-34.34,77.35],[-36.23,77.42],[-35.88,77.65],[-36.59,77.8],[-37.34,77.62],[-36.69,77.31],[-43.37,77.07],[-58.06,73.51],[-61.29,74.27],[-63.44,76.57],[-63.45,77.03],[-62.69,77.28],[-57.92,78.05],[-50.46,80.47],[-42.33,81.57],[-42.03,81.91],[-42.89,82.52]]]}},{"type":"Feature","properties":{},"geometry":{"type":"Polygon","coordinates":[[[-25.88,33.33],[-26.93,31.94],[-27.5,32.68],[-27.19,31.47],[-28.25,30.27],[-27.82,31.08],[-28.32,32.04],[-27.79,32.71],[-28.47,32.47],[-28.42,31.23],[-29.26,31.76],[-28.38,31.06],[-28.96,31.24],[-28.6,30.2],[-29.14,30.51],[-28.33,30.09],[-28.12,28.92],[-28.35,29.88],[-28.3,29.22],[-29.17,29.22],[-28.32,28.77],[-29.45,28.75],[-29.06,28.5],[-29.57,28.31],[-29,28.13],[-33.59,26.33],[-34.43,25.07],[-33.81,20.62],[-34.47,19.06],[-35.12,19.14],[-35.56,19.97],[-35.45,20.78],[-35.76,20.65],[-36.21,21.66],[-35.85,22.07],[-36.29,22.06],[-35.87,23.04],[-37.11,24.56],[-38.32,24.19],[-38.41,24.86],[-39.27,25.08],[-38.96,25.13],[-40.72,25.13],[-40.58,25.71],[-40.81,25.24],[-41.89,25.4],[-44.18,26.66],[-36.38,27.55],[-33.23,29.09],[-29,32.22],[-25.88,33.33]]]}},{"type":"Feature","properties":{},"geometry":{"type":"Polygon","coordinates":[[[-55.26,13.8],[-52.22,11.89],[-51.33,10.01],[-54.16,7.07],[-55.68,6.94],[-55.87,7.49],[-56,6.88],[-56.26,7.81],[-55.68,8.26],[-56.19,10.91],[-55.82,10.72],[-55.66,11.16],[-56.67,11.56],[-58.51,13.92],[-59.21,16.64],[-58.26,16.36],[-57.47,15.2],[-55.26,13.8]]]}},{"type":"Feature","properties":{},"geometry":{"type":"Polygon","coordinates":[[[-28.57,63.67],[-29.26,63.59],[-28.9,63.02],[-29.45,62.51],[-27.53,63.18],[-27.15,62.57],[-28.03,61.92],[-27.81,60.94],[-24.43,62.42],[-24.94,62.76],[-24.57,63.34],[-22.35,62.76],[-23.15,62.78],[-22,62.12],[-22.71,62.01],[-22.28,61.69],[-23.45,61.66],[-23.04,61.5],[-23.42,61.52],[-23,60.56],[-23.47,60.15],[-25.28,59.75],[-25.36,60.36],[-26.37,60.48],[-25.85,60.45],[-25.75,59.61],[-27.76,60.34],[-27.31,59.87],[-28.96,59.26],[-30.48,60.22],[-31.79,60.4],[-28.76,59.14],[-30.17,58.25],[-31.7,58.54],[-32.7,57.91],[-35.12,58.87],[-32.75,57.83],[-33.04,57.44],[-34.43,57.57],[-34.1,57.27],[-36.11,56.94],[-35.75,56.63],[-36.8,56.46],[-36.4,56.33],[-37.97,55.17],[-38.58,54.32],[-37.17,53.76],[-37.16,52.32],[-37.6,51.94],[-35.67,51.93],[-31.77,49.26],[-29.46,48.81],[-30.14,46.65],[-29,44.82],[-28.52,44.59],[-27.96,45.02],[-27.71,44.47],[-27.7,45.08],[-27.03,45.59],[-26.96,47.24],[-27.45,47.97],[-25.57,48.35],[-24.16,49.34],[-24.02,50.95],[-25.1,51.78],[-23.51,52.9],[-23.79,53.34],[-23.4,53.76],[-23.99,53.78],[-23.09,54.42],[-23.35,55.21],[-22.61,55.44],[-20.52,54.65],[-19.71,54.93],[-18.77,54.18],[-18.94,53.89],[-18.36,53.86],[-18.58,53.42],[-16.94,53.12],[-17.36,52.16],[-18.46,52.3],[-17.47,52.06],[-17.72,51.43],[-17.26,51.12],[-18.44,50.85],[-17.05,50.95],[-16.69,50.52],[-17.92,49.84],[-16.53,50.54],[-16.49,49.86],[-15.14,50.65],[-15.01,50.08],[-14.82,50.67],[-14.21,50.73],[-14.52,51],[-13.91,51.06],[-14.21,51.45],[-13.15,51.84],[-13.47,51.65],[-12.63,50.71],[-13.24,50.6],[-12.36,50.18],[-13.07,49.84],[-12.18,49.93],[-12.94,49.5],[-12.17,49.62],[-12.42,49.39],[-11.86,49.04],[-12.42,48.96],[-11.56,48.47],[-11.93,48.02],[-12.63,48.25],[-11.92,47.94],[-12.41,47.91],[-11.34,46.87],[-11,47.07],[-11.47,46.32],[-10.64,46.6],[-10.86,46.39],[-10.38,46.39],[-10.89,46.02],[-10.15,46.44],[-10.21,46.03],[-8.79,45.65],[-11.89,44.6],[-8.97,45.28],[-8.98,44.53],[-7.85,44.52],[-7.84,43.81],[-8.18,43.84],[-7.84,43.59],[-8.5,43.63],[-7.8,43.17],[-9.06,42.49],[-10.52,42.67],[-10.89,41.98],[-11.97,41.53],[-17.3,42.19],[-18.28,41.34],[-19.86,40.98],[-22.12,39.32],[-17.35,41.11],[-15.65,40.46],[-16.04,40.6],[-15.75,40.22],[-16.72,39.84],[-18.05,39.97],[-16.29,39.51],[-16.81,38.87],[-21.22,36.94],[-24.2,33.94],[-25.46,33.83],[-29,32.22],[-33.23,29.09],[-36.38,27.55],[-41.65,26.7],[-47.3,27.02],[-53.05,24.69],[-53.18,22.57],[-55.93,23.16],[-56.45,23.59],[-56.58,24.66],[-56.52,28.49],[-58.32,29.87],[-58.59,30.6],[-58.18,31.98],[-56.13,34.7],[-56.24,39.29],[-58.27,43.3],[-60.53,51.09],[-64.29,54.68],[-65.01,55.97],[-65.86,60.04],[-64.23,61.32],[-63.58,63.72],[-65.34,65.24],[-68.43,66.8],[-67.81,68.73],[-66.51,69.63],[-67.07,70.24],[-65.72,69.76],[-65.56,70.38],[-63.44,70.56],[-63.02,70.28],[-63.85,70.12],[-58.37,70.2],[-61.89,69.72],[-60.58,69.87],[-61.12,69.39],[-59.79,69.82],[-56.38,69.74],[-56.94,69.93],[-56.48,70.19],[-56.51,68.99],[-56.07,68.66],[-54.1,69.28],[-55.14,68.5],[-52.3,68.47],[-50.1,67.12],[-47.9,66.55],[-47.52,65.96],[-49.57,65.81],[-49.21,65.6],[-44.82,64.99],[-44.27,64.58],[-44.46,64.21],[-44.04,64.44],[-43.82,64.01],[-44.46,63.99],[-44.02,63.03],[-44.14,63.51],[-43.24,63.74],[-43.41,64.47],[-40.69,64.89],[-43.58,65.03],[-40.81,65.24],[-40.2,63.97],[-39.42,64.14],[-38.82,63.5],[-35.89,63.02],[-35.53,63.68],[-34.8,63.72],[-33.83,63.28],[-34.34,63.04],[-33.47,63.19],[-34.57,62.49],[-33.91,62.06],[-33.33,62.92],[-31.25,63.17],[-31.59,63.2],[-31.24,63.64],[-32.13,63.44],[-30.66,64.02],[-31.28,64.03],[-32.33,64.97],[-31.23,65.41],[-31.76,65.59],[-31.2,66.02],[-29.25,66.31],[-29.57,66.46],[-28.72,66.1],[-29.12,65.17],[-28.62,64.37],[-30.14,64.1],[-28.57,63.67]]]}},{"type":"Feature","properties":{},"geometry":{"type":"Polygon","coordinates":[[[-84.57,40.85],[-84.9,40.42],[-85.22,40.79],[-84.85,41.44],[-85.1,41.18],[-85.36,41.69],[-85.22,40.95],[-85.77,40.87],[-86.11,42.13],[-85.79,44.06],[-86.96,45.59],[-88.63,46.91],[-90.54,47.27],[-89.98,47.49],[-91.68,47.77],[-94.85,47.35],[-94.57,46.79],[-95.82,46.6],[-99.92,46.9],[-100.39,46.57],[-102.72,47.19],[-102.65,47.51],[-104.57,47.62],[-102.5,47.8],[-101.7,47.11],[-101.23,47.52],[-98.39,47.36],[-96.46,48.17],[-97.57,48.38],[-97.21,48.8],[-98.19,48.48],[-97.98,49.14],[-98.39,49.4],[-94.2,50.01],[-88.23,48.89],[-86.81,48.25],[-84.73,46.05],[-84.57,40.85]]]}},{"type":"Feature","properties":{},"geometry":{"type":"Polygon","coordinates":[[[-92.93,46.93],[-91.71,47.52],[-90.85,47.4],[-92.93,46.93]]]}},{"type":"Feature","properties":{},"geometry":{"type":"Polygon","coordinates":[[[-72.9,43.25],[-72.45,43.33],[-72.88,43.28],[-72.77,45.01],[-74.79,48.03],[-75.93,48.87],[-75.68,49.11],[-75.01,48.34],[-75.66,49.13],[-74.94,49.64],[-76.15,49.12],[-76.43,49.82],[-75.47,49.9],[-76.42,50.29],[-76.16,50.51],[-76.06,50.1],[-76.13,50.5],[-74.75,50.96],[-75.64,50.73],[-74.8,51.51],[-76.29,50.7],[-75.47,51.71],[-76.23,52.05],[-76.72,51.72],[-75.68,52.18],[-76.38,53.66],[-75.95,53.6],[-76.09,54.07],[-75.7,53.68],[-75.98,54.1],[-75.56,54.09],[-76.04,54.32],[-75.49,54.35],[-76.08,54.48],[-75.37,54.79],[-76.32,54.95],[-75.7,56.04],[-76.35,55.35],[-76.13,57.07],[-76.74,60.54],[-72.41,58.9],[-71.67,58.03],[-72.68,56.91],[-72.77,56.11],[-72.1,54.05],[-70.37,52.64],[-70.21,48.74],[-70.58,47.18],[-70.15,44.71],[-71.91,41.3],[-73.41,41.87],[-72.9,43.25]]]}},{"type":"Feature","properties":{},"geometry":{"type":"Polygon","coordinates":[[[-71.67,58.03],[-70.61,56.34],[-70.58,52.85],[-72.1,54.05],[-72.77,56.11],[-72.68,56.91],[-71.67,58.03]]]}},{"type":"Feature","properties":{},"geometry":{"type":"Polygon","coordinates":[[[-73.78,68.11],[-73.67,66.56],[-70.68,65.32],[-68.78,63.82],[-69.26,61.41],[-70.81,60.1],[-70.83,59.56],[-69.41,55.41],[-65.02,51.25],[-62.8,44.67],[-68.87,46.02],[-70.08,46.98],[-69.28,51.76],[-70.4,53.46],[-71.21,56.84],[-74.36,62.37],[-80.59,66.58],[-86.2,69.17],[-84.2,69.64],[-75.48,69.61],[-72.97,70.28],[-72.33,69.68],[-73.78,68.11]]]}},{"type":"Feature","properties":{},"geometry":{"type":"Polygon","coordinates":[[[-86.06,42.22],[-86.53,42.91],[-85.95,43.17],[-86.06,42.22]]]}},{"type":"Feature","properties":{},"geometry":{"type":"Polygon","coordinates":[[[-85.81,42.88],[-88.53,44.66],[-88.4,45.15],[-89.21,45.97],[-88.55,46.12],[-89.74,46.44],[-89.21,46.71],[-90.23,46.68],[-90.14,46.16],[-90.87,45.96],[-91.25,46.42],[-92.97,46.25],[-93.47,46.64],[-90.9,47.27],[-90.34,46.79],[-90.54,47.27],[-88.63,46.91],[-85.79,44.06],[-85.81,42.88]]]}},{"type":"Feature","properties":{},"geometry":{"type":"Polygon","coordinates":[[[-71.67,58.03],[-72.41,58.9],[-71.82,58.69],[-71.67,58.03]]]}},{"type":"Feature","properties":{},"geometry":{"type":"Polygon","coordinates":[[[9.82,57.29],[10.94,56.64],[9.67,57.03],[9.82,57.29]]]}},{"type":"Feature","properties":{},"geometry":{"type":"Polygon","coordinates":[[[10.38,57.46],[11.07,57.09],[9.62,57.38],[10.38,57.46]]]}},{"type":"Feature","properties":{},"geometry":{"type":"Polygon","coordinates":[[[63.19,70.12],[63.89,69.82],[63.04,69.79],[63.19,70.12]]]}},{"type":"Feature","properties":{},"geometry":{"type":"Polygon","coordinates":[[[-41.57,70.42],[-42.86,69.73],[-41.09,69.89],[-40.13,69.36],[-41.1,69.05],[-38.71,69.31],[-38.43,68.9],[-39.14,67.88],[-38.35,68.07],[-37.37,69.32],[-36.03,69.11],[-35.82,68.56],[-37.35,66.93],[-37.1,66.36],[-35.61,65.66],[-35.88,65.27],[-38,65.56],[-38.34,64.96],[-37.26,65.21],[-37.16,64.8],[-38.41,64.64],[-40.05,65.05],[-39.69,65.18],[-40.76,65.5],[-40.58,65.81],[-43.26,65.49],[-46.94,65.91],[-46.26,66.56],[-48.56,67.34],[-48.55,67.93],[-48,67.98],[-43.44,67.25],[-44.82,68.01],[-47.91,68.51],[-48.02,68.98],[-44.67,68.91],[-47.58,69.56],[-45.89,70.29],[-41.57,70.42]]]}},{"type":"Feature","properties":{},"geometry":{"type":"Polygon","coordinates":[[[45.52,67.43],[46.7,67.35],[46.15,67.06],[46.65,67.14],[46.23,66.93],[46.59,66.68],[46.17,66.68],[46.81,66.05],[49.56,65.06],[46.56,64.82],[46.31,65.1],[46.83,65.2],[45.93,65.54],[44.58,65.34],[44.14,65.83],[44.77,65.9],[44.92,66.47],[44.47,66.46],[45.14,66.59],[44.17,66.66],[45.52,67.43]]]}},{"type":"Feature","properties":{},"geometry":{"type":"Polygon","coordinates":[[[9.57,57.86],[10.57,57.54],[9.03,57.64],[9.57,57.86]]]}},{"type":"Feature","properties":{},"geometry":{"type":"Polygon","coordinates":[[[57.01,69.24],[57.42,69.17],[56.32,68.83],[55.95,69.15],[57.01,69.24]]]}},{"type":"Feature","properties":{},"geometry":{"type":"Polygon","coordinates":[[[-34.39,69.39],[-34.2,69.11],[-35.67,68.61],[-36.09,69.4],[-34.39,69.39]]]}},{"type":"Feature","properties":{},"geometry":{"type":"Polygon","coordinates":[[[-17.84,66.44],[-15.93,65.88],[-15.66,65.23],[-18.13,65.41],[-18.5,66.08],[-17.84,66.44]]]}},{"type":"Feature","properties":{},"geometry":{"type":"Polygon","coordinates":[[[-19.06,57.12],[-21.29,56.91],[-22.31,57.58],[-21.17,58.23],[-18.27,57.79],[-18.68,58.58],[-16.43,59.42],[-16.62,60.6],[-17.14,60.7],[-16.79,60.92],[-17.89,61.45],[-18.92,61.24],[-17.85,61.65],[-18.41,62.08],[-18,62.14],[-18.74,62.21],[-18.35,62.53],[-18.98,62.36],[-18.71,62.8],[-19.22,62.89],[-19.28,63.41],[-19.96,63.16],[-19.52,63.04],[-19.73,62.62],[-21.65,63.16],[-21.35,62.68],[-22.42,63.48],[-21.75,62.98],[-24.64,63.51],[-25,63.82],[-24.64,64.06],[-25.98,63.99],[-26.41,64.97],[-24.69,64.58],[-26.42,65.26],[-26.05,65.81],[-22.92,67.14],[-20.78,66.93],[-23,66.13],[-23.4,65.45],[-22.94,64.59],[-24.56,64.55],[-23.09,64.53],[-23.29,64.26],[-22.37,64.89],[-23.14,65.42],[-21.89,65.33],[-22.4,65.77],[-22.11,66.2],[-18.59,66.51],[-18.58,65.46],[-19.76,64.73],[-18.48,65.19],[-18.09,64.89],[-18.5,64.62],[-18.1,64.79],[-17.67,64.27],[-18.08,64.84],[-17.23,64.7],[-17.65,65.06],[-16.8,65.21],[-15.41,64.74],[-16.59,64.06],[-15.05,64.13],[-16.08,63.98],[-15.6,63.88],[-16.23,63.46],[-14.83,63.89],[-15.57,63.61],[-14.96,63.7],[-15.5,63.22],[-14.22,63.69],[-13.49,63.18],[-14.86,62.68],[-13.25,62.94],[-14.58,62.44],[-13.94,62.49],[-14.51,62.02],[-12.86,62.7],[-13.61,62.36],[-12.61,62.57],[-11.96,62.2],[-13.55,61.9],[-13.87,61.75],[-12.4,61.9],[-13.65,61.48],[-11.98,62.01],[-11.53,61.56],[-13.73,61.42],[-11.48,60.86],[-13.11,61.15],[-12.5,60.94],[-13.28,60.78],[-12.61,60.88],[-12.33,60.71],[-12.97,60.66],[-12.49,60.49],[-13.64,60.66],[-11.87,60.06],[-12.82,60],[-11.75,59.72],[-11.96,59.38],[-11.53,59.6],[-11.8,59.18],[-10.68,59.45],[-11.19,59.16],[-10.6,59.26],[-10.39,58.76],[-10.99,58.85],[-10.43,58.68],[-11.08,58.49],[-9.77,58.67],[-10.52,58.24],[-9.11,58.32],[-8.71,57.84],[-10.01,57.69],[-9.43,57.29],[-10.21,57.48],[-9.76,57.12],[-10.14,57.27],[-10.12,56.92],[-10.63,57.34],[-11.02,56.32],[-12.17,57.32],[-11.08,57.82],[-12.37,57.55],[-11.89,57.95],[-12.39,57.72],[-12.73,58.26],[-13.61,58.41],[-13.09,58.15],[-13.69,58.29],[-13.27,57.74],[-14.16,57.9],[-13.86,57.57],[-14.25,57.26],[-13.55,57.41],[-13.48,56.43],[-13.28,56.73],[-13.21,56.29],[-12.81,56.53],[-12.81,56.1],[-12.32,56.05],[-12.85,55.93],[-12.15,55.52],[-12.33,54.79],[-12.73,55.4],[-12.5,54.46],[-12.98,54.65],[-13.06,54.18],[-13.81,55.13],[-13.96,54.74],[-14.73,55.62],[-14.66,55.22],[-15.56,55.7],[-13.73,53.9],[-13.88,53.57],[-17.7,55.25],[-18.1,55.7],[-17.33,55.76],[-18.34,56.14],[-18.75,56.77],[-18.48,57.01],[-19.27,56.77],[-19.06,57.12]]]}},{"type":"Feature","properties":{},"geometry":{"type":"Polygon","coordinates":[[[132.28,81.18],[136.18,80.76],[129.62,80.46],[130.59,80.66],[130.45,81.05],[132.28,81.18]]]}},{"type":"Feature","properties":{},"geometry":{"type":"Polygon","coordinates":[[[-30.48,68.82],[-28.79,68.3],[-30.75,67.84],[-29.95,67.65],[-30.29,67.3],[-29.67,67.36],[-30.56,66.58],[-32.04,66.59],[-31.82,66.83],[-32.8,66.32],[-34.04,68.07],[-33.24,68.41],[-32.89,67.89],[-31.92,67.93],[-31.53,68.39],[-32.3,68.68],[-30.48,68.82]]]}},{"type":"Feature","properties":{},"geometry":{"type":"Polygon","coordinates":[[[-25.96,68.26],[-24.09,67.61],[-29.57,66.48],[-28.02,68.09],[-25.96,68.26]]]}},{"type":"Feature","properties":{},"geometry":{"type":"Polygon","coordinates":[[[87.48,76.33],[88.88,76.02],[86.99,76.27],[87.48,76.33]]]}},{"type":"Feature","properties":{},"geometry":{"type":"Polygon","coordinates":[[[-44.52,72.44],[-43.85,71.9],[-44.17,71.82],[-43.48,71.81],[-43.87,71.64],[-42.24,71.57],[-41.97,70.63],[-51.41,69.76],[-51.77,70.86],[-52.63,71.05],[-47.75,72.17],[-47.38,72.81],[-44.52,72.44]]]}},{"type":"Feature","properties":{},"geometry":{"type":"Polygon","coordinates":[[[13.36,59.64],[13.44,59.26],[12.79,59.37],[13.36,59.64]]]}},{"type":"Feature","properties":{},"geometry":{"type":"Polygon","coordinates":[[[-25.59,70.1],[-25.8,70.33],[-24.78,70.38],[-25.59,70.1]]]}},{"type":"Feature","properties":{},"geometry":{"type":"Polygon","coordinates":[[[135.63,83.05],[144.24,83.04],[139.81,82.7],[133.57,83.23],[135.63,83.05]]]}},{"type":"Feature","properties":{},"geometry":{"type":"Polygon","coordinates":[[[-19.98,68.68],[-20.11,68.21],[-21.16,67.82],[-22.19,68.5],[-19.98,68.68]]]}},{"type":"Feature","properties":{},"geometry":{"type":"Polygon","coordinates":[[[-29.15,73.42],[-31.07,73.63],[-28.75,73.45],[-29.15,73.42]]]}},{"type":"Feature","properties":{},"geometry":{"type":"Polygon","coordinates":[[[118.56,82.76],[123.13,82.52],[124.06,82.57],[122.14,83.04],[127.84,83.1],[132.13,82.77],[129.65,82.04],[124.41,81.75],[124.9,81.46],[119.3,81.68],[117.25,82.31],[118.56,82.76]]]}},{"type":"Feature","properties":{},"geometry":{"type":"Polygon","coordinates":[[[69.74,75.14],[70.52,75.13],[69.39,75.03],[69.74,75.14]]]}},{"type":"Feature","properties":{},"geometry":{"type":"Polygon","coordinates":[[[-21.7,71.09],[-21.82,70.74],[-22.68,70.93],[-21.7,71.09]]]}},{"type":"Feature","properties":{},"geometry":{"type":"Polygon","coordinates":[[[-19.35,70.06],[-22.29,68.89],[-23.89,69.35],[-22.2,69.65],[-23.71,70.22],[-22.69,69.99],[-21.33,70.54],[-21.75,69.82],[-20.94,69.9],[-21.27,70.13],[-20.85,70.4],[-19.35,70.06]]]}},{"type":"Feature","properties":{},"geometry":{"type":"Polygon","coordinates":[[[-23.16,72.03],[-25.59,71.35],[-24.3,71.22],[-24.32,70.86],[-26.5,70.5],[-31.72,71.77],[-31.44,72.07],[-28.32,71.62],[-30.22,72.16],[-29.18,72.4],[-30.99,72.35],[-30.53,72.49],[-31.28,72.49],[-30.93,72.73],[-31.4,73.07],[-28.27,72.79],[-29.04,73.21],[-28.33,73.29],[-26.45,73.13],[-27.03,72.77],[-26.44,72.45],[-27.73,71.84],[-26.81,71.36],[-25.12,72.14],[-23.16,72.03]]]}},{"type":"Feature","properties":{},"geometry":{"type":"Polygon","coordinates":[[[49.33,72.07],[50.62,71.97],[50.82,71.48],[47.54,69.87],[47.07,69.42],[47.56,69.24],[46.93,69.19],[47.39,69.02],[46.75,69.09],[47.14,68.82],[46.39,68.85],[47.02,68.33],[46.18,68.29],[46.99,68.08],[45.97,68.05],[46.96,67.89],[46,67.89],[46.73,67.46],[44.87,67.26],[45.82,67.75],[44.09,67.61],[44.89,67.91],[44.63,68.14],[45.68,68.14],[44.6,68.22],[45.11,68.57],[44.6,68.71],[45.38,68.82],[44.13,69.14],[45.27,69.5],[44.96,69.83],[46.32,70.41],[46.15,70.69],[48.96,71.45],[48.6,71.55],[49.33,72.07]]]}},{"type":"Feature","properties":{},"geometry":{"type":"Polygon","coordinates":[[[-17.31,69.79],[-16.83,69.37],[-17.86,69.01],[-16.34,68.83],[-16.82,68.72],[-16.18,68.19],[-17.3,68.46],[-17.04,68.18],[-17.6,68.24],[-17.11,67.81],[-17.65,67.52],[-13.83,66.71],[-13.15,65.98],[-14.22,65.76],[-13.88,65.5],[-15.77,65.57],[-16.19,65.82],[-15.93,66.2],[-16.92,66.02],[-19.07,66.76],[-18.49,67.01],[-19.75,67.05],[-19.97,67.37],[-19.52,67.45],[-20.34,67.43],[-17.74,68.89],[-19.03,69.21],[-18.3,69.49],[-18.6,69.82],[-17.31,69.79]]]}},{"type":"Feature","properties":{},"geometry":{"type":"Polygon","coordinates":[[[-23.76,73.89],[-27.78,73.46],[-28.17,73.5],[-26.61,73.87],[-30.55,73.86],[-29.8,74.18],[-31.5,74.48],[-25.45,74.35],[-23.76,73.89]]]}},{"type":"Feature","properties":{},"geometry":{"type":"Polygon","coordinates":[[[63.99,42.64],[62.93,42.32],[63.1,44.77],[60.32,48.96],[61.59,51.49],[61.62,52.76],[58.49,59.52],[59.06,60.78],[60.29,61.73],[64.89,59.78],[69.75,56],[74.35,54.15],[77.99,50.06],[83.43,47.59],[91.24,44.85],[83.2,41.21],[75.33,35.67],[70.08,35.76],[65.02,37.68],[63.33,39.1],[64.76,40.89],[63.75,41.39],[63.99,42.64]]]}},{"type":"Feature","properties":{},"geometry":{"type":"Polygon","coordinates":[[[91.85,41.48],[93.1,41.3],[94.46,40.27],[92.92,38.48],[85.7,35.72],[84.06,34.06],[81.25,34.37],[76.79,37.07],[74.67,37.28],[79.91,40.34],[84.53,42.15],[91.85,41.48]]]}},{"type":"Feature","properties":{},"geometry":{"type":"Polygon","coordinates":[[[96.79,43.19],[93.12,42.11],[84.96,41.97],[91.24,44.85],[94.5,43.55],[96.79,43.19]]]}},{"type":"Feature","properties":{},"geometry":{"type":"Polygon","coordinates":[[[99.52,35.42],[105.25,33.81],[103.19,33.31],[97.33,33.97],[90.68,33.58],[82.21,31.43],[82.69,32.31],[88.98,36.01],[91.41,36.91],[99.52,35.42]]]}},{"type":"Feature","properties":{},"geometry":{"type":"Polygon","coordinates":[[[138.49,56.27],[139.67,56.45],[139.03,56.04],[139.81,56.06],[140.42,56.5],[140.36,56.03],[140.48,56.8],[141.67,56.85],[143.52,55.92],[142.82,55.7],[143.78,54.78],[142.9,53.82],[142.69,51.03],[137.85,45.9],[136.43,45.14],[134.96,45.12],[134.91,45.61],[134.38,45.59],[133.84,44.78],[129.65,45.65],[125.63,45.37],[115.99,44.49],[106.45,42.45],[102.85,42.94],[96.55,42.48],[94.37,43.06],[92.51,44.37],[98.12,44.38],[102.98,45.52],[107.17,47.62],[110.91,48.58],[113.58,50.39],[118.18,51.45],[120.96,54.3],[123.72,55.77],[130.33,55.5],[138.49,56.27]]]}},{"type":"Feature","properties":{},"geometry":{"type":"Polygon","coordinates":[[[84.97,74.64],[84.66,74.28],[85.11,73.73],[85.03,74.24],[87.14,74.51],[86.49,74.6],[88.05,75.38],[86.48,75.5],[87.75,75.78],[91.47,75.44],[91.77,75.63],[90.86,75.66],[95.82,76.54],[98.12,76.24],[102.1,76.73],[100.43,77.38],[101.1,77.66],[108.85,77.81],[108.48,77.72],[111,77.08],[110.14,76.75],[113.52,76.21],[115.75,76.04],[116.1,76.33],[115.32,77.07],[115.86,76.9],[118.11,75.91],[119.53,73.86],[120.37,73.66],[136.84,73.03],[147.03,71.71],[151.36,70.04],[152.5,67.83],[141.93,66.51],[135.48,61.6],[137.52,61.55],[137.73,60.75],[128.87,59.34],[121.61,59.03],[119.09,57.32],[116.93,54.25],[112.39,52.76],[110.07,50.7],[106.44,49.37],[102.65,46.88],[97.98,45.25],[92.38,44.64],[83.43,47.59],[77.99,50.06],[74.35,54.15],[68.02,57.1],[63.52,60.55],[61.43,63],[64.53,62.84],[65.53,64.56],[64.4,65.49],[65.43,65.97],[66.91,65.68],[68.2,64.65],[70.4,64.81],[67.71,65.02],[67.39,65.36],[67.81,65.59],[66.75,66.11],[63.43,65.8],[62.64,66.33],[62.4,67.19],[60.5,67.75],[61.14,68.71],[60.2,69.24],[61.19,69.12],[62.19,68.06],[62.97,67.96],[65.27,68.03],[62.25,68.58],[63.9,68.86],[62.96,69.08],[63.48,69.37],[68.09,69.45],[68.32,69.14],[67.91,68.9],[68.79,67.9],[71.73,67.76],[69.67,68.14],[70.12,68.41],[68.55,69.44],[65.28,69.76],[63.48,70.68],[67.97,71.87],[65.46,72.54],[66.58,72.49],[66.05,72.85],[66.43,72.94],[65.58,72.91],[69.24,74.63],[68.15,74.64],[70.62,74.77],[71.93,75.57],[72.94,75.55],[71.42,75.74],[72.86,76.13],[71.52,76.6],[71.54,77.46],[74.24,77.53],[73.64,77.01],[76.64,77.38],[77.22,76.91],[79.91,77.85],[84.99,77.61],[85.67,77.29],[83.62,77.33],[86.15,77.24],[86.64,76.7],[85.29,75.63],[85.8,75.72],[85.66,74.94],[83.88,74.59],[84.97,74.64]]]}},{"type":"Feature","properties":{},"geometry":{"type":"Polygon","coordinates":[[[60,64.31],[59.87,64.96],[57.59,65.25],[56.96,66.38],[56.24,66.42],[56.08,66.84],[56.67,67.49],[56.03,68.67],[58.88,68.89],[59.53,67.67],[60.97,67.23],[62.44,65.56],[63.92,65.13],[64.19,64.36],[63.79,63.42],[61.41,63.03],[60,64.31]]]}},{"type":"Feature","properties":{},"geometry":{"type":"Polygon","coordinates":[[[83.2,16.62],[87.94,16.98],[91.86,16.22],[93.75,14.67],[95.91,11.27],[90.78,13.64],[83.07,13.49],[79.99,14.12],[76.45,15.92],[73.16,18.74],[72.37,20.16],[77.93,17.34],[83.2,16.62]]]}},{"type":"Feature","properties":{},"geometry":{"type":"Polygon","coordinates":[[[43.82,-51.2],[44.53,-51.05],[44.15,-50.9],[44.29,-50.26],[43.91,-51.03],[44.16,-50.09],[43.72,-49.59],[43.83,-50.63],[43.14,-51.08],[40.3,-50.44],[40.84,-50.1],[39.83,-50.06],[40.59,-49.56],[38.64,-48.99],[37.88,-49.38],[36.5,-49.12],[30.42,-46.44],[29.79,-46.59],[29.04,-45.75],[28.06,-45.55],[27.83,-44.95],[20.19,-45.65],[19.83,-45.05],[18.83,-44.82],[18.57,-45.22],[18.23,-44.4],[17.14,-44.15],[16.68,-43.44],[17.63,-42.59],[20.76,-41.47],[26.86,-38.23],[32.38,-36.5],[33.15,-36.8],[32.9,-36.31],[33.64,-36.34],[33.6,-35.95],[32.23,-36.04],[31.26,-34.93],[32.64,-32.91],[33.27,-33.96],[33.98,-34.1],[33.32,-33.02],[33.78,-32.16],[34.4,-32.38],[33.92,-32.04],[34.34,-31.93],[34.08,-31.22],[35.07,-31],[34.92,-30.27],[35.8,-29.97],[35.31,-29.38],[40.48,-28.7],[48.57,-30.85],[49.7,-31.57],[50.15,-32.94],[48.99,-34.21],[47.45,-38.24],[47.34,-42.99],[48.29,-45.07],[54.16,-51.47],[54.52,-52.69],[43.82,-51.2]]]}},{"type":"Feature","properties":{},"geometry":{"type":"Polygon","coordinates":[[[73.75,24.88],[75.92,23.78],[77.44,23.57],[78.49,23.73],[79.26,24.67],[84.95,26.27],[91.17,25.13],[95.54,23.22],[96.66,20.9],[96.95,18.45],[94.36,21.35],[92.12,22.41],[88.86,22.6],[84,21.84],[78.52,22.07],[72.05,24.46],[70.95,24.38],[69.76,26.17],[71.66,26.11],[73.75,24.88]]]}},{"type":"Feature","properties":{},"geometry":{"type":"Polygon","coordinates":[[[101.32,26.67],[101.16,26.26],[99.66,28.42],[97.66,29.19],[89.06,30.22],[95.22,31.6],[99.93,31.51],[104.04,32.14],[102.68,30.31],[101.32,26.67]]]}},{"type":"Feature","properties":{},"geometry":{"type":"Polygon","coordinates":[[[61.41,63.03],[63.52,60.55],[60.29,61.73],[60.94,63.52],[61.41,63.03]]]}},{"type":"Feature","properties":{},"geometry":{"type":"Polygon","coordinates":[[[57.55,35.55],[56.94,36.48],[57.01,37.45],[55.58,37.69],[54.32,38.96],[55.5,39.06],[54.82,39.29],[55.22,39.88],[56.61,40.1],[55.95,41.52],[54.68,41.49],[53.4,40.55],[52.96,40.7],[52.74,39.81],[52.51,40.12],[52.47,39.75],[51.78,39.7],[51.14,38.53],[52.23,38.01],[52.16,37.1],[53.87,35.71],[48.51,36.86],[53.49,41.64],[60.11,44.31],[60.73,45.93],[60.32,48.96],[63.1,44.77],[62.72,41.74],[62.35,41.92],[62.45,41.39],[61.71,41.35],[61.49,40.27],[61.93,39.27],[62.92,39.54],[65.02,37.68],[69.04,35.97],[75.89,35.77],[73.58,33.55],[64.83,32.34],[57.51,35.06],[57.55,35.55]]]}},{"type":"Feature","properties":{},"geometry":{"type":"Polygon","coordinates":[[[44.82,-5.39],[44.29,-5.02],[42.87,-5.2],[42.05,-4.66],[40.6,-2.75],[40.43,-0.23],[39.94,-0.21],[39.79,0.43],[39.43,0.04],[38.68,0.42],[38.67,-0.14],[38.21,-0.12],[38.4,-2.15],[39.08,-3.5],[38.69,-4.04],[38.83,-5.49],[39.51,-4.4],[39.97,-4.66],[39.1,-6.07],[39.5,-6.6],[41.67,-7.17],[44.26,-5.87],[43.71,-7.66],[45.24,-9.23],[45.69,-10.81],[43.98,-12.09],[43.32,-12.04],[42.89,-13.2],[41.89,-13.09],[41.13,-13.73],[40.25,-13.51],[39.58,-14.12],[37,-13.73],[36.44,-14.39],[32.58,-14.44],[29.55,-13.79],[28.7,-14.05],[27.36,-13.42],[27.71,-10.76],[28.51,-9.47],[28.29,-5.97],[27.62,-4.06],[28.31,-1.37],[27.78,-0.41],[27.89,3.77],[27.42,4.09],[31.61,8.51],[33.02,10.84],[35.23,11.18],[38.07,10.44],[39.72,5.92],[43.37,-1.57],[43.83,-3.54],[45.18,-4.16],[44.82,-5.39]]]}},{"type":"Feature","properties":{},"geometry":{"type":"Polygon","coordinates":[[[49.54,-16.89],[48.38,-19.99],[46.51,-20.61],[39.45,-18.02],[37.24,-17.82],[38.17,-14.85],[40.05,-13.5],[41.6,-14.39],[44.63,-13.55],[46.22,-13.77],[49.83,-15.83],[49.54,-16.89]]]}},{"type":"Feature","properties":{},"geometry":{"type":"Polygon","coordinates":[[[78.57,22.29],[67.52,25.66],[69.53,29.09],[75.88,24.28],[79.08,24.32],[78.57,22.29]]]}},{"type":"Feature","properties":{},"geometry":{"type":"Polygon","coordinates":[[[67.21,17.64],[66.81,18],[67.78,19.9],[69.67,21.75],[70.42,21.82],[78.16,16.58],[72.27,16.88],[69.61,16.42],[67.21,17.64]]]}},{"type":"Feature","properties":{},"geometry":{"type":"Polygon","coordinates":[[[51.23,30.8],[51.85,30.29],[55.38,30.57],[58.55,26.77],[62.81,25.85],[63.14,25],[61.63,24.43],[59.67,25.4],[45.42,28.73],[45.05,29.55],[45.47,31.07],[48.77,32],[51.23,30.8]]]}},{"type":"Feature","properties":{},"geometry":{"type":"Polygon","coordinates":[[[25.53,74.65],[22.57,75.42],[22.81,75.67],[21.39,76.43],[19.66,76.51],[21.15,76.96],[20.7,77.35],[21.54,77.65],[19.08,77.86],[15.93,77.01],[13.31,78.04],[10.07,78.5],[6.95,79.81],[20.44,82.6],[23.52,81.19],[24.68,80.07],[28.22,78.81],[29.07,78],[29.32,77.12],[28.94,76.74],[25.53,74.65]]]}},{"type":"Feature","properties":{},"geometry":{"type":"Polygon","coordinates":[[[-169.58,81.23],[-157.73,79.4],[-141.7,78.22],[-156.87,75.02],[-163.21,74.36],[-163.45,73.81],[-168.05,72.53],[-167.78,72.83],[-168.89,73.01],[-168.14,73.73],[-169.15,73.44],[-169.69,74.18],[-177.32,76.65],[-179.7,78.3],[-177.91,79.67],[-172.5,81],[-169.58,81.23]]]}},{"type":"Feature","properties":{},"geometry":{"type":"Polygon","coordinates":[[[123,78.22],[126.26,77.9],[134.4,78.77],[132.43,79.09],[133.34,79.4],[131.42,79.36],[134.02,79.91],[132.63,80.12],[146.37,80.43],[155.78,79.33],[164,79.88],[168.39,79.62],[169.63,79.21],[169.11,78.81],[171.11,78.62],[164.99,76.89],[163.36,75.53],[165.13,73.87],[171.46,71.37],[171.92,70.64],[168.18,70.51],[164.71,68.62],[165,68.33],[164.62,68.15],[166.2,67.97],[161.13,67.42],[160.74,67.67],[162.31,67.87],[159.83,68.02],[158.98,70.36],[154.84,72.1],[144.63,73.57],[127.63,74.43],[126.78,74.64],[125.64,76.7],[122.93,77.9],[123,78.22]]]}},{"type":"Feature","properties":{},"geometry":{"type":"Polygon","coordinates":[[[133.05,44.21],[131.81,43.29],[131.69,42.32],[129.48,40.84],[130.57,40.16],[131.82,38.13],[128.83,37.54],[128.47,38.28],[129.36,38.42],[128.9,39.25],[127.79,39.41],[127.56,39.04],[126.84,39.46],[127.72,40.07],[127.27,40.22],[127.55,40.92],[126.42,41.31],[123.23,39.91],[123.99,40.62],[123.29,40.58],[123.49,41],[124.26,41.71],[123.74,42.17],[122.9,42.01],[121.01,40.3],[119.82,40.22],[119.72,39.47],[120.93,39.31],[121.27,38.32],[122.87,39.02],[124.9,38.65],[124.74,38.15],[122.35,37.36],[121.48,36.05],[122.57,35.49],[119.7,32.5],[115.09,33.91],[108.23,34.36],[95.9,39.29],[106.06,42.05],[115.56,43.99],[129.1,45.03],[133.05,44.21]]]}},{"type":"Feature","properties":{},"geometry":{"type":"Polygon","coordinates":[[[129.07,41.48],[129.53,40.08],[128.02,39.37],[128.23,39.09],[127.97,39.3],[128.01,38.83],[127.76,39.11],[127.28,38.44],[126.84,38.74],[127.22,38.78],[126.62,39.12],[126.88,40.06],[126.46,40.13],[129.07,41.48]]]}},{"type":"Feature","properties":{},"geometry":{"type":"Polygon","coordinates":[[[121.15,36.58],[122.5,35.17],[123.91,34.62],[122.25,34.37],[124.26,33.93],[122.96,32.8],[124.93,33],[124.41,32.4],[124.91,32.69],[125.04,32.39],[124.55,32.23],[125.1,31.42],[124.24,30.82],[124.28,29.34],[123.69,29.33],[124.23,29.05],[124.32,27.99],[123.9,28.14],[123.66,26.94],[123.06,26.82],[123.27,26.52],[122.04,25.23],[122.17,24.76],[120.78,23.9],[120.57,24.14],[120.32,23.45],[119.2,23.98],[119.65,23.17],[119.26,22.92],[118.97,23.28],[119.15,22.65],[118.57,22.71],[118.66,22.35],[116.84,21.47],[117.22,20.33],[116.4,20.78],[116.47,21.41],[116.02,21.55],[115.75,21.09],[114.92,21.39],[114.19,20.17],[113.5,19.99],[113.79,19.7],[113.34,18.81],[106.02,22.22],[105.32,23.12],[104.66,25.51],[105.42,28.03],[107.52,31.4],[109.49,32.25],[113.65,33.02],[119.54,32.99],[121.15,36.58]]]}},{"type":"Feature","properties":{},"geometry":{"type":"Polygon","coordinates":[[[110.35,18.62],[110.52,17.58],[111.05,17.22],[115.51,16.27],[117.45,14.39],[117.82,13.08],[116.41,11.1],[116.73,10.25],[115.91,8.5],[115.15,9.85],[113.78,9.44],[113.36,9.96],[113.17,9.48],[111.98,10.33],[110.29,9.75],[109.93,10.51],[109.25,10.28],[107.55,13.16],[106.9,16.33],[102.9,19.74],[110.35,18.62]]]}},{"type":"Feature","properties":{},"geometry":{"type":"Polygon","coordinates":[[[108.26,9.8],[109.7,6.74],[110.52,6.01],[110.92,6.47],[113.22,5.47],[114.58,5.86],[117.68,3.1],[115.35,3.22],[112.11,4.93],[110.81,5],[110.6,4.61],[107.65,8.19],[105.53,9.01],[104.24,10.05],[104.58,10.07],[103,10.03],[99.57,12.49],[97.69,14.39],[96.38,16.98],[99.36,17.98],[103.49,16.1],[104.55,15.31],[105.86,12.33],[108.26,9.8]]]}},{"type":"Feature","properties":{},"geometry":{"type":"Polygon","coordinates":[[[113.65,6.01],[115.75,5.98],[117.11,4.69],[118.81,4.22],[118.35,3.6],[116.84,3.34],[113.65,6.01]]]}},{"type":"Feature","properties":{},"geometry":{"type":"Polygon","coordinates":[[[27.81,-7.89],[30.04,-11.71],[29.94,-12.2],[28.98,-12.39],[29.62,-12.49],[30.35,-13.95],[35.6,-14.47],[37.11,-14.17],[37.56,-14.43],[36.94,-15.74],[37.34,-15.82],[36.79,-15.82],[36.49,-16.67],[32.2,-20.72],[29.59,-22.1],[24.38,-23.84],[19.99,-26.59],[19.01,-27.68],[19.4,-28.91],[18.48,-30.42],[18.31,-31.72],[19.01,-32.72],[18.41,-33.21],[16.95,-36.96],[15.44,-37.74],[12.07,-37.85],[8.15,-38.83],[10.65,-34.74],[12.34,-28.58],[14.92,-27.71],[15.73,-25.56],[19.03,-20.88],[20.4,-17.12],[21.24,-16.14],[22.5,-16.5],[23.31,-15.04],[27.54,-12.65],[27.81,-7.89]]]}},{"type":"Feature","properties":{},"geometry":{"type":"Polygon","coordinates":[[[8.1,-38.55],[7.46,-39.19],[7.32,-41.06],[5.88,-42.68],[1.35,-42.7],[1.25,-43.17],[1.78,-43.06],[-0.73,-44.76],[-5.47,-45.74],[-9.66,-45.96],[-12.03,-45.54],[-14.69,-43.86],[-17.66,-43.11],[-18.02,-41.88],[-18.52,-41.92],[-17.74,-40.41],[-17.12,-40.47],[-16.47,-39.72],[-15.61,-36.96],[-15.58,-34.74],[-12.83,-30.27],[-12.24,-25.1],[-11.02,-23.46],[-8.88,-21.87],[-6.83,-21.19],[-6.2,-20.22],[-5.98,-18.46],[-5.23,-18.06],[-4.98,-15.58],[-4.25,-15.76],[-4.84,-15.31],[-4.55,-14.03],[-5.27,-11.03],[-5.14,-9.07],[-4.55,-9.19],[-4.03,-8.53],[-3.63,-8.98],[-3.98,-8.37],[-2.06,-6.53],[-1.76,-5.54],[-2.27,-5.4],[-2.58,-4.14],[-3.75,-3.98],[-4.94,-3],[-1.63,-2.65],[-0.79,-1.72],[1.88,-1.62],[7.61,-6.02],[10.41,-6.22],[15.58,-7.48],[17.82,-14.06],[18.17,-16.29],[13.51,-19.24],[11.7,-22.06],[11.3,-24.02],[13.28,-28.78],[13.02,-30.02],[11.08,-34.82],[8.1,-38.55]]]}},{"type":"Feature","properties":{},"geometry":{"type":"Polygon","coordinates":[[[-4.46,25.41],[-4.07,26.37],[-2.93,27.11],[-0.09,27.3],[1.7,28.41],[2.24,28.23],[2.46,27.22],[3.78,26.85],[4.36,26.11],[7.76,26.01],[9.94,25.31],[10.9,24.49],[11.99,24.45],[12.99,23.66],[14.71,23.36],[4.64,23.45],[-0.69,25.24],[-4.46,25.41]]]}},{"type":"Feature","properties":{},"geometry":{"type":"Polygon","coordinates":[[[12.73,31.79],[12.42,31.04],[9.76,30.9],[8.36,30.12],[8.41,29.27],[5.48,28.36],[3.63,29.19],[2.26,29.02],[1.97,29.96],[2.44,30.12],[2.06,30.01],[1.96,30.62],[0.05,31.19],[1.14,32.26],[0.77,32.74],[1.47,32.92],[0.65,32.92],[2.52,34.28],[3.5,35.69],[3.33,36.39],[3.81,36.62],[5.15,36.58],[8.47,34.45],[9.78,34.16],[12.73,31.79]]]}},{"type":"Feature","properties":{},"geometry":{"type":"Polygon","coordinates":[[[-3.93,-4.13],[-3.99,-2.56],[-4.67,-1.71],[-6.99,-0.82],[-10.77,-0.5],[-12.21,0.83],[-15.82,1.71],[-16.28,2.21],[-18.72,6.68],[-18.53,9.47],[-19.47,11.56],[-18.73,11.89],[-19.66,12.12],[-19.87,12.61],[-19.55,12.69],[-20.06,13.1],[-19.65,13.05],[-19.97,13.23],[-19.49,13.99],[-18.48,13.47],[-19.35,13.8],[-19.56,15.5],[-18.19,15.92],[-16.74,17.42],[-16.32,19.08],[-15.59,19.64],[-15.59,20.86],[-16.04,20.6],[-15.38,21.4],[-8.62,24.8],[-7.22,24.48],[-4.46,25.41],[-1.55,25.35],[4.64,23.45],[14.73,23.27],[14.78,22.64],[15.45,22.48],[14.57,22.09],[14.65,21.01],[13.34,20.57],[11.22,17.88],[7,8.88],[6.28,5.42],[7.21,0.3],[3.68,-0.81],[2.74,-2.13],[0.09,-2.48],[-0.66,-3.49],[-3.93,-4.13]]]}},{"type":"Feature","properties":{},"geometry":{"type":"Polygon","coordinates":[[[28.18,7.33],[27.9,6.46],[28.5,0.73],[28.12,-0.17],[28.85,-2.48],[28.21,-3.94],[14.61,-7.42],[9.41,-6.3],[6.6,-6.17],[0.75,-1.92],[1.79,-0.66],[5.39,0.2],[4.81,5.37],[5.78,8.78],[10.63,17.46],[12.76,19.59],[13.83,17.81],[15.8,16.19],[15.71,15.11],[17.63,12.8],[18.77,12.85],[19.45,14.02],[21.25,13.94],[21.93,12.73],[23.12,11.93],[23.08,11.45],[25.8,9.4],[27.12,9.56],[28.09,9.07],[28.18,7.33]]]}},{"type":"Feature","properties":{},"geometry":{"type":"Polygon","coordinates":[[[29.3,9.91],[28.41,10.79],[26.78,11.2],[26.03,13.02],[25.61,12.71],[24.95,13.02],[24.78,14.25],[24.01,14.7],[24.83,14.44],[24.15,14.99],[24.89,15.69],[24.61,16.37],[27.59,15.76],[28.3,15.22],[28.68,13.88],[30,13.55],[32.91,11.52],[34.16,8.59],[31.52,9.83],[29.3,9.91]]]}},{"type":"Feature","properties":{},"geometry":{"type":"Polygon","coordinates":[[[13.4,-28.44],[12.82,-28.74],[10.64,-24.05],[10.96,-22.08],[12.65,-19.19],[17.2,-16.09],[22.1,-16.53],[20.86,-17.96],[19.75,-21.21],[16.31,-25.8],[15.43,-27.93],[13.4,-28.44]]]}},{"type":"Feature","properties":{},"geometry":{"type":"Polygon","coordinates":[[[29.37,5.97],[28.11,4.92],[27.78,9.2],[28.77,8.24],[30.18,8.29],[32.51,10.32],[33.48,12.08],[32.4,9.78],[29.37,5.97]]]}},{"type":"Feature","properties":{},"geometry":{"type":"Polygon","coordinates":[[[28.02,-3.82],[27.98,-4.6],[28.69,-5.61],[28.68,-8.75],[29.02,-8.5],[28.62,-13.25],[24.31,-15.52],[23.46,-16.96],[20.76,-16.28],[17.3,-16.11],[14.81,-8.43],[14.87,-7.28],[28.02,-3.82]]]}},{"type":"Feature","properties":{},"geometry":{"type":"Polygon","coordinates":[[[44.94,36.86],[42.02,38.05],[43.24,39.01],[42.72,39.66],[43.51,39.71],[43.94,40.39],[40.44,38.79],[40.53,39.21],[40.49,38.47],[41.06,38.05],[42.03,38.25],[41.84,37.91],[39.41,37.24],[39.01,38.05],[38.35,37.87],[39.39,38.52],[37.56,38.72],[37.3,38.96],[38.11,38.95],[37.67,39.29],[35.77,38.06],[35.9,37.1],[35.33,36.93],[32.92,38.33],[30.83,40.7],[25.03,44.08],[21.96,45.25],[24.79,46.23],[25.37,45.77],[26.12,46.11],[25.75,45.68],[26.54,46.2],[26.12,46.41],[26.72,46.61],[26.94,47.28],[26.6,46.48],[27.17,46.49],[26.74,48.1],[27.13,49.14],[27.84,49.39],[28.82,48.67],[29.4,49.01],[29.33,50.09],[28.64,50.05],[28.29,50.91],[33.51,52],[32.14,52.38],[32.11,52.8],[27.7,51.45],[27.68,51.97],[26.35,52.14],[26.39,53.1],[25.66,54.3],[27.81,56.51],[28.4,56.57],[27.97,57.34],[25.44,57.27],[25.83,57.09],[25.1,56.33],[25.67,55.96],[25.09,55.27],[23.34,54.11],[22.86,54.49],[23.26,54],[22.78,53.78],[22.95,51.99],[24.65,51.17],[23.8,50.79],[24.25,50.55],[23.85,50.2],[23.61,50.52],[23.55,50.11],[22.51,49.91],[23.14,49.79],[22.62,49.77],[23.11,49.48],[22.95,47.96],[22.59,47.33],[21.36,47.15],[21.3,46.56],[20.17,46.5],[19.77,47.4],[20.14,47.7],[19.01,48.79],[19.11,49.43],[18.56,49.4],[18,50.94],[17.85,50.54],[17.58,50.75],[17.71,50.05],[17.09,50.11],[16.17,49.07],[15.23,48.89],[14.08,49.41],[13.96,49.9],[14.54,49.73],[14.81,49.95],[14.2,49.95],[14.73,50.45],[13.63,50.36],[15.04,51.39],[14.03,50.85],[13.99,51.26],[13.53,51.22],[13.99,51.6],[13.61,51.4],[13.32,51.66],[13.82,51.74],[13.38,51.92],[15.03,51.78],[15.44,52.16],[13.52,51.96],[13.81,52.24],[13.29,52.59],[14.7,52.77],[13.32,53.04],[14.27,52.94],[13.97,53.1],[14.55,53.35],[14.97,53.01],[14.19,53.46],[15.63,53.62],[14.73,53.62],[14.94,53.92],[15.94,53.62],[15.39,53.96],[16.03,53.77],[15.6,54.06],[16.73,54.63],[16.87,54.3],[17.66,54.5],[17.93,55.15],[17.04,54.49],[16.57,54.69],[18.92,56.41],[18.21,56.28],[18.76,56.55],[18.6,57],[19.03,56.93],[18.6,57.17],[19.65,57.47],[18.83,57.27],[19.2,57.42],[18.72,57.62],[19.28,57.73],[18.85,57.82],[19.42,57.93],[19.03,58.07],[20.45,58.29],[19.56,58.4],[20.62,58.58],[19.78,58.99],[20.58,59.12],[20.1,59.23],[20.55,59.47],[21.06,59.05],[20.69,59.54],[21.93,59.71],[20.85,59.73],[21.69,59.95],[21.35,60.02],[21.77,60.03],[21.46,60.26],[21.82,60.76],[22.89,60.58],[22.43,61.08],[22.9,60.79],[23.23,61.35],[23.14,60.65],[23.78,60.91],[23.37,61.17],[23.84,61.46],[24.57,61.24],[23.93,61.77],[25.43,61.54],[25.14,61.76],[26.05,62.26],[25.88,62.61],[26.82,62.56],[26.48,61.7],[27.23,62.68],[27.45,62.09],[28.07,62.61],[27.66,62.8],[28.31,62.93],[28.37,62.26],[28.94,62.77],[30.66,62.4],[28.97,62.05],[29.84,61.6],[31.58,62.07],[32.42,61.93],[31.69,61.87],[31.91,61.56],[32.85,61.63],[32.67,61.27],[34.63,61.61],[39.16,60.61],[39.75,59.78],[38.16,58.8],[32.58,59.3],[34.25,58.73],[33.78,58.53],[35.3,58.31],[35.07,57.76],[35.76,56.96],[38.1,56.48],[38.37,57.06],[37.05,57.31],[37.1,57.74],[38.42,57.59],[38.25,57.31],[40.23,57.48],[39.27,58.2],[39.78,58.92],[40.7,59.58],[42.47,59.16],[42.24,60.18],[41.49,60.45],[41.53,61.25],[40.36,61.77],[43.11,61.55],[43.39,61.27],[42.26,60.6],[43.39,60.23],[44.61,60.47],[44.41,61.17],[45.32,61.33],[44.79,61.56],[47.45,62.37],[47.18,62.6],[48.13,63.13],[48.65,63.22],[47.98,63.04],[48.57,62.6],[48.11,62.26],[48.86,62.22],[49.55,62.9],[51.94,63.72],[53.06,63.24],[52.93,63.59],[53.87,63.82],[52.48,64.42],[52.74,64.79],[55.75,64.86],[60.32,64.18],[60.94,63.52],[60.83,62.92],[58.49,59.52],[61.62,52.76],[61.59,51.49],[60.38,49.57],[60.73,45.93],[60.44,44.75],[59.09,43.59],[53.49,41.64],[48.51,36.86],[44.94,36.86]]]}},{"type":"Feature","properties":{},"geometry":{"type":"Polygon","coordinates":[[[16.78,46.09],[16.26,46.51],[16.28,47.71],[18.16,48.77],[17.88,47.72],[18.54,47.48],[17.45,46.7],[17.7,45.93],[16.78,46.09]]]}},{"type":"Feature","properties":{},"geometry":{"type":"Polygon","coordinates":[[[34.84,34.12],[34.77,35.1],[33.97,34.91],[33.97,35.44],[37.3,36.67],[36.66,36.66],[42.08,37.76],[45.2,37.36],[41.02,36.35],[39.76,35.51],[38.15,35.99],[37.12,35.75],[34.84,34.12]]]}},{"type":"Feature","properties":{},"geometry":{"type":"Polygon","coordinates":[[[23.59,22.99],[23.27,21.59],[22.49,21.65],[23.19,20.57],[23,20.1],[22.3,20.66],[22.4,20.04],[21.89,20.47],[21.75,19.78],[21.1,19.82],[21.17,20.26],[20.74,20.27],[20.97,21.47],[21.71,21.5],[22.59,20.77],[21.18,21.82],[21.22,22.41],[21.6,22.4],[21.17,24.32],[22.23,25.35],[20.87,28.27],[21.23,30.04],[21.07,30.45],[20.38,30.17],[20.88,31.13],[20,31.41],[19,30.39],[19.35,29.31],[19,28.51],[19.25,27.37],[19.94,26.9],[19.52,26.61],[20.42,24.4],[20.07,24.29],[19.51,25.36],[18.81,25.01],[18.78,24.04],[17.15,23.79],[18.05,24.36],[18.4,25.58],[16.86,29.51],[17.35,31.17],[16.77,32.16],[15.55,32.18],[15.42,32.84],[16.39,34.28],[20.33,33.88],[24.64,31.75],[22.68,30.43],[23.48,26.52],[23.59,22.99]]]}},{"type":"Feature","properties":{},"geometry":{"type":"Polygon","coordinates":[[[16.67,34.74],[15.42,33.93],[13.57,34.41],[12.7,33.5],[8.69,34.33],[8.96,36.26],[9.47,35.79],[8.87,36.43],[8.96,37.04],[7.56,38.37],[6.13,38.51],[5.81,38.76],[6.28,39.02],[5.79,39.25],[8.7,39.38],[8.18,40.47],[9.65,40.03],[10.42,40.61],[12.73,39.71],[14.99,39.65],[18.9,42.33],[21.8,43.18],[26.42,43.14],[29.16,41.42],[26.37,40.8],[24.23,39.58],[19.47,38.84],[17.15,37.99],[15.57,36.76],[16.04,35.15],[16.67,34.74]]]}},{"type":"Feature","properties":{},"geometry":{"type":"Polygon","coordinates":[[[10.42,40.61],[11.23,40.97],[11.14,41.66],[13.35,42.19],[12.66,42.36],[13.67,42.56],[13.13,42.8],[13.68,43.82],[14.05,43.19],[14.47,43.49],[14.39,44.19],[15.73,44.16],[15.61,44.51],[16.23,44.66],[16.79,44.33],[16.88,44.86],[17.88,44.54],[16.78,45.27],[17.15,45.46],[16.5,45.7],[16.78,46.09],[17.7,45.93],[18.06,45.33],[18.89,45.45],[18.64,44.93],[20.03,45.6],[21.83,44.79],[21.96,45.25],[22.79,45],[26.42,43.14],[20.47,42.92],[18.05,41.83],[14.99,39.65],[12.73,39.71],[10.42,40.61]]]}},{"type":"Feature","properties":{},"geometry":{"type":"Polygon","coordinates":[[[35.28,36.71],[35.18,35.72],[34.62,35.24],[30.49,34.96],[29.7,35.85],[29.83,36.56],[32.44,37.47],[32.92,38.33],[35.28,36.71]]]}},{"type":"Feature","properties":{},"geometry":{"type":"Polygon","coordinates":[[[-19.79,71.75],[-20.88,71.58],[-19.47,71.97],[-19.79,71.75]]]}},{"type":"Feature","properties":{},"geometry":{"type":"Polygon","coordinates":[[[-15.57,70.21],[-14.96,69.74],[-16.48,70.08],[-15.57,70.21]]]}},{"type":"Feature","properties":{},"geometry":{"type":"Polygon","coordinates":[[[-19.88,72.93],[-21.68,72.68],[-22.97,73.05],[-21.51,73.44],[-19.88,72.93]]]}},{"type":"Feature","properties":{},"geometry":{"type":"Polygon","coordinates":[[[21.22,69.61],[22.31,69.03],[20.45,68.76],[20.6,69.24],[20.06,69.37],[21.22,69.61]]]}},{"type":"Feature","properties":{},"geometry":{"type":"Polygon","coordinates":[[[20.1,69.89],[20.66,69.6],[19.46,69.74],[20.1,69.89]]]}},{"type":"Feature","properties":{},"geometry":{"type":"Polygon","coordinates":[[[-18.02,73.3],[-19.1,72.92],[-20.4,73.58],[-18.02,73.3]]]}},{"type":"Feature","properties":{},"geometry":{"type":"Polygon","coordinates":[[[-13.9,70.99],[-13.95,70.49],[-14.74,70.29],[-16.18,70.5],[-14.92,71.13],[-13.9,70.99]]]}},{"type":"Feature","properties":{},"geometry":{"type":"Polygon","coordinates":[[[14.16,69.72],[15.05,69.18],[13.85,69.83],[14.16,69.72]]]}},{"type":"Feature","properties":{},"geometry":{"type":"Polygon","coordinates":[[[-14.28,72.47],[-15.32,72.01],[-14.46,72],[-15.07,71.35],[-16.65,70.87],[-17.32,71.13],[-16.71,71.77],[-17.61,72.01],[-15.93,72.06],[-15.47,72.32],[-16.28,72.38],[-15.46,72.65],[-14.28,72.47]]]}},{"type":"Feature","properties":{},"geometry":{"type":"Polygon","coordinates":[[[64.73,78.37],[70.08,77.96],[67.85,76.96],[64.73,78.37]]]}},{"type":"Feature","properties":{},"geometry":{"type":"Polygon","coordinates":[[[16.42,71.15],[20.03,69.98],[18.79,69.68],[18.68,68.7],[16.3,70.76],[16.42,71.15]]]}},{"type":"Feature","properties":{},"geometry":{"type":"Polygon","coordinates":[[[18.68,68.7],[18.62,67.81],[18.16,67.71],[17.56,67.98],[18.1,68.15],[16.36,68.57],[17.75,68.55],[16.78,68.72],[17.97,69.07],[16.3,68.76],[15.95,69.08],[17.71,69.5],[18.68,68.7]]]}},{"type":"Feature","properties":{},"geometry":{"type":"Polygon","coordinates":[[[17.29,69.83],[16.8,69.54],[16.56,69.92],[16.14,69.73],[16.48,69.43],[15.54,69.21],[14.3,69.92],[14.96,69.9],[14.59,70.27],[13.69,70.47],[15.2,70.88],[14.6,70.55],[15.65,70.29],[15.71,70.83],[17.29,69.83]]]}},{"type":"Feature","properties":{},"geometry":{"type":"Polygon","coordinates":[[[56.33,77.42],[58.18,77.32],[55.84,77.29],[56.33,77.42]]]}},{"type":"Feature","properties":{},"geometry":{"type":"Polygon","coordinates":[[[58.89,78.15],[60.9,77.78],[59.98,78.24],[61.87,78.3],[64.96,77.56],[59.04,77.16],[57.86,77.82],[58.89,78.15]]]}},{"type":"Feature","properties":{},"geometry":{"type":"Polygon","coordinates":[[[25.01,72.12],[25.31,72.04],[24.32,71.85],[25.01,72.12]]]}},{"type":"Feature","properties":{},"geometry":{"type":"Polygon","coordinates":[[[37.27,73.88],[37.82,73.63],[36.81,73.74],[37.27,73.88]]]}},{"type":"Feature","properties":{},"geometry":{"type":"Polygon","coordinates":[[[35.35,73.6],[35.9,73.51],[34.98,73.38],[35.35,73.6]]]}},{"type":"Feature","properties":{},"geometry":{"type":"Polygon","coordinates":[[[37.59,74.08],[38.52,74.06],[38.19,73.73],[37.09,73.96],[37.59,74.08]]]}},{"type":"Feature","properties":{},"geometry":{"type":"Polygon","coordinates":[[[19.62,71.76],[22.24,71.43],[20.9,70.61],[17.12,71.26],[18.09,71.34],[17.87,71.7],[19.59,71.28],[19.62,71.76]]]}},{"type":"Feature","properties":{},"geometry":{"type":"Polygon","coordinates":[[[31.68,73.55],[32.54,73.47],[30.66,73.14],[31.68,73.55]]]}},{"type":"Feature","properties":{},"geometry":{"type":"Polygon","coordinates":[[[38.92,74.73],[39.38,74.26],[37.75,74.47],[38.92,74.73]]]}},{"type":"Feature","properties":{},"geometry":{"type":"Polygon","coordinates":[[[33.14,73.88],[33.96,73.76],[32.99,73.22],[33.48,73.07],[32.05,73],[32.73,73.11],[32.16,73.2],[32.97,73.39],[32.45,73.6],[33.14,73.88]]]}},{"type":"Feature","properties":{},"geometry":{"type":"Polygon","coordinates":[[[37.81,74.88],[38.2,74.69],[37.55,74.66],[37.81,74.88]]]}},{"type":"Feature","properties":{},"geometry":{"type":"Polygon","coordinates":[[[39.47,75.26],[40.35,74.86],[39.21,74.73],[39.47,75.26]]]}},{"type":"Feature","properties":{},"geometry":{"type":"Polygon","coordinates":[[[51.88,78.05],[52.52,77.94],[51.56,77.94],[51.88,78.05]]]}},{"type":"Feature","properties":{},"geometry":{"type":"Polygon","coordinates":[[[54.14,78.65],[58.64,78.21],[57.55,77.61],[55.44,77.48],[55.87,77.69],[53.89,78.13],[54.06,78.6],[53.63,78.57],[54.14,78.65]]]}},{"type":"Feature","properties":{},"geometry":{"type":"Polygon","coordinates":[[[-5.81,71.93],[-7.73,70.62],[-6.72,70.63],[-8.69,70.06],[-7.91,69.87],[-8.38,69.53],[-10.72,69.51],[-10.14,69.82],[-12.24,69.37],[-11.65,69.85],[-12.45,69.48],[-13.35,69.91],[-12.41,70.06],[-12.92,70.35],[-12.3,70.75],[-10.52,70.34],[-11.1,70.65],[-10.5,70.74],[-11.84,71.06],[-10.5,71.15],[-11.13,71.36],[-10.73,71.6],[-10.05,71.75],[-9.76,71.34],[-9.2,71.39],[-9.73,71.53],[-9.52,71.84],[-8.21,71.53],[-7.88,71.93],[-5.81,71.93]]]}},{"type":"Feature","properties":{},"geometry":{"type":"Polygon","coordinates":[[[35.02,74.74],[35.88,74.76],[34.74,74.53],[35.32,74.61],[35.02,74.74]]]}},{"type":"Feature","properties":{},"geometry":{"type":"Polygon","coordinates":[[[35.18,75.31],[35.53,75.23],[34.75,75.18],[35.18,75.31]]]}},{"type":"Feature","properties":{},"geometry":{"type":"Polygon","coordinates":[[[4.51,67.65],[4.78,67.3],[4.32,67.06],[3.97,67.72],[4.51,67.65]]]}},{"type":"Feature","properties":{},"geometry":{"type":"Polygon","coordinates":[[[4.33,70.45],[4.89,70.02],[3.66,69.99],[5.25,69.88],[4.76,69.4],[5.21,69.11],[3.18,68.93],[1.67,69.39],[2.11,68.98],[0.25,69],[2.84,68.81],[-1.4,68.34],[-2.16,68.61],[-1.71,68.3],[-2.67,68.14],[-3.4,68.58],[-3.73,68.63],[-3.3,68.39],[-3.61,68.2],[-5.78,68.67],[-4.69,68.12],[-5.96,68.53],[-5.51,68.23],[-6.51,68.35],[-5.51,67.86],[-7.43,67.68],[-7.05,67.44],[-7.45,67.36],[-8.52,67.67],[-9.47,67.25],[-11.25,67.77],[-10.13,67.27],[-10.58,66.9],[-9.97,66.95],[-11.01,66.56],[-12.76,66.73],[-12.15,66.9],[-12.4,67.4],[-13.13,67.19],[-12.87,67.48],[-14.25,67.46],[-15.59,68.09],[-15.03,68.39],[-15.8,68.2],[-15.21,68.62],[-13.33,68.37],[-12.62,69.09],[-11.94,68.8],[-12.53,68.41],[-12.21,68.11],[-9.84,68.34],[-11.6,68.16],[-11.91,68.32],[-11.46,68.75],[-10.28,68.9],[-11.78,69.16],[-10.19,69.47],[-9.2,69.33],[-8.9,68.69],[-7.99,68.82],[-8.84,69.35],[-8.41,69.18],[-7.82,70.07],[-6.61,70.42],[-5.9,70.06],[-6.5,69.33],[-5.84,69.11],[-6.27,69.37],[-5.52,70],[-3.36,69.53],[-3.87,69.79],[-2.26,69.54],[-2.98,69.85],[-1.1,69.97],[-4.09,69.93],[-5,70.12],[-3.96,70.14],[-4.76,70.24],[-4.36,70.33],[-5.94,70.49],[-3.32,70.44],[-6.16,70.74],[-5.97,71.16],[-3.72,70.79],[-5.81,71.25],[-3.91,71.22],[-5.05,71.53],[-4.15,71.57],[-4.73,71.87],[-2.51,71.65],[-2.78,71.39],[-2.23,71.12],[-1.96,71.58],[-0.84,71.54],[-1.43,71.06],[-0.75,71.15],[-0.97,70.48],[-0.49,71.22],[0.85,71.35],[2.01,71.05],[1.24,70.58],[2.23,71.05],[3.05,70.8],[2.76,70.4],[4.33,70.45]]]}},{"type":"Feature","properties":{},"geometry":{"type":"Polygon","coordinates":[[[-9.4,50.73],[-8.6,51.2],[-9.32,51.09],[-8.97,51.57],[-9.33,51.65],[-7.88,51.8],[-9.28,51.69],[-9.58,52.11],[-8.5,52.27],[-9.63,52.41],[-7.27,52.86],[-9.65,52.49],[-9.27,52.63],[-9.52,52.89],[-8.72,52.8],[-9.36,53.01],[-8.48,53.06],[-9.47,53.5],[-7.16,53.19],[-9.35,53.61],[-8.41,54],[-6.83,53.49],[-7.53,53.81],[-6.74,53.83],[-7.22,54.04],[-9.12,53.88],[-8.47,54.33],[-7.86,54.14],[-8.54,54.48],[-6.69,53.91],[-7.38,54.29],[-6.85,54.53],[-8.52,54.63],[-6.95,54.63],[-6.73,55.16],[-6.27,54.92],[-6.22,55.3],[-6.73,55.24],[-5.79,55.93],[-7.02,56.16],[-8.02,56.97],[-5.83,56.26],[-6.19,56.55],[-5.74,56.82],[-6.29,57.06],[-5.7,56.96],[-6.41,57.18],[-5.89,57.29],[-6.55,57.25],[-5.71,57.44],[-6.66,57.54],[-5.74,57.69],[-6.62,58.14],[-7.15,57.65],[-8.06,57.83],[-7.24,58.25],[-7.78,58.34],[-7.18,58.59],[-7.52,58.77],[-6.7,59.03],[-7.15,59.39],[-6.61,59.58],[-6.95,59.95],[-6.56,60.52],[-7.28,60.49],[-6.44,60.63],[-7.01,61.78],[-6.57,62.1],[-8.37,63.2],[-9.68,63.09],[-10.1,63.47],[-10.29,63.1],[-11.06,63.5],[-11.27,63.88],[-10.15,63.95],[-11.33,64.63],[-8.75,64.27],[-8.35,64.56],[-9.82,64.76],[-10.58,65.8],[-6.23,65.91],[-4.24,66.67],[-5.67,66.75],[-5.43,67.03],[-3.01,67.39],[-3.2,66.98],[-1.08,67.82],[-0.5,67.68],[-0.32,67.04],[-0.51,67.82],[1.56,67.84],[0.87,67.06],[1.68,67.44],[2.27,66.88],[2.8,67.78],[4.19,66.76],[4.64,67.25],[5.36,67.09],[4.71,67.76],[6.41,67.26],[5.12,68.09],[6.95,67.46],[7.74,67.79],[7.36,68.13],[8.68,68.18],[11.26,67.69],[7.92,67.39],[11.35,67.55],[11.02,67.17],[12.48,66.95],[8.31,66.32],[11.27,66.37],[10.49,65.84],[12.42,66.42],[12.31,65.81],[11.17,64.95],[14.37,66.16],[15.94,65.81],[14.45,64.94],[12.36,64.9],[14.36,64.75],[12.45,64.46],[12.62,64.06],[13.78,64.34],[12.83,63.94],[12.7,63.45],[13.03,63.47],[11.7,62.47],[11.63,61.84],[12.09,62.33],[12.78,62.07],[11.94,61.85],[13.12,61.62],[13.1,61.06],[11.48,61.38],[12.12,61.24],[11.08,61.06],[12.44,60.45],[11.39,60.33],[12.61,60.06],[12.46,59.49],[11.03,59.92],[12,59.49],[11.01,59.53],[11.92,59.4],[11.64,59.02],[12.73,58.82],[11.13,58.97],[12.12,58.55],[10.92,58.68],[11.15,58.02],[11.26,58.43],[12.02,58.22],[11.94,57.88],[10.81,57.64],[9.98,58.08],[10.94,58.01],[9.76,57.96],[9.16,58.4],[9.64,57.94],[8.24,57.99],[8.71,57.7],[7.96,57.63],[9.37,57.48],[8.07,57.35],[9.52,57.1],[8.6,56.85],[9.18,56.83],[8.96,56.47],[9.53,56.85],[10.65,56.28],[10.27,56.01],[10.96,56.1],[10.57,55.84],[11.07,55.77],[10.66,55.42],[11.04,55.44],[10.98,54.81],[10.54,55.24],[10.01,54.85],[9.4,55.76],[7.21,56.63],[7.91,56.2],[7.25,56.07],[8.93,55.77],[7.48,55.66],[6.59,55.02],[8.27,54.83],[6.91,54.64],[7.61,54.46],[8.91,54.85],[10.54,54.36],[8.01,53.15],[5.45,52.69],[4.29,53.32],[4.45,52.61],[3.66,52.43],[2.5,51.2],[1.75,51.34],[1.86,51.02],[0.77,51.09],[0.72,50.74],[0.34,50.91],[0.88,51.29],[0.46,51.46],[0.04,50.69],[-1.98,50.38],[-1.71,49.59],[-2.5,49.58],[-1.9,49.37],[-1.96,48.93],[-2.57,49.17],[-2.14,48.84],[-2.96,48.83],[-2.72,48.43],[-3.26,48.48],[-2.93,48.24],[-3.98,48.21],[-3.4,47.77],[-3.93,47.97],[-3.47,47.4],[-4.06,47.23],[-3.64,47.11],[-4.25,47.07],[-3.81,46.91],[-4.43,46.83],[-4.07,46.54],[-4.74,46.66],[-4.12,46.52],[-4.75,46.37],[-4.35,46.04],[-5.27,46.22],[-4.67,45.58],[-5.26,45.97],[-6.09,45.77],[-5.48,46.18],[-6.11,45.82],[-5.54,46.37],[-6.55,46.33],[-5.94,46.59],[-6.66,46.52],[-5.82,46.87],[-6.49,46.67],[-6.18,47.06],[-8.04,46.79],[-7.66,47.26],[-8.43,47.45],[-7.82,47.49],[-8.53,47.62],[-8.02,47.63],[-8.39,47.77],[-8.02,47.99],[-8.54,47.9],[-8.06,48.08],[-8.68,48.1],[-8.3,48.32],[-8.93,48.65],[-8.31,49.13],[-8.86,48.93],[-8.49,49.33],[-9.16,49.55],[-8.5,49.5],[-9.32,49.94],[-8.45,50.33],[-9.27,50.44],[-8.12,50.53],[-8.37,50.81],[-7.77,50.38],[-7.94,50.9],[-8.39,51.38],[-8.31,50.87],[-9.4,50.73]]]}}]}
